{
	"credit": "Made with Blockbench",
	"textures": {
		"2": "block/chiseled_quartz_block_top",
		"5": "block/quartz_pillar_top",
		"8": "block/quartz_pillar",
		"9": "block/andesite",
		"10": "block/bone_block_side",
		"11": "block/oak_planks",
		"particle": "block/oak_leaves"
	},
	"elements": [
		{
			"from": [11.2, 7.2, 7.4],
			"to": [15.2, 11.2, 11.4],
			"rotation": {"angle": 0, "axis": "y", "origin": [14.4, -2.4, 7.4]},
			"faces": {
				"north": {"uv": [5, 0, 0, 5], "tintindex": 0,"texture": "#2"},
				"east": {"uv": [5, 0, 0, 5], "tintindex": 0,"texture": "#2"},
				"south": {"uv": [5, 0, 0, 5], "tintindex": 0,"texture": "#2"},
				"west": {"uv": [5, 0, 0, 5], "tintindex": 0,"texture": "#2"},
				"up": {"uv": [5, 0, 0, 5], "tintindex": 0,"texture": "#2"},
				"down": {"uv": [5, 0, 0, 5], "tintindex": 0,"texture": "#2"}
			}
		},
		{
			"from": [12.8, 10.4, 9],
			"to": [14.4, 13.6, 10.6],
			"rotation": {"angle": 0, "axis": "y", "origin": [14.4, -2.4, 7.4]},
			"faces": {
				"north": {"uv": [2, 0, 0, 4], "tintindex": 0,"texture": "#8"},
				"east": {"uv": [2, 0, 0, 4], "tintindex": 0,"texture": "#8"},
				"south": {"uv": [2, 0, 0, 4], "tintindex": 0,"texture": "#8"},
				"west": {"uv": [2, 0, 0, 4], "tintindex": 0,"texture": "#8"},
				"up": {"uv": [2, 0, 0, 2], "tintindex": 0,"texture": "#8"},
				"down": {"uv": [2, 0, 0, 2], "tintindex": 0,"texture": "#8"}
			}
		},
		{
			"from": [12.8, 11.2, 11.4],
			"to": [14.4, 14.4, 13],
			"rotation": {"angle": 45, "axis": "x", "origin": [13.6, 12, 9.8]},
			"faces": {
				"north": {"uv": [2, 0, 0, 4], "tintindex": 0,"texture": "#8"},
				"east": {"uv": [2, 0, 0, 4], "tintindex": 0,"texture": "#8"},
				"south": {"uv": [2, 0, 0, 4], "tintindex": 0,"texture": "#8"},
				"west": {"uv": [2, 0, 0, 4], "tintindex": 0,"texture": "#8"},
				"up": {"uv": [2, 0, 0, 2], "tintindex": 0,"texture": "#8"},
				"down": {"uv": [2, 0, 0, 2], "tintindex": 0,"texture": "#8"}
			}
		},
		{
			"from": [12.35, 3.2, 6.6],
			"to": [13.95, 8, 8.2],
			"rotation": {"angle": 22.5, "axis": "x", "origin": [14.35, 3.2, 9]},
			"faces": {
				"north": {"uv": [2, 0, 0, 6], "tintindex": 0,"texture": "#8"},
				"east": {"uv": [2, 0, 0, 6], "tintindex": 0,"texture": "#8"},
				"south": {"uv": [2, 0, 0, 6], "tintindex": 0,"texture": "#8"},
				"west": {"uv": [2, 0, 0, 6], "tintindex": 0,"texture": "#8"},
				"up": {"uv": [2, 0, 0, 2], "tintindex": 0,"texture": "#8"},
				"down": {"uv": [2, 0, 0, 2], "tintindex": 0,"texture": "#8"}
			}
		},
		{
			"from": [11.75, 1.71844, 1.21731],
			"to": [14.15, 4.11844, 8.41731],
			"rotation": {"angle": 0, "axis": "x", "origin": [12.95, 2.91844, 4.81731]},
			"faces": {
				"north": {"uv": [3, 0, 0, 3], "tintindex": 0,"texture": "#2"},
				"east": {"uv": [9, 0, 0, 3], "tintindex": 0,"texture": "#2"},
				"south": {"uv": [3, 0, 0, 3], "tintindex": 0,"texture": "#2"},
				"west": {"uv": [9, 0, 0, 3], "tintindex": 0,"texture": "#2"},
				"up": {"uv": [3, 0, 0, 9], "tintindex": 0,"texture": "#2"},
				"down": {"uv": [3, 0, 0, 9], "tintindex": 0,"texture": "#2"}
			}
		},
		{
			"from": [13.07721, 1.4, -1.16152],
			"to": [14.27721, 2.6, 2.03848],
			"rotation": {"angle": 0, "axis": "y", "origin": [13.07721, 1.8, -0.76152]},
			"faces": {
				"north": {"uv": [1.5, 0, 0, 1.5], "tintindex": 0,"texture": "#10"},
				"east": {"uv": [4, 0, 0, 1.5], "tintindex": 0,"texture": "#10"},
				"south": {"uv": [1.5, 0, 0, 1.5], "tintindex": 0,"texture": "#10"},
				"west": {"uv": [4, 0, 0, 1.5], "tintindex": 0,"texture": "#10"},
				"up": {"uv": [1.5, 0, 0, 4], "tintindex": 0,"texture": "#10"},
				"down": {"uv": [1.5, 0, 0, 4], "tintindex": 0,"texture": "#10"}
			}
		},
		{
			"from": [11.47721, 1.4, -1.16152],
			"to": [12.67721, 2.6, 2.03848],
			"rotation": {"angle": 0, "axis": "y", "origin": [13.07721, 1.8, -0.76152]},
			"faces": {
				"north": {"uv": [1.5, 0, 0, 1.5], "tintindex": 0,"texture": "#10"},
				"east": {"uv": [4, 0, 0, 1.5], "tintindex": 0,"texture": "#10"},
				"south": {"uv": [1.5, 0, 0, 1.5], "tintindex": 0,"texture": "#10"},
				"west": {"uv": [4, 0, 0, 1.5], "tintindex": 0,"texture": "#10"},
				"up": {"uv": [1.5, 0, 0, 4], "tintindex": 0,"texture": "#10"},
				"down": {"uv": [1.5, 0, 0, 4], "tintindex": 0,"texture": "#10"}
			}
		},
		{
			"from": [9.48726, 1.52721, -0.19584],
			"to": [10.68726, 2.72721, 2.20416],
			"rotation": {"angle": -45, "axis": "x", "origin": [12.48726, 1.52721, 1.00416]},
			"faces": {
				"north": {"uv": [1.5, 0, 0, 1.5], "tintindex": 0,"texture": "#10"},
				"east": {"uv": [3, 0, 0, 1.5], "tintindex": 0,"texture": "#10"},
				"south": {"uv": [1.5, 0, 0, 1.5], "tintindex": 0,"texture": "#10"},
				"west": {"uv": [3, 0, 0, 1.5], "tintindex": 0,"texture": "#10"},
				"up": {"uv": [1.5, 0, 0, 3], "tintindex": 0,"texture": "#10"},
				"down": {"uv": [1.5, 0, 0, 3], "tintindex": 0,"texture": "#10"}
			}
		},
		{
			"from": [13.07721, 0.72721, -2.78579],
			"to": [14.27721, 1.92721, -0.38579],
			"rotation": {"angle": -45, "axis": "x", "origin": [12.87721, 1.32721, -1.58579]},
			"faces": {
				"north": {"uv": [1.5, 0, 0, 1.5], "tintindex": 0,"texture": "#10"},
				"east": {"uv": [3, 0, 0, 1.5], "tintindex": 0,"texture": "#10"},
				"south": {"uv": [1.5, 0, 0, 1.5], "tintindex": 0,"texture": "#10"},
				"west": {"uv": [3, 0, 0, 1.5], "tintindex": 0,"texture": "#10"},
				"up": {"uv": [1.5, 0, 0, 3], "tintindex": 0,"texture": "#10"},
				"down": {"uv": [1.5, 0, 0, 3], "tintindex": 0,"texture": "#10"}
			}
		},
		{
			"from": [11.47721, 0.72721, -2.78579],
			"to": [12.67721, 1.92721, -0.38579],
			"rotation": {"angle": -45, "axis": "x", "origin": [12.87721, 1.32721, -1.58579]},
			"faces": {
				"north": {"uv": [1.5, 0, 0, 1.5], "tintindex": 0,"texture": "#10"},
				"east": {"uv": [3, 0, 0, 1.5], "tintindex": 0,"texture": "#10"},
				"south": {"uv": [1.5, 0, 0, 1.5], "tintindex": 0,"texture": "#10"},
				"west": {"uv": [3, 0, 0, 1.5], "tintindex": 0,"texture": "#10"},
				"up": {"uv": [1.5, 0, 0, 3], "tintindex": 0,"texture": "#10"},
				"down": {"uv": [1.5, 0, 0, 3], "tintindex": 0,"texture": "#10"}
			}
		},
		{
			"from": [9.07721, 1.6, 0.43848],
			"to": [10.27721, 2.8, 3.63848],
			"rotation": {"angle": 45, "axis": "y", "origin": [10.47721, 2, 0.43848]},
			"faces": {
				"north": {"uv": [1.5, 0, 0, 1.5], "tintindex": 0,"texture": "#10"},
				"east": {"uv": [4, 0, 0, 1.5], "tintindex": 0,"texture": "#10"},
				"south": {"uv": [1.5, 0, 0, 1.5], "tintindex": 0,"texture": "#10"},
				"west": {"uv": [4, 0, 0, 1.5], "tintindex": 0,"texture": "#10"},
				"up": {"uv": [1.5, 0, 0, 4], "tintindex": 0,"texture": "#10"},
				"down": {"uv": [1.5, 0, 0, 4], "tintindex": 0,"texture": "#10"}
			}
		},
		{
			"from": [11.0747, 4.28532, -2.00917],
			"to": [14.9147, 5.24532, -1.04917],
			"rotation": {"angle": 0, "axis": "x", "origin": [12.69, 4.70532, 0.75864]},
			"faces": {
				"north": {"uv": [0, 8, 2, 0], "rotation": 90, "tintindex": 0,"texture": "#5"},
				"east": {"uv": [0, 2, 2, 0], "rotation": 270, "tintindex": 0,"texture": "#5"},
				"south": {"uv": [0, 8, 2, 0], "rotation": 270, "tintindex": 0,"texture": "#5"},
				"west": {"uv": [0, 2, 2, 0], "rotation": 270, "tintindex": 0,"texture": "#5"},
				"up": {"uv": [0, 8, 2, 0], "rotation": 270, "tintindex": 0,"texture": "#5"},
				"down": {"uv": [0, 8, 2, 0], "rotation": 270, "tintindex": 0,"texture": "#5"}
			}
		},
		{
			"from": [12.30596, 4.40532, -2.77159],
			"to": [16.14596, 5.12532, -2.05159],
			"rotation": {"angle": -45, "axis": "y", "origin": [12.69, 4.70532, 0.75864]},
			"faces": {
				"north": {"uv": [0, 8, 1.5, 0], "rotation": 90, "tintindex": 0,"texture": "#5"},
				"east": {"uv": [0, 1.5, 1.5, 0], "rotation": 270, "tintindex": 0,"texture": "#5"},
				"south": {"uv": [0, 8, 1.5, 0], "rotation": 270, "tintindex": 0,"texture": "#5"},
				"west": {"uv": [0, 1.5, 1.5, 0], "rotation": 270, "tintindex": 0,"texture": "#5"},
				"up": {"uv": [0, 8, 1.5, 0], "rotation": 270, "tintindex": 0,"texture": "#5"},
				"down": {"uv": [0, 8, 1.5, 0], "rotation": 270, "tintindex": 0,"texture": "#5"}
			}
		},
		{
			"from": [9.59067, 4.40532, -0.0563],
			"to": [10.31067, 5.12532, 3.7837],
			"rotation": {"angle": -45, "axis": "y", "origin": [12.69, 4.70532, 0.75864]},
			"faces": {
				"north": {"uv": [0, 1.5, 1.5, 0], "rotation": 270, "tintindex": 0,"texture": "#5"},
				"east": {"uv": [0, 8, 1.5, 0], "rotation": 90, "tintindex": 0,"texture": "#5"},
				"south": {"uv": [0, 1.5, 1.5, 0], "rotation": 270, "tintindex": 0,"texture": "#5"},
				"west": {"uv": [0, 8, 1.5, 0], "rotation": 270, "tintindex": 0,"texture": "#5"},
				"up": {"uv": [1.5, 0, 0, 8], "rotation": 180, "tintindex": 0,"texture": "#5"},
				"down": {"uv": [1.5, 0, 0, 8], "tintindex": 0,"texture": "#5"}
			}
		},
		{
			"from": [12.15, 3.2, -5.8],
			"to": [13.75, 3.6, 3],
			"rotation": {"angle": 0, "axis": "y", "origin": [15.15, 0, 7.4]},
			"faces": {
				"north": {"uv": [2, 0, 0, 1], "tintindex": 0,"texture": "#10"},
				"east": {"uv": [11, 0, 0, 1], "tintindex": 0,"texture": "#10"},
				"south": {"uv": [2, 0, 0, 1], "tintindex": 0,"texture": "#10"},
				"west": {"uv": [11, 0, 0, 1], "tintindex": 0,"texture": "#10"},
				"up": {"uv": [2, 0, 0, 11], "tintindex": 0,"texture": "#10"},
				"down": {"uv": [2, 0, 0, 11], "tintindex": 0,"texture": "#10"}
			}
		},
		{
			"from": [12.25, 3.2, -10.6],
			"to": [13.65, 3.6, -5.8],
			"rotation": {"angle": 0, "axis": "y", "origin": [15.25, 0, 8.1]},
			"faces": {
				"north": {"uv": [2, 0, 0, 1], "tintindex": 0,"texture": "#10"},
				"east": {"uv": [9, 0, 0, 1], "tintindex": 0,"texture": "#10"},
				"south": {"uv": [2, 0, 0, 1], "tintindex": 0,"texture": "#10"},
				"west": {"uv": [9, 0, 0, 1], "tintindex": 0,"texture": "#10"},
				"up": {"uv": [2, 0, 0, 9], "tintindex": 0,"texture": "#10"},
				"down": {"uv": [2, 0, 0, 9], "tintindex": 0,"texture": "#10"}
			}
		},
		{
			"from": [15.5983, 4.68532, -2.52877],
			"to": [15.8383, 4.92532, 3.23123],
			"rotation": {"angle": -45, "axis": "y", "origin": [12.69, 4.70532, 0.75864]},
			"faces": {
				"north": {"uv": [0, 0.5, 0.5, 0], "rotation": 270, "tintindex": 0,"texture": "#9"},
				"east": {"uv": [0, 12, 0.5, 0], "rotation": 90, "tintindex": 0,"texture": "#9"},
				"south": {"uv": [0, 0.5, 0.5, 0], "rotation": 270, "tintindex": 0,"texture": "#9"},
				"west": {"uv": [0, 12, 0.5, 0], "rotation": 270, "tintindex": 0,"texture": "#9"},
				"up": {"uv": [0.5, 0, 0, 12], "rotation": 180, "tintindex": 0,"texture": "#9"},
				"down": {"uv": [0.5, 0, 0, 12], "tintindex": 0,"texture": "#9"}
			}
		},
		{
			"from": [9.8383, 4.68532, 3.11123],
			"to": [15.8383, 4.92532, 3.35123],
			"rotation": {"angle": -45, "axis": "y", "origin": [12.69, 4.70532, 0.75864]},
			"faces": {
				"north": {"uv": [0, 12.5, 0.5, 0], "rotation": 90, "tintindex": 0,"texture": "#9"},
				"east": {"uv": [0, 0.5, 0.5, 0], "rotation": 270, "tintindex": 0,"texture": "#9"},
				"south": {"uv": [0, 12.5, 0.5, 0], "rotation": 270, "tintindex": 0,"texture": "#9"},
				"west": {"uv": [0, 0.5, 0.5, 0], "rotation": 270, "tintindex": 0,"texture": "#9"},
				"up": {"uv": [0, 12.5, 0.5, 0], "rotation": 270, "tintindex": 0,"texture": "#9"},
				"down": {"uv": [0, 12.5, 0.5, 0], "rotation": 270, "tintindex": 0,"texture": "#9"}
			}
		},
		{
			"from": [11.5, 3, -2.5],
			"to": [14.5, 4.5, 2.5],
			"rotation": {"angle": 0, "axis": "y", "origin": [16.75, 0, 0]},
			"faces": {
				"north": {"uv": [3, 0, 0, 1.5], "tintindex": 0,"texture": "#2"},
				"east": {"uv": [5, 0, 0, 1.5], "tintindex": 0,"texture": "#2"},
				"south": {"uv": [3, 0, 0, 1.5], "tintindex": 0,"texture": "#2"},
				"west": {"uv": [5, 0, 0, 1.5], "tintindex": 0,"texture": "#2"},
				"up": {"uv": [3, 0, 0, 5], "tintindex": 0,"texture": "#2"},
				"down": {"uv": [3, 0, 0, 5], "tintindex": 0,"texture": "#2"}
			}
		},
		{
			"from": [12.7, 4.5, -4.3],
			"to": [13.2, 5, 4.7],
			"rotation": {"angle": 0, "axis": "y", "origin": [16.75, 0, 0]},
			"faces": {
				"north": {"uv": [0.5, 0, 0, 0.5], "tintindex": 0,"texture": "#11"},
				"east": {"uv": [9, 0, 0, 0.5], "tintindex": 0,"texture": "#11"},
				"south": {"uv": [0.5, 0, 0, 0.5], "tintindex": 0,"texture": "#11"},
				"west": {"uv": [9, 0, 0, 0.5], "tintindex": 0,"texture": "#11"},
				"up": {"uv": [0.5, 0, 0, 9], "tintindex": 0,"texture": "#11"},
				"down": {"uv": [0.5, 0, 0, 9], "tintindex": 0,"texture": "#11"}
			}
		},
		{
			"from": [11.75, 4.45, -7.25],
			"to": [12.75, 5.05, -6.25],
			"rotation": {"angle": -45, "axis": "y", "origin": [9.25, 4.5, -4.5]},
			"faces": {
				"north": {"uv": [1, 0, 0, 0.6], "tintindex": 0,"texture": "#9"},
				"east": {"uv": [1, 0, 0, 0.6], "tintindex": 0,"texture": "#9"},
				"south": {"uv": [1, 0, 0, 0.6], "tintindex": 0,"texture": "#9"},
				"west": {"uv": [1, 0, 0, 0.6], "tintindex": 0,"texture": "#9"},
				"up": {"uv": [1, 0, 0, 1], "tintindex": 0,"texture": "#9"},
				"down": {"uv": [1, 0, 0, 1], "tintindex": 0,"texture": "#9"}
			}
		},
		{
			"from": [11.75, 4.45, -6.25],
			"to": [12.75, 5.05, -5.25],
			"rotation": {"angle": -45, "axis": "y", "origin": [9.25, 4.5, -4.5]},
			"faces": {
				"north": {"uv": [1, 0, 0, 0.6], "tintindex": 0,"texture": "#9"},
				"east": {"uv": [1, 0, 0, 0.6], "tintindex": 0,"texture": "#9"},
				"south": {"uv": [1, 0, 0, 0.6], "tintindex": 0,"texture": "#9"},
				"west": {"uv": [1, 0, 0, 0.6], "tintindex": 0,"texture": "#9"},
				"up": {"uv": [1, 0, 0, 1], "tintindex": 0,"texture": "#9"},
				"down": {"uv": [1, 0, 0, 1], "tintindex": 0,"texture": "#9"}
			}
		},
		{
			"from": [12.75, 4.45, -7.25],
			"to": [13.75, 5.05, -6.25],
			"rotation": {"angle": -45, "axis": "y", "origin": [9.25, 4.5, -4.5]},
			"faces": {
				"north": {"uv": [1, 0, 0, 0.6], "tintindex": 0,"texture": "#9"},
				"east": {"uv": [1, 0, 0, 0.6], "tintindex": 0,"texture": "#9"},
				"south": {"uv": [1, 0, 0, 0.6], "tintindex": 0,"texture": "#9"},
				"west": {"uv": [1, 0, 0, 0.6], "tintindex": 0,"texture": "#9"},
				"up": {"uv": [1, 0, 0, 1], "tintindex": 0,"texture": "#9"},
				"down": {"uv": [1, 0, 0, 1], "tintindex": 0,"texture": "#9"}
			}
		},
		{
			"from": [12.95, 4.75, 2.85],
			"to": [13.05, 5.35, 4.85],
			"rotation": {"angle": -22.5, "axis": "x", "origin": [13, 5.25, 4]},
			"faces": {
				"north": {"uv": [0.1, 0, 0, 0.6], "tintindex": 0,"texture": "#10"},
				"east": {"uv": [2, 0, 0, 0.6], "tintindex": 0,"texture": "#10"},
				"south": {"uv": [0.1, 0, 0, 0.6], "tintindex": 0,"texture": "#10"},
				"west": {"uv": [2, 0, 0, 0.6], "tintindex": 0,"texture": "#10"},
				"up": {"uv": [0.1, 0, 0, 2], "tintindex": 0,"texture": "#10"},
				"down": {"uv": [0.1, 0, 0, 2], "tintindex": 0,"texture": "#10"}
			}
		},
		{
			"from": [12.95, 4.17336, 3.1147],
			"to": [13.05, 4.77336, 5.1147],
			"rotation": {"angle": 22.5, "axis": "x", "origin": [13, 4.92336, 3.8647]},
			"faces": {
				"north": {"uv": [0.1, 0, 0, 0.6], "tintindex": 0,"texture": "#10"},
				"east": {"uv": [2, 0, 0, 0.6], "tintindex": 0,"texture": "#10"},
				"south": {"uv": [0.1, 0, 0, 0.6], "tintindex": 0,"texture": "#10"},
				"west": {"uv": [2, 0, 0, 0.6], "tintindex": 0,"texture": "#10"},
				"up": {"uv": [0.1, 0, 0, 2], "tintindex": 0,"texture": "#10"},
				"down": {"uv": [0.1, 0, 0, 2], "tintindex": 0,"texture": "#10"}
			}
		},
		{
			"from": [12.35355, 3.2, -11.35],
			"to": [13.35355, 3.6, -10.35],
			"rotation": {"angle": -45, "axis": "y", "origin": [12.60355, 3.6, -10.6]},
			"faces": {
				"north": {"uv": [1, 0, 0, 0.4], "tintindex": 0,"texture": "#10"},
				"east": {"uv": [1, 0, 0, 0.4], "tintindex": 0,"texture": "#10"},
				"south": {"uv": [1, 0, 0, 0.4], "tintindex": 0,"texture": "#10"},
				"west": {"uv": [1, 0, 0, 0.4], "tintindex": 0,"texture": "#10"},
				"up": {"uv": [1, 0, 0, 1], "tintindex": 0,"texture": "#10"},
				"down": {"uv": [1, 0, 0, 1], "tintindex": 0,"texture": "#10"}
			}
		}
	],
	"display": {
		"head": {
			"translation": [-20.5, -5.5, -6.5],
			"scale": [4, 4, 4]
		}
	}
}