{
	"credit": "Made with Blockbench",
	"textures": {
		"0": "block/oak_leaves",
		"1": "block/mangrove_leaves",
		"2": "block/chiseled_quartz_block_top",
		"4": "block/quartz_block_bottom",
		"5": "block/quartz_pillar_top",
		"6": "block/redstone_block",
		"7": "block/black_concrete",
		"8": "block/quartz_pillar",
		"9": "block/andesite",
		"10": "block/bone_block_side",
		"11": "block/oak_planks",
		"particle": "block/oak_leaves"
	},
	"elements": [
		{
			"from": [6.4, 9.6, 4.2],
			"to": [9.6, 12, 5.8],
			"rotation": {"angle": 0, "axis": "y", "origin": [1.6, 4, 7.4]},
			"faces": {
				"north": {"uv": [0, 0, 4, 3], "tintindex": 0,"texture": "#7"},
				"east": {"uv": [0, 0, 2, 3], "tintindex": 0,"texture": "#7"},
				"south": {"uv": [0, 0, 4, 3], "tintindex": 0,"texture": "#7"},
				"west": {"uv": [0, 0, 2, 3], "tintindex": 0,"texture": "#7"},
				"up": {"uv": [0, 0, 4, 2], "tintindex": 0,"texture": "#7"},
				"down": {"uv": [0, 0, 4, 2], "tintindex": 0,"texture": "#7"}
			}
		},
		{
			"from": [8.704, 10.648, 4.196],
			"to": [9.408, 11.352, 4.9],
			"rotation": {"angle": 22.5, "axis": "z", "origin": [9.056, 11, 4.548]},
			"faces": {
				"north": {"uv": [0, 0, 1, 1], "tintindex": 0,"texture": "#6"},
				"east": {"uv": [0, 0, 1, 1], "tintindex": 0,"texture": "#6"},
				"south": {"uv": [0, 0, 1, 1], "tintindex": 0,"texture": "#6"},
				"west": {"uv": [0, 0, 1, 1], "tintindex": 0,"texture": "#6"},
				"up": {"uv": [0, 0, 1, 1], "tintindex": 0,"texture": "#6"},
				"down": {"uv": [0, 0, 1, 1], "tintindex": 0,"texture": "#6"}
			}
		},
		{
			"from": [5.81005, 10.59904, 3.3391],
			"to": [9.81005, 12.19904, 6.5391],
			"rotation": {"angle": 22.5, "axis": "z", "origin": [7.01005, 11.39904, 4.9391]},
			"faces": {
				"north": {"uv": [0, 0, 5, 2], "tintindex": 0,"texture": "#8"},
				"east": {"uv": [0, 0, 4, 2], "tintindex": 0,"texture": "#8"},
				"south": {"uv": [0, 0, 5, 2], "tintindex": 0,"texture": "#8"},
				"west": {"uv": [0, 0, 4, 2], "tintindex": 0,"texture": "#8"},
				"up": {"uv": [0, 0, 5, 4], "tintindex": 0,"texture": "#8"},
				"down": {"uv": [0, 0, 5, 4], "tintindex": 0,"texture": "#8"}
			}
		},
		{
			"from": [5.6, 11.6, 3],
			"to": [10.4, 13.2, 6.2],
			"rotation": {"angle": 0, "axis": "y", "origin": [1.6, 4, 7.4]},
			"faces": {
				"north": {"uv": [0, 0, 6, 2], "tintindex": 0,"texture": "#4"},
				"east": {"uv": [0, 0, 4, 2], "tintindex": 0,"texture": "#4"},
				"south": {"uv": [0, 0, 6, 2], "tintindex": 0,"texture": "#4"},
				"west": {"uv": [0, 0, 4, 2], "tintindex": 0,"texture": "#4"},
				"up": {"uv": [0, 0, 6, 4], "tintindex": 0,"texture": "#4"},
				"down": {"uv": [0, 0, 6, 4], "tintindex": 0,"texture": "#4"}
			}
		},
		{
			"from": [5.8, 12.03431, 1.63431],
			"to": [7.4, 13.63431, 5.63431],
			"rotation": {"angle": 22.5, "axis": "x", "origin": [8, 13.43431, 3.63431]},
			"faces": {
				"north": {"uv": [0, 0, 2, 2], "rotation": 180, "tintindex": 0,"texture": "#8"},
				"east": {"uv": [0, 0, 2, 5], "rotation": 90, "tintindex": 0,"texture": "#8"},
				"south": {"uv": [0, 0, 2, 2], "tintindex": 0,"texture": "#8"},
				"west": {"uv": [0, 0, 2, 5], "rotation": 270, "tintindex": 0,"texture": "#8"},
				"up": {"uv": [0, 0, 2, 5], "tintindex": 0,"texture": "#8"},
				"down": {"uv": [0, 0, 2, 5], "rotation": 180, "tintindex": 0,"texture": "#8"}
			}
		},
		{
			"from": [8.6, 12.03431, 1.63431],
			"to": [10.2, 13.63431, 5.63431],
			"rotation": {"angle": 22.5, "axis": "x", "origin": [8, 13.43431, 3.63431]},
			"faces": {
				"north": {"uv": [0, 0, 2, 2], "rotation": 180, "tintindex": 0,"texture": "#8"},
				"east": {"uv": [0, 0, 2, 5], "rotation": 90, "tintindex": 0,"texture": "#8"},
				"south": {"uv": [0, 0, 2, 2], "tintindex": 0,"texture": "#8"},
				"west": {"uv": [0, 0, 2, 5], "rotation": 270, "tintindex": 0,"texture": "#8"},
				"up": {"uv": [0, 0, 2, 5], "tintindex": 0,"texture": "#8"},
				"down": {"uv": [0, 0, 2, 5], "rotation": 180, "tintindex": 0,"texture": "#8"}
			}
		},
		{
			"from": [5.6, 10.4, 4],
			"to": [6.4, 12, 5.6],
			"rotation": {"angle": 22.5, "axis": "x", "origin": [5.6, 11.2, 4.8]},
			"faces": {
				"north": {"uv": [0, 0, 1, 2], "tintindex": 0,"texture": "#4"},
				"east": {"uv": [0, 0, 2, 2], "tintindex": 0,"texture": "#4"},
				"south": {"uv": [0, 0, 1, 2], "tintindex": 0,"texture": "#4"},
				"west": {"uv": [0, 0, 2, 2], "tintindex": 0,"texture": "#4"},
				"up": {"uv": [0, 0, 1, 2], "tintindex": 0,"texture": "#4"},
				"down": {"uv": [0, 0, 1, 2], "tintindex": 0,"texture": "#4"}
			}
		},
		{
			"from": [9.6, 10.4, 4],
			"to": [10.4, 12, 5.6],
			"rotation": {"angle": 22.5, "axis": "x", "origin": [5.6, 11.2, 4.8]},
			"faces": {
				"north": {"uv": [0, 0, 1, 2], "tintindex": 0,"texture": "#4"},
				"east": {"uv": [0, 0, 2, 2], "tintindex": 0,"texture": "#4"},
				"south": {"uv": [0, 0, 1, 2], "tintindex": 0,"texture": "#4"},
				"west": {"uv": [0, 0, 2, 2], "tintindex": 0,"texture": "#4"},
				"up": {"uv": [0, 0, 1, 2], "tintindex": 0,"texture": "#4"},
				"down": {"uv": [0, 0, 1, 2], "tintindex": 0,"texture": "#4"}
			}
		},
		{
			"from": [6, 13.0962, 0.70938],
			"to": [7.2, 14.6962, 1.90938],
			"rotation": {"angle": -45, "axis": "x", "origin": [6.4, 13.8962, 1.10938]},
			"faces": {
				"north": {"uv": [0, 0, 1.5, 2], "tintindex": 0,"texture": "#8"},
				"east": {"uv": [0, 0, 1.5, 2], "tintindex": 0,"texture": "#8"},
				"south": {"uv": [0, 0, 1.5, 2], "tintindex": 0,"texture": "#8"},
				"west": {"uv": [0, 0, 1.5, 2], "tintindex": 0,"texture": "#8"},
				"up": {"uv": [0, 0, 1.5, 1.5], "tintindex": 0,"texture": "#4"},
				"down": {"uv": [0, 0, 1.5, 1.5], "tintindex": 0,"texture": "#8"}
			}
		},
		{
			"from": [8.8, 13.0962, 0.70938],
			"to": [10, 14.6962, 1.90938],
			"rotation": {"angle": -45, "axis": "x", "origin": [6.4, 13.8962, 1.10938]},
			"faces": {
				"north": {"uv": [0, 0, 1.5, 2], "tintindex": 0,"texture": "#8"},
				"east": {"uv": [0, 0, 1.5, 2], "tintindex": 0,"texture": "#8"},
				"south": {"uv": [0, 0, 1.5, 2], "tintindex": 0,"texture": "#8"},
				"west": {"uv": [0, 0, 1.5, 2], "tintindex": 0,"texture": "#8"},
				"up": {"uv": [0, 0, 1.5, 1.5], "tintindex": 0,"texture": "#4"},
				"down": {"uv": [0, 0, 1.5, 1.5], "tintindex": 0,"texture": "#8"}
			}
		},
		{
			"from": [6, 11.2, 5],
			"to": [10, 15.2, 9],
			"rotation": {"angle": -22.5, "axis": "x", "origin": [8, 13.2, 7]},
			"faces": {
				"north": {"uv": [0, 0, 5, 5], "tintindex": 0,"texture": "#0"},
				"east": {"uv": [0, 0, 5, 5], "tintindex": 0,"texture": "#0"},
				"south": {"uv": [0, 0, 5, 5], "tintindex": 0,"texture": "#0"},
				"west": {"uv": [0, 0, 5, 5], "tintindex": 0,"texture": "#0"},
				"up": {"uv": [0, 0, 5, 5], "tintindex": 0,"texture": "#0"},
				"down": {"uv": [0, 0, 5, 5], "tintindex": 0,"texture": "#0"}
			}
		},
		{
			"from": [3.6, 10.4, 5],
			"to": [7.6, 14.4, 9],
			"rotation": {"angle": -22.5, "axis": "y", "origin": [5.6, 12.4, 7]},
			"faces": {
				"north": {"uv": [0, 0, 5, 5], "tintindex": 0,"texture": "#0"},
				"east": {"uv": [0, 0, 5, 5], "tintindex": 0,"texture": "#0"},
				"south": {"uv": [0, 0, 5, 5], "tintindex": 0,"texture": "#0"},
				"west": {"uv": [0, 0, 5, 5], "tintindex": 0,"texture": "#0"},
				"up": {"uv": [0, 0, 5, 5], "tintindex": 0,"texture": "#0"},
				"down": {"uv": [0, 0, 5, 5], "tintindex": 0,"texture": "#0"}
			}
		},
		{
			"from": [8.4, 10.4, 5],
			"to": [12.4, 14.4, 9],
			"rotation": {"angle": 22.5, "axis": "y", "origin": [10.4, 12.4, 7]},
			"faces": {
				"north": {"uv": [0, 0, 5, 5], "tintindex": 0,"texture": "#0"},
				"east": {"uv": [0, 0, 5, 5], "tintindex": 0,"texture": "#0"},
				"south": {"uv": [0, 0, 5, 5], "tintindex": 0,"texture": "#0"},
				"west": {"uv": [0, 0, 5, 5], "tintindex": 0,"texture": "#0"},
				"up": {"uv": [0, 0, 5, 5], "tintindex": 0,"texture": "#0"},
				"down": {"uv": [0, 0, 5, 5], "tintindex": 0,"texture": "#0"}
			}
		},
		{
			"from": [5.6, 10.4, 5.8],
			"to": [10.4, 12.8, 9],
			"rotation": {"angle": 0, "axis": "y", "origin": [1.6, -2.4, 7.4]},
			"faces": {
				"north": {"uv": [0, 0, 6, 3], "tintindex": 0,"texture": "#4"},
				"east": {"uv": [0, 0, 4, 3], "tintindex": 0,"texture": "#4"},
				"south": {"uv": [0, 0, 6, 3], "tintindex": 0,"texture": "#4"},
				"west": {"uv": [0, 0, 4, 3], "tintindex": 0,"texture": "#4"},
				"up": {"uv": [0, 0, 6, 4], "tintindex": 0,"texture": "#4"},
				"down": {"uv": [0, 0, 6, 4], "tintindex": 0,"texture": "#4"}
			}
		},
		{
			"from": [5.6, 8.8, 5],
			"to": [10.4, 10.4, 8.2],
			"rotation": {"angle": 0, "axis": "y", "origin": [1.6, -2.4, 7.4]},
			"faces": {
				"north": {"uv": [0, 0, 6, 2], "tintindex": 0,"texture": "#4"},
				"east": {"uv": [0, 0, 4, 2], "tintindex": 0,"texture": "#4"},
				"south": {"uv": [0, 0, 6, 2], "tintindex": 0,"texture": "#4"},
				"west": {"uv": [0, 0, 4, 2], "tintindex": 0,"texture": "#4"},
				"up": {"uv": [0, 0, 6, 4], "tintindex": 0,"texture": "#4"},
				"down": {"uv": [0, 0, 6, 4], "tintindex": 0,"texture": "#4"}
			}
		},
		{
			"from": [0.8, 7.2, 7.4],
			"to": [4.8, 11.2, 11.4],
			"rotation": {"angle": 0, "axis": "y", "origin": [1.6, -2.4, 7.4]},
			"faces": {
				"north": {"uv": [0, 0, 5, 5], "tintindex": 0,"texture": "#2"},
				"east": {"uv": [0, 0, 5, 5], "tintindex": 0,"texture": "#2"},
				"south": {"uv": [0, 0, 5, 5], "tintindex": 0,"texture": "#2"},
				"west": {"uv": [0, 0, 5, 5], "tintindex": 0,"texture": "#2"},
				"up": {"uv": [0, 0, 5, 5], "tintindex": 0,"texture": "#2"},
				"down": {"uv": [0, 0, 5, 5], "tintindex": 0,"texture": "#2"}
			}
		},
		{
			"from": [5.2, 8.4, 5.2],
			"to": [10.8, 9.6, 10.8],
			"rotation": {"angle": -22.5, "axis": "x", "origin": [8, 8.2, 7.4]},
			"faces": {
				"north": {"uv": [0, 0, 7, 1.5], "tintindex": 0,"texture": "#9"},
				"east": {"uv": [0, 0, 7, 1.5], "tintindex": 0,"texture": "#9"},
				"south": {"uv": [0, 0, 7, 1.5], "tintindex": 0,"texture": "#9"},
				"west": {"uv": [0, 0, 7, 1.5], "tintindex": 0,"texture": "#9"},
				"up": {"uv": [0, 0, 7, 7], "tintindex": 0,"texture": "#9"},
				"down": {"uv": [0, 0, 7, 7], "tintindex": 0,"texture": "#9"}
			}
		},
		{
			"from": [1.6, 10.4, 9],
			"to": [3.2, 13.6, 10.6],
			"rotation": {"angle": 0, "axis": "y", "origin": [1.6, -2.4, 7.4]},
			"faces": {
				"north": {"uv": [0, 0, 2, 4], "tintindex": 0,"texture": "#8"},
				"east": {"uv": [0, 0, 2, 4], "tintindex": 0,"texture": "#8"},
				"south": {"uv": [0, 0, 2, 4], "tintindex": 0,"texture": "#8"},
				"west": {"uv": [0, 0, 2, 4], "tintindex": 0,"texture": "#8"},
				"up": {"uv": [0, 0, 2, 2], "tintindex": 0,"texture": "#8"},
				"down": {"uv": [0, 0, 2, 2], "tintindex": 0,"texture": "#8"}
			}
		},
		{
			"from": [1.6, 11.2, 11.4],
			"to": [3.2, 14.4, 13],
			"rotation": {"angle": 45, "axis": "x", "origin": [2.4, 12, 9.8]},
			"faces": {
				"north": {"uv": [0, 0, 2, 4], "tintindex": 0,"texture": "#8"},
				"east": {"uv": [0, 0, 2, 4], "tintindex": 0,"texture": "#8"},
				"south": {"uv": [0, 0, 2, 4], "tintindex": 0,"texture": "#8"},
				"west": {"uv": [0, 0, 2, 4], "tintindex": 0,"texture": "#8"},
				"up": {"uv": [0, 0, 2, 2], "tintindex": 0,"texture": "#8"},
				"down": {"uv": [0, 0, 2, 2], "tintindex": 0,"texture": "#8"}
			}
		},
		{
			"from": [6.4, 6.94558, 8.78579],
			"to": [9.6, 10.14558, 13.58579],
			"rotation": {"angle": 22.5, "axis": "x", "origin": [8, 8.54558, 11.18579]},
			"faces": {
				"north": {"uv": [0, 0, 4, 4], "rotation": 180, "tintindex": 0,"texture": "#8"},
				"east": {"uv": [0, 0, 4, 6], "rotation": 90, "tintindex": 0,"texture": "#8"},
				"south": {"uv": [0, 0, 4, 4], "tintindex": 0,"texture": "#8"},
				"west": {"uv": [0, 0, 4, 6], "rotation": 270, "tintindex": 0,"texture": "#8"},
				"up": {"uv": [0, 0, 4, 6], "tintindex": 0,"texture": "#8"},
				"down": {"uv": [0, 0, 4, 6], "rotation": 180, "tintindex": 0,"texture": "#8"}
			}
		},
		{
			"from": [6.6, 4.01835, 13.3225],
			"to": [9.4, 8.81835, 16.1225],
			"rotation": {"angle": -45, "axis": "x", "origin": [7.8, 6.41835, 14.7225]},
			"faces": {
				"north": {"uv": [0, 0, 3.5, 6], "tintindex": 0,"texture": "#8"},
				"east": {"uv": [0, 0, 3.5, 6], "tintindex": 0,"texture": "#8"},
				"south": {"uv": [0, 0, 3.5, 6], "tintindex": 0,"texture": "#8"},
				"west": {"uv": [0, 0, 3.5, 6], "tintindex": 0,"texture": "#8"},
				"up": {"uv": [0, 0, 3.5, 3.5], "tintindex": 0,"texture": "#8"},
				"down": {"uv": [0, 0, 3.5, 3.5], "tintindex": 0,"texture": "#8"}
			}
		},
		{
			"from": [5.6, 11.2, 8.2],
			"to": [10.4, 16, 13],
			"rotation": {"angle": 0, "axis": "y", "origin": [1.6, -2.4, 7.4]},
			"faces": {
				"north": {"uv": [0, 0, 6, 6], "tintindex": 0,"texture": "#0"},
				"east": {"uv": [0, 0, 6, 6], "tintindex": 0,"texture": "#0"},
				"south": {"uv": [0, 0, 6, 6], "tintindex": 0,"texture": "#0"},
				"west": {"uv": [0, 0, 6, 6], "tintindex": 0,"texture": "#0"},
				"up": {"uv": [0, 0, 6, 6], "tintindex": 0,"texture": "#0"},
				"down": {"uv": [0, 0, 6, 6], "tintindex": 0,"texture": "#0"}
			}
		},
		{
			"from": [5.6, 8, 14.6],
			"to": [10.4, 12.8, 19.4],
			"rotation": {"angle": 45, "axis": "x", "origin": [8, 11.2, 17.8]},
			"faces": {
				"north": {"uv": [0, 0, 6, 6], "tintindex": 0,"texture": "#0"},
				"east": {"uv": [0, 0, 6, 6], "tintindex": 0,"texture": "#0"},
				"south": {"uv": [0, 0, 6, 6], "tintindex": 0,"texture": "#0"},
				"west": {"uv": [0, 0, 6, 6], "tintindex": 0,"texture": "#0"},
				"up": {"uv": [0, 0, 6, 6], "tintindex": 0,"texture": "#0"},
				"down": {"uv": [0, 0, 6, 6], "tintindex": 0,"texture": "#0"}
			}
		},
		{
			"from": [4.4, 6.4, 18.6],
			"to": [11.6, 11.2, 23.4],
			"rotation": {"angle": 45, "axis": "x", "origin": [8, 11.2, 17.8]},
			"faces": {
				"north": {"uv": [0, 0, 9, 6], "tintindex": 0,"texture": "#1"},
				"east": {"uv": [0, 0, 6, 6], "tintindex": 0,"texture": "#1"},
				"south": {"uv": [0, 0, 9, 6], "tintindex": 0,"texture": "#1"},
				"west": {"uv": [0, 0, 6, 6], "tintindex": 0,"texture": "#1"},
				"up": {"uv": [0, 0, 9, 6], "tintindex": 0,"texture": "#1"},
				"down": {"uv": [0, 0, 9, 6], "tintindex": 0,"texture": "#1"}
			}
		},
		{
			"from": [5, 6.30294, 12.10294],
			"to": [10.6, 11.10294, 16.90294],
			"rotation": {"angle": 22.5, "axis": "x", "origin": [8, 9.50294, 16.10294]},
			"faces": {
				"north": {"uv": [0, 0, 7, 6], "tintindex": 0,"texture": "#1"},
				"east": {"uv": [0, 0, 6, 6], "tintindex": 0,"texture": "#1"},
				"south": {"uv": [0, 0, 7, 6], "tintindex": 0,"texture": "#1"},
				"west": {"uv": [0, 0, 6, 6], "tintindex": 0,"texture": "#1"},
				"up": {"uv": [0, 0, 7, 6], "tintindex": 0,"texture": "#1"},
				"down": {"uv": [0, 0, 7, 6], "tintindex": 0,"texture": "#1"}
			}
		},
		{
			"from": [5.4, 6.30294, 8.90294],
			"to": [10.2, 10.30294, 13.70294],
			"rotation": {"angle": 22.5, "axis": "x", "origin": [8, 9.50294, 16.10294]},
			"faces": {
				"north": {"uv": [0, 0, 6, 5], "tintindex": 0,"texture": "#1"},
				"east": {"uv": [0, 0, 6, 5], "tintindex": 0,"texture": "#1"},
				"south": {"uv": [0, 0, 6, 5], "tintindex": 0,"texture": "#1"},
				"west": {"uv": [0, 0, 6, 5], "tintindex": 0,"texture": "#1"},
				"up": {"uv": [0, 0, 6, 6], "tintindex": 0,"texture": "#1"},
				"down": {"uv": [0, 0, 6, 6], "tintindex": 0,"texture": "#1"}
			}
		},
		{
			"from": [6, 10.6, 12.2],
			"to": [10, 14.6, 16.2],
			"rotation": {"angle": 22.5, "axis": "x", "origin": [8, 13.2, 15.8]},
			"faces": {
				"north": {"uv": [0, 0, 5, 5], "tintindex": 0,"texture": "#0"},
				"east": {"uv": [0, 0, 5, 5], "tintindex": 0,"texture": "#0"},
				"south": {"uv": [0, 0, 5, 5], "tintindex": 0,"texture": "#0"},
				"west": {"uv": [0, 0, 5, 5], "tintindex": 0,"texture": "#0"},
				"up": {"uv": [0, 0, 5, 5], "tintindex": 0,"texture": "#0"},
				"down": {"uv": [0, 0, 5, 5], "tintindex": 0,"texture": "#0"}
			}
		},
		{
			"from": [10, 10.45797, 12.09218],
			"to": [14, 14.45797, 16.09218],
			"rotation": {"angle": 22.5, "axis": "y", "origin": [12, 12.45797, 14.09218]},
			"faces": {
				"north": {"uv": [0, 0, 5, 5], "tintindex": 0,"texture": "#0"},
				"east": {"uv": [0, 0, 5, 5], "tintindex": 0,"texture": "#0"},
				"south": {"uv": [0, 0, 5, 5], "tintindex": 0,"texture": "#0"},
				"west": {"uv": [0, 0, 5, 5], "tintindex": 0,"texture": "#0"},
				"up": {"uv": [0, 0, 5, 5], "tintindex": 0,"texture": "#0"},
				"down": {"uv": [0, 0, 5, 5], "tintindex": 0,"texture": "#0"}
			}
		},
		{
			"from": [8.4, 8.85797, 14.49218],
			"to": [13.2, 12.85797, 18.49218],
			"rotation": {"angle": 22.5, "axis": "y", "origin": [12, 12.45797, 14.09218]},
			"faces": {
				"north": {"uv": [0, 0, 6, 5], "tintindex": 0,"texture": "#0"},
				"east": {"uv": [0, 0, 5, 5], "tintindex": 0,"texture": "#0"},
				"south": {"uv": [0, 0, 6, 5], "tintindex": 0,"texture": "#0"},
				"west": {"uv": [0, 0, 5, 5], "tintindex": 0,"texture": "#0"},
				"up": {"uv": [0, 0, 6, 5], "tintindex": 0,"texture": "#0"},
				"down": {"uv": [0, 0, 6, 5], "tintindex": 0,"texture": "#0"}
			}
		},
		{
			"from": [2, 10.45797, 12.09218],
			"to": [6, 14.45797, 16.09218],
			"rotation": {"angle": -22.5, "axis": "y", "origin": [4, 12.45797, 14.09218]},
			"faces": {
				"north": {"uv": [0, 0, 5, 5], "tintindex": 0,"texture": "#0"},
				"east": {"uv": [0, 0, 5, 5], "tintindex": 0,"texture": "#0"},
				"south": {"uv": [0, 0, 5, 5], "tintindex": 0,"texture": "#0"},
				"west": {"uv": [0, 0, 5, 5], "tintindex": 0,"texture": "#0"},
				"up": {"uv": [0, 0, 5, 5], "tintindex": 0,"texture": "#0"},
				"down": {"uv": [0, 0, 5, 5], "tintindex": 0,"texture": "#0"}
			}
		},
		{
			"from": [2.8, 8.85797, 14.49218],
			"to": [7.6, 12.85797, 18.49218],
			"rotation": {"angle": -22.5, "axis": "y", "origin": [4, 12.45797, 14.09218]},
			"faces": {
				"north": {"uv": [0, 0, 6, 5], "tintindex": 0,"texture": "#0"},
				"east": {"uv": [0, 0, 5, 5], "tintindex": 0,"texture": "#0"},
				"south": {"uv": [0, 0, 6, 5], "tintindex": 0,"texture": "#0"},
				"west": {"uv": [0, 0, 5, 5], "tintindex": 0,"texture": "#0"},
				"up": {"uv": [0, 0, 6, 5], "tintindex": 0,"texture": "#0"},
				"down": {"uv": [0, 0, 6, 5], "tintindex": 0,"texture": "#0"}
			}
		},
		{
			"from": [2.6, 10.8, 8.2],
			"to": [7.4, 15.6, 13],
			"rotation": {"angle": -22.5, "axis": "y", "origin": [5.6, 13.2, 10.6]},
			"faces": {
				"north": {"uv": [0, 0, 6, 6], "tintindex": 0,"texture": "#0"},
				"east": {"uv": [0, 0, 6, 6], "tintindex": 0,"texture": "#0"},
				"south": {"uv": [0, 0, 6, 6], "tintindex": 0,"texture": "#0"},
				"west": {"uv": [0, 0, 6, 6], "tintindex": 0,"texture": "#0"},
				"up": {"uv": [0, 0, 6, 6], "tintindex": 0,"texture": "#0"},
				"down": {"uv": [0, 0, 6, 6], "tintindex": 0,"texture": "#0"}
			}
		},
		{
			"from": [8.6, 10.8, 8.2],
			"to": [13.4, 15.6, 13],
			"rotation": {"angle": 22.5, "axis": "y", "origin": [10.4, 13.2, 10.6]},
			"faces": {
				"north": {"uv": [0, 0, 6, 6], "tintindex": 0,"texture": "#0"},
				"east": {"uv": [0, 0, 6, 6], "tintindex": 0,"texture": "#0"},
				"south": {"uv": [0, 0, 6, 6], "tintindex": 0,"texture": "#0"},
				"west": {"uv": [0, 0, 6, 6], "tintindex": 0,"texture": "#0"},
				"up": {"uv": [0, 0, 6, 6], "tintindex": 0,"texture": "#0"},
				"down": {"uv": [0, 0, 6, 6], "tintindex": 0,"texture": "#0"}
			}
		},
		{
			"from": [6, 1.8, 13.8],
			"to": [10, 5, 18.6],
			"rotation": {"angle": -22.5, "axis": "x", "origin": [8, 4.2, 15.4]},
			"faces": {
				"north": {"uv": [0, 0, 5, 4], "tintindex": 0,"texture": "#4"},
				"east": {"uv": [0, 0, 6, 4], "tintindex": 0,"texture": "#4"},
				"south": {"uv": [0, 0, 5, 4], "tintindex": 0,"texture": "#4"},
				"west": {"uv": [0, 0, 6, 4], "tintindex": 0,"texture": "#4"},
				"up": {"uv": [0, 0, 5, 6], "tintindex": 0,"texture": "#4"},
				"down": {"uv": [0, 0, 5, 6], "tintindex": 0,"texture": "#4"}
			}
		},
		{
			"from": [4.8, 5.0102, 14.67862],
			"to": [6.4, 6.6102, 19.47862],
			"rotation": {"angle": -45, "axis": "x", "origin": [8.1, 5.0102, 17.87862]},
			"faces": {
				"north": {"uv": [0, 0, 2, 2], "tintindex": 0,"texture": "#8"},
				"east": {"uv": [0, 0, 6, 2], "tintindex": 0,"texture": "#8"},
				"south": {"uv": [0, 0, 2, 2], "tintindex": 0,"texture": "#8"},
				"west": {"uv": [0, 0, 6, 2], "tintindex": 0,"texture": "#8"},
				"up": {"uv": [0, 0, 2, 6], "tintindex": 0,"texture": "#8"},
				"down": {"uv": [0, 0, 2, 6], "tintindex": 0,"texture": "#8"}
			}
		},
		{
			"from": [9.8, 5.0102, 14.67862],
			"to": [11.4, 6.6102, 19.47862],
			"rotation": {"angle": -45, "axis": "x", "origin": [8.1, 5.0102, 17.87862]},
			"faces": {
				"north": {"uv": [0, 0, 2, 2], "tintindex": 0,"texture": "#8"},
				"east": {"uv": [0, 0, 6, 2], "tintindex": 0,"texture": "#8"},
				"south": {"uv": [0, 0, 2, 2], "tintindex": 0,"texture": "#8"},
				"west": {"uv": [0, 0, 6, 2], "tintindex": 0,"texture": "#8"},
				"up": {"uv": [0, 0, 2, 6], "tintindex": 0,"texture": "#8"},
				"down": {"uv": [0, 0, 2, 6], "tintindex": 0,"texture": "#8"}
			}
		},
		{
			"from": [9.8, 3.4102, 15.47862],
			"to": [11.4, 5.0102, 20.27862],
			"rotation": {"angle": -45, "axis": "x", "origin": [8.1, 5.0102, 17.87862]},
			"faces": {
				"north": {"uv": [0, 0, 2, 2], "tintindex": 0,"texture": "#8"},
				"east": {"uv": [0, 0, 6, 2], "tintindex": 0,"texture": "#8"},
				"south": {"uv": [0, 0, 2, 2], "tintindex": 0,"texture": "#8"},
				"west": {"uv": [0, 0, 6, 2], "tintindex": 0,"texture": "#8"},
				"up": {"uv": [0, 0, 2, 6], "tintindex": 0,"texture": "#8"},
				"down": {"uv": [0, 0, 2, 6], "tintindex": 0,"texture": "#8"}
			}
		},
		{
			"from": [4.8, 3.4102, 15.47862],
			"to": [6.4, 5.0102, 20.27862],
			"rotation": {"angle": -45, "axis": "x", "origin": [8.1, 5.0102, 17.87862]},
			"faces": {
				"north": {"uv": [0, 0, 2, 2], "tintindex": 0,"texture": "#8"},
				"east": {"uv": [0, 0, 6, 2], "tintindex": 0,"texture": "#8"},
				"south": {"uv": [0, 0, 2, 2], "tintindex": 0,"texture": "#8"},
				"west": {"uv": [0, 0, 6, 2], "tintindex": 0,"texture": "#8"},
				"up": {"uv": [0, 0, 2, 6], "tintindex": 0,"texture": "#8"},
				"down": {"uv": [0, 0, 2, 6], "tintindex": 0,"texture": "#8"}
			}
		},
		{
			"from": [4.8, 6.4, 6.6],
			"to": [11.2, 9.6, 9.8],
			"rotation": {"angle": 45, "axis": "x", "origin": [6.4, 7.2, 9]},
			"faces": {
				"north": {"uv": [0, 0, 8, 4], "tintindex": 0,"texture": "#2"},
				"east": {"uv": [0, 0, 4, 4], "tintindex": 0,"texture": "#2"},
				"south": {"uv": [0, 0, 8, 4], "tintindex": 0,"texture": "#2"},
				"west": {"uv": [0, 0, 4, 4], "tintindex": 0,"texture": "#2"},
				"up": {"uv": [0, 0, 8, 4], "tintindex": 0,"texture": "#2"},
				"down": {"uv": [0, 0, 8, 4], "tintindex": 0,"texture": "#2"}
			}
		},
		{
			"from": [5.6, 5.83431, 9.09706],
			"to": [10.4, 9.03431, 12.29706],
			"rotation": {"angle": 22.5, "axis": "x", "origin": [8, 6.63431, 10.69706]},
			"faces": {
				"north": {"uv": [0, 0, 6, 4], "tintindex": 0,"texture": "#2"},
				"east": {"uv": [0, 0, 4, 4], "tintindex": 0,"texture": "#2"},
				"south": {"uv": [0, 0, 6, 4], "tintindex": 0,"texture": "#2"},
				"west": {"uv": [0, 0, 4, 4], "tintindex": 0,"texture": "#2"},
				"up": {"uv": [0, 0, 6, 4], "tintindex": 0,"texture": "#2"},
				"down": {"uv": [0, 0, 6, 4], "tintindex": 0,"texture": "#2"}
			}
		},
		{
			"from": [6.2, 3.88543, 11.86744],
			"to": [9.8, 7.88543, 14.26744],
			"rotation": {"angle": -45, "axis": "x", "origin": [8, 6.08543, 13.06744]},
			"faces": {
				"north": {"uv": [0, 0, 4.5, 5], "rotation": 180, "tintindex": 0,"texture": "#2"},
				"east": {"uv": [0, 0, 5, 3], "rotation": 270, "tintindex": 0,"texture": "#2"},
				"south": {"uv": [0, 0, 4.5, 5], "tintindex": 0,"texture": "#2"},
				"west": {"uv": [0, 0, 5, 3], "rotation": 90, "tintindex": 0,"texture": "#2"},
				"up": {"uv": [0, 0, 4.5, 3], "rotation": 180, "tintindex": 0,"texture": "#2"},
				"down": {"uv": [0, 0, 4.5, 3], "tintindex": 0,"texture": "#2"}
			}
		},
		{
			"from": [6, 9.2, 3.6],
			"to": [10, 10.8, 5.2],
			"rotation": {"angle": 0, "axis": "y", "origin": [1.6, -6.4, 7.4]},
			"faces": {
				"north": {"uv": [0, 0, 5, 2], "tintindex": 0,"texture": "#2"},
				"east": {"uv": [0, 0, 2, 2], "tintindex": 0,"texture": "#2"},
				"south": {"uv": [0, 0, 5, 2], "tintindex": 0,"texture": "#2"},
				"west": {"uv": [0, 0, 2, 2], "tintindex": 0,"texture": "#2"},
				"up": {"uv": [0, 0, 5, 2], "tintindex": 0,"texture": "#2"},
				"down": {"uv": [0, 0, 5, 2], "tintindex": 0,"texture": "#2"}
			}
		},
		{
			"from": [6.4, -0.37017, 18.77789],
			"to": [9.6, 2.82983, 21.17789],
			"rotation": {"angle": 22.5, "axis": "x", "origin": [8, 3.67818, 25.04705]},
			"faces": {
				"north": {"uv": [0, 0, 4, 4], "rotation": 180, "tintindex": 0,"texture": "#2"},
				"east": {"uv": [0, 0, 4, 3], "rotation": 90, "tintindex": 0,"texture": "#2"},
				"south": {"uv": [0, 0, 4, 4], "tintindex": 0,"texture": "#2"},
				"west": {"uv": [0, 0, 4, 3], "rotation": 270, "tintindex": 0,"texture": "#2"},
				"up": {"uv": [0, 0, 4, 3], "tintindex": 0,"texture": "#2"},
				"down": {"uv": [0, 0, 4, 3], "rotation": 180, "tintindex": 0,"texture": "#2"}
			}
		},
		{
			"from": [6.4, 0.42983, 21.97789],
			"to": [9.6, 3.62983, 23.57789],
			"rotation": {"angle": 22.5, "axis": "x", "origin": [8, 3.67818, 25.04705]},
			"faces": {
				"north": {"uv": [0, 0, 4, 4], "rotation": 180, "tintindex": 0,"texture": "#2"},
				"east": {"uv": [0, 0, 4, 2], "rotation": 90, "tintindex": 0,"texture": "#2"},
				"south": {"uv": [0, 0, 4, 4], "tintindex": 0,"texture": "#2"},
				"west": {"uv": [0, 0, 4, 2], "rotation": 270, "tintindex": 0,"texture": "#2"},
				"up": {"uv": [0, 0, 4, 2], "tintindex": 0,"texture": "#2"},
				"down": {"uv": [0, 0, 4, 2], "rotation": 180, "tintindex": 0,"texture": "#2"}
			}
		},
		{
			"from": [6.4, 1.22983, 24.37789],
			"to": [9.6, 4.42983, 25.97789],
			"rotation": {"angle": 22.5, "axis": "x", "origin": [8, 3.67818, 25.04705]},
			"faces": {
				"north": {"uv": [0, 0, 4, 4], "rotation": 180, "tintindex": 0,"texture": "#2"},
				"east": {"uv": [0, 0, 4, 2], "rotation": 90, "tintindex": 0,"texture": "#2"},
				"south": {"uv": [0, 0, 4, 4], "tintindex": 0,"texture": "#2"},
				"west": {"uv": [0, 0, 4, 2], "rotation": 270, "tintindex": 0,"texture": "#2"},
				"up": {"uv": [0, 0, 4, 2], "tintindex": 0,"texture": "#2"},
				"down": {"uv": [0, 0, 4, 2], "rotation": 180, "tintindex": 0,"texture": "#2"}
			}
		},
		{
			"from": [6.4, 1.49294, 26.01534],
			"to": [9.6, 4.69294, 27.61534],
			"rotation": {"angle": 0, "axis": "x", "origin": [8, 3.67818, 25.04705]},
			"faces": {
				"north": {"uv": [0, 0, 4, 4], "rotation": 180, "tintindex": 0,"texture": "#2"},
				"east": {"uv": [0, 0, 4, 2], "rotation": 90, "tintindex": 0,"texture": "#2"},
				"south": {"uv": [0, 0, 4, 4], "tintindex": 0,"texture": "#2"},
				"west": {"uv": [0, 0, 4, 2], "rotation": 270, "tintindex": 0,"texture": "#2"},
				"up": {"uv": [0, 0, 4, 2], "tintindex": 0,"texture": "#2"},
				"down": {"uv": [0, 0, 4, 2], "rotation": 180, "tintindex": 0,"texture": "#2"}
			}
		},
		{
			"from": [6.4, 2.69294, 28.41534],
			"to": [9.6, 5.89294, 30.01534],
			"rotation": {"angle": 0, "axis": "x", "origin": [8, 3.67818, 25.04705]},
			"faces": {
				"north": {"uv": [0, 0, 4, 4], "rotation": 180, "tintindex": 0,"texture": "#2"},
				"east": {"uv": [0, 0, 4, 2], "rotation": 90, "tintindex": 0,"texture": "#2"},
				"south": {"uv": [0, 0, 4, 4], "tintindex": 0,"texture": "#2"},
				"west": {"uv": [0, 0, 4, 2], "rotation": 270, "tintindex": 0,"texture": "#2"},
				"up": {"uv": [0, 0, 4, 2], "tintindex": 0,"texture": "#2"},
				"down": {"uv": [0, 0, 4, 2], "rotation": 180, "tintindex": 0,"texture": "#2"}
			}
		},
		{
			"from": [7.2, 1.75107, 18.83576],
			"to": [8.8, 3.35107, 24.43576],
			"rotation": {"angle": 0, "axis": "x", "origin": [8, 3.67818, 25.04705]},
			"faces": {
				"north": {"uv": [0, 0, 2, 2], "rotation": 180, "tintindex": 0,"texture": "#8"},
				"east": {"uv": [0, 0, 2, 7], "rotation": 90, "tintindex": 0,"texture": "#8"},
				"south": {"uv": [0, 0, 2, 2], "tintindex": 0,"texture": "#8"},
				"west": {"uv": [0, 0, 2, 7], "rotation": 270, "tintindex": 0,"texture": "#8"},
				"up": {"uv": [0, 0, 2, 7], "tintindex": 0,"texture": "#8"},
				"down": {"uv": [0, 0, 2, 7], "rotation": 180, "tintindex": 0,"texture": "#8"}
			}
		},
		{
			"from": [7.2, 2.13169, 23.74482],
			"to": [8.8, 3.73169, 29.34482],
			"rotation": {"angle": -22.5, "axis": "x", "origin": [8, 3.67818, 25.04705]},
			"faces": {
				"north": {"uv": [0, 0, 2, 2], "rotation": 180, "tintindex": 0,"texture": "#8"},
				"east": {"uv": [0, 0, 2, 7], "rotation": 90, "tintindex": 0,"texture": "#8"},
				"south": {"uv": [0, 0, 2, 2], "tintindex": 0,"texture": "#8"},
				"west": {"uv": [0, 0, 2, 7], "rotation": 270, "tintindex": 0,"texture": "#8"},
				"up": {"uv": [0, 0, 2, 7], "tintindex": 0,"texture": "#8"},
				"down": {"uv": [0, 0, 2, 7], "rotation": 180, "tintindex": 0,"texture": "#8"}
			}
		},
		{
			"from": [7.4, 5.52652, 28.33269],
			"to": [8.6, 6.72652, 31.89973],
			"rotation": {"angle": 22.5, "axis": "x", "origin": [8, 3.67818, 25.04705]},
			"faces": {
				"north": {"uv": [0, 0, 1.5, 1.5], "tintindex": 0,"texture": "#9"},
				"east": {"uv": [0, 0, 4.4588, 1.5], "tintindex": 0,"texture": "#9"},
				"south": {"uv": [0, 0, 1.5, 1.5], "tintindex": 0,"texture": "#9"},
				"west": {"uv": [0, 0, 4.4588, 1.5], "tintindex": 0,"texture": "#9"},
				"up": {"uv": [0, 0, 1.5, 4.4588], "tintindex": 0,"texture": "#9"},
				"down": {"uv": [0, 0, 1.5, 4.4588], "tintindex": 0,"texture": "#9"}
			}
		},
		{
			"from": [5, 0.8, 15.4],
			"to": [6.6, 3.2, 17],
			"rotation": {"angle": 0, "axis": "y", "origin": [1.6, 0, 7.4]},
			"faces": {
				"north": {"uv": [0, 0, 2, 3], "tintindex": 0,"texture": "#8"},
				"east": {"uv": [0, 0, 2, 3], "tintindex": 0,"texture": "#8"},
				"south": {"uv": [0, 0, 2, 3], "tintindex": 0,"texture": "#8"},
				"west": {"uv": [0, 0, 2, 3], "tintindex": 0,"texture": "#8"},
				"up": {"uv": [0, 0, 2, 2], "tintindex": 0,"texture": "#8"},
				"down": {"uv": [0, 0, 2, 2], "tintindex": 0,"texture": "#8"}
			}
		},
		{
			"from": [9.6, 1.6, 15.4],
			"to": [11.2, 3.2, 17],
			"rotation": {"angle": 0, "axis": "y", "origin": [1.6, 0, 7.4]},
			"faces": {
				"north": {"uv": [0, 0, 2, 2], "tintindex": 0,"texture": "#8"},
				"east": {"uv": [0, 0, 2, 2], "tintindex": 0,"texture": "#8"},
				"south": {"uv": [0, 0, 2, 2], "tintindex": 0,"texture": "#8"},
				"west": {"uv": [0, 0, 2, 2], "tintindex": 0,"texture": "#8"},
				"up": {"uv": [0, 0, 2, 2], "tintindex": 0,"texture": "#8"},
				"down": {"uv": [0, 0, 2, 2], "tintindex": 0,"texture": "#8"}
			}
		},
		{
			"from": [2.05, 3.2, 6.6],
			"to": [3.65, 8, 8.2],
			"rotation": {"angle": 22.5, "axis": "x", "origin": [1.65, 3.2, 9]},
			"faces": {
				"north": {"uv": [0, 0, 2, 6], "tintindex": 0,"texture": "#8"},
				"east": {"uv": [0, 0, 2, 6], "tintindex": 0,"texture": "#8"},
				"south": {"uv": [0, 0, 2, 6], "tintindex": 0,"texture": "#8"},
				"west": {"uv": [0, 0, 2, 6], "tintindex": 0,"texture": "#8"},
				"up": {"uv": [0, 0, 2, 2], "tintindex": 0,"texture": "#8"},
				"down": {"uv": [0, 0, 2, 2], "tintindex": 0,"texture": "#8"}
			}
		},
		{
			"from": [1.85, 1.71844, 1.21731],
			"to": [4.25, 4.11844, 8.41731],
			"rotation": {"angle": 0, "axis": "x", "origin": [3.05, 2.91844, 4.81731]},
			"faces": {
				"north": {"uv": [0, 0, 3, 3], "tintindex": 0,"texture": "#2"},
				"east": {"uv": [0, 0, 9, 3], "tintindex": 0,"texture": "#2"},
				"south": {"uv": [0, 0, 3, 3], "tintindex": 0,"texture": "#2"},
				"west": {"uv": [0, 0, 9, 3], "tintindex": 0,"texture": "#2"},
				"up": {"uv": [0, 0, 3, 9], "tintindex": 0,"texture": "#2"},
				"down": {"uv": [0, 0, 3, 9], "tintindex": 0,"texture": "#2"}
			}
		},
		{
			"from": [1.72279, 1.4, -1.16152],
			"to": [2.92279, 2.6, 2.03848],
			"rotation": {"angle": 0, "axis": "y", "origin": [2.92279, 1.8, -0.76152]},
			"faces": {
				"north": {"uv": [0, 0, 1.5, 1.5], "tintindex": 0,"texture": "#10"},
				"east": {"uv": [0, 0, 4, 1.5], "tintindex": 0,"texture": "#10"},
				"south": {"uv": [0, 0, 1.5, 1.5], "tintindex": 0,"texture": "#10"},
				"west": {"uv": [0, 0, 4, 1.5], "tintindex": 0,"texture": "#10"},
				"up": {"uv": [0, 0, 1.5, 4], "tintindex": 0,"texture": "#10"},
				"down": {"uv": [0, 0, 1.5, 4], "tintindex": 0,"texture": "#10"}
			}
		},
		{
			"from": [3.32279, 1.4, -1.16152],
			"to": [4.52279, 2.6, 2.03848],
			"rotation": {"angle": 0, "axis": "y", "origin": [2.92279, 1.8, -0.76152]},
			"faces": {
				"north": {"uv": [0, 0, 1.5, 1.5], "tintindex": 0,"texture": "#10"},
				"east": {"uv": [0, 0, 4, 1.5], "tintindex": 0,"texture": "#10"},
				"south": {"uv": [0, 0, 1.5, 1.5], "tintindex": 0,"texture": "#10"},
				"west": {"uv": [0, 0, 4, 1.5], "tintindex": 0,"texture": "#10"},
				"up": {"uv": [0, 0, 1.5, 4], "tintindex": 0,"texture": "#10"},
				"down": {"uv": [0, 0, 1.5, 4], "tintindex": 0,"texture": "#10"}
			}
		},
		{
			"from": [5.31274, 1.52721, -0.19584],
			"to": [6.51274, 2.72721, 2.20416],
			"rotation": {"angle": -45, "axis": "x", "origin": [3.51274, 1.52721, 1.00416]},
			"faces": {
				"north": {"uv": [0, 0, 1.5, 1.5], "tintindex": 0,"texture": "#10"},
				"east": {"uv": [0, 0, 3, 1.5], "tintindex": 0,"texture": "#10"},
				"south": {"uv": [0, 0, 1.5, 1.5], "tintindex": 0,"texture": "#10"},
				"west": {"uv": [0, 0, 3, 1.5], "tintindex": 0,"texture": "#10"},
				"up": {"uv": [0, 0, 1.5, 3], "tintindex": 0,"texture": "#10"},
				"down": {"uv": [0, 0, 1.5, 3], "tintindex": 0,"texture": "#10"}
			}
		},
		{
			"from": [1.72279, 0.72721, -2.78579],
			"to": [2.92279, 1.92721, -0.38579],
			"rotation": {"angle": -45, "axis": "x", "origin": [3.12279, 1.32721, -1.58579]},
			"faces": {
				"north": {"uv": [0, 0, 1.5, 1.5], "tintindex": 0,"texture": "#10"},
				"east": {"uv": [0, 0, 3, 1.5], "tintindex": 0,"texture": "#10"},
				"south": {"uv": [0, 0, 1.5, 1.5], "tintindex": 0,"texture": "#10"},
				"west": {"uv": [0, 0, 3, 1.5], "tintindex": 0,"texture": "#10"},
				"up": {"uv": [0, 0, 1.5, 3], "tintindex": 0,"texture": "#10"},
				"down": {"uv": [0, 0, 1.5, 3], "tintindex": 0,"texture": "#10"}
			}
		},
		{
			"from": [3.32279, 0.72721, -2.78579],
			"to": [4.52279, 1.92721, -0.38579],
			"rotation": {"angle": -45, "axis": "x", "origin": [3.12279, 1.32721, -1.58579]},
			"faces": {
				"north": {"uv": [0, 0, 1.5, 1.5], "tintindex": 0,"texture": "#10"},
				"east": {"uv": [0, 0, 3, 1.5], "tintindex": 0,"texture": "#10"},
				"south": {"uv": [0, 0, 1.5, 1.5], "tintindex": 0,"texture": "#10"},
				"west": {"uv": [0, 0, 3, 1.5], "tintindex": 0,"texture": "#10"},
				"up": {"uv": [0, 0, 1.5, 3], "tintindex": 0,"texture": "#10"},
				"down": {"uv": [0, 0, 1.5, 3], "tintindex": 0,"texture": "#10"}
			}
		},
		{
			"from": [5.72279, 1.6, 0.43848],
			"to": [6.92279, 2.8, 3.63848],
			"rotation": {"angle": -45, "axis": "y", "origin": [5.52279, 2, 0.43848]},
			"faces": {
				"north": {"uv": [0, 0, 1.5, 1.5], "tintindex": 0,"texture": "#10"},
				"east": {"uv": [0, 0, 4, 1.5], "tintindex": 0,"texture": "#10"},
				"south": {"uv": [0, 0, 1.5, 1.5], "tintindex": 0,"texture": "#10"},
				"west": {"uv": [0, 0, 4, 1.5], "tintindex": 0,"texture": "#10"},
				"up": {"uv": [0, 0, 1.5, 4], "tintindex": 0,"texture": "#10"},
				"down": {"uv": [0, 0, 1.5, 4], "tintindex": 0,"texture": "#10"}
			}
		},
		{
			"from": [1.0853, 4.28532, -2.00917],
			"to": [4.9253, 5.24532, -1.04917],
			"rotation": {"angle": 0, "axis": "x", "origin": [3.31, 4.70532, 0.75864]},
			"faces": {
				"north": {"uv": [0, 0, 2, 8], "rotation": 90, "tintindex": 0,"texture": "#5"},
				"east": {"uv": [0, 0, 2, 2], "rotation": 270, "tintindex": 0,"texture": "#5"},
				"south": {"uv": [0, 0, 2, 8], "rotation": 270, "tintindex": 0,"texture": "#5"},
				"west": {"uv": [0, 0, 2, 2], "rotation": 270, "tintindex": 0,"texture": "#5"},
				"up": {"uv": [0, 0, 2, 8], "rotation": 270, "tintindex": 0,"texture": "#5"},
				"down": {"uv": [0, 0, 2, 8], "rotation": 270, "tintindex": 0,"texture": "#5"}
			}
		},
		{
			"from": [-0.14596, 4.40532, -2.77159],
			"to": [3.69404, 5.12532, -2.05159],
			"rotation": {"angle": 45, "axis": "y", "origin": [3.31, 4.70532, 0.75864]},
			"faces": {
				"north": {"uv": [0, 0, 1.5, 8], "rotation": 90, "tintindex": 0,"texture": "#5"},
				"east": {"uv": [0, 0, 1.5, 1.5], "rotation": 270, "tintindex": 0,"texture": "#5"},
				"south": {"uv": [0, 0, 1.5, 8], "rotation": 270, "tintindex": 0,"texture": "#5"},
				"west": {"uv": [0, 0, 1.5, 1.5], "rotation": 270, "tintindex": 0,"texture": "#5"},
				"up": {"uv": [0, 0, 1.5, 8], "rotation": 270, "tintindex": 0,"texture": "#5"},
				"down": {"uv": [0, 0, 1.5, 8], "rotation": 270, "tintindex": 0,"texture": "#5"}
			}
		},
		{
			"from": [5.68933, 4.40532, -0.0563],
			"to": [6.40933, 5.12532, 3.7837],
			"rotation": {"angle": 45, "axis": "y", "origin": [3.31, 4.70532, 0.75864]},
			"faces": {
				"north": {"uv": [0, 0, 1.5, 1.5], "rotation": 270, "tintindex": 0,"texture": "#5"},
				"east": {"uv": [0, 0, 1.5, 8], "rotation": 270, "tintindex": 0,"texture": "#5"},
				"south": {"uv": [0, 0, 1.5, 1.5], "rotation": 270, "tintindex": 0,"texture": "#5"},
				"west": {"uv": [0, 0, 1.5, 8], "rotation": 90, "tintindex": 0,"texture": "#5"},
				"up": {"uv": [0, 0, 1.5, 8], "rotation": 180, "tintindex": 0,"texture": "#5"},
				"down": {"uv": [0, 0, 1.5, 8], "tintindex": 0,"texture": "#5"}
			}
		},
		{
			"from": [2.25, 3.2, -5.8],
			"to": [3.85, 3.6, 3],
			"rotation": {"angle": 0, "axis": "y", "origin": [0.85, 0, 7.4]},
			"faces": {
				"north": {"uv": [0, 0, 2, 1], "tintindex": 0,"texture": "#10"},
				"east": {"uv": [0, 0, 11, 1], "tintindex": 0,"texture": "#10"},
				"south": {"uv": [0, 0, 2, 1], "tintindex": 0,"texture": "#10"},
				"west": {"uv": [0, 0, 11, 1], "tintindex": 0,"texture": "#10"},
				"up": {"uv": [0, 0, 2, 11], "tintindex": 0,"texture": "#10"},
				"down": {"uv": [0, 0, 2, 11], "tintindex": 0,"texture": "#10"}
			}
		},
		{
			"from": [2.35, 3.2, -10.6],
			"to": [3.75, 3.6, -5.8],
			"rotation": {"angle": 0, "axis": "y", "origin": [0.75, 0, 8.1]},
			"faces": {
				"north": {"uv": [0, 0, 2, 1], "tintindex": 0,"texture": "#10"},
				"east": {"uv": [0, 0, 9, 1], "tintindex": 0,"texture": "#10"},
				"south": {"uv": [0, 0, 2, 1], "tintindex": 0,"texture": "#10"},
				"west": {"uv": [0, 0, 9, 1], "tintindex": 0,"texture": "#10"},
				"up": {"uv": [0, 0, 2, 9], "tintindex": 0,"texture": "#10"},
				"down": {"uv": [0, 0, 2, 9], "tintindex": 0,"texture": "#10"}
			}
		},
		{
			"from": [0.1617, 4.68532, -2.52877],
			"to": [0.4017, 4.92532, 3.23123],
			"rotation": {"angle": 45, "axis": "y", "origin": [3.31, 4.70532, 0.75864]},
			"faces": {
				"north": {"uv": [0, 0, 0.5, 0.5], "rotation": 270, "tintindex": 0,"texture": "#9"},
				"east": {"uv": [0, 0, 0.5, 12], "rotation": 270, "tintindex": 0,"texture": "#9"},
				"south": {"uv": [0, 0, 0.5, 0.5], "rotation": 270, "tintindex": 0,"texture": "#9"},
				"west": {"uv": [0, 0, 0.5, 12], "rotation": 90, "tintindex": 0,"texture": "#9"},
				"up": {"uv": [0, 0, 0.5, 12], "rotation": 180, "tintindex": 0,"texture": "#9"},
				"down": {"uv": [0, 0, 0.5, 12], "tintindex": 0,"texture": "#9"}
			}
		},
		{
			"from": [0.1617, 4.68532, 3.11123],
			"to": [6.1617, 4.92532, 3.35123],
			"rotation": {"angle": 45, "axis": "y", "origin": [3.31, 4.70532, 0.75864]},
			"faces": {
				"north": {"uv": [0, 0, 0.5, 12.5], "rotation": 90, "tintindex": 0,"texture": "#9"},
				"east": {"uv": [0, 0, 0.5, 0.5], "rotation": 270, "tintindex": 0,"texture": "#9"},
				"south": {"uv": [0, 0, 0.5, 12.5], "rotation": 270, "tintindex": 0,"texture": "#9"},
				"west": {"uv": [0, 0, 0.5, 0.5], "rotation": 270, "tintindex": 0,"texture": "#9"},
				"up": {"uv": [0, 0, 0.5, 12.5], "rotation": 270, "tintindex": 0,"texture": "#9"},
				"down": {"uv": [0, 0, 0.5, 12.5], "rotation": 270, "tintindex": 0,"texture": "#9"}
			}
		},
		{
			"from": [1.5, 3, -2.5],
			"to": [4.5, 4.5, 2.5],
			"rotation": {"angle": 0, "axis": "y", "origin": [-0.75, 0, 0]},
			"faces": {
				"north": {"uv": [0, 0, 3, 1.5], "tintindex": 0,"texture": "#2"},
				"east": {"uv": [0, 0, 5, 1.5], "tintindex": 0,"texture": "#2"},
				"south": {"uv": [0, 0, 3, 1.5], "tintindex": 0,"texture": "#2"},
				"west": {"uv": [0, 0, 5, 1.5], "tintindex": 0,"texture": "#2"},
				"up": {"uv": [0, 0, 3, 5], "tintindex": 0,"texture": "#2"},
				"down": {"uv": [0, 0, 3, 5], "tintindex": 0,"texture": "#2"}
			}
		},
		{
			"from": [2.8, 4.5, -4.3],
			"to": [3.3, 5, 4.7],
			"rotation": {"angle": 0, "axis": "y", "origin": [-0.75, 0, 0]},
			"faces": {
				"north": {"uv": [0, 0, 0.5, 0.5], "tintindex": 0,"texture": "#11"},
				"east": {"uv": [0, 0, 9, 0.5], "tintindex": 0,"texture": "#11"},
				"south": {"uv": [0, 0, 0.5, 0.5], "tintindex": 0,"texture": "#11"},
				"west": {"uv": [0, 0, 9, 0.5], "tintindex": 0,"texture": "#11"},
				"up": {"uv": [0, 0, 0.5, 9], "tintindex": 0,"texture": "#11"},
				"down": {"uv": [0, 0, 0.5, 9], "tintindex": 0,"texture": "#11"}
			}
		},
		{
			"from": [3.25, 4.45, -7.25],
			"to": [4.25, 5.05, -6.25],
			"rotation": {"angle": 45, "axis": "y", "origin": [6.75, 4.5, -4.5]},
			"faces": {
				"north": {"uv": [0, 0, 1, 0.6], "tintindex": 0,"texture": "#9"},
				"east": {"uv": [0, 0, 1, 0.6], "tintindex": 0,"texture": "#9"},
				"south": {"uv": [0, 0, 1, 0.6], "tintindex": 0,"texture": "#9"},
				"west": {"uv": [0, 0, 1, 0.6], "tintindex": 0,"texture": "#9"},
				"up": {"uv": [0, 0, 1, 1], "tintindex": 0,"texture": "#9"},
				"down": {"uv": [0, 0, 1, 1], "tintindex": 0,"texture": "#9"}
			}
		},
		{
			"from": [3.25, 4.45, -6.25],
			"to": [4.25, 5.05, -5.25],
			"rotation": {"angle": 45, "axis": "y", "origin": [6.75, 4.5, -4.5]},
			"faces": {
				"north": {"uv": [0, 0, 1, 0.6], "tintindex": 0,"texture": "#9"},
				"east": {"uv": [0, 0, 1, 0.6], "tintindex": 0,"texture": "#9"},
				"south": {"uv": [0, 0, 1, 0.6], "tintindex": 0,"texture": "#9"},
				"west": {"uv": [0, 0, 1, 0.6], "tintindex": 0,"texture": "#9"},
				"up": {"uv": [0, 0, 1, 1], "tintindex": 0,"texture": "#9"},
				"down": {"uv": [0, 0, 1, 1], "tintindex": 0,"texture": "#9"}
			}
		},
		{
			"from": [2.25, 4.45, -7.25],
			"to": [3.25, 5.05, -6.25],
			"rotation": {"angle": 45, "axis": "y", "origin": [6.75, 4.5, -4.5]},
			"faces": {
				"north": {"uv": [0, 0, 1, 0.6], "tintindex": 0,"texture": "#9"},
				"east": {"uv": [0, 0, 1, 0.6], "tintindex": 0,"texture": "#9"},
				"south": {"uv": [0, 0, 1, 0.6], "tintindex": 0,"texture": "#9"},
				"west": {"uv": [0, 0, 1, 0.6], "tintindex": 0,"texture": "#9"},
				"up": {"uv": [0, 0, 1, 1], "tintindex": 0,"texture": "#9"},
				"down": {"uv": [0, 0, 1, 1], "tintindex": 0,"texture": "#9"}
			}
		},
		{
			"from": [2.95, 4.75, 2.85],
			"to": [3.05, 5.35, 4.85],
			"rotation": {"angle": -22.5, "axis": "x", "origin": [3, 5.25, 4]},
			"faces": {
				"north": {"uv": [0, 0, 0.1, 0.6], "tintindex": 0,"texture": "#10"},
				"east": {"uv": [0, 0, 2, 0.6], "tintindex": 0,"texture": "#10"},
				"south": {"uv": [0, 0, 0.1, 0.6], "tintindex": 0,"texture": "#10"},
				"west": {"uv": [0, 0, 2, 0.6], "tintindex": 0,"texture": "#10"},
				"up": {"uv": [0, 0, 0.1, 2], "tintindex": 0,"texture": "#10"},
				"down": {"uv": [0, 0, 0.1, 2], "tintindex": 0,"texture": "#10"}
			}
		},
		{
			"from": [2.95, 4.17336, 3.1147],
			"to": [3.05, 4.77336, 5.1147],
			"rotation": {"angle": 22.5, "axis": "x", "origin": [3, 4.92336, 3.8647]},
			"faces": {
				"north": {"uv": [0, 0, 0.1, 0.6], "tintindex": 0,"texture": "#10"},
				"east": {"uv": [0, 0, 2, 0.6], "tintindex": 0,"texture": "#10"},
				"south": {"uv": [0, 0, 0.1, 0.6], "tintindex": 0,"texture": "#10"},
				"west": {"uv": [0, 0, 2, 0.6], "tintindex": 0,"texture": "#10"},
				"up": {"uv": [0, 0, 0.1, 2], "tintindex": 0,"texture": "#10"},
				"down": {"uv": [0, 0, 0.1, 2], "tintindex": 0,"texture": "#10"}
			}
		},
		{
			"from": [2.64645, 3.2, -11.35],
			"to": [3.64645, 3.6, -10.35],
			"rotation": {"angle": 45, "axis": "y", "origin": [3.39645, 3.6, -10.6]},
			"faces": {
				"north": {"uv": [0, 0, 1, 0.4], "tintindex": 0,"texture": "#10"},
				"east": {"uv": [0, 0, 1, 0.4], "tintindex": 0,"texture": "#10"},
				"south": {"uv": [0, 0, 1, 0.4], "tintindex": 0,"texture": "#10"},
				"west": {"uv": [0, 0, 1, 0.4], "tintindex": 0,"texture": "#10"},
				"up": {"uv": [0, 0, 1, 1], "tintindex": 0,"texture": "#10"},
				"down": {"uv": [0, 0, 1, 1], "tintindex": 0,"texture": "#10"}
			}
		},
		{
			"from": [12.35, 3.2, 6.6],
			"to": [13.95, 8, 8.2],
			"rotation": {"angle": 22.5, "axis": "x", "origin": [14.35, 3.2, 9]},
			"faces": {
				"north": {"uv": [2, 0, 0, 6], "tintindex": 0,"texture": "#8"},
				"east": {"uv": [2, 0, 0, 6], "tintindex": 0,"texture": "#8"},
				"south": {"uv": [2, 0, 0, 6], "tintindex": 0,"texture": "#8"},
				"west": {"uv": [2, 0, 0, 6], "tintindex": 0,"texture": "#8"},
				"up": {"uv": [2, 0, 0, 2], "tintindex": 0,"texture": "#8"},
				"down": {"uv": [2, 0, 0, 2], "tintindex": 0,"texture": "#8"}
			}
		},
		{
			"from": [11.75, 1.71844, 1.21731],
			"to": [14.15, 4.11844, 8.41731],
			"rotation": {"angle": 0, "axis": "x", "origin": [12.95, 2.91844, 4.81731]},
			"faces": {
				"north": {"uv": [3, 0, 0, 3], "tintindex": 0,"texture": "#2"},
				"east": {"uv": [9, 0, 0, 3], "tintindex": 0,"texture": "#2"},
				"south": {"uv": [3, 0, 0, 3], "tintindex": 0,"texture": "#2"},
				"west": {"uv": [9, 0, 0, 3], "tintindex": 0,"texture": "#2"},
				"up": {"uv": [3, 0, 0, 9], "tintindex": 0,"texture": "#2"},
				"down": {"uv": [3, 0, 0, 9], "tintindex": 0,"texture": "#2"}
			}
		},
		{
			"from": [13.07721, 1.4, -1.16152],
			"to": [14.27721, 2.6, 2.03848],
			"rotation": {"angle": 0, "axis": "y", "origin": [13.07721, 1.8, -0.76152]},
			"faces": {
				"north": {"uv": [1.5, 0, 0, 1.5], "tintindex": 0,"texture": "#10"},
				"east": {"uv": [4, 0, 0, 1.5], "tintindex": 0,"texture": "#10"},
				"south": {"uv": [1.5, 0, 0, 1.5], "tintindex": 0,"texture": "#10"},
				"west": {"uv": [4, 0, 0, 1.5], "tintindex": 0,"texture": "#10"},
				"up": {"uv": [1.5, 0, 0, 4], "tintindex": 0,"texture": "#10"},
				"down": {"uv": [1.5, 0, 0, 4], "tintindex": 0,"texture": "#10"}
			}
		},
		{
			"from": [9.07721, 1.6, 0.43848],
			"to": [10.27721, 2.8, 3.63848],
			"rotation": {"angle": 45, "axis": "y", "origin": [10.47721, 2, 0.43848]},
			"faces": {
				"north": {"uv": [1.5, 0, 0, 1.5], "tintindex": 0,"texture": "#10"},
				"east": {"uv": [4, 0, 0, 1.5], "tintindex": 0,"texture": "#10"},
				"south": {"uv": [1.5, 0, 0, 1.5], "tintindex": 0,"texture": "#10"},
				"west": {"uv": [4, 0, 0, 1.5], "tintindex": 0,"texture": "#10"},
				"up": {"uv": [1.5, 0, 0, 4], "tintindex": 0,"texture": "#10"},
				"down": {"uv": [1.5, 0, 0, 4], "tintindex": 0,"texture": "#10"}
			}
		},
		{
			"from": [11.47721, 1.4, -1.16152],
			"to": [12.67721, 2.6, 2.03848],
			"rotation": {"angle": 0, "axis": "y", "origin": [13.07721, 1.8, -0.76152]},
			"faces": {
				"north": {"uv": [1.5, 0, 0, 1.5], "tintindex": 0,"texture": "#10"},
				"east": {"uv": [4, 0, 0, 1.5], "tintindex": 0,"texture": "#10"},
				"south": {"uv": [1.5, 0, 0, 1.5], "tintindex": 0,"texture": "#10"},
				"west": {"uv": [4, 0, 0, 1.5], "tintindex": 0,"texture": "#10"},
				"up": {"uv": [1.5, 0, 0, 4], "tintindex": 0,"texture": "#10"},
				"down": {"uv": [1.5, 0, 0, 4], "tintindex": 0,"texture": "#10"}
			}
		},
		{
			"from": [11.47721, 0.72721, -2.78579],
			"to": [12.67721, 1.92721, -0.38579],
			"rotation": {"angle": -45, "axis": "x", "origin": [12.87721, 1.32721, -1.58579]},
			"faces": {
				"north": {"uv": [1.5, 0, 0, 1.5], "tintindex": 0,"texture": "#10"},
				"east": {"uv": [3, 0, 0, 1.5], "tintindex": 0,"texture": "#10"},
				"south": {"uv": [1.5, 0, 0, 1.5], "tintindex": 0,"texture": "#10"},
				"west": {"uv": [3, 0, 0, 1.5], "tintindex": 0,"texture": "#10"},
				"up": {"uv": [1.5, 0, 0, 3], "tintindex": 0,"texture": "#10"},
				"down": {"uv": [1.5, 0, 0, 3], "tintindex": 0,"texture": "#10"}
			}
		},
		{
			"from": [13.07721, 0.72721, -2.78579],
			"to": [14.27721, 1.92721, -0.38579],
			"rotation": {"angle": -45, "axis": "x", "origin": [12.87721, 1.32721, -1.58579]},
			"faces": {
				"north": {"uv": [1.5, 0, 0, 1.5], "tintindex": 0,"texture": "#10"},
				"east": {"uv": [3, 0, 0, 1.5], "tintindex": 0,"texture": "#10"},
				"south": {"uv": [1.5, 0, 0, 1.5], "tintindex": 0,"texture": "#10"},
				"west": {"uv": [3, 0, 0, 1.5], "tintindex": 0,"texture": "#10"},
				"up": {"uv": [1.5, 0, 0, 3], "tintindex": 0,"texture": "#10"},
				"down": {"uv": [1.5, 0, 0, 3], "tintindex": 0,"texture": "#10"}
			}
		},
		{
			"from": [9.48726, 1.52721, -0.19584],
			"to": [10.68726, 2.72721, 2.20416],
			"rotation": {"angle": -45, "axis": "x", "origin": [12.48726, 1.52721, 1.00416]},
			"faces": {
				"north": {"uv": [1.5, 0, 0, 1.5], "tintindex": 0,"texture": "#10"},
				"east": {"uv": [3, 0, 0, 1.5], "tintindex": 0,"texture": "#10"},
				"south": {"uv": [1.5, 0, 0, 1.5], "tintindex": 0,"texture": "#10"},
				"west": {"uv": [3, 0, 0, 1.5], "tintindex": 0,"texture": "#10"},
				"up": {"uv": [1.5, 0, 0, 3], "tintindex": 0,"texture": "#10"},
				"down": {"uv": [1.5, 0, 0, 3], "tintindex": 0,"texture": "#10"}
			}
		},
		{
			"from": [11.0747, 4.28532, -2.00917],
			"to": [14.9147, 5.24532, -1.04917],
			"rotation": {"angle": 0, "axis": "x", "origin": [12.69, 4.70532, 0.75864]},
			"faces": {
				"north": {"uv": [0, 8, 2, 0], "rotation": 90, "tintindex": 0,"texture": "#5"},
				"east": {"uv": [0, 2, 2, 0], "rotation": 270, "tintindex": 0,"texture": "#5"},
				"south": {"uv": [0, 8, 2, 0], "rotation": 270, "tintindex": 0,"texture": "#5"},
				"west": {"uv": [0, 2, 2, 0], "rotation": 270, "tintindex": 0,"texture": "#5"},
				"up": {"uv": [0, 8, 2, 0], "rotation": 270, "tintindex": 0,"texture": "#5"},
				"down": {"uv": [0, 8, 2, 0], "rotation": 270, "tintindex": 0,"texture": "#5"}
			}
		},
		{
			"from": [12.30596, 4.40532, -2.77159],
			"to": [16.14596, 5.12532, -2.05159],
			"rotation": {"angle": -45, "axis": "y", "origin": [12.69, 4.70532, 0.75864]},
			"faces": {
				"north": {"uv": [0, 8, 1.5, 0], "rotation": 90, "tintindex": 0,"texture": "#5"},
				"east": {"uv": [0, 1.5, 1.5, 0], "rotation": 270, "tintindex": 0,"texture": "#5"},
				"south": {"uv": [0, 8, 1.5, 0], "rotation": 270, "tintindex": 0,"texture": "#5"},
				"west": {"uv": [0, 1.5, 1.5, 0], "rotation": 270, "tintindex": 0,"texture": "#5"},
				"up": {"uv": [0, 8, 1.5, 0], "rotation": 270, "tintindex": 0,"texture": "#5"},
				"down": {"uv": [0, 8, 1.5, 0], "rotation": 270, "tintindex": 0,"texture": "#5"}
			}
		},
		{
			"from": [9.59067, 4.40532, -0.0563],
			"to": [10.31067, 5.12532, 3.7837],
			"rotation": {"angle": -45, "axis": "y", "origin": [12.69, 4.70532, 0.75864]},
			"faces": {
				"north": {"uv": [0, 1.5, 1.5, 0], "rotation": 270, "tintindex": 0,"texture": "#5"},
				"east": {"uv": [0, 8, 1.5, 0], "rotation": 90, "tintindex": 0,"texture": "#5"},
				"south": {"uv": [0, 1.5, 1.5, 0], "rotation": 270, "tintindex": 0,"texture": "#5"},
				"west": {"uv": [0, 8, 1.5, 0], "rotation": 270, "tintindex": 0,"texture": "#5"},
				"up": {"uv": [1.5, 0, 0, 8], "rotation": 180, "tintindex": 0,"texture": "#5"},
				"down": {"uv": [1.5, 0, 0, 8], "tintindex": 0,"texture": "#5"}
			}
		},
		{
			"from": [9.8383, 4.68532, 3.11123],
			"to": [15.8383, 4.92532, 3.35123],
			"rotation": {"angle": -45, "axis": "y", "origin": [12.69, 4.70532, 0.75864]},
			"faces": {
				"north": {"uv": [0, 12.5, 0.5, 0], "rotation": 90, "tintindex": 0,"texture": "#9"},
				"east": {"uv": [0, 0.5, 0.5, 0], "rotation": 270, "tintindex": 0,"texture": "#9"},
				"south": {"uv": [0, 12.5, 0.5, 0], "rotation": 270, "tintindex": 0,"texture": "#9"},
				"west": {"uv": [0, 0.5, 0.5, 0], "rotation": 270, "tintindex": 0,"texture": "#9"},
				"up": {"uv": [0, 12.5, 0.5, 0], "rotation": 270, "tintindex": 0,"texture": "#9"},
				"down": {"uv": [0, 12.5, 0.5, 0], "rotation": 270, "tintindex": 0,"texture": "#9"}
			}
		},
		{
			"from": [15.5983, 4.68532, -2.52877],
			"to": [15.8383, 4.92532, 3.23123],
			"rotation": {"angle": -45, "axis": "y", "origin": [12.69, 4.70532, 0.75864]},
			"faces": {
				"north": {"uv": [0, 0.5, 0.5, 0], "rotation": 270, "tintindex": 0,"texture": "#9"},
				"east": {"uv": [0, 12, 0.5, 0], "rotation": 90, "tintindex": 0,"texture": "#9"},
				"south": {"uv": [0, 0.5, 0.5, 0], "rotation": 270, "tintindex": 0,"texture": "#9"},
				"west": {"uv": [0, 12, 0.5, 0], "rotation": 270, "tintindex": 0,"texture": "#9"},
				"up": {"uv": [0.5, 0, 0, 12], "rotation": 180, "tintindex": 0,"texture": "#9"},
				"down": {"uv": [0.5, 0, 0, 12], "tintindex": 0,"texture": "#9"}
			}
		},
		{
			"from": [12.15, 3.2, -5.8],
			"to": [13.75, 3.6, 3],
			"rotation": {"angle": 0, "axis": "y", "origin": [15.15, 0, 7.4]},
			"faces": {
				"north": {"uv": [2, 0, 0, 1], "tintindex": 0,"texture": "#10"},
				"east": {"uv": [11, 0, 0, 1], "tintindex": 0,"texture": "#10"},
				"south": {"uv": [2, 0, 0, 1], "tintindex": 0,"texture": "#10"},
				"west": {"uv": [11, 0, 0, 1], "tintindex": 0,"texture": "#10"},
				"up": {"uv": [2, 0, 0, 11], "tintindex": 0,"texture": "#10"},
				"down": {"uv": [2, 0, 0, 11], "tintindex": 0,"texture": "#10"}
			}
		},
		{
			"from": [12.25, 3.2, -10.6],
			"to": [13.65, 3.6, -5.8],
			"rotation": {"angle": 0, "axis": "y", "origin": [15.25, 0, 8.1]},
			"faces": {
				"north": {"uv": [2, 0, 0, 1], "tintindex": 0,"texture": "#10"},
				"east": {"uv": [9, 0, 0, 1], "tintindex": 0,"texture": "#10"},
				"south": {"uv": [2, 0, 0, 1], "tintindex": 0,"texture": "#10"},
				"west": {"uv": [9, 0, 0, 1], "tintindex": 0,"texture": "#10"},
				"up": {"uv": [2, 0, 0, 9], "tintindex": 0,"texture": "#10"},
				"down": {"uv": [2, 0, 0, 9], "tintindex": 0,"texture": "#10"}
			}
		},
		{
			"from": [11.5, 3, -2.5],
			"to": [14.5, 4.5, 2.5],
			"rotation": {"angle": 0, "axis": "y", "origin": [16.75, 0, 0]},
			"faces": {
				"north": {"uv": [3, 0, 0, 1.5], "tintindex": 0,"texture": "#2"},
				"east": {"uv": [5, 0, 0, 1.5], "tintindex": 0,"texture": "#2"},
				"south": {"uv": [3, 0, 0, 1.5], "tintindex": 0,"texture": "#2"},
				"west": {"uv": [5, 0, 0, 1.5], "tintindex": 0,"texture": "#2"},
				"up": {"uv": [3, 0, 0, 5], "tintindex": 0,"texture": "#2"},
				"down": {"uv": [3, 0, 0, 5], "tintindex": 0,"texture": "#2"}
			}
		},
		{
			"from": [12.7, 4.5, -4.3],
			"to": [13.2, 5, 4.7],
			"rotation": {"angle": 0, "axis": "y", "origin": [16.75, 0, 0]},
			"faces": {
				"north": {"uv": [0.5, 0, 0, 0.5], "tintindex": 0,"texture": "#11"},
				"east": {"uv": [9, 0, 0, 0.5], "tintindex": 0,"texture": "#11"},
				"south": {"uv": [0.5, 0, 0, 0.5], "tintindex": 0,"texture": "#11"},
				"west": {"uv": [9, 0, 0, 0.5], "tintindex": 0,"texture": "#11"},
				"up": {"uv": [0.5, 0, 0, 9], "tintindex": 0,"texture": "#11"},
				"down": {"uv": [0.5, 0, 0, 9], "tintindex": 0,"texture": "#11"}
			}
		},
		{
			"from": [11.75, 4.45, -7.25],
			"to": [12.75, 5.05, -6.25],
			"rotation": {"angle": -45, "axis": "y", "origin": [9.25, 4.5, -4.5]},
			"faces": {
				"north": {"uv": [1, 0, 0, 0.6], "tintindex": 0,"texture": "#9"},
				"east": {"uv": [1, 0, 0, 0.6], "tintindex": 0,"texture": "#9"},
				"south": {"uv": [1, 0, 0, 0.6], "tintindex": 0,"texture": "#9"},
				"west": {"uv": [1, 0, 0, 0.6], "tintindex": 0,"texture": "#9"},
				"up": {"uv": [1, 0, 0, 1], "tintindex": 0,"texture": "#9"},
				"down": {"uv": [1, 0, 0, 1], "tintindex": 0,"texture": "#9"}
			}
		},
		{
			"from": [12.75, 4.45, -7.25],
			"to": [13.75, 5.05, -6.25],
			"rotation": {"angle": -45, "axis": "y", "origin": [9.25, 4.5, -4.5]},
			"faces": {
				"north": {"uv": [1, 0, 0, 0.6], "tintindex": 0,"texture": "#9"},
				"east": {"uv": [1, 0, 0, 0.6], "tintindex": 0,"texture": "#9"},
				"south": {"uv": [1, 0, 0, 0.6], "tintindex": 0,"texture": "#9"},
				"west": {"uv": [1, 0, 0, 0.6], "tintindex": 0,"texture": "#9"},
				"up": {"uv": [1, 0, 0, 1], "tintindex": 0,"texture": "#9"},
				"down": {"uv": [1, 0, 0, 1], "tintindex": 0,"texture": "#9"}
			}
		},
		{
			"from": [11.75, 4.45, -6.25],
			"to": [12.75, 5.05, -5.25],
			"rotation": {"angle": -45, "axis": "y", "origin": [9.25, 4.5, -4.5]},
			"faces": {
				"north": {"uv": [1, 0, 0, 0.6], "tintindex": 0,"texture": "#9"},
				"east": {"uv": [1, 0, 0, 0.6], "tintindex": 0,"texture": "#9"},
				"south": {"uv": [1, 0, 0, 0.6], "tintindex": 0,"texture": "#9"},
				"west": {"uv": [1, 0, 0, 0.6], "tintindex": 0,"texture": "#9"},
				"up": {"uv": [1, 0, 0, 1], "tintindex": 0,"texture": "#9"},
				"down": {"uv": [1, 0, 0, 1], "tintindex": 0,"texture": "#9"}
			}
		},
		{
			"from": [12.95, 4.75, 2.85],
			"to": [13.05, 5.35, 4.85],
			"rotation": {"angle": -22.5, "axis": "x", "origin": [13, 5.25, 4]},
			"faces": {
				"north": {"uv": [0.1, 0, 0, 0.6], "tintindex": 0,"texture": "#10"},
				"east": {"uv": [2, 0, 0, 0.6], "tintindex": 0,"texture": "#10"},
				"south": {"uv": [0.1, 0, 0, 0.6], "tintindex": 0,"texture": "#10"},
				"west": {"uv": [2, 0, 0, 0.6], "tintindex": 0,"texture": "#10"},
				"up": {"uv": [0.1, 0, 0, 2], "tintindex": 0,"texture": "#10"},
				"down": {"uv": [0.1, 0, 0, 2], "tintindex": 0,"texture": "#10"}
			}
		},
		{
			"from": [12.95, 4.17336, 3.1147],
			"to": [13.05, 4.77336, 5.1147],
			"rotation": {"angle": 22.5, "axis": "x", "origin": [13, 4.92336, 3.8647]},
			"faces": {
				"north": {"uv": [0.1, 0, 0, 0.6], "tintindex": 0,"texture": "#10"},
				"east": {"uv": [2, 0, 0, 0.6], "tintindex": 0,"texture": "#10"},
				"south": {"uv": [0.1, 0, 0, 0.6], "tintindex": 0,"texture": "#10"},
				"west": {"uv": [2, 0, 0, 0.6], "tintindex": 0,"texture": "#10"},
				"up": {"uv": [0.1, 0, 0, 2], "tintindex": 0,"texture": "#10"},
				"down": {"uv": [0.1, 0, 0, 2], "tintindex": 0,"texture": "#10"}
			}
		},
		{
			"from": [12.35355, 3.2, -11.35],
			"to": [13.35355, 3.6, -10.35],
			"rotation": {"angle": -45, "axis": "y", "origin": [12.60355, 3.6, -10.6]},
			"faces": {
				"north": {"uv": [1, 0, 0, 0.4], "tintindex": 0,"texture": "#10"},
				"east": {"uv": [1, 0, 0, 0.4], "tintindex": 0,"texture": "#10"},
				"south": {"uv": [1, 0, 0, 0.4], "tintindex": 0,"texture": "#10"},
				"west": {"uv": [1, 0, 0, 0.4], "tintindex": 0,"texture": "#10"},
				"up": {"uv": [1, 0, 0, 1], "tintindex": 0,"texture": "#10"},
				"down": {"uv": [1, 0, 0, 1], "tintindex": 0,"texture": "#10"}
			}
		},
		{
			"from": [11.2, 7.2, 7.4],
			"to": [15.2, 11.2, 11.4],
			"rotation": {"angle": 0, "axis": "y", "origin": [14.4, -2.4, 7.4]},
			"faces": {
				"north": {"uv": [5, 0, 0, 5], "tintindex": 0,"texture": "#2"},
				"east": {"uv": [5, 0, 0, 5], "tintindex": 0,"texture": "#2"},
				"south": {"uv": [5, 0, 0, 5], "tintindex": 0,"texture": "#2"},
				"west": {"uv": [5, 0, 0, 5], "tintindex": 0,"texture": "#2"},
				"up": {"uv": [5, 0, 0, 5], "tintindex": 0,"texture": "#2"},
				"down": {"uv": [5, 0, 0, 5], "tintindex": 0,"texture": "#2"}
			}
		},
		{
			"from": [12.8, 10.4, 9],
			"to": [14.4, 13.6, 10.6],
			"rotation": {"angle": 0, "axis": "y", "origin": [14.4, -2.4, 7.4]},
			"faces": {
				"north": {"uv": [2, 0, 0, 4], "tintindex": 0,"texture": "#8"},
				"east": {"uv": [2, 0, 0, 4], "tintindex": 0,"texture": "#8"},
				"south": {"uv": [2, 0, 0, 4], "tintindex": 0,"texture": "#8"},
				"west": {"uv": [2, 0, 0, 4], "tintindex": 0,"texture": "#8"},
				"up": {"uv": [2, 0, 0, 2], "tintindex": 0,"texture": "#8"},
				"down": {"uv": [2, 0, 0, 2], "tintindex": 0,"texture": "#8"}
			}
		},
		{
			"from": [12.8, 11.2, 11.4],
			"to": [14.4, 14.4, 13],
			"rotation": {"angle": 45, "axis": "x", "origin": [13.6, 12, 9.8]},
			"faces": {
				"north": {"uv": [2, 0, 0, 4], "tintindex": 0,"texture": "#8"},
				"east": {"uv": [2, 0, 0, 4], "tintindex": 0,"texture": "#8"},
				"south": {"uv": [2, 0, 0, 4], "tintindex": 0,"texture": "#8"},
				"west": {"uv": [2, 0, 0, 4], "tintindex": 0,"texture": "#8"},
				"up": {"uv": [2, 0, 0, 2], "tintindex": 0,"texture": "#8"},
				"down": {"uv": [2, 0, 0, 2], "tintindex": 0,"texture": "#8"}
			}
		}
	],
	"display": {
		"head": {
			"translation": [0, -15.75, 0],
			"scale": [4, 4, 4]
		}
	}
}