{
	"credit": "Made with Blockbench",
	"textures": {
		"2": "block/chiseled_quartz_block_top",
		"5": "block/quartz_pillar_top",
		"8": "block/quartz_pillar",
		"9": "block/andesite",
		"10": "block/bone_block_side",
		"11": "block/oak_planks",
		"particle": "block/oak_leaves"
	},
	"elements": [
		{
			"from": [0.8, 7.2, 7.4],
			"to": [4.8, 11.2, 11.4],
			"rotation": {"angle": 0, "axis": "y", "origin": [1.6, -2.4, 7.4]},
			"faces": {
				"north": {"uv": [0, 0, 5, 5], "tintindex": 0,"texture": "#2"},
				"east": {"uv": [0, 0, 5, 5], "tintindex": 0,"texture": "#2"},
				"south": {"uv": [0, 0, 5, 5], "tintindex": 0,"texture": "#2"},
				"west": {"uv": [0, 0, 5, 5], "tintindex": 0,"texture": "#2"},
				"up": {"uv": [0, 0, 5, 5], "tintindex": 0,"texture": "#2"},
				"down": {"uv": [0, 0, 5, 5], "tintindex": 0,"texture": "#2"}
			}
		},
		{
			"from": [1.6, 10.4, 9],
			"to": [3.2, 13.6, 10.6],
			"rotation": {"angle": 0, "axis": "y", "origin": [1.6, -2.4, 7.4]},
			"faces": {
				"north": {"uv": [0, 0, 2, 4], "tintindex": 0,"texture": "#8"},
				"east": {"uv": [0, 0, 2, 4], "tintindex": 0,"texture": "#8"},
				"south": {"uv": [0, 0, 2, 4], "tintindex": 0,"texture": "#8"},
				"west": {"uv": [0, 0, 2, 4], "tintindex": 0,"texture": "#8"},
				"up": {"uv": [0, 0, 2, 2], "tintindex": 0,"texture": "#8"},
				"down": {"uv": [0, 0, 2, 2], "tintindex": 0,"texture": "#8"}
			}
		},
		{
			"from": [1.6, 11.2, 11.4],
			"to": [3.2, 14.4, 13],
			"rotation": {"angle": 45, "axis": "x", "origin": [2.4, 12, 9.8]},
			"faces": {
				"north": {"uv": [0, 0, 2, 4], "tintindex": 0,"texture": "#8"},
				"east": {"uv": [0, 0, 2, 4], "tintindex": 0,"texture": "#8"},
				"south": {"uv": [0, 0, 2, 4], "tintindex": 0,"texture": "#8"},
				"west": {"uv": [0, 0, 2, 4], "tintindex": 0,"texture": "#8"},
				"up": {"uv": [0, 0, 2, 2], "tintindex": 0,"texture": "#8"},
				"down": {"uv": [0, 0, 2, 2], "tintindex": 0,"texture": "#8"}
			}
		},
		{
			"from": [2.05, 3.2, 6.6],
			"to": [3.65, 8, 8.2],
			"rotation": {"angle": 22.5, "axis": "x", "origin": [1.65, 3.2, 9]},
			"faces": {
				"north": {"uv": [0, 0, 2, 6], "tintindex": 0,"texture": "#8"},
				"east": {"uv": [0, 0, 2, 6], "tintindex": 0,"texture": "#8"},
				"south": {"uv": [0, 0, 2, 6], "tintindex": 0,"texture": "#8"},
				"west": {"uv": [0, 0, 2, 6], "tintindex": 0,"texture": "#8"},
				"up": {"uv": [0, 0, 2, 2], "tintindex": 0,"texture": "#8"},
				"down": {"uv": [0, 0, 2, 2], "tintindex": 0,"texture": "#8"}
			}
		},
		{
			"from": [1.85, 1.71844, 1.21731],
			"to": [4.25, 4.11844, 8.41731],
			"rotation": {"angle": 0, "axis": "x", "origin": [3.05, 2.91844, 4.81731]},
			"faces": {
				"north": {"uv": [0, 0, 3, 3], "tintindex": 0,"texture": "#2"},
				"east": {"uv": [0, 0, 9, 3], "tintindex": 0,"texture": "#2"},
				"south": {"uv": [0, 0, 3, 3], "tintindex": 0,"texture": "#2"},
				"west": {"uv": [0, 0, 9, 3], "tintindex": 0,"texture": "#2"},
				"up": {"uv": [0, 0, 3, 9], "tintindex": 0,"texture": "#2"},
				"down": {"uv": [0, 0, 3, 9], "tintindex": 0,"texture": "#2"}
			}
		},
		{
			"from": [1.72279, 1.4, -1.16152],
			"to": [2.92279, 2.6, 2.03848],
			"rotation": {"angle": 0, "axis": "y", "origin": [2.92279, 1.8, -0.76152]},
			"faces": {
				"north": {"uv": [0, 0, 1.5, 1.5], "tintindex": 0,"texture": "#10"},
				"east": {"uv": [0, 0, 4, 1.5], "tintindex": 0,"texture": "#10"},
				"south": {"uv": [0, 0, 1.5, 1.5], "tintindex": 0,"texture": "#10"},
				"west": {"uv": [0, 0, 4, 1.5], "tintindex": 0,"texture": "#10"},
				"up": {"uv": [0, 0, 1.5, 4], "tintindex": 0,"texture": "#10"},
				"down": {"uv": [0, 0, 1.5, 4], "tintindex": 0,"texture": "#10"}
			}
		},
		{
			"from": [3.32279, 1.4, -1.16152],
			"to": [4.52279, 2.6, 2.03848],
			"rotation": {"angle": 0, "axis": "y", "origin": [2.92279, 1.8, -0.76152]},
			"faces": {
				"north": {"uv": [0, 0, 1.5, 1.5], "tintindex": 0,"texture": "#10"},
				"east": {"uv": [0, 0, 4, 1.5], "tintindex": 0,"texture": "#10"},
				"south": {"uv": [0, 0, 1.5, 1.5], "tintindex": 0,"texture": "#10"},
				"west": {"uv": [0, 0, 4, 1.5], "tintindex": 0,"texture": "#10"},
				"up": {"uv": [0, 0, 1.5, 4], "tintindex": 0,"texture": "#10"},
				"down": {"uv": [0, 0, 1.5, 4], "tintindex": 0,"texture": "#10"}
			}
		},
		{
			"from": [5.31274, 1.52721, -0.19584],
			"to": [6.51274, 2.72721, 2.20416],
			"rotation": {"angle": -45, "axis": "x", "origin": [3.51274, 1.52721, 1.00416]},
			"faces": {
				"north": {"uv": [0, 0, 1.5, 1.5], "tintindex": 0,"texture": "#10"},
				"east": {"uv": [0, 0, 3, 1.5], "tintindex": 0,"texture": "#10"},
				"south": {"uv": [0, 0, 1.5, 1.5], "tintindex": 0,"texture": "#10"},
				"west": {"uv": [0, 0, 3, 1.5], "tintindex": 0,"texture": "#10"},
				"up": {"uv": [0, 0, 1.5, 3], "tintindex": 0,"texture": "#10"},
				"down": {"uv": [0, 0, 1.5, 3], "tintindex": 0,"texture": "#10"}
			}
		},
		{
			"from": [1.72279, 0.72721, -2.78579],
			"to": [2.92279, 1.92721, -0.38579],
			"rotation": {"angle": -45, "axis": "x", "origin": [3.12279, 1.32721, -1.58579]},
			"faces": {
				"north": {"uv": [0, 0, 1.5, 1.5], "tintindex": 0,"texture": "#10"},
				"east": {"uv": [0, 0, 3, 1.5], "tintindex": 0,"texture": "#10"},
				"south": {"uv": [0, 0, 1.5, 1.5], "tintindex": 0,"texture": "#10"},
				"west": {"uv": [0, 0, 3, 1.5], "tintindex": 0,"texture": "#10"},
				"up": {"uv": [0, 0, 1.5, 3], "tintindex": 0,"texture": "#10"},
				"down": {"uv": [0, 0, 1.5, 3], "tintindex": 0,"texture": "#10"}
			}
		},
		{
			"from": [3.32279, 0.72721, -2.78579],
			"to": [4.52279, 1.92721, -0.38579],
			"rotation": {"angle": -45, "axis": "x", "origin": [3.12279, 1.32721, -1.58579]},
			"faces": {
				"north": {"uv": [0, 0, 1.5, 1.5], "tintindex": 0,"texture": "#10"},
				"east": {"uv": [0, 0, 3, 1.5], "tintindex": 0,"texture": "#10"},
				"south": {"uv": [0, 0, 1.5, 1.5], "tintindex": 0,"texture": "#10"},
				"west": {"uv": [0, 0, 3, 1.5], "tintindex": 0,"texture": "#10"},
				"up": {"uv": [0, 0, 1.5, 3], "tintindex": 0,"texture": "#10"},
				"down": {"uv": [0, 0, 1.5, 3], "tintindex": 0,"texture": "#10"}
			}
		},
		{
			"from": [5.72279, 1.6, 0.43848],
			"to": [6.92279, 2.8, 3.63848],
			"rotation": {"angle": -45, "axis": "y", "origin": [5.52279, 2, 0.43848]},
			"faces": {
				"north": {"uv": [0, 0, 1.5, 1.5], "tintindex": 0,"texture": "#10"},
				"east": {"uv": [0, 0, 4, 1.5], "tintindex": 0,"texture": "#10"},
				"south": {"uv": [0, 0, 1.5, 1.5], "tintindex": 0,"texture": "#10"},
				"west": {"uv": [0, 0, 4, 1.5], "tintindex": 0,"texture": "#10"},
				"up": {"uv": [0, 0, 1.5, 4], "tintindex": 0,"texture": "#10"},
				"down": {"uv": [0, 0, 1.5, 4], "tintindex": 0,"texture": "#10"}
			}
		},
		{
			"from": [1.0853, 4.28532, -2.00917],
			"to": [4.9253, 5.24532, -1.04917],
			"rotation": {"angle": 0, "axis": "x", "origin": [3.31, 4.70532, 0.75864]},
			"faces": {
				"north": {"uv": [0, 0, 2, 8], "rotation": 90, "tintindex": 0,"texture": "#5"},
				"east": {"uv": [0, 0, 2, 2], "rotation": 270, "tintindex": 0,"texture": "#5"},
				"south": {"uv": [0, 0, 2, 8], "rotation": 270, "tintindex": 0,"texture": "#5"},
				"west": {"uv": [0, 0, 2, 2], "rotation": 270, "tintindex": 0,"texture": "#5"},
				"up": {"uv": [0, 0, 2, 8], "rotation": 270, "tintindex": 0,"texture": "#5"},
				"down": {"uv": [0, 0, 2, 8], "rotation": 270, "tintindex": 0,"texture": "#5"}
			}
		},
		{
			"from": [-0.14596, 4.40532, -2.77159],
			"to": [3.69404, 5.12532, -2.05159],
			"rotation": {"angle": 45, "axis": "y", "origin": [3.31, 4.70532, 0.75864]},
			"faces": {
				"north": {"uv": [0, 0, 1.5, 8], "rotation": 90, "tintindex": 0,"texture": "#5"},
				"east": {"uv": [0, 0, 1.5, 1.5], "rotation": 270, "tintindex": 0,"texture": "#5"},
				"south": {"uv": [0, 0, 1.5, 8], "rotation": 270, "tintindex": 0,"texture": "#5"},
				"west": {"uv": [0, 0, 1.5, 1.5], "rotation": 270, "tintindex": 0,"texture": "#5"},
				"up": {"uv": [0, 0, 1.5, 8], "rotation": 270, "tintindex": 0,"texture": "#5"},
				"down": {"uv": [0, 0, 1.5, 8], "rotation": 270, "tintindex": 0,"texture": "#5"}
			}
		},
		{
			"from": [5.68933, 4.40532, -0.0563],
			"to": [6.40933, 5.12532, 3.7837],
			"rotation": {"angle": 45, "axis": "y", "origin": [3.31, 4.70532, 0.75864]},
			"faces": {
				"north": {"uv": [0, 0, 1.5, 1.5], "rotation": 270, "tintindex": 0,"texture": "#5"},
				"east": {"uv": [0, 0, 1.5, 8], "rotation": 270, "tintindex": 0,"texture": "#5"},
				"south": {"uv": [0, 0, 1.5, 1.5], "rotation": 270, "tintindex": 0,"texture": "#5"},
				"west": {"uv": [0, 0, 1.5, 8], "rotation": 90, "tintindex": 0,"texture": "#5"},
				"up": {"uv": [0, 0, 1.5, 8], "rotation": 180, "tintindex": 0,"texture": "#5"},
				"down": {"uv": [0, 0, 1.5, 8], "tintindex": 0,"texture": "#5"}
			}
		},
		{
			"from": [2.25, 3.2, -5.8],
			"to": [3.85, 3.6, 3],
			"rotation": {"angle": 0, "axis": "y", "origin": [0.85, 0, 7.4]},
			"faces": {
				"north": {"uv": [0, 0, 2, 1], "tintindex": 0,"texture": "#10"},
				"east": {"uv": [0, 0, 11, 1], "tintindex": 0,"texture": "#10"},
				"south": {"uv": [0, 0, 2, 1], "tintindex": 0,"texture": "#10"},
				"west": {"uv": [0, 0, 11, 1], "tintindex": 0,"texture": "#10"},
				"up": {"uv": [0, 0, 2, 11], "tintindex": 0,"texture": "#10"},
				"down": {"uv": [0, 0, 2, 11], "tintindex": 0,"texture": "#10"}
			}
		},
		{
			"from": [2.35, 3.2, -10.6],
			"to": [3.75, 3.6, -5.8],
			"rotation": {"angle": 0, "axis": "y", "origin": [0.75, 0, 8.1]},
			"faces": {
				"north": {"uv": [0, 0, 2, 1], "tintindex": 0,"texture": "#10"},
				"east": {"uv": [0, 0, 9, 1], "tintindex": 0,"texture": "#10"},
				"south": {"uv": [0, 0, 2, 1], "tintindex": 0,"texture": "#10"},
				"west": {"uv": [0, 0, 9, 1], "tintindex": 0,"texture": "#10"},
				"up": {"uv": [0, 0, 2, 9], "tintindex": 0,"texture": "#10"},
				"down": {"uv": [0, 0, 2, 9], "tintindex": 0,"texture": "#10"}
			}
		},
		{
			"from": [0.1617, 4.68532, -2.52877],
			"to": [0.4017, 4.92532, 3.23123],
			"rotation": {"angle": 45, "axis": "y", "origin": [3.31, 4.70532, 0.75864]},
			"faces": {
				"north": {"uv": [0, 0, 0.5, 0.5], "rotation": 270, "tintindex": 0,"texture": "#9"},
				"east": {"uv": [0, 0, 0.5, 12], "rotation": 270, "tintindex": 0,"texture": "#9"},
				"south": {"uv": [0, 0, 0.5, 0.5], "rotation": 270, "tintindex": 0,"texture": "#9"},
				"west": {"uv": [0, 0, 0.5, 12], "rotation": 90, "tintindex": 0,"texture": "#9"},
				"up": {"uv": [0, 0, 0.5, 12], "rotation": 180, "tintindex": 0,"texture": "#9"},
				"down": {"uv": [0, 0, 0.5, 12], "tintindex": 0,"texture": "#9"}
			}
		},
		{
			"from": [0.1617, 4.68532, 3.11123],
			"to": [6.1617, 4.92532, 3.35123],
			"rotation": {"angle": 45, "axis": "y", "origin": [3.31, 4.70532, 0.75864]},
			"faces": {
				"north": {"uv": [0, 0, 0.5, 12.5], "rotation": 90, "tintindex": 0,"texture": "#9"},
				"east": {"uv": [0, 0, 0.5, 0.5], "rotation": 270, "tintindex": 0,"texture": "#9"},
				"south": {"uv": [0, 0, 0.5, 12.5], "rotation": 270, "tintindex": 0,"texture": "#9"},
				"west": {"uv": [0, 0, 0.5, 0.5], "rotation": 270, "tintindex": 0,"texture": "#9"},
				"up": {"uv": [0, 0, 0.5, 12.5], "rotation": 270, "tintindex": 0,"texture": "#9"},
				"down": {"uv": [0, 0, 0.5, 12.5], "rotation": 270, "tintindex": 0,"texture": "#9"}
			}
		},
		{
			"from": [1.5, 3, -2.5],
			"to": [4.5, 4.5, 2.5],
			"rotation": {"angle": 0, "axis": "y", "origin": [-0.75, 0, 0]},
			"faces": {
				"north": {"uv": [0, 0, 3, 1.5], "tintindex": 0,"texture": "#2"},
				"east": {"uv": [0, 0, 5, 1.5], "tintindex": 0,"texture": "#2"},
				"south": {"uv": [0, 0, 3, 1.5], "tintindex": 0,"texture": "#2"},
				"west": {"uv": [0, 0, 5, 1.5], "tintindex": 0,"texture": "#2"},
				"up": {"uv": [0, 0, 3, 5], "tintindex": 0,"texture": "#2"},
				"down": {"uv": [0, 0, 3, 5], "tintindex": 0,"texture": "#2"}
			}
		},
		{
			"from": [2.8, 4.5, -4.3],
			"to": [3.3, 5, 4.7],
			"rotation": {"angle": 0, "axis": "y", "origin": [-0.75, 0, 0]},
			"faces": {
				"north": {"uv": [0, 0, 0.5, 0.5], "tintindex": 0,"texture": "#11"},
				"east": {"uv": [0, 0, 9, 0.5], "tintindex": 0,"texture": "#11"},
				"south": {"uv": [0, 0, 0.5, 0.5], "tintindex": 0,"texture": "#11"},
				"west": {"uv": [0, 0, 9, 0.5], "tintindex": 0,"texture": "#11"},
				"up": {"uv": [0, 0, 0.5, 9], "tintindex": 0,"texture": "#11"},
				"down": {"uv": [0, 0, 0.5, 9], "tintindex": 0,"texture": "#11"}
			}
		},
		{
			"from": [3.25, 4.45, -7.25],
			"to": [4.25, 5.05, -6.25],
			"rotation": {"angle": 45, "axis": "y", "origin": [6.75, 4.5, -4.5]},
			"faces": {
				"north": {"uv": [0, 0, 1, 0.6], "tintindex": 0,"texture": "#9"},
				"east": {"uv": [0, 0, 1, 0.6], "tintindex": 0,"texture": "#9"},
				"south": {"uv": [0, 0, 1, 0.6], "tintindex": 0,"texture": "#9"},
				"west": {"uv": [0, 0, 1, 0.6], "tintindex": 0,"texture": "#9"},
				"up": {"uv": [0, 0, 1, 1], "tintindex": 0,"texture": "#9"},
				"down": {"uv": [0, 0, 1, 1], "tintindex": 0,"texture": "#9"}
			}
		},
		{
			"from": [3.25, 4.45, -6.25],
			"to": [4.25, 5.05, -5.25],
			"rotation": {"angle": 45, "axis": "y", "origin": [6.75, 4.5, -4.5]},
			"faces": {
				"north": {"uv": [0, 0, 1, 0.6], "tintindex": 0,"texture": "#9"},
				"east": {"uv": [0, 0, 1, 0.6], "tintindex": 0,"texture": "#9"},
				"south": {"uv": [0, 0, 1, 0.6], "tintindex": 0,"texture": "#9"},
				"west": {"uv": [0, 0, 1, 0.6], "tintindex": 0,"texture": "#9"},
				"up": {"uv": [0, 0, 1, 1], "tintindex": 0,"texture": "#9"},
				"down": {"uv": [0, 0, 1, 1], "tintindex": 0,"texture": "#9"}
			}
		},
		{
			"from": [2.25, 4.45, -7.25],
			"to": [3.25, 5.05, -6.25],
			"rotation": {"angle": 45, "axis": "y", "origin": [6.75, 4.5, -4.5]},
			"faces": {
				"north": {"uv": [0, 0, 1, 0.6], "tintindex": 0,"texture": "#9"},
				"east": {"uv": [0, 0, 1, 0.6], "tintindex": 0,"texture": "#9"},
				"south": {"uv": [0, 0, 1, 0.6], "tintindex": 0,"texture": "#9"},
				"west": {"uv": [0, 0, 1, 0.6], "tintindex": 0,"texture": "#9"},
				"up": {"uv": [0, 0, 1, 1], "tintindex": 0,"texture": "#9"},
				"down": {"uv": [0, 0, 1, 1], "tintindex": 0,"texture": "#9"}
			}
		},
		{
			"from": [2.95, 4.75, 2.85],
			"to": [3.05, 5.35, 4.85],
			"rotation": {"angle": -22.5, "axis": "x", "origin": [3, 5.25, 4]},
			"faces": {
				"north": {"uv": [0, 0, 0.1, 0.6], "tintindex": 0,"texture": "#10"},
				"east": {"uv": [0, 0, 2, 0.6], "tintindex": 0,"texture": "#10"},
				"south": {"uv": [0, 0, 0.1, 0.6], "tintindex": 0,"texture": "#10"},
				"west": {"uv": [0, 0, 2, 0.6], "tintindex": 0,"texture": "#10"},
				"up": {"uv": [0, 0, 0.1, 2], "tintindex": 0,"texture": "#10"},
				"down": {"uv": [0, 0, 0.1, 2], "tintindex": 0,"texture": "#10"}
			}
		},
		{
			"from": [2.95, 4.17336, 3.1147],
			"to": [3.05, 4.77336, 5.1147],
			"rotation": {"angle": 22.5, "axis": "x", "origin": [3, 4.92336, 3.8647]},
			"faces": {
				"north": {"uv": [0, 0, 0.1, 0.6], "tintindex": 0,"texture": "#10"},
				"east": {"uv": [0, 0, 2, 0.6], "tintindex": 0,"texture": "#10"},
				"south": {"uv": [0, 0, 0.1, 0.6], "tintindex": 0,"texture": "#10"},
				"west": {"uv": [0, 0, 2, 0.6], "tintindex": 0,"texture": "#10"},
				"up": {"uv": [0, 0, 0.1, 2], "tintindex": 0,"texture": "#10"},
				"down": {"uv": [0, 0, 0.1, 2], "tintindex": 0,"texture": "#10"}
			}
		},
		{
			"from": [2.64645, 3.2, -11.35],
			"to": [3.64645, 3.6, -10.35],
			"rotation": {"angle": 45, "axis": "y", "origin": [3.39645, 3.6, -10.6]},
			"faces": {
				"north": {"uv": [0, 0, 1, 0.4], "tintindex": 0,"texture": "#10"},
				"east": {"uv": [0, 0, 1, 0.4], "tintindex": 0,"texture": "#10"},
				"south": {"uv": [0, 0, 1, 0.4], "tintindex": 0,"texture": "#10"},
				"west": {"uv": [0, 0, 1, 0.4], "tintindex": 0,"texture": "#10"},
				"up": {"uv": [0, 0, 1, 1], "tintindex": 0,"texture": "#10"},
				"down": {"uv": [0, 0, 1, 1], "tintindex": 0,"texture": "#10"}
			}
		}
	],
	"display": {
		"head": {
			"translation": [21, -5.5, -6.5],
			"scale": [4, 4, 4]
		}
	}
}