{
	"credit": "Made with Blockbench",
	"textures": {
		"0": "block/oak_leaves",
		"1": "block/mangrove_leaves",
		"2": "block/chiseled_quartz_block_top",
		"4": "block/quartz_block_bottom",
		"6": "block/redstone_block",
		"7": "block/black_concrete",
		"8": "block/quartz_pillar",
		"9": "block/andesite",
		"particle": "block/oak_leaves"
	},
	"elements": [
		{
			"from": [6.4, 9.6, 4.2],
			"to": [9.6, 12, 5.8],
			"rotation": {"angle": 0, "axis": "y", "origin": [1.6, 4, 7.4]},
			"faces": {
				"north": {"uv": [0, 0, 4, 3], "tintindex": 0,"texture": "#7"},
				"east": {"uv": [0, 0, 2, 3], "tintindex": 0,"texture": "#7"},
				"south": {"uv": [0, 0, 4, 3], "tintindex": 0,"texture": "#7"},
				"west": {"uv": [0, 0, 2, 3], "tintindex": 0,"texture": "#7"},
				"up": {"uv": [0, 0, 4, 2], "tintindex": 0,"texture": "#7"},
				"down": {"uv": [0, 0, 4, 2], "tintindex": 0,"texture": "#7"}
			}
		},
		{
			"from": [8.704, 10.648, 4.196],
			"to": [9.408, 11.352, 4.9],
			"rotation": {"angle": 22.5, "axis": "z", "origin": [9.056, 11, 4.548]},
			"faces": {
				"north": {"uv": [0, 0, 1, 1], "tintindex": 0,"texture": "#6"},
				"east": {"uv": [0, 0, 1, 1], "tintindex": 0,"texture": "#6"},
				"south": {"uv": [0, 0, 1, 1], "tintindex": 0,"texture": "#6"},
				"west": {"uv": [0, 0, 1, 1], "tintindex": 0,"texture": "#6"},
				"up": {"uv": [0, 0, 1, 1], "tintindex": 0,"texture": "#6"},
				"down": {"uv": [0, 0, 1, 1], "tintindex": 0,"texture": "#6"}
			}
		},
		{
			"from": [5.81005, 10.59904, 3.3391],
			"to": [9.81005, 12.19904, 6.5391],
			"rotation": {"angle": 22.5, "axis": "z", "origin": [7.01005, 11.39904, 4.9391]},
			"faces": {
				"north": {"uv": [0, 0, 5, 2], "tintindex": 0,"texture": "#8"},
				"east": {"uv": [0, 0, 4, 2], "tintindex": 0,"texture": "#8"},
				"south": {"uv": [0, 0, 5, 2], "tintindex": 0,"texture": "#8"},
				"west": {"uv": [0, 0, 4, 2], "tintindex": 0,"texture": "#8"},
				"up": {"uv": [0, 0, 5, 4], "tintindex": 0,"texture": "#8"},
				"down": {"uv": [0, 0, 5, 4], "tintindex": 0,"texture": "#8"}
			}
		},
		{
			"from": [5.6, 11.6, 3],
			"to": [10.4, 13.2, 6.2],
			"rotation": {"angle": 0, "axis": "y", "origin": [1.6, 4, 7.4]},
			"faces": {
				"north": {"uv": [0, 0, 6, 2], "tintindex": 0,"texture": "#4"},
				"east": {"uv": [0, 0, 4, 2], "tintindex": 0,"texture": "#4"},
				"south": {"uv": [0, 0, 6, 2], "tintindex": 0,"texture": "#4"},
				"west": {"uv": [0, 0, 4, 2], "tintindex": 0,"texture": "#4"},
				"up": {"uv": [0, 0, 6, 4], "tintindex": 0,"texture": "#4"},
				"down": {"uv": [0, 0, 6, 4], "tintindex": 0,"texture": "#4"}
			}
		},
		{
			"from": [5.8, 12.03431, 1.63431],
			"to": [7.4, 13.63431, 5.63431],
			"rotation": {"angle": 22.5, "axis": "x", "origin": [8, 13.43431, 3.63431]},
			"faces": {
				"north": {"uv": [0, 0, 2, 2], "rotation": 180, "tintindex": 0,"texture": "#8"},
				"east": {"uv": [0, 0, 2, 5], "rotation": 90, "tintindex": 0,"texture": "#8"},
				"south": {"uv": [0, 0, 2, 2], "tintindex": 0,"texture": "#8"},
				"west": {"uv": [0, 0, 2, 5], "rotation": 270, "tintindex": 0,"texture": "#8"},
				"up": {"uv": [0, 0, 2, 5], "tintindex": 0,"texture": "#8"},
				"down": {"uv": [0, 0, 2, 5], "rotation": 180, "tintindex": 0,"texture": "#8"}
			}
		},
		{
			"from": [8.6, 12.03431, 1.63431],
			"to": [10.2, 13.63431, 5.63431],
			"rotation": {"angle": 22.5, "axis": "x", "origin": [8, 13.43431, 3.63431]},
			"faces": {
				"north": {"uv": [0, 0, 2, 2], "rotation": 180, "tintindex": 0,"texture": "#8"},
				"east": {"uv": [0, 0, 2, 5], "rotation": 90, "tintindex": 0,"texture": "#8"},
				"south": {"uv": [0, 0, 2, 2], "tintindex": 0,"texture": "#8"},
				"west": {"uv": [0, 0, 2, 5], "rotation": 270, "tintindex": 0,"texture": "#8"},
				"up": {"uv": [0, 0, 2, 5], "tintindex": 0,"texture": "#8"},
				"down": {"uv": [0, 0, 2, 5], "rotation": 180, "tintindex": 0,"texture": "#8"}
			}
		},
		{
			"from": [5.6, 10.4, 4],
			"to": [6.4, 12, 5.6],
			"rotation": {"angle": 22.5, "axis": "x", "origin": [5.6, 11.2, 4.8]},
			"faces": {
				"north": {"uv": [0, 0, 1, 2], "tintindex": 0,"texture": "#4"},
				"east": {"uv": [0, 0, 2, 2], "tintindex": 0,"texture": "#4"},
				"south": {"uv": [0, 0, 1, 2], "tintindex": 0,"texture": "#4"},
				"west": {"uv": [0, 0, 2, 2], "tintindex": 0,"texture": "#4"},
				"up": {"uv": [0, 0, 1, 2], "tintindex": 0,"texture": "#4"},
				"down": {"uv": [0, 0, 1, 2], "tintindex": 0,"texture": "#4"}
			}
		},
		{
			"from": [9.6, 10.4, 4],
			"to": [10.4, 12, 5.6],
			"rotation": {"angle": 22.5, "axis": "x", "origin": [5.6, 11.2, 4.8]},
			"faces": {
				"north": {"uv": [0, 0, 1, 2], "tintindex": 0,"texture": "#4"},
				"east": {"uv": [0, 0, 2, 2], "tintindex": 0,"texture": "#4"},
				"south": {"uv": [0, 0, 1, 2], "tintindex": 0,"texture": "#4"},
				"west": {"uv": [0, 0, 2, 2], "tintindex": 0,"texture": "#4"},
				"up": {"uv": [0, 0, 1, 2], "tintindex": 0,"texture": "#4"},
				"down": {"uv": [0, 0, 1, 2], "tintindex": 0,"texture": "#4"}
			}
		},
		{
			"from": [6, 13.0962, 0.70938],
			"to": [7.2, 14.6962, 1.90938],
			"rotation": {"angle": -45, "axis": "x", "origin": [6.4, 13.8962, 1.10938]},
			"faces": {
				"north": {"uv": [0, 0, 1.5, 2], "tintindex": 0,"texture": "#8"},
				"east": {"uv": [0, 0, 1.5, 2], "tintindex": 0,"texture": "#8"},
				"south": {"uv": [0, 0, 1.5, 2], "tintindex": 0,"texture": "#8"},
				"west": {"uv": [0, 0, 1.5, 2], "tintindex": 0,"texture": "#8"},
				"up": {"uv": [0, 0, 1.5, 1.5], "tintindex": 0,"texture": "#4"},
				"down": {"uv": [0, 0, 1.5, 1.5], "tintindex": 0,"texture": "#8"}
			}
		},
		{
			"from": [8.8, 13.0962, 0.70938],
			"to": [10, 14.6962, 1.90938],
			"rotation": {"angle": -45, "axis": "x", "origin": [6.4, 13.8962, 1.10938]},
			"faces": {
				"north": {"uv": [0, 0, 1.5, 2], "tintindex": 0,"texture": "#8"},
				"east": {"uv": [0, 0, 1.5, 2], "tintindex": 0,"texture": "#8"},
				"south": {"uv": [0, 0, 1.5, 2], "tintindex": 0,"texture": "#8"},
				"west": {"uv": [0, 0, 1.5, 2], "tintindex": 0,"texture": "#8"},
				"up": {"uv": [0, 0, 1.5, 1.5], "tintindex": 0,"texture": "#4"},
				"down": {"uv": [0, 0, 1.5, 1.5], "tintindex": 0,"texture": "#8"}
			}
		},
		{
			"from": [6, 11.2, 5],
			"to": [10, 15.2, 9],
			"rotation": {"angle": -22.5, "axis": "x", "origin": [8, 13.2, 7]},
			"faces": {
				"north": {"uv": [0, 0, 5, 5], "tintindex": 0,"texture": "#0"},
				"east": {"uv": [0, 0, 5, 5], "tintindex": 0,"texture": "#0"},
				"south": {"uv": [0, 0, 5, 5], "tintindex": 0,"texture": "#0"},
				"west": {"uv": [0, 0, 5, 5], "tintindex": 0,"texture": "#0"},
				"up": {"uv": [0, 0, 5, 5], "tintindex": 0,"texture": "#0"},
				"down": {"uv": [0, 0, 5, 5], "tintindex": 0,"texture": "#0"}
			}
		},
		{
			"from": [3.6, 10.4, 5],
			"to": [7.6, 14.4, 9],
			"rotation": {"angle": -22.5, "axis": "y", "origin": [5.6, 12.4, 7]},
			"faces": {
				"north": {"uv": [0, 0, 5, 5], "tintindex": 0,"texture": "#0"},
				"east": {"uv": [0, 0, 5, 5], "tintindex": 0,"texture": "#0"},
				"south": {"uv": [0, 0, 5, 5], "tintindex": 0,"texture": "#0"},
				"west": {"uv": [0, 0, 5, 5], "tintindex": 0,"texture": "#0"},
				"up": {"uv": [0, 0, 5, 5], "tintindex": 0,"texture": "#0"},
				"down": {"uv": [0, 0, 5, 5], "tintindex": 0,"texture": "#0"}
			}
		},
		{
			"from": [8.4, 10.4, 5],
			"to": [12.4, 14.4, 9],
			"rotation": {"angle": 22.5, "axis": "y", "origin": [10.4, 12.4, 7]},
			"faces": {
				"north": {"uv": [0, 0, 5, 5], "tintindex": 0,"texture": "#0"},
				"east": {"uv": [0, 0, 5, 5], "tintindex": 0,"texture": "#0"},
				"south": {"uv": [0, 0, 5, 5], "tintindex": 0,"texture": "#0"},
				"west": {"uv": [0, 0, 5, 5], "tintindex": 0,"texture": "#0"},
				"up": {"uv": [0, 0, 5, 5], "tintindex": 0,"texture": "#0"},
				"down": {"uv": [0, 0, 5, 5], "tintindex": 0,"texture": "#0"}
			}
		},
		{
			"from": [5.6, 10.4, 5.8],
			"to": [10.4, 12.8, 9],
			"rotation": {"angle": 0, "axis": "y", "origin": [1.6, -2.4, 7.4]},
			"faces": {
				"north": {"uv": [0, 0, 6, 3], "tintindex": 0,"texture": "#4"},
				"east": {"uv": [0, 0, 4, 3], "tintindex": 0,"texture": "#4"},
				"south": {"uv": [0, 0, 6, 3], "tintindex": 0,"texture": "#4"},
				"west": {"uv": [0, 0, 4, 3], "tintindex": 0,"texture": "#4"},
				"up": {"uv": [0, 0, 6, 4], "tintindex": 0,"texture": "#4"},
				"down": {"uv": [0, 0, 6, 4], "tintindex": 0,"texture": "#4"}
			}
		},
		{
			"from": [5.6, 8.8, 5],
			"to": [10.4, 10.4, 8.2],
			"rotation": {"angle": 0, "axis": "y", "origin": [1.6, -2.4, 7.4]},
			"faces": {
				"north": {"uv": [0, 0, 6, 2], "tintindex": 0,"texture": "#4"},
				"east": {"uv": [0, 0, 4, 2], "tintindex": 0,"texture": "#4"},
				"south": {"uv": [0, 0, 6, 2], "tintindex": 0,"texture": "#4"},
				"west": {"uv": [0, 0, 4, 2], "tintindex": 0,"texture": "#4"},
				"up": {"uv": [0, 0, 6, 4], "tintindex": 0,"texture": "#4"},
				"down": {"uv": [0, 0, 6, 4], "tintindex": 0,"texture": "#4"}
			}
		},
		{
			"from": [5.2, 8.4, 5.2],
			"to": [10.8, 9.6, 10.8],
			"rotation": {"angle": -22.5, "axis": "x", "origin": [8, 8.2, 7.4]},
			"faces": {
				"north": {"uv": [0, 0, 7, 1.5], "tintindex": 0,"texture": "#9"},
				"east": {"uv": [0, 0, 7, 1.5], "tintindex": 0,"texture": "#9"},
				"south": {"uv": [0, 0, 7, 1.5], "tintindex": 0,"texture": "#9"},
				"west": {"uv": [0, 0, 7, 1.5], "tintindex": 0,"texture": "#9"},
				"up": {"uv": [0, 0, 7, 7], "tintindex": 0,"texture": "#9"},
				"down": {"uv": [0, 0, 7, 7], "tintindex": 0,"texture": "#9"}
			}
		},
		{
			"from": [6.4, 6.94558, 8.78579],
			"to": [9.6, 10.14558, 13.58579],
			"rotation": {"angle": 22.5, "axis": "x", "origin": [8, 8.54558, 11.18579]},
			"faces": {
				"north": {"uv": [0, 0, 4, 4], "rotation": 180, "tintindex": 0,"texture": "#8"},
				"east": {"uv": [0, 0, 4, 6], "rotation": 90, "tintindex": 0,"texture": "#8"},
				"south": {"uv": [0, 0, 4, 4], "tintindex": 0,"texture": "#8"},
				"west": {"uv": [0, 0, 4, 6], "rotation": 270, "tintindex": 0,"texture": "#8"},
				"up": {"uv": [0, 0, 4, 6], "tintindex": 0,"texture": "#8"},
				"down": {"uv": [0, 0, 4, 6], "rotation": 180, "tintindex": 0,"texture": "#8"}
			}
		},
		{
			"from": [6.6, 4.01835, 13.3225],
			"to": [9.4, 8.81835, 16.1225],
			"rotation": {"angle": -45, "axis": "x", "origin": [7.8, 6.41835, 14.7225]},
			"faces": {
				"north": {"uv": [0, 0, 3.5, 6], "tintindex": 0,"texture": "#8"},
				"east": {"uv": [0, 0, 3.5, 6], "tintindex": 0,"texture": "#8"},
				"south": {"uv": [0, 0, 3.5, 6], "tintindex": 0,"texture": "#8"},
				"west": {"uv": [0, 0, 3.5, 6], "tintindex": 0,"texture": "#8"},
				"up": {"uv": [0, 0, 3.5, 3.5], "tintindex": 0,"texture": "#8"},
				"down": {"uv": [0, 0, 3.5, 3.5], "tintindex": 0,"texture": "#8"}
			}
		},
		{
			"from": [5.6, 11.2, 8.2],
			"to": [10.4, 16, 13],
			"rotation": {"angle": 0, "axis": "y", "origin": [1.6, -2.4, 7.4]},
			"faces": {
				"north": {"uv": [0, 0, 6, 6], "tintindex": 0,"texture": "#0"},
				"east": {"uv": [0, 0, 6, 6], "tintindex": 0,"texture": "#0"},
				"south": {"uv": [0, 0, 6, 6], "tintindex": 0,"texture": "#0"},
				"west": {"uv": [0, 0, 6, 6], "tintindex": 0,"texture": "#0"},
				"up": {"uv": [0, 0, 6, 6], "tintindex": 0,"texture": "#0"},
				"down": {"uv": [0, 0, 6, 6], "tintindex": 0,"texture": "#0"}
			}
		},
		{
			"from": [5.6, 8, 14.6],
			"to": [10.4, 12.8, 19.4],
			"rotation": {"angle": 45, "axis": "x", "origin": [8, 11.2, 17.8]},
			"faces": {
				"north": {"uv": [0, 0, 6, 6], "tintindex": 0,"texture": "#0"},
				"east": {"uv": [0, 0, 6, 6], "tintindex": 0,"texture": "#0"},
				"south": {"uv": [0, 0, 6, 6], "tintindex": 0,"texture": "#0"},
				"west": {"uv": [0, 0, 6, 6], "tintindex": 0,"texture": "#0"},
				"up": {"uv": [0, 0, 6, 6], "tintindex": 0,"texture": "#0"},
				"down": {"uv": [0, 0, 6, 6], "tintindex": 0,"texture": "#0"}
			}
		},
		{
			"from": [4.4, 6.4, 18.6],
			"to": [11.6, 11.2, 23.4],
			"rotation": {"angle": 45, "axis": "x", "origin": [8, 11.2, 17.8]},
			"faces": {
				"north": {"uv": [0, 0, 9, 6], "tintindex": 0,"texture": "#1"},
				"east": {"uv": [0, 0, 6, 6], "tintindex": 0,"texture": "#1"},
				"south": {"uv": [0, 0, 9, 6], "tintindex": 0,"texture": "#1"},
				"west": {"uv": [0, 0, 6, 6], "tintindex": 0,"texture": "#1"},
				"up": {"uv": [0, 0, 9, 6], "tintindex": 0,"texture": "#1"},
				"down": {"uv": [0, 0, 9, 6], "tintindex": 0,"texture": "#1"}
			}
		},
		{
			"from": [5, 6.30294, 12.10294],
			"to": [10.6, 11.10294, 16.90294],
			"rotation": {"angle": 22.5, "axis": "x", "origin": [8, 9.50294, 16.10294]},
			"faces": {
				"north": {"uv": [0, 0, 7, 6], "tintindex": 0,"texture": "#1"},
				"east": {"uv": [0, 0, 6, 6], "tintindex": 0,"texture": "#1"},
				"south": {"uv": [0, 0, 7, 6], "tintindex": 0,"texture": "#1"},
				"west": {"uv": [0, 0, 6, 6], "tintindex": 0,"texture": "#1"},
				"up": {"uv": [0, 0, 7, 6], "tintindex": 0,"texture": "#1"},
				"down": {"uv": [0, 0, 7, 6], "tintindex": 0,"texture": "#1"}
			}
		},
		{
			"from": [5.4, 6.30294, 8.90294],
			"to": [10.2, 10.30294, 13.70294],
			"rotation": {"angle": 22.5, "axis": "x", "origin": [8, 9.50294, 16.10294]},
			"faces": {
				"north": {"uv": [0, 0, 6, 5], "tintindex": 0,"texture": "#1"},
				"east": {"uv": [0, 0, 6, 5], "tintindex": 0,"texture": "#1"},
				"south": {"uv": [0, 0, 6, 5], "tintindex": 0,"texture": "#1"},
				"west": {"uv": [0, 0, 6, 5], "tintindex": 0,"texture": "#1"},
				"up": {"uv": [0, 0, 6, 6], "tintindex": 0,"texture": "#1"},
				"down": {"uv": [0, 0, 6, 6], "tintindex": 0,"texture": "#1"}
			}
		},
		{
			"from": [6, 10.6, 12.2],
			"to": [10, 14.6, 16.2],
			"rotation": {"angle": 22.5, "axis": "x", "origin": [8, 13.2, 15.8]},
			"faces": {
				"north": {"uv": [0, 0, 5, 5], "tintindex": 0,"texture": "#0"},
				"east": {"uv": [0, 0, 5, 5], "tintindex": 0,"texture": "#0"},
				"south": {"uv": [0, 0, 5, 5], "tintindex": 0,"texture": "#0"},
				"west": {"uv": [0, 0, 5, 5], "tintindex": 0,"texture": "#0"},
				"up": {"uv": [0, 0, 5, 5], "tintindex": 0,"texture": "#0"},
				"down": {"uv": [0, 0, 5, 5], "tintindex": 0,"texture": "#0"}
			}
		},
		{
			"from": [10, 10.45797, 12.09218],
			"to": [14, 14.45797, 16.09218],
			"rotation": {"angle": 22.5, "axis": "y", "origin": [12, 12.45797, 14.09218]},
			"faces": {
				"north": {"uv": [0, 0, 5, 5], "tintindex": 0,"texture": "#0"},
				"east": {"uv": [0, 0, 5, 5], "tintindex": 0,"texture": "#0"},
				"south": {"uv": [0, 0, 5, 5], "tintindex": 0,"texture": "#0"},
				"west": {"uv": [0, 0, 5, 5], "tintindex": 0,"texture": "#0"},
				"up": {"uv": [0, 0, 5, 5], "tintindex": 0,"texture": "#0"},
				"down": {"uv": [0, 0, 5, 5], "tintindex": 0,"texture": "#0"}
			}
		},
		{
			"from": [8.4, 8.85797, 14.49218],
			"to": [13.2, 12.85797, 18.49218],
			"rotation": {"angle": 22.5, "axis": "y", "origin": [12, 12.45797, 14.09218]},
			"faces": {
				"north": {"uv": [0, 0, 6, 5], "tintindex": 0,"texture": "#0"},
				"east": {"uv": [0, 0, 5, 5], "tintindex": 0,"texture": "#0"},
				"south": {"uv": [0, 0, 6, 5], "tintindex": 0,"texture": "#0"},
				"west": {"uv": [0, 0, 5, 5], "tintindex": 0,"texture": "#0"},
				"up": {"uv": [0, 0, 6, 5], "tintindex": 0,"texture": "#0"},
				"down": {"uv": [0, 0, 6, 5], "tintindex": 0,"texture": "#0"}
			}
		},
		{
			"from": [2, 10.45797, 12.09218],
			"to": [6, 14.45797, 16.09218],
			"rotation": {"angle": -22.5, "axis": "y", "origin": [4, 12.45797, 14.09218]},
			"faces": {
				"north": {"uv": [0, 0, 5, 5], "tintindex": 0,"texture": "#0"},
				"east": {"uv": [0, 0, 5, 5], "tintindex": 0,"texture": "#0"},
				"south": {"uv": [0, 0, 5, 5], "tintindex": 0,"texture": "#0"},
				"west": {"uv": [0, 0, 5, 5], "tintindex": 0,"texture": "#0"},
				"up": {"uv": [0, 0, 5, 5], "tintindex": 0,"texture": "#0"},
				"down": {"uv": [0, 0, 5, 5], "tintindex": 0,"texture": "#0"}
			}
		},
		{
			"from": [2.8, 8.85797, 14.49218],
			"to": [7.6, 12.85797, 18.49218],
			"rotation": {"angle": -22.5, "axis": "y", "origin": [4, 12.45797, 14.09218]},
			"faces": {
				"north": {"uv": [0, 0, 6, 5], "tintindex": 0,"texture": "#0"},
				"east": {"uv": [0, 0, 5, 5], "tintindex": 0,"texture": "#0"},
				"south": {"uv": [0, 0, 6, 5], "tintindex": 0,"texture": "#0"},
				"west": {"uv": [0, 0, 5, 5], "tintindex": 0,"texture": "#0"},
				"up": {"uv": [0, 0, 6, 5], "tintindex": 0,"texture": "#0"},
				"down": {"uv": [0, 0, 6, 5], "tintindex": 0,"texture": "#0"}
			}
		},
		{
			"from": [2.6, 10.8, 8.2],
			"to": [7.4, 15.6, 13],
			"rotation": {"angle": -22.5, "axis": "y", "origin": [5.6, 13.2, 10.6]},
			"faces": {
				"north": {"uv": [0, 0, 6, 6], "tintindex": 0,"texture": "#0"},
				"east": {"uv": [0, 0, 6, 6], "tintindex": 0,"texture": "#0"},
				"south": {"uv": [0, 0, 6, 6], "tintindex": 0,"texture": "#0"},
				"west": {"uv": [0, 0, 6, 6], "tintindex": 0,"texture": "#0"},
				"up": {"uv": [0, 0, 6, 6], "tintindex": 0,"texture": "#0"},
				"down": {"uv": [0, 0, 6, 6], "tintindex": 0,"texture": "#0"}
			}
		},
		{
			"from": [8.6, 10.8, 8.2],
			"to": [13.4, 15.6, 13],
			"rotation": {"angle": 22.5, "axis": "y", "origin": [10.4, 13.2, 10.6]},
			"faces": {
				"north": {"uv": [0, 0, 6, 6], "tintindex": 0,"texture": "#0"},
				"east": {"uv": [0, 0, 6, 6], "tintindex": 0,"texture": "#0"},
				"south": {"uv": [0, 0, 6, 6], "tintindex": 0,"texture": "#0"},
				"west": {"uv": [0, 0, 6, 6], "tintindex": 0,"texture": "#0"},
				"up": {"uv": [0, 0, 6, 6], "tintindex": 0,"texture": "#0"},
				"down": {"uv": [0, 0, 6, 6], "tintindex": 0,"texture": "#0"}
			}
		},
		{
			"from": [6, 1.8, 13.8],
			"to": [10, 5, 18.6],
			"rotation": {"angle": -22.5, "axis": "x", "origin": [8, 4.2, 15.4]},
			"faces": {
				"north": {"uv": [0, 0, 5, 4], "tintindex": 0,"texture": "#4"},
				"east": {"uv": [0, 0, 6, 4], "tintindex": 0,"texture": "#4"},
				"south": {"uv": [0, 0, 5, 4], "tintindex": 0,"texture": "#4"},
				"west": {"uv": [0, 0, 6, 4], "tintindex": 0,"texture": "#4"},
				"up": {"uv": [0, 0, 5, 6], "tintindex": 0,"texture": "#4"},
				"down": {"uv": [0, 0, 5, 6], "tintindex": 0,"texture": "#4"}
			}
		},
		{
			"from": [4.8, 5.0102, 14.67862],
			"to": [6.4, 6.6102, 19.47862],
			"rotation": {"angle": -45, "axis": "x", "origin": [8.1, 5.0102, 17.87862]},
			"faces": {
				"north": {"uv": [0, 0, 2, 2], "tintindex": 0,"texture": "#8"},
				"east": {"uv": [0, 0, 6, 2], "tintindex": 0,"texture": "#8"},
				"south": {"uv": [0, 0, 2, 2], "tintindex": 0,"texture": "#8"},
				"west": {"uv": [0, 0, 6, 2], "tintindex": 0,"texture": "#8"},
				"up": {"uv": [0, 0, 2, 6], "tintindex": 0,"texture": "#8"},
				"down": {"uv": [0, 0, 2, 6], "tintindex": 0,"texture": "#8"}
			}
		},
		{
			"from": [9.8, 5.0102, 14.67862],
			"to": [11.4, 6.6102, 19.47862],
			"rotation": {"angle": -45, "axis": "x", "origin": [8.1, 5.0102, 17.87862]},
			"faces": {
				"north": {"uv": [0, 0, 2, 2], "tintindex": 0,"texture": "#8"},
				"east": {"uv": [0, 0, 6, 2], "tintindex": 0,"texture": "#8"},
				"south": {"uv": [0, 0, 2, 2], "tintindex": 0,"texture": "#8"},
				"west": {"uv": [0, 0, 6, 2], "tintindex": 0,"texture": "#8"},
				"up": {"uv": [0, 0, 2, 6], "tintindex": 0,"texture": "#8"},
				"down": {"uv": [0, 0, 2, 6], "tintindex": 0,"texture": "#8"}
			}
		},
		{
			"from": [9.8, 3.4102, 15.47862],
			"to": [11.4, 5.0102, 20.27862],
			"rotation": {"angle": -45, "axis": "x", "origin": [8.1, 5.0102, 17.87862]},
			"faces": {
				"north": {"uv": [0, 0, 2, 2], "tintindex": 0,"texture": "#8"},
				"east": {"uv": [0, 0, 6, 2], "tintindex": 0,"texture": "#8"},
				"south": {"uv": [0, 0, 2, 2], "tintindex": 0,"texture": "#8"},
				"west": {"uv": [0, 0, 6, 2], "tintindex": 0,"texture": "#8"},
				"up": {"uv": [0, 0, 2, 6], "tintindex": 0,"texture": "#8"},
				"down": {"uv": [0, 0, 2, 6], "tintindex": 0,"texture": "#8"}
			}
		},
		{
			"from": [4.8, 3.4102, 15.47862],
			"to": [6.4, 5.0102, 20.27862],
			"rotation": {"angle": -45, "axis": "x", "origin": [8.1, 5.0102, 17.87862]},
			"faces": {
				"north": {"uv": [0, 0, 2, 2], "tintindex": 0,"texture": "#8"},
				"east": {"uv": [0, 0, 6, 2], "tintindex": 0,"texture": "#8"},
				"south": {"uv": [0, 0, 2, 2], "tintindex": 0,"texture": "#8"},
				"west": {"uv": [0, 0, 6, 2], "tintindex": 0,"texture": "#8"},
				"up": {"uv": [0, 0, 2, 6], "tintindex": 0,"texture": "#8"},
				"down": {"uv": [0, 0, 2, 6], "tintindex": 0,"texture": "#8"}
			}
		},
		{
			"from": [4.8, 6.4, 6.6],
			"to": [11.2, 9.6, 9.8],
			"rotation": {"angle": 45, "axis": "x", "origin": [6.4, 7.2, 9]},
			"faces": {
				"north": {"uv": [0, 0, 8, 4], "tintindex": 0,"texture": "#2"},
				"east": {"uv": [0, 0, 4, 4], "tintindex": 0,"texture": "#2"},
				"south": {"uv": [0, 0, 8, 4], "tintindex": 0,"texture": "#2"},
				"west": {"uv": [0, 0, 4, 4], "tintindex": 0,"texture": "#2"},
				"up": {"uv": [0, 0, 8, 4], "tintindex": 0,"texture": "#2"},
				"down": {"uv": [0, 0, 8, 4], "tintindex": 0,"texture": "#2"}
			}
		},
		{
			"from": [5.6, 5.83431, 9.09706],
			"to": [10.4, 9.03431, 12.29706],
			"rotation": {"angle": 22.5, "axis": "x", "origin": [8, 6.63431, 10.69706]},
			"faces": {
				"north": {"uv": [0, 0, 6, 4], "tintindex": 0,"texture": "#2"},
				"east": {"uv": [0, 0, 4, 4], "tintindex": 0,"texture": "#2"},
				"south": {"uv": [0, 0, 6, 4], "tintindex": 0,"texture": "#2"},
				"west": {"uv": [0, 0, 4, 4], "tintindex": 0,"texture": "#2"},
				"up": {"uv": [0, 0, 6, 4], "tintindex": 0,"texture": "#2"},
				"down": {"uv": [0, 0, 6, 4], "tintindex": 0,"texture": "#2"}
			}
		},
		{
			"from": [6.2, 3.88543, 11.86744],
			"to": [9.8, 7.88543, 14.26744],
			"rotation": {"angle": -45, "axis": "x", "origin": [8, 6.08543, 13.06744]},
			"faces": {
				"north": {"uv": [0, 0, 4.5, 5], "rotation": 180, "tintindex": 0,"texture": "#2"},
				"east": {"uv": [0, 0, 5, 3], "rotation": 270, "tintindex": 0,"texture": "#2"},
				"south": {"uv": [0, 0, 4.5, 5], "tintindex": 0,"texture": "#2"},
				"west": {"uv": [0, 0, 5, 3], "rotation": 90, "tintindex": 0,"texture": "#2"},
				"up": {"uv": [0, 0, 4.5, 3], "rotation": 180, "tintindex": 0,"texture": "#2"},
				"down": {"uv": [0, 0, 4.5, 3], "tintindex": 0,"texture": "#2"}
			}
		},
		{
			"from": [6, 9.2, 3.6],
			"to": [10, 10.8, 5.2],
			"rotation": {"angle": 0, "axis": "y", "origin": [1.6, -6.4, 7.4]},
			"faces": {
				"north": {"uv": [0, 0, 5, 2], "tintindex": 0,"texture": "#2"},
				"east": {"uv": [0, 0, 2, 2], "tintindex": 0,"texture": "#2"},
				"south": {"uv": [0, 0, 5, 2], "tintindex": 0,"texture": "#2"},
				"west": {"uv": [0, 0, 2, 2], "tintindex": 0,"texture": "#2"},
				"up": {"uv": [0, 0, 5, 2], "tintindex": 0,"texture": "#2"},
				"down": {"uv": [0, 0, 5, 2], "tintindex": 0,"texture": "#2"}
			}
		},
		{
			"from": [5, 0.8, 15.4],
			"to": [6.6, 3.2, 17],
			"rotation": {"angle": 0, "axis": "y", "origin": [1.6, 0, 7.4]},
			"faces": {
				"north": {"uv": [0, 0, 2, 3], "tintindex": 0,"texture": "#8"},
				"east": {"uv": [0, 0, 2, 3], "tintindex": 0,"texture": "#8"},
				"south": {"uv": [0, 0, 2, 3], "tintindex": 0,"texture": "#8"},
				"west": {"uv": [0, 0, 2, 3], "tintindex": 0,"texture": "#8"},
				"up": {"uv": [0, 0, 2, 2], "tintindex": 0,"texture": "#8"},
				"down": {"uv": [0, 0, 2, 2], "tintindex": 0,"texture": "#8"}
			}
		},
		{
			"from": [9.6, 1.6, 15.4],
			"to": [11.2, 3.2, 17],
			"rotation": {"angle": 0, "axis": "y", "origin": [1.6, 0, 7.4]},
			"faces": {
				"north": {"uv": [0, 0, 2, 2], "tintindex": 0,"texture": "#8"},
				"east": {"uv": [0, 0, 2, 2], "tintindex": 0,"texture": "#8"},
				"south": {"uv": [0, 0, 2, 2], "tintindex": 0,"texture": "#8"},
				"west": {"uv": [0, 0, 2, 2], "tintindex": 0,"texture": "#8"},
				"up": {"uv": [0, 0, 2, 2], "tintindex": 0,"texture": "#8"},
				"down": {"uv": [0, 0, 2, 2], "tintindex": 0,"texture": "#8"}
			}
		}
	],
	"display": {
		"head": {
			"translation": [0, -15.75, 0],
			"scale": [4, 4, 4]
		}
	}
}