{
	"credit": "Made with Blockbench",
	"textures": {
		"0": "block/netherite_block",
		"particle": "block/netherite_block"
	},
	"elements": [
		{
			"from": [3, 4, 1],
			"to": [13, 14, 13],
			"rotation": {"angle": 0, "axis": "y", "origin": [11, 12, 9]},
			"faces": {
				"north": {"uv": [2, 2, 12, 13], "texture": "#0"},
				"east": {"uv": [1, 2, 14, 13], "texture": "#0"},
				"south": {"uv": [2, 2, 12, 13], "texture": "#0"},
				"west": {"uv": [1, 2, 14, 13], "texture": "#0"},
				"up": {"uv": [2, 1, 12, 14], "texture": "#0"},
				"down": {"uv": [2, 1, 12, 14], "texture": "#0"}
			}
		},
		{
			"from": [7, 2, -1],
			"to": [10, 9, 3],
			"rotation": {"angle": 0, "axis": "y", "origin": [15, 10, 7]},
			"faces": {
				"north": {"uv": [11, 6, 14, 14], "texture": "#0"},
				"east": {"uv": [4, 4, 8, 12], "texture": "#0"},
				"south": {"uv": [11, 6, 14, 14], "texture": "#0"},
				"west": {"uv": [4, 4, 8, 12], "texture": "#0"},
				"up": {"uv": [7, 5, 10, 9], "texture": "#0"},
				"down": {"uv": [7, 6, 10, 10], "texture": "#0"}
			}
		},
		{
			"from": [4, 11, 0.5],
			"to": [12, 12, 1.5],
			"rotation": {"angle": 0, "axis": "y", "origin": [12, 19, 8.5]},
			"faces": {
				"north": {"uv": [6, 0, 14, 1], "texture": "#0"},
				"east": {"uv": [0, 0, 1, 1], "texture": "#0"},
				"south": {"uv": [4, 0, 12, 1], "texture": "#0"},
				"west": {"uv": [0, 0, 1, 1], "texture": "#0"},
				"up": {"uv": [0, 0, 8, 1], "texture": "#0"},
				"down": {"uv": [0, 0, 8, 1], "texture": "#0"}
			}
		},
		{
			"from": [5, 9.5, 0.9],
			"to": [7, 10.5, 1.9],
			"rotation": {"angle": 0, "axis": "y", "origin": [13, 17.5, 8.9]},
			"faces": {
				"north": {"uv": [0, 1, 2, 2], "texture": "#0"},
				"east": {"uv": [0, 0, 1, 1], "texture": "#0"},
				"south": {"uv": [13, 12, 15, 13], "texture": "#0"},
				"west": {"uv": [0, 0, 1, 1], "texture": "#0"},
				"up": {"uv": [0, 0, 2, 1], "texture": "#0"},
				"down": {"uv": [0, 0, 2, 1], "texture": "#0"}
			}
		},
		{
			"from": [9, 9.5, 0.9],
			"to": [11, 10.5, 1.9],
			"rotation": {"angle": 0, "axis": "y", "origin": [17, 17.5, 8.9]},
			"faces": {
				"north": {"uv": [14, 3, 16, 4], "texture": "#0"},
				"east": {"uv": [0, 0, 1, 1], "texture": "#0"},
				"south": {"uv": [13, 12, 15, 13], "texture": "#0"},
				"west": {"uv": [0, 0, 1, 1], "texture": "#0"},
				"up": {"uv": [0, 0, 2, 1], "texture": "#0"},
				"down": {"uv": [0, 0, 2, 1], "texture": "#0"}
			}
		},
		{
			"from": [2, 12, 0],
			"to": [14, 16, 14],
			"rotation": {"angle": 0, "axis": "y", "origin": [10, 20, 8]},
			"faces": {
				"north": {"uv": [2, 10, 14, 14], "texture": "#0"},
				"east": {"uv": [1, 2, 15, 6], "texture": "#0"},
				"south": {"uv": [2, 3, 14, 7], "texture": "#0"},
				"west": {"uv": [1, 2, 15, 6], "texture": "#0"},
				"up": {"uv": [1, 1, 13, 15], "texture": "#0"},
				"down": {"uv": [1, 1, 13, 15], "texture": "#0"}
			}
		},
		{
			"from": [2, 11, 0],
			"to": [4, 12, 14],
			"rotation": {"angle": 0, "axis": "y", "origin": [10, 19, 8]},
			"faces": {
				"north": {"uv": [14, 15, 16, 16], "texture": "#0"},
				"east": {"uv": [1, 3, 15, 4], "texture": "#0"},
				"south": {"uv": [13, 2, 15, 3], "texture": "#0"},
				"west": {"uv": [1, 3, 15, 4], "texture": "#0"},
				"up": {"uv": [4, 1, 6, 15], "texture": "#0"},
				"down": {"uv": [4, 1, 6, 15], "texture": "#0"}
			}
		},
		{
			"from": [12, 11, 0],
			"to": [14, 12, 14],
			"rotation": {"angle": 0, "axis": "y", "origin": [20, 19, 8]},
			"faces": {
				"north": {"uv": [14, 15, 16, 16], "texture": "#0"},
				"east": {"uv": [1, 3, 15, 4], "texture": "#0"},
				"south": {"uv": [13, 2, 15, 3], "texture": "#0"},
				"west": {"uv": [1, 3, 15, 4], "texture": "#0"},
				"up": {"uv": [4, 1, 6, 15], "texture": "#0"},
				"down": {"uv": [4, 1, 6, 15], "texture": "#0"}
			}
		},
		{
			"from": [2, 10, 1],
			"to": [3, 11, 14],
			"rotation": {"angle": 0, "axis": "y", "origin": [10, 18, 9]},
			"faces": {
				"north": {"uv": [15, 15, 16, 16], "texture": "#0"},
				"east": {"uv": [1, 3, 14, 4], "texture": "#0"},
				"south": {"uv": [5, 3, 6, 4], "texture": "#0"},
				"west": {"uv": [1, 3, 14, 4], "texture": "#0"},
				"up": {"uv": [7, 1, 8, 14], "texture": "#0"},
				"down": {"uv": [7, 1, 8, 14], "texture": "#0"}
			}
		},
		{
			"from": [13, 10, 1],
			"to": [14, 11, 14],
			"rotation": {"angle": 0, "axis": "y", "origin": [21, 18, 9]},
			"faces": {
				"north": {"uv": [15, 15, 16, 16], "texture": "#0"},
				"east": {"uv": [1, 3, 14, 4], "texture": "#0"},
				"south": {"uv": [5, 3, 6, 4], "texture": "#0"},
				"west": {"uv": [1, 3, 14, 4], "texture": "#0"},
				"up": {"uv": [7, 1, 8, 14], "texture": "#0"},
				"down": {"uv": [7, 1, 8, 14], "texture": "#0"}
			}
		},
		{
			"from": [4, 11, 13],
			"to": [12, 12, 14],
			"rotation": {"angle": 0, "axis": "y", "origin": [12, 19, 21]},
			"faces": {
				"north": {"uv": [2, 4, 10, 5], "texture": "#0"},
				"east": {"uv": [0, 0, 1, 1], "texture": "#0"},
				"south": {"uv": [3, 4, 11, 5], "texture": "#0"},
				"west": {"uv": [0, 0, 1, 1], "texture": "#0"},
				"up": {"uv": [0, 0, 8, 1], "texture": "#0"},
				"down": {"uv": [0, 0, 8, 1], "texture": "#0"}
			}
		},
		{
			"from": [3, 10, 13],
			"to": [13, 11, 14],
			"rotation": {"angle": 0, "axis": "y", "origin": [11, 18, 21]},
			"faces": {
				"north": {"uv": [3, 6, 13, 7], "texture": "#0"},
				"east": {"uv": [5, 5, 6, 6], "texture": "#0"},
				"south": {"uv": [3, 6, 13, 7], "texture": "#0"},
				"west": {"uv": [6, 5, 7, 6], "texture": "#0"},
				"up": {"uv": [4, 5, 14, 6], "texture": "#0"},
				"down": {"uv": [4, 5, 14, 6], "texture": "#0"}
			}
		},
		{
			"from": [2, 9, 2],
			"to": [14, 10, 14],
			"rotation": {"angle": 0, "axis": "y", "origin": [10, 17, 10]},
			"faces": {
				"north": {"uv": [3, 15, 15, 16], "texture": "#0"},
				"east": {"uv": [1, 5, 13, 6], "texture": "#0"},
				"south": {"uv": [3, 7, 15, 8], "texture": "#0"},
				"west": {"uv": [2, 4, 14, 5], "texture": "#0"},
				"up": {"uv": [1, 2, 13, 14], "texture": "#0"},
				"down": {"uv": [2, 2, 14, 14], "texture": "#0"}
			}
		},
		{
			"from": [2, 8, 3],
			"to": [14, 9, 14],
			"rotation": {"angle": 0, "axis": "y", "origin": [10, 16, 11]},
			"faces": {
				"north": {"uv": [2, 15, 14, 16], "texture": "#0"},
				"east": {"uv": [2, 5, 13, 6], "texture": "#0"},
				"south": {"uv": [1, 3, 13, 4], "texture": "#0"},
				"west": {"uv": [2, 4, 13, 5], "texture": "#0"},
				"up": {"uv": [2, 2, 14, 13], "texture": "#0"},
				"down": {"uv": [2, 2, 14, 13], "texture": "#0"}
			}
		},
		{
			"from": [2, 7, 4],
			"to": [14, 8, 14],
			"rotation": {"angle": 0, "axis": "y", "origin": [10, 15, 12]},
			"faces": {
				"north": {"uv": [1, 15, 13, 16], "texture": "#0"},
				"east": {"uv": [3, 4, 13, 5], "texture": "#0"},
				"south": {"uv": [3, 6, 15, 7], "texture": "#0"},
				"west": {"uv": [3, 4, 13, 5], "texture": "#0"},
				"up": {"uv": [1, 2, 13, 12], "texture": "#0"},
				"down": {"uv": [2, 2, 14, 12], "texture": "#0"}
			}
		},
		{
			"from": [2, 6, 5],
			"to": [14, 7, 14],
			"rotation": {"angle": 0, "axis": "y", "origin": [10, 14, 13]},
			"faces": {
				"north": {"uv": [0, 15, 12, 16], "texture": "#0"},
				"east": {"uv": [3, 7, 12, 8], "texture": "#0"},
				"south": {"uv": [2, 4, 14, 5], "texture": "#0"},
				"west": {"uv": [2, 6, 11, 7], "texture": "#0"},
				"up": {"uv": [2, 3, 14, 12], "texture": "#0"},
				"down": {"uv": [2, 2, 14, 11], "texture": "#0"}
			}
		},
		{
			"from": [2, 5, 6],
			"to": [14, 6, 14],
			"rotation": {"angle": 0, "axis": "y", "origin": [10, 13, 14]},
			"faces": {
				"north": {"uv": [0, 15, 12, 16], "texture": "#0"},
				"east": {"uv": [4, 5, 12, 6], "texture": "#0"},
				"south": {"uv": [1, 3, 13, 4], "texture": "#0"},
				"west": {"uv": [2, 5, 10, 6], "texture": "#0"},
				"up": {"uv": [2, 4, 14, 12], "texture": "#0"},
				"down": {"uv": [2, 4, 14, 12], "texture": "#0"}
			}
		}
	],
		"gui_light": "front",
	"display": {
		"thirdperson_righthand": {
			"rotation": [0, 162, 0],
			"translation": [-2.5, 1.75, 0],
			"scale": [0.4, 0.4, 0.4]
		},
		"thirdperson_lefthand": {
			"rotation": [0, 162, 0],
			"translation": [-2.5, 1.75, 0],
			"scale": [0.4, 0.4, 0.4]
		},
		"firstperson_righthand": {
			"rotation": [0, 162, 0],
			"translation": [-2.5, 1.75, 0],
			"scale": [0.4, 0.4, 0.4]
		},
		"firstperson_lefthand": {
			"rotation": [0, 162, 0],
			"translation": [-2.5, 1.75, 0],
			"scale": [0.4, 0.4, 0.4]
		},
		"ground": {
			"rotation": [0, 162, 0],
			"translation": [-2.5, 1.75, 0],
			"scale": [0.4, 0.4, 0.4]
		},
		"gui": {
			"rotation": [11, -162, 0],
			"translation": [0, -1, 0],
			"scale": [0.7, 0.7, 0.7]
		},
		"head": {
			"translation": [0, -1.25, 0],
			"scale": [1.3, 1.3, 1.3]
		},
		"fixed": {
			"translation": [0, -1, 0]
		}
	}
}