{
  "model": {
    "type": "range_dispatch",
    "property": "custom_model_data",
    "model": "minecraft:item/bread",
    "entries": [
      {
        "threshold": 1,
        "model": {
          "type": "model",
          "model": "item/food/cake/cake1"
        }
      },
      {
        "threshold": 2,
        "model": {
          "type": "model",
          "model": "item/food/cake/castella1"
        }
      },
      {
        "threshold": 3,
        "model": {
          "type": "model",
          "model": "item/food/cake/castella2"
        }
      },
      {
        "threshold": 4,
        "model": {
          "type": "model",
          "model": "item/food/cake/cream_puff1"
        }
      },
      {
        "threshold": 5,
        "model": {
          "type": "model",
          "model": "item/food/cake/cream_puff2"
        }
      },
      {
        "threshold": 6,
        "model": {
          "type": "model",
          "model": "item/food/cake/cream_puff3"
        }
      },
      {
        "threshold": 7,
        "model": {
          "type": "model",
          "model": "item/food/cake/donuts1"
        }
      },
      {
        "threshold": 8,
        "model": {
          "type": "model",
          "model": "item/food/cake/donuts2"
        }
      },
      {
        "threshold": 9,
        "model": {
          "type": "model",
          "model": "item/food/cake/donuts3"
        }
      },
      {
        "threshold": 10,
        "model": {
          "type": "model",
          "model": "item/food/cake/dumpling1"
        }
      },
      {
        "threshold": 11,
        "model": {
          "type": "model",
          "model": "item/food/cake/dumpling2"
        }
      },
      {
        "threshold": 12,
        "model": {
          "type": "model",
          "model": "item/food/cake/dumpling3"
        }
      },
      {
        "threshold": 13,
        "model": {
          "type": "model",
          "model": "item/food/cake/pudding"
        }
      },
      {
        "threshold": 14,
        "model": {
          "type": "model",
          "model": "item/food/sushi"
        }
      }

      
      
    ],
    "fallback": {
      "type": "model",
      "model": "item/bread"
    }
  }
}