{
  "model": {
    "type": "range_dispatch",
    "property": "custom_model_data",
    "model": "minecraft:item/carrot_on_a_stick",
    "entries": [
      {
        "threshold": 1,
        "model": {
          "type": "model",
          "model": "item/weapon/stuff/rod1"
        }
      },
      {
        "threshold": 2,
        "model": {
          "type": "model",
          "model": "item/weapon/stuff/rod2"
        }
      },
      {
        "threshold": 3,
        "model": {
          "type": "model",
          "model": "item/weapon/stuff/rod3"
        }
      },
      
      
      
      
      
      
      
      
      
      {
        "threshold": 101,
        "model": {
          "type": "model",
          "model": "item/magic_item/fire1"
        }
      },
      {
        "threshold": 102,
        "model": {
          "type": "model",
          "model": "item/magic_item/fire2"
        }
      },
      {
        "threshold": 103,
        "model": {
          "type": "model",
          "model": "item/magic_item/fire3"
        }
      },
      {
        "threshold": 104,
        "model": {
          "type": "model",
          "model": "item/magic_item/ice1"
        }
      },
      {
        "threshold": 105,
        "model": {
          "type": "model",
          "model": "item/magic_item/ice2"
        }
      },
      {
        "threshold": 106,
        "model": {
          "type": "model",
          "model": "item/magic_item/ice3"
        }
      },
      {
        "threshold": 107,
        "model": {
          "type": "model",
          "model": "item/magic_item/earth1"
        }
      },
      {
        "threshold": 108,
        "model": {
          "type": "model",
          "model": "item/magic_item/earth2"
        }
      },
      {
        "threshold": 109,
        "model": {
          "type": "model",
          "model": "item/magic_item/wind1"
        }
      },
      {
        "threshold": 110,
        "model": {
          "type": "model",
          "model": "item/magic_item/wind2"
        }
      },
      {
        "threshold": 111,
        "model": {
          "type": "model",
          "model": "item/magic_item/explosion"
        }
      },
      {
        "threshold": 112,
        "model": {
          "type": "model",
          "model": "item/magic_item/heal1"
        }
      },
      {
        "threshold": 113,
        "model": {
          "type": "model",
          "model": "item/magic_item/heal2"
        }
      },
      {
        "threshold": 114,
        "model": {
          "type": "model",
          "model": "item/magic_item/summon1"
        }
      },
      {
        "threshold": 115,
        "model": {
          "type": "model",
          "model": "item/magic_item/summon2"
        }
      },
      {
        "threshold": 116,
        "model": {
          "type": "model",
          "model": "item/magic_item/summon3"
        }
      },
      {
        "threshold": 117,
        "model": {
          "type": "model",
          "model": "item/magic_item/summon4"
        }
      },
      {
        "threshold": 118,
        "model": {
          "type": "model",
          "model": "item/magic_item/summon5"
        }
      },
      
      
      
      
      
      {
        "threshold": 201,
        "model": {
          "type": "model",
          "model": "item/book"
        }
      }
      
      
      
    ],
    "fallback": {
      "type": "model",
      "model": "item/carrot_on_a_stick"
    }
  }
}