{
  "model": {
    "type": "range_dispatch",
    "property": "custom_model_data",
    "model": "minecraft:block/gray_stained_glass",
    "entries": [
      {
        "threshold": 1,
        "model": {
          "type": "model",
          "model": "item/npc/lomia/automaton1"
        }
      },
      {
        "threshold": 2,
        "model": {
          "type": "model",
          "model": "item/npc/lomia/automaton2"
        }
      },
      {
        "threshold": 3,
        "model": {
          "type": "model",
          "model": "item/npc/lomia/automaton3"
        }
      },
      {
        "threshold": 4,
        "model": {
          "type": "model",
          "model": "item/npc/lomia/automaton4"
        }
      },
      {
        "threshold": 5,
        "model": {
          "type": "model",
          "model": "item/npc/lomia/automaton5"
        }
      },
      {
        "threshold": 6,
        "model": {
          "type": "model",
          "model": "item/npc/lomia/automaton6"
        }
      },
      {
        "threshold": 7,
        "model": {
          "type": "model",
          "model": "item/npc/lomia/automaton7"
        }
      },
      
      
      {
        "threshold": 10,
        "model": {
          "type": "model",
          "model": "item/npc/lomia/luisa"
        }
      },
      {
        "threshold": 11,
        "model": {
          "type": "model",
          "model": "item/npc/lomia/hayate"
        }
      },
      {
        "threshold": 12,
        "model": {
          "type": "model",
          "model": "item/npc/lomia/bar"
        }
      },
      {
        "threshold": 13,
        "model": {
          "type": "model",
          "model": "item/npc/lomia/blacksmith"
        }
      },
      {
        "threshold": 14,
        "model": {
          "type": "model",
          "model": "item/npc/lomia/dark_trader"
        }
      },
      {
        "threshold": 15,
        "model": {
          "type": "model",
          "model": "item/npc/lomia/elder"
        }
      },
      {
        "threshold": 16,
        "model": {
          "type": "model",
          "model": "item/npc/lomia/maid1"
        }
      },
      {
        "threshold": 17,
        "model": {
          "type": "model",
          "model": "item/npc/lomia/maid2"
        }
      },
      {
        "threshold": 18,
        "model": {
          "type": "model",
          "model": "item/npc/lomia/master"
        }
      },
      {
        "threshold": 19,
        "model": {
          "type": "model",
          "model": "item/npc/lomia/priest"
        }
      },
      {
        "threshold": 20,
        "model": {
          "type": "model",
          "model": "item/npc/lomia/witch"
        }
      },
      {
        "threshold": 21,
        "model": {
          "type": "model",
          "model": "item/npc/lomia/bad_trader"
        }
      },
      {
        "threshold": 22,
        "model": {
          "type": "model",
          "model": "item/npc/lomia/traveler1"
        }
      },
      {
        "threshold": 23,
        "model": {
          "type": "model",
          "model": "item/npc/lomia/traveler2"
        }
      }

      
      
    ],
    "fallback": {
      "type": "model",
      "model": "block/gray_stained_glass"
    }
  }
}