{
  "model": {
    "type": "range_dispatch",
    "property": "custom_model_data",
    "model": "minecraft:item/honey_bottle",
    "entries": [
      {
        "threshold": 1,
        "model": {
          "type": "model",
          "model": "item/food/drink/star1"
        }
      },
      {
        "threshold": 2,
        "model": {
          "type": "model",
          "model": "item/food/drink/star2"
        }
      },
      {
        "threshold": 3,
        "model": {
          "type": "model",
          "model": "item/food/drink/star3"
        }
      },
      {
        "threshold": 4,
        "model": {
          "type": "model",
          "model": "item/food/drink/star4"
        }
      },
      {
        "threshold": 5,
        "model": {
          "type": "model",
          "model": "item/food/drink/water"
        }
      },
      {
        "threshold": 6,
        "model": {
          "type": "model",
          "model": "item/food/drink/sake"
        }
      },
      {
        "threshold": 7,
        "model": {
          "type": "model",
          "model": "item/food/drink/wine1"
        }
      },
      {
        "threshold": 8,
        "model": {
          "type": "model",
          "model": "item/food/drink/wine2"
        }
      },
      {
        "threshold": 9,
        "model": {
          "type": "model",
          "model": "item/food/drink/wine3"
        }
      },
      {
        "threshold": 10,
        "model": {
          "type": "model",
          "model": "item/food/drink/wine4"
        }
      },
      {
        "threshold": 11,
        "model": {
          "type": "model",
          "model": "item/food/drink/wine5"
        }
      },
      {
        "threshold": 12,
        "model": {
          "type": "model",
          "model": "item/food/drink/coffee"
        }
      },
      {
        "threshold": 13,
        "model": {
          "type": "model",
          "model": "item/food/drink/green_tea"
        }
      },
      {
        "threshold": 14,
        "model": {
          "type": "model",
          "model": "item/food/drink/tea"
        }
      }

      
      
    ],
    "fallback": {
      "type": "model",
      "model": "item/honey_bottle"
    }
  }
}