{
  "model": {
    "type": "range_dispatch",
    "property": "custom_model_data",
    "model": "minecraft:item/iron_axe",
    "entries": [
      {
        "threshold": 1,
        "model": {
          "type": "model",
          "model": "item/weapon/spear/iron_spear"
        }
      },
      {
        "threshold": 2,
        "model": {
          "type": "model",
          "model": "item/weapon/spear/iron_scythe"
        }
      },
      {
        "threshold": 3,
        "model": {
          "type": "model",
          "model": "item/weapon/axe/giran"
        }
      },
      {
        "threshold": 4,
        "model": {
          "type": "model",
          "model": "item/weapon/axe/belt"
        }
      }
      
      
      
    ],
    "fallback": {
      "type": "model",
      "model": "item/iron_axe"
    }
  }
}