{
  "model": {
    "type": "range_dispatch",
    "property": "custom_model_data",
    "model": "minecraft:item/iron_sword",
    "entries": [
      {
        "threshold": 1,
        "model": {
          "type": "model",
          "model": "item/weapon/knife/iron_knife"
        }
      },
      {
        "threshold": 2,
        "model": {
          "type": "model",
          "model": "item/weapon/sword/gizagiza"
        }
      },
      {
        "threshold": 3,
        "model": {
          "type": "model",
          "model": "item/weapon/sword/angel"
        }
      },
      {
        "threshold": 4,
        "model": {
          "type": "model",
          "model": "item/weapon/sword/undead_punisher"
        }
      }
      
      
    ],
    "fallback": {
      "type": "model",
      "model": "item/iron_sword"
    }
  }
}