{
  "model": {
    "type": "range_dispatch",
    "property": "custom_model_data",
    "model": "minecraft:block/light_gray_stained_glass",
    "entries": [
      {
        "threshold": 1,
        "model": {
          "type": "model",
          "model": "item/ring/blue_ring"
        }
      },    
      {
        "threshold": 2,
        "model": {
          "type": "model",
          "model": "item/ring/red_ring"
        }
      }, 
      
      
      {
        "threshold": 51,
        "model": {
          "type": "model",
          "model": "item/neckless/blue_neckless"
        }
      },    
      {
        "threshold": 52,
        "model": {
          "type": "model",
          "model": "item/neckless/red_neckless"
        }
      }, 
      
      {
        "threshold": 101,
        "model": {
          "type": "model",
          "model": "item/inventory/skill_1"
        }
      },
      {
        "threshold": 102,
        "model": {
          "type": "model",
          "model": "item/inventory/skill_2"
        }
      },
      {
        "threshold": 103,
        "model": {
          "type": "model",
          "model": "item/inventory/skill_3"
        }
      },
      {
        "threshold": 104,
        "model": {
          "type": "model",
          "model": "item/inventory/skill_4"
        }
      },
      {
        "threshold": 105,
        "model": {
          "type": "model",
          "model": "item/inventory/skill_5"
        }
      },
      {
        "threshold": 106,
        "model": {
          "type": "model",
          "model": "item/inventory/skill_6"
        }
      },
      {
        "threshold": 107,
        "model": {
          "type": "model",
          "model": "item/inventory/skill_7"
        }
      },
      {
        "threshold": 108,
        "model": {
          "type": "model",
          "model": "item/inventory/skill_8"
        }
      },
      {
        "threshold": 109,
        "model": {
          "type": "model",
          "model": "item/inventory/skill_9"
        }
      },
      {
        "threshold": 110,
        "model": {
          "type": "model",
          "model": "item/inventory/skill_10"
        }
      },
      {
        "threshold": 111,
        "model": {
          "type": "model",
          "model": "item/inventory/skill_11"
        }
      },
      {
        "threshold": 112,
        "model": {
          "type": "model",
          "model": "item/inventory/skill_12"
        }
      },
      {
        "threshold": 113,
        "model": {
          "type": "model",
          "model": "item/inventory/skill_13"
        }
      },
      {
        "threshold": 114,
        "model": {
          "type": "model",
          "model": "item/inventory/skill_14"
        }
      },
      {
        "threshold": 115,
        "model": {
          "type": "model",
          "model": "item/inventory/skill_15"
        }
      },
      {
        "threshold": 116,
        "model": {
          "type": "model",
          "model": "item/inventory/skill_16"
        }
      },
      {
        "threshold": 117,
        "model": {
          "type": "model",
          "model": "item/inventory/skill_17"
        }
      },
      {
        "threshold": 118,
        "model": {
          "type": "model",
          "model": "item/inventory/skill_18"
        }
      },
      {
        "threshold": 119,
        "model": {
          "type": "model",
          "model": "item/inventory/skill_19"
        }
      },
      {
        "threshold": 120,
        "model": {
          "type": "model",
          "model": "item/inventory/skill_20"
        }
      },
      {
        "threshold": 121,
        "model": {
          "type": "model",
          "model": "item/inventory/skill_21"
        }
      },
      {
        "threshold": 122,
        "model": {
          "type": "model",
          "model": "item/inventory/skill_22"
        }
      },
      {
        "threshold": 123,
        "model": {
          "type": "model",
          "model": "item/inventory/skill_23"
        }
      },
      {
        "threshold": 124,
        "model": {
          "type": "model",
          "model": "item/inventory/skill_24"
        }
      },
      {
        "threshold": 125,
        "model": {
          "type": "model",
          "model": "item/inventory/skill_25"
        }
      },
      {
        "threshold": 126,
        "model": {
          "type": "model",
          "model": "item/inventory/skill_26"
        }
      },
      {
        "threshold": 127,
        "model": {
          "type": "model",
          "model": "item/inventory/skill_27"
        }
      },
      {
        "threshold": 128,
        "model": {
          "type": "model",
          "model": "item/inventory/skill_28"
        }
      },
      {
        "threshold": 129,
        "model": {
          "type": "model",
          "model": "item/inventory/skill_29"
        }
      },
      {
        "threshold": 130,
        "model": {
          "type": "model",
          "model": "item/inventory/skill_30"
        }
      },
      {
        "threshold": 131,
        "model": {
          "type": "model",
          "model": "item/inventory/skill_31"
        }
      },
      {
        "threshold": 132,
        "model": {
          "type": "model",
          "model": "item/inventory/skill_32"
        }
      },
      {
        "threshold": 133,
        "model": {
          "type": "model",
          "model": "item/inventory/skill_33"
        }
      },
      {
        "threshold": 134,
        "model": {
          "type": "model",
          "model": "item/inventory/skill_34"
        }
      },
      {
        "threshold": 135,
        "model": {
          "type": "model",
          "model": "item/inventory/skill_35"
        }
      },
      {
        "threshold": 136,
        "model": {
          "type": "model",
          "model": "item/inventory/skill_36"
        }
      },
      {
        "threshold": 137,
        "model": {
          "type": "model",
          "model": "item/inventory/skill_37"
        }
      },
      {
        "threshold": 138,
        "model": {
          "type": "model",
          "model": "item/inventory/skill_38"
        }
      },
      {
        "threshold": 139,
        "model": {
          "type": "model",
          "model": "item/inventory/skill_39"
        }
      },
      {
        "threshold": 140,
        "model": {
          "type": "model",
          "model": "item/inventory/skill_40"
        }
      },
      {
        "threshold": 141,
        "model": {
          "type": "model",
          "model": "item/inventory/skill_41"
        }
      },
      {
        "threshold": 142,
        "model": {
          "type": "model",
          "model": "item/inventory/skill_42"
        }
      },
      {
        "threshold": 143,
        "model": {
          "type": "model",
          "model": "item/inventory/skill_43"
        }
      },
      {
        "threshold": 144,
        "model": {
          "type": "model",
          "model": "item/inventory/skill_44"
        }
      },
      {
        "threshold": 145,
        "model": {
          "type": "model",
          "model": "item/inventory/skill_45"
        }
      },
      {
        "threshold": 146,
        "model": {
          "type": "model",
          "model": "item/inventory/skill_46"
        }
      },
      {
        "threshold": 147,
        "model": {
          "type": "model",
          "model": "item/inventory/skill_47"
        }
      },
      {
        "threshold": 148,
        "model": {
          "type": "model",
          "model": "item/inventory/skill_48"
        }
      },

          
      {
        "threshold": 1000,
        "model": {
          "type": "model",
          "model": "item/inventory/item_empty"
        }
      },
      {
        "threshold": 1001,
        "model": {
          "type": "model",
          "model": "item/inventory/item_null"
        }
      },
      {
        "threshold": 1002,
        "model": {
          "type": "model",
          "model": "item/inventory/item_empty_skill"
        }
      },
      {
        "threshold": 1003,
        "model": {
          "type": "model",
          "model": "item/inventory/item_empty_neckless"
        }
      },
      {
        "threshold": 1004,
        "model": {
          "type": "model",
          "model": "item/inventory/item_empty_ring"
        }
      },
      {
        "threshold": 1005,
        "model": {
          "type": "model",
          "model": "item/inventory/item_empty_money"
        }
      },
      {
        "threshold": 1006,
        "model": {
          "type": "model",
          "model": "item/inventory/item_empty_skill"
        }
      },
      {
        "threshold": 1007,
        "model": {
          "type": "model",
          "model": "item/inventory/ender_right"
        }
      },
      {
        "threshold": 1008,
        "model": {
          "type": "model",
          "model": "item/inventory/ender_left"
        }
      },
      {
        "threshold": 1009,
        "model": {
          "type": "model",
          "model": "item/inventory/ender_num1"
        }
      },
      {
        "threshold": 1010,
        "model": {
          "type": "model",
          "model": "item/inventory/ender_num2"
        }
      },
      {
        "threshold": 1011,
        "model": {
          "type": "model",
          "model": "item/inventory/ender_num3"
        }
      }
      
      
      
      
      
      
    ],
    "fallback": {
      "type": "model",
      "model": "block/light_gray_stained_glass"
    }
  }
}