{
  "model": {
    "type": "range_dispatch",
    "property": "custom_model_data",
    "model": "minecraft:item/netherite_axe",
    "entries": [
      {
        "threshold": 1,
        "model": {
          "type": "model",
          "model": "item/weapon/spear/netherite_spear"
        }
      },
      {
        "threshold": 2,
        "model": {
          "type": "model",
          "model": "item/weapon/spear/netherite_scythe"
        }
      }
      
      
      
    ],
    "fallback": {
      "type": "model",
      "model": "item/netherite_axe"
    }
  }
}