{
	"credit": "Made with Blockbench",
	"textures": {
		"0": "block/dark_oak_planks",
		"2": "block/iron_block",
		"particle": "block/dark_oak_planks"
	},
	"elements": [
		{
			"from": [7.5, 0, 7.5],
			"to": [8.5, 12, 8.5],
			"faces": {
				"north": {"uv": [0, 0, 1, 12], "texture": "#0"},
				"east": {"uv": [0, 0, 1, 12], "texture": "#0"},
				"south": {"uv": [0, 0, 1, 12], "texture": "#0"},
				"west": {"uv": [0, 0, 1, 12], "texture": "#0"},
				"up": {"uv": [0, 0, 1, 1], "texture": "#0"},
				"down": {"uv": [0, 0, 1, 1], "texture": "#0"}
			}
		},
		{
			"from": [7.5, 12.26538, 5.16584],
			"to": [8.5, 14.26538, 6.16584],
			"rotation": {"angle": 22.5, "axis": "x", "origin": [8, 6.26538, 5.66584]},
			"faces": {
				"north": {"uv": [0, 0, 1, 2], "rotation": 180, "texture": "#0"},
				"east": {"uv": [0, 0, 1, 2], "rotation": 180, "texture": "#0"},
				"south": {"uv": [0, 0, 1, 2], "rotation": 180, "texture": "#0"},
				"west": {"uv": [0, 0, 1, 2], "rotation": 180, "texture": "#0"},
				"up": {"uv": [0, 0, 1, 1], "texture": "#0"},
				"down": {"uv": [0, 0, 1, 1], "texture": "#0"}
			}
		},
		{
			"from": [7, 14.26538, 4.66584],
			"to": [9, 16.26538, 6.66584],
			"rotation": {"angle": 22.5, "axis": "x", "origin": [8, 6.26538, 5.66584]},
			"faces": {
				"north": {"uv": [0, 0, 2, 2], "rotation": 180, "texture": "#0"},
				"east": {"uv": [0, 0, 2, 2], "rotation": 180, "texture": "#0"},
				"south": {"uv": [0, 0, 2, 2], "rotation": 180, "texture": "#0"},
				"west": {"uv": [0, 0, 2, 2], "rotation": 180, "texture": "#0"},
				"up": {"uv": [0, 0, 2, 2], "texture": "#0"},
				"down": {"uv": [0, 0, 2, 2], "texture": "#0"}
			}
		},
		{
			"from": [7.5, 15.75, 3],
			"to": [8.5, 16.75, 8],
			"rotation": {"angle": 22.5, "axis": "x", "origin": [8, 15, 5]},
			"faces": {
				"north": {"uv": [0, 3, 1, 4], "texture": "#2"},
				"east": {"uv": [0, 3, 1, 4], "texture": "#2"},
				"south": {"uv": [0, 3, 1, 4], "texture": "#2"},
				"west": {"uv": [0, 3, 1, 4], "texture": "#2"},
				"up": {"uv": [0, 3, 1, 4], "texture": "#2"},
				"down": {"uv": [0, 3, 1, 4], "texture": "#2"}
			}
		},
		{
			"from": [7.5, 15.26084, -1.88517],
			"to": [8.5, 16.31084, 6.41483],
			"faces": {
				"north": {"uv": [0, 3, 1, 4], "texture": "#2"},
				"east": {"uv": [0, 3, 1, 4], "texture": "#2"},
				"south": {"uv": [0, 3, 1, 4], "texture": "#2"},
				"west": {"uv": [0, 3, 1, 4], "texture": "#2"},
				"up": {"uv": [0, 3, 1, 4], "texture": "#2"},
				"down": {"uv": [0, 3, 1, 4], "texture": "#2"}
			}
		},
		{
			"from": [7.5, 16.13216, -1.17806],
			"to": [8.5, 17.38216, 3.82194],
			"faces": {
				"north": {"uv": [0, 3, 1, 4], "texture": "#2"},
				"east": {"uv": [0, 3, 1, 4], "texture": "#2"},
				"south": {"uv": [0, 3, 1, 4], "texture": "#2"},
				"west": {"uv": [0, 3, 1, 4], "texture": "#2"},
				"up": {"uv": [0, 3, 1, 4], "texture": "#2"},
				"down": {"uv": [0, 3, 1, 4], "texture": "#2"}
			}
		},
		{
			"from": [7.5, 22.55157, -4.28377],
			"to": [8.5, 23.55157, -2.28377],
			"rotation": {"angle": -45, "axis": "x", "origin": [8, 21.80157, 5.71623]},
			"faces": {
				"north": {"uv": [0, 3, 1, 4], "texture": "#2"},
				"east": {"uv": [0, 3, 1, 4], "texture": "#2"},
				"south": {"uv": [0, 3, 1, 4], "texture": "#2"},
				"west": {"uv": [0, 3, 1, 4], "texture": "#2"},
				"up": {"uv": [0, 3, 1, 4], "texture": "#2"},
				"down": {"uv": [0, 3, 1, 4], "texture": "#2"}
			}
		},
		{
			"from": [7.67678, 15.04117, -1.88517],
			"to": [8.38388, 15.74827, 7.71483],
			"rotation": {"angle": 45, "axis": "z", "origin": [8.17678, 15.29117, 4.11483]},
			"faces": {
				"north": {"uv": [6, 10, 7, 11], "texture": "#2"},
				"east": {"uv": [6, 10, 7, 11], "texture": "#2"},
				"south": {"uv": [6, 10, 7, 11], "texture": "#2"},
				"west": {"uv": [6, 10, 7, 11], "texture": "#2"},
				"up": {"uv": [6, 10, 7, 11], "texture": "#2"},
				"down": {"uv": [6, 10, 7, 11], "texture": "#2"}
			}
		}
	],
	"gui_light": "front",
	"display": {
		"thirdperson_righthand": {
			"rotation": [0, 0, -24],
			"translation": [4, 9.25, 0],
			"scale": [2, 2, 2]
		},
		"thirdperson_lefthand": {
			"rotation": [0, 0, -24],
			"translation": [4, 9.25, 0],
			"scale": [2, 2, 2]
		},
		"firstperson_righthand": {
			"rotation": [0, 0, -24],
			"translation": [4, 9.25, 0],
			"scale": [2, 2, 2]
		},
		"firstperson_lefthand": {
			"rotation": [0, 0, -24],
			"translation": [4, 9.25, 0],
			"scale": [2, 2, 2]
		},
		"ground": {
			"rotation": [-35, 0, 0],
			"translation": [0, 8, 0],
			"scale": [1.5, 1.5, 1.5]
		},
		"gui": {
			"rotation": [44, -132, 44],
			"translation": [-3.75, 0, 0]
		},
		"fixed": {
			"rotation": [0, 90, 0],
			"translation": [3.75, 0, -0.5]
		}
	}
}