{
	"credit": "Made with Blockbench",
	"textures": {
		"0": "block/chiseled_quartz_block",
		"1": "block/quartz_block_top",
		"3": "block/yellow_glazed_terracotta",
		"4": "block/horn_coral_block",
		"particle": "block/chiseled_quartz_block"
	},
	"elements": [
		{
			"from": [1, 1, 14],
			"to": [7, 7, 22],
			"rotation": {"angle": 0, "axis": "y", "origin": [5, 5, 16.5]},
			"faces": {
				"north": {"uv": [4, 4, 10, 10], "tintindex": 0,"texture": "#3"},
				"east": {"uv": [4, 4, 12, 10], "tintindex": 0,"texture": "#3"},
				"south": {"uv": [4, 4, 10, 10], "tintindex": 0,"texture": "#3"},
				"west": {"uv": [4, 4, 12, 10], "tintindex": 0,"texture": "#3"},
				"up": {"uv": [7, 4, 13, 12], "tintindex": 0,"texture": "#3"},
				"down": {"uv": [7, 4, 13, 12], "tintindex": 0,"texture": "#3"}
			}
		},
		{
			"from": [-3, -6, 16.5],
			"to": [0, 5, 19.5],
			"rotation": {"angle": -45, "axis": "z", "origin": [-1.5, -2.5, 18]},
			"faces": {
				"north": {"uv": [0, 0, 3, 11], "tintindex": 0,"texture": "#0"},
				"east": {"uv": [0, 0, 3, 11], "tintindex": 0,"texture": "#0"},
				"south": {"uv": [0, 0, 3, 11], "tintindex": 0,"texture": "#0"},
				"west": {"uv": [0, 0, 3, 11], "tintindex": 0,"texture": "#0"},
				"up": {"uv": [0, 0, 3, 3], "tintindex": 0,"texture": "#0"},
				"down": {"uv": [0, 0, 3, 3], "tintindex": 0,"texture": "#0"}
			}
		},
		{
			"from": [-5.5, -12, 16],
			"to": [-1.5, -3, 20],
			"rotation": {"angle": 0, "axis": "y", "origin": [-3.5, -8.5, 18]},
			"faces": {
				"north": {"uv": [0, 0, 4, 9], "tintindex": 0,"texture": "#4"},
				"east": {"uv": [0, 0, 4, 9], "tintindex": 0,"texture": "#4"},
				"south": {"uv": [0, 0, 4, 9], "tintindex": 0,"texture": "#4"},
				"west": {"uv": [0, 0, 4, 9], "tintindex": 0,"texture": "#4"},
				"up": {"uv": [0, 0, 4, 4], "tintindex": 0,"texture": "#4"},
				"down": {"uv": [0, 0, 4, 4], "tintindex": 0,"texture": "#4"}
			}
		},
		{
			"from": [-7, -12.5, 17.5],
			"to": [-4, -11.5, 18.5],
			"rotation": {"angle": 0, "axis": "y", "origin": [-5.5, -12, 18], "rescale": true},
			"faces": {
				"north": {"uv": [0, 0, 3, 1], "tintindex": 0,"texture": "#1"},
				"east": {"uv": [0, 0, 1, 1], "tintindex": 0,"texture": "#1"},
				"south": {"uv": [0, 0, 3, 1], "tintindex": 0,"texture": "#1"},
				"west": {"uv": [0, 0, 1, 1], "tintindex": 0,"texture": "#1"},
				"up": {"uv": [0, 0, 3, 1], "tintindex": 0,"texture": "#1"},
				"down": {"uv": [0, 0, 3, 1], "tintindex": 0,"texture": "#1"}
			}
		},
		{
			"from": [-7, -12.5, 19.5],
			"to": [-4, -11.5, 20.5],
			"rotation": {"angle": 22.5, "axis": "y", "origin": [-5.5, -12, 20], "rescale": true},
			"faces": {
				"north": {"uv": [0, 0, 3, 1], "tintindex": 0,"texture": "#1"},
				"east": {"uv": [0, 0, 1, 1], "tintindex": 0,"texture": "#1"},
				"south": {"uv": [0, 0, 3, 1], "tintindex": 0,"texture": "#1"},
				"west": {"uv": [0, 0, 1, 1], "tintindex": 0,"texture": "#1"},
				"up": {"uv": [0, 0, 3, 1], "tintindex": 0,"texture": "#1"},
				"down": {"uv": [0, 0, 3, 1], "tintindex": 0,"texture": "#1"}
			}
		},
		{
			"from": [-7, -12.5, 15.5],
			"to": [-4, -11.5, 16.5],
			"rotation": {"angle": -22.5, "axis": "y", "origin": [-5.5, -12, 16], "rescale": true},
			"faces": {
				"north": {"uv": [0, 0, 3, 1], "tintindex": 0,"texture": "#1"},
				"east": {"uv": [0, 0, 1, 1], "tintindex": 0,"texture": "#1"},
				"south": {"uv": [0, 0, 3, 1], "tintindex": 0,"texture": "#1"},
				"west": {"uv": [0, 0, 1, 1], "tintindex": 0,"texture": "#1"},
				"up": {"uv": [0, 0, 3, 1], "tintindex": 0,"texture": "#1"},
				"down": {"uv": [0, 0, 3, 1], "tintindex": 0,"texture": "#1"}
			}
		},
		{
			"from": [-6.25, -12.5, 15.5],
			"to": [-1.25, -10.5, 20.5],
			"rotation": {"angle": -22.5, "axis": "z", "origin": [-3.75, -11.5, 18]},
			"faces": {
				"north": {"uv": [9, 14, 14, 16], "tintindex": 0,"texture": "#3"},
				"east": {"uv": [10, 14, 15, 16], "tintindex": 0,"texture": "#3"},
				"south": {"uv": [0, 14, 5, 16], "tintindex": 0,"texture": "#3"},
				"west": {"uv": [11, 0, 16, 2], "tintindex": 0,"texture": "#3"},
				"up": {"uv": [2, 2, 7, 7], "tintindex": 0,"texture": "#3"},
				"down": {"uv": [2, 2, 7, 7], "tintindex": 0,"texture": "#3"}
			}
		}
	],
	"display": {
		"head": {
			"rotation": [0, -90, 0],
			"translation": [40.25, 19, 14.25],
			"scale": [4, 4, 4]
		}
	}
}