{
	"credit": "Made with Blockbench",
	"textures": {
		"0": "block/chiseled_quartz_block",
		"1": "block/quartz_block_top",
		"2": "block/redstone_block",
		"4": "block/horn_coral_block",
		"particle": "block/chiseled_quartz_block"
	},
	"elements": [
		{
			"from": [-4, 1.5, 4.25],
			"to": [3.5, 4.5, 11.75],
			"rotation": {"angle": 0, "axis": "y", "origin": [-0.25, 3, 8]},
			"faces": {
				"north": {"uv": [3, 2, 8, 4], "tintindex": 0,"texture": "#1"},
				"east": {"uv": [3, 2, 8, 4], "tintindex": 0,"texture": "#1"},
				"south": {"uv": [3, 2, 8, 4], "tintindex": 0,"texture": "#1"},
				"west": {"uv": [3, 2, 8, 4], "tintindex": 0,"texture": "#1"},
				"up": {"uv": [2, 1, 7, 6], "tintindex": 0,"texture": "#1"},
				"down": {"uv": [2, 1, 7, 6], "tintindex": 0,"texture": "#1"}
			}
		},
		{
			"from": [-10, 1.5, 5.75],
			"to": [-2.5, 4.5, 10.25],
			"rotation": {"angle": 0, "axis": "y", "origin": [2, 13.5, 17.75]},
			"faces": {
				"north": {"uv": [0, 0, 5, 2], "tintindex": 0,"texture": "#1"},
				"east": {"uv": [0, 0, 3, 2], "tintindex": 0,"texture": "#1"},
				"south": {"uv": [0, 0, 5, 2], "tintindex": 0,"texture": "#1"},
				"west": {"uv": [0, 0, 3, 2], "tintindex": 0,"texture": "#1"},
				"up": {"uv": [0, 0, 5, 3], "tintindex": 0,"texture": "#1"},
				"down": {"uv": [0, 0, 5, 3], "tintindex": 0,"texture": "#1"}
			}
		},
		{
			"from": [-4, 4.5, 5],
			"to": [-2.5, 6, 6.5],
			"rotation": {"angle": 45, "axis": "y", "origin": [-3.25, 5.25, 5.75]},
			"faces": {
				"north": {"uv": [0, 0, 16, 16], "tintindex": 0,"texture": "#2"},
				"east": {"uv": [0, 0, 16, 16], "tintindex": 0,"texture": "#2"},
				"south": {"uv": [0, 0, 16, 16], "tintindex": 0,"texture": "#2"},
				"west": {"uv": [0, 0, 16, 16], "tintindex": 0,"texture": "#2"},
				"up": {"uv": [0, 0, 16, 16], "tintindex": 0,"texture": "#2"},
				"down": {"uv": [0, 0, 16, 16], "tintindex": 0,"texture": "#2"}
			}
		},
		{
			"from": [-4, 4.5, 9.5],
			"to": [-2.5, 6, 11],
			"rotation": {"angle": 45, "axis": "y", "origin": [-3.25, 5.25, 10.25]},
			"faces": {
				"north": {"uv": [0, 0, 16, 16], "tintindex": 0,"texture": "#2"},
				"east": {"uv": [0, 0, 16, 16], "tintindex": 0,"texture": "#2"},
				"south": {"uv": [0, 0, 16, 16], "tintindex": 0,"texture": "#2"},
				"west": {"uv": [0, 0, 16, 16], "tintindex": 0,"texture": "#2"},
				"up": {"uv": [0, 0, 16, 16], "tintindex": 0,"texture": "#2"},
				"down": {"uv": [0, 0, 16, 16], "tintindex": 0,"texture": "#2"}
			}
		},
		{
			"from": [-5.5, 3, 6.5],
			"to": [5, 7.5, 9.5],
			"rotation": {"angle": 22.5, "axis": "z", "origin": [-0.25, 5.25, 8]},
			"faces": {
				"north": {"uv": [0, 0, 7, 3], "tintindex": 0,"texture": "#4"},
				"east": {"uv": [0, 0, 2, 3], "tintindex": 0,"texture": "#4"},
				"south": {"uv": [0, 0, 7, 3], "tintindex": 0,"texture": "#4"},
				"west": {"uv": [0, 0, 2, 3], "tintindex": 0,"texture": "#4"},
				"up": {"uv": [0, 0, 7, 2], "tintindex": 0,"texture": "#4"},
				"down": {"uv": [0, 0, 7, 2], "tintindex": 0,"texture": "#4"}
			}
		},
		{
			"from": [-3.82561, 4.5, 10.87327],
			"to": [6.67439, 7.5, 13.87327],
			"rotation": {"angle": -22.5, "axis": "y", "origin": [1.42439, 6, 12.37327]},
			"faces": {
				"north": {"uv": [0, 0, 7, 2], "tintindex": 0,"texture": "#4"},
				"east": {"uv": [0, 0, 2, 2], "tintindex": 0,"texture": "#4"},
				"south": {"uv": [0, 0, 7, 2], "tintindex": 0,"texture": "#4"},
				"west": {"uv": [0, 0, 2, 2], "tintindex": 0,"texture": "#4"},
				"up": {"uv": [0, 0, 7, 2], "tintindex": 0,"texture": "#4"},
				"down": {"uv": [0, 0, 7, 2], "tintindex": 0,"texture": "#4"}
			}
		},
		{
			"from": [-3.82561, 4.5, 2.12673],
			"to": [6.67439, 7.5, 5.12673],
			"rotation": {"angle": 22.5, "axis": "y", "origin": [1.42439, 6, 3.62673]},
			"faces": {
				"north": {"uv": [0, 0, 7, 2], "tintindex": 0,"texture": "#4"},
				"east": {"uv": [0, 0, 2, 2], "tintindex": 0,"texture": "#4"},
				"south": {"uv": [0, 0, 7, 2], "tintindex": 0,"texture": "#4"},
				"west": {"uv": [0, 0, 2, 2], "tintindex": 0,"texture": "#4"},
				"up": {"uv": [0, 0, 7, 2], "tintindex": 0,"texture": "#4"},
				"down": {"uv": [0, 0, 7, 2], "tintindex": 0,"texture": "#4"}
			}
		},
		{
			"from": [-4, 0, 2.75],
			"to": [6.5, 3, 4.25],
			"rotation": {"angle": -22.5, "axis": "z", "origin": [1.25, 1.5, 3.5]},
			"faces": {
				"north": {"uv": [0, 0, 7, 2], "tintindex": 0,"texture": "#4"},
				"east": {"uv": [0, 0, 1, 2], "tintindex": 0,"texture": "#4"},
				"south": {"uv": [0, 0, 7, 2], "tintindex": 0,"texture": "#4"},
				"west": {"uv": [0, 0, 1, 2], "tintindex": 0,"texture": "#4"},
				"up": {"uv": [0, 0, 7, 1], "tintindex": 0,"texture": "#4"},
				"down": {"uv": [0, 0, 7, 1], "tintindex": 0,"texture": "#4"}
			}
		},
		{
			"from": [-4, 0, 11.75],
			"to": [6.5, 3, 13.25],
			"rotation": {"angle": -22.5, "axis": "z", "origin": [1.25, 1.5, 12.5]},
			"faces": {
				"north": {"uv": [0, 0, 7, 2], "tintindex": 0,"texture": "#4"},
				"east": {"uv": [0, 0, 1, 2], "tintindex": 0,"texture": "#4"},
				"south": {"uv": [0, 0, 7, 2], "tintindex": 0,"texture": "#4"},
				"west": {"uv": [0, 0, 1, 2], "tintindex": 0,"texture": "#4"},
				"up": {"uv": [0, 0, 7, 1], "tintindex": 0,"texture": "#4"},
				"down": {"uv": [0, 0, 7, 1], "tintindex": 0,"texture": "#4"}
			}
		},
		{
			"from": [-4, -3, 11.375],
			"to": [6.5, 0, 12.875],
			"rotation": {"angle": -45, "axis": "z", "origin": [1.25, -1.5, 12.125]},
			"faces": {
				"north": {"uv": [0, 0, 7, 2], "tintindex": 0,"texture": "#4"},
				"east": {"uv": [0, 0, 1, 2], "tintindex": 0,"texture": "#4"},
				"south": {"uv": [0, 0, 7, 2], "tintindex": 0,"texture": "#4"},
				"west": {"uv": [0, 0, 1, 2], "tintindex": 0,"texture": "#4"},
				"up": {"uv": [0, 0, 7, 1], "tintindex": 0,"texture": "#4"},
				"down": {"uv": [0, 0, 7, 1], "tintindex": 0,"texture": "#4"}
			}
		},
		{
			"from": [-4, -3, 3.125],
			"to": [6.5, 0, 4.625],
			"rotation": {"angle": -45, "axis": "z", "origin": [1.25, -1.5, 3.875]},
			"faces": {
				"north": {"uv": [0, 0, 7, 2], "tintindex": 0,"texture": "#4"},
				"east": {"uv": [0, 0, 1, 2], "tintindex": 0,"texture": "#4"},
				"south": {"uv": [0, 0, 7, 2], "tintindex": 0,"texture": "#4"},
				"west": {"uv": [0, 0, 1, 2], "tintindex": 0,"texture": "#4"},
				"up": {"uv": [0, 0, 7, 1], "tintindex": 0,"texture": "#4"},
				"down": {"uv": [0, 0, 7, 1], "tintindex": 0,"texture": "#4"}
			}
		},
		{
			"from": [-5.5, 0.75, 5.9],
			"to": [-4, 2.25, 10.1],
			"rotation": {"angle": 45, "axis": "z", "origin": [-4.75, 1.5, 7.4]},
			"faces": {
				"north": {"uv": [0, 0, 1, 1], "tintindex": 0,"texture": "#0"},
				"east": {"uv": [0, 0, 2.8, 1], "tintindex": 0,"texture": "#0"},
				"south": {"uv": [0, 0, 1, 1], "tintindex": 0,"texture": "#0"},
				"west": {"uv": [0, 0, 2.8, 1], "tintindex": 0,"texture": "#0"},
				"up": {"uv": [0, 0, 1, 2.8], "tintindex": 0,"texture": "#0"},
				"down": {"uv": [0, 0, 1, 2.8], "tintindex": 0,"texture": "#0"}
			}
		},
		{
			"from": [-7.375, 0.75, 6.5],
			"to": [-5.875, 2.25, 9.5],
			"rotation": {"angle": 45, "axis": "z", "origin": [-6.625, 1.5, 8]},
			"faces": {
				"north": {"uv": [0, 0, 1, 1], "tintindex": 0,"texture": "#0"},
				"east": {"uv": [0, 0, 2, 1], "tintindex": 0,"texture": "#0"},
				"south": {"uv": [0, 0, 1, 1], "tintindex": 0,"texture": "#0"},
				"west": {"uv": [0, 0, 2, 1], "tintindex": 0,"texture": "#0"},
				"up": {"uv": [0, 0, 1, 2], "tintindex": 0,"texture": "#0"},
				"down": {"uv": [0, 0, 1, 2], "tintindex": 0,"texture": "#0"}
			}
		},
		{
			"from": [-9.25, 0.75, 6.5],
			"to": [-7.75, 2.25, 9.5],
			"rotation": {"angle": 45, "axis": "z", "origin": [-8.5, 1.5, 8]},
			"faces": {
				"north": {"uv": [0, 0, 1, 1], "tintindex": 0,"texture": "#0"},
				"east": {"uv": [0, 0, 2, 1], "tintindex": 0,"texture": "#0"},
				"south": {"uv": [0, 0, 1, 1], "tintindex": 0,"texture": "#0"},
				"west": {"uv": [0, 0, 2, 1], "tintindex": 0,"texture": "#0"},
				"up": {"uv": [0, 0, 1, 2], "tintindex": 0,"texture": "#0"},
				"down": {"uv": [0, 0, 1, 2], "tintindex": 0,"texture": "#0"}
			}
		},
		{
			"from": [-1, 1.5, 12.5],
			"to": [5, 4.5, 14],
			"rotation": {"angle": -45, "axis": "y", "origin": [2, 3, 13.25]},
			"faces": {
				"north": {"uv": [0, 0, 4, 2], "tintindex": 0,"texture": "#4"},
				"east": {"uv": [0, 0, 1, 2], "tintindex": 0,"texture": "#4"},
				"south": {"uv": [0, 0, 4, 2], "tintindex": 0,"texture": "#4"},
				"west": {"uv": [0, 0, 1, 2], "tintindex": 0,"texture": "#4"},
				"up": {"uv": [0, 0, 4, 1], "tintindex": 0,"texture": "#4"},
				"down": {"uv": [0, 0, 4, 1], "tintindex": 0,"texture": "#4"}
			}
		},
		{
			"from": [-1, 1.5, 2],
			"to": [5, 4.5, 3.5],
			"rotation": {"angle": 45, "axis": "y", "origin": [2, 3, 2.75]},
			"faces": {
				"north": {"uv": [0, 0, 4, 2], "tintindex": 0,"texture": "#4"},
				"east": {"uv": [0, 0, 1, 2], "tintindex": 0,"texture": "#4"},
				"south": {"uv": [0, 0, 4, 2], "tintindex": 0,"texture": "#4"},
				"west": {"uv": [0, 0, 1, 2], "tintindex": 0,"texture": "#4"},
				"up": {"uv": [0, 0, 4, 1], "tintindex": 0,"texture": "#4"},
				"down": {"uv": [0, 0, 4, 1], "tintindex": 0,"texture": "#4"}
			}
		},
		{
			"from": [-1, 6, 9.5],
			"to": [8, 9, 12.5],
			"rotation": {"angle": 22.5, "axis": "z", "origin": [3.5, 7.5, 11]},
			"faces": {
				"north": {"uv": [0, 0, 6, 2], "tintindex": 0,"texture": "#4"},
				"east": {"uv": [0, 0, 2, 2], "tintindex": 0,"texture": "#4"},
				"south": {"uv": [0, 0, 6, 2], "tintindex": 0,"texture": "#4"},
				"west": {"uv": [0, 0, 2, 2], "tintindex": 0,"texture": "#4"},
				"up": {"uv": [0, 0, 6, 2], "tintindex": 0,"texture": "#4"},
				"down": {"uv": [0, 0, 6, 2], "tintindex": 0,"texture": "#4"}
			}
		},
		{
			"from": [-1, 6, 3.5],
			"to": [8, 9, 6.5],
			"rotation": {"angle": 22.5, "axis": "z", "origin": [3.5, 7.5, 5]},
			"faces": {
				"north": {"uv": [0, 0, 6, 2], "tintindex": 0,"texture": "#4"},
				"east": {"uv": [0, 0, 2, 2], "tintindex": 0,"texture": "#4"},
				"south": {"uv": [0, 0, 6, 2], "tintindex": 0,"texture": "#4"},
				"west": {"uv": [0, 0, 2, 2], "tintindex": 0,"texture": "#4"},
				"up": {"uv": [0, 0, 6, 2], "tintindex": 0,"texture": "#4"},
				"down": {"uv": [0, 0, 6, 2], "tintindex": 0,"texture": "#4"}
			}
		}
	],
	"display": {
		"head": {
			"rotation": [0, -90, 0],
			"translation": [0, 20.25, 23.25],
			"scale": [4, 4, 4]
		}
	}
}