{
	"credit": "Made with Blockbench",
	"textures": {
		"0": "block/sea_lantern",
		"particle": "block/sea_lantern"
	},
	"elements": [
		{
			"from": [-3.88, 0, -3.88],
			"to": [19.88, 23.76, 19.88],
			"rotation": {"angle": 0, "axis": "y", "origin": [11.96, 15.84, 11.96]},
			"faces": {
				"north": {"uv": [2, 2, 14, 14], "tintindex": 0,"texture": "#0"},
				"east": {"uv": [2, 2, 14, 14], "tintindex": 0,"texture": "#0"},
				"south": {"uv": [2, 2, 14, 14], "tintindex": 0,"texture": "#0"},
				"west": {"uv": [2, 2, 14, 14], "tintindex": 0,"texture": "#0"},
				"up": {"uv": [2, 2, 14, 14], "tintindex": 0,"texture": "#0"},
				"down": {"uv": [2, 2, 14, 14], "tintindex": 0,"texture": "#0"}
			}
		},
		{
			"from": [-3.88, 0, -3.484],
			"to": [19.88, 23.76, 19.88],
			"rotation": {"angle": 45, "axis": "z", "origin": [8, 11.88, 8.396]},
			"faces": {
				"north": {"uv": [2, 2, 14, 14], "tintindex": 0,"texture": "#0"},
				"east": {"uv": [2, 2, 14, 14], "tintindex": 0,"texture": "#0"},
				"south": {"uv": [2, 2, 14, 14], "tintindex": 0,"texture": "#0"},
				"west": {"uv": [2, 2, 14, 14], "tintindex": 0,"texture": "#0"},
				"up": {"uv": [2, 2, 14, 14], "tintindex": 0,"texture": "#0"},
				"down": {"uv": [2, 2, 14, 14], "tintindex": 0,"texture": "#0"}
			}
		},
		{
			"from": [-3.682, 0, -3.88],
			"to": [19.682, 23.76, 19.88],
			"rotation": {"angle": -45, "axis": "x", "origin": [8.198, 11.88, 8]},
			"faces": {
				"north": {"uv": [2, 2, 14, 14], "tintindex": 0,"texture": "#0"},
				"east": {"uv": [2, 2, 14, 14], "tintindex": 0,"texture": "#0"},
				"south": {"uv": [2, 2, 14, 14], "tintindex": 0,"texture": "#0"},
				"west": {"uv": [2, 2, 14, 14], "tintindex": 0,"texture": "#0"},
				"up": {"uv": [2, 2, 14, 14], "tintindex": 0,"texture": "#0"},
				"down": {"uv": [2, 2, 14, 14], "tintindex": 0,"texture": "#0"}
			}
		},
		{
			"from": [-3.88, 0.198, -3.88],
			"to": [19.88, 23.562, 19.88],
			"rotation": {"angle": 45, "axis": "y", "origin": [8, 12.078, 8]},
			"faces": {
				"north": {"uv": [2, 2, 14, 14], "tintindex": 0,"texture": "#0"},
				"east": {"uv": [2, 2, 14, 14], "tintindex": 0,"texture": "#0"},
				"south": {"uv": [2, 2, 14, 14], "tintindex": 0,"texture": "#0"},
				"west": {"uv": [2, 2, 14, 14], "tintindex": 0,"texture": "#0"},
				"up": {"uv": [2, 2, 14, 14], "tintindex": 0,"texture": "#0"},
				"down": {"uv": [2, 2, 14, 14], "tintindex": 0,"texture": "#0"}
			}
		}
	],
	"display": {
		"head": {
			"translation": [0, -16.75, 0],
			"scale": [4, 4, 4]
		}
	}
}