{
	"credit": "Made with Blockbench",
	"textures": {
		"1": "block/quartz_block_top",
		"particle": "block/chiseled_quartz_block"
	},
	"elements": [
		{
			"from": [-8.5, -0.45, 5.75],
			"to": [-1, 1.05, 10.25],
			"rotation": {"angle": 22.5, "axis": "z", "origin": [-4.75, 0.3, 8]},
			"faces": {
				"north": {"uv": [0, 0, 5, 1], "tintindex": 0,"texture": "#1"},
				"east": {"uv": [0, 0, 3, 1], "tintindex": 0,"texture": "#1"},
				"south": {"uv": [0, 0, 5, 1], "tintindex": 0,"texture": "#1"},
				"west": {"uv": [0, 0, 3, 1], "tintindex": 0,"texture": "#1"},
				"up": {"uv": [0, 0, 5, 3], "tintindex": 0,"texture": "#1"},
				"down": {"uv": [0, 0, 5, 3], "tintindex": 0,"texture": "#1"}
			}
		}
	],
	"display": {
		"head": {
			"rotation": [0, -90, 0],
			"translation": [0, 23, 38.25],
			"scale": [4, 4, 4]
		}
	}
}