{
	"credit": "Made with Blockbench",
	"textures": {
		"1": "block/quartz_block_top",
		"3": "block/yellow_glazed_terracotta",
		"4": "block/horn_coral_block",
		"particle": "block/chiseled_quartz_block"
	},
	"elements": [
		{
			"from": [1, -3, 1],
			"to": [11, 7, 15],
			"rotation": {"angle": 0, "axis": "y", "origin": [9, 5, 9]},
			"faces": {
				"north": {"uv": [0, 0, 10, 10], "tintindex": 0,"texture": "#1"},
				"east": {"uv": [0, 0, 14, 10], "tintindex": 0,"texture": "#1"},
				"south": {"uv": [0, 0, 10, 10], "tintindex": 0,"texture": "#1"},
				"west": {"uv": [0, 0, 14, 10], "tintindex": 0,"texture": "#1"},
				"up": {"uv": [0, 0, 10, 14], "tintindex": 0,"texture": "#1"},
				"down": {"uv": [0, 0, 10, 14], "tintindex": 0,"texture": "#1"}
			}
		},
		{
			"from": [-2, -2, 3],
			"to": [7, 6, 13],
			"rotation": {"angle": 22.5, "axis": "z", "origin": [4, 2, 8]},
			"faces": {
				"north": {"uv": [0, 0, 9, 8], "tintindex": 0,"texture": "#1"},
				"east": {"uv": [0, 0, 10, 8], "tintindex": 0,"texture": "#1"},
				"south": {"uv": [0, 0, 9, 8], "tintindex": 0,"texture": "#1"},
				"west": {"uv": [0, 0, 10, 8], "tintindex": 0,"texture": "#1"},
				"up": {"uv": [0, 0, 9, 10], "tintindex": 0,"texture": "#1"},
				"down": {"uv": [0, 0, 9, 10], "tintindex": 0,"texture": "#1"}
			}
		},
		{
			"from": [9, -2, 3],
			"to": [18, 6, 13],
			"rotation": {"angle": 0, "axis": "z", "origin": [15, 2, 8]},
			"faces": {
				"north": {"uv": [0, 0, 9, 8], "tintindex": 0,"texture": "#1"},
				"east": {"uv": [0, 0, 10, 8], "tintindex": 0,"texture": "#1"},
				"south": {"uv": [0, 0, 9, 8], "tintindex": 0,"texture": "#1"},
				"west": {"uv": [0, 0, 10, 8], "tintindex": 0,"texture": "#1"},
				"up": {"uv": [0, 0, 9, 10], "tintindex": 0,"texture": "#1"},
				"down": {"uv": [0, 0, 9, 10], "tintindex": 0,"texture": "#1"}
			}
		},
		{
			"from": [3, 0, 15],
			"to": [11, 8, 20],
			"rotation": {"angle": 0, "axis": "y", "origin": [11, 8, 23]},
			"faces": {
				"north": {"uv": [4, 4, 12, 12], "tintindex": 0,"texture": "#3"},
				"east": {"uv": [4, 4, 9, 12], "tintindex": 0,"texture": "#3"},
				"south": {"uv": [4, 4, 12, 12], "tintindex": 0,"texture": "#3"},
				"west": {"uv": [4, 4, 9, 12], "tintindex": 0,"texture": "#3"},
				"up": {"uv": [7, 4, 15, 9], "tintindex": 0,"texture": "#3"},
				"down": {"uv": [7, 4, 15, 9], "tintindex": 0,"texture": "#3"}
			}
		},
		{
			"from": [3, 0, -4],
			"to": [11, 8, 1],
			"rotation": {"angle": 0, "axis": "y", "origin": [11, 8, 4]},
			"faces": {
				"north": {"uv": [4, 4, 12, 12], "tintindex": 0,"texture": "#3"},
				"east": {"uv": [4, 4, 9, 12], "tintindex": 0,"texture": "#3"},
				"south": {"uv": [4, 4, 12, 12], "tintindex": 0,"texture": "#3"},
				"west": {"uv": [4, 4, 9, 12], "tintindex": 0,"texture": "#3"},
				"up": {"uv": [7, 4, 15, 9], "tintindex": 0,"texture": "#3"},
				"down": {"uv": [7, 4, 15, 9], "tintindex": 0,"texture": "#3"}
			}
		},
		{
			"from": [-3, -1, 6],
			"to": [0, 2, 10],
			"rotation": {"angle": 22.5, "axis": "z", "origin": [-1.5, 0.5, 8]},
			"faces": {
				"north": {"uv": [0, 0, 3, 3], "tintindex": 0,"texture": "#4"},
				"east": {"uv": [0, 0, 4, 3], "tintindex": 0,"texture": "#4"},
				"south": {"uv": [0, 0, 3, 3], "tintindex": 0,"texture": "#4"},
				"west": {"uv": [0, 0, 4, 3], "tintindex": 0,"texture": "#4"},
				"up": {"uv": [0, 0, 3, 4], "tintindex": 0,"texture": "#4"},
				"down": {"uv": [0, 0, 3, 4], "tintindex": 0,"texture": "#4"}
			}
		},
		{
			"from": [-2, -4, 6.25],
			"to": [1, -1, 9.75],
			"rotation": {"angle": 22.5, "axis": "z", "origin": [-0.5, -2.5, 8.25]},
			"faces": {
				"north": {"uv": [0, 0, 3, 3], "tintindex": 0,"texture": "#4"},
				"east": {"uv": [0, 0, 3.5, 3], "tintindex": 0,"texture": "#4"},
				"south": {"uv": [0, 0, 3, 3], "tintindex": 0,"texture": "#4"},
				"west": {"uv": [0, 0, 3.5, 3], "tintindex": 0,"texture": "#4"},
				"up": {"uv": [0, 0, 3, 3.5], "tintindex": 0,"texture": "#4"},
				"down": {"uv": [0, 0, 3, 3.5], "tintindex": 0,"texture": "#4"}
			}
		},
		{
			"from": [-0.75, -4.1, 6.5],
			"to": [11.25, -2.1, 9.5],
			"rotation": {"angle": 0, "axis": "y", "origin": [7.25, 3.9, 14.5]},
			"faces": {
				"north": {"uv": [0, 0, 12, 2], "tintindex": 0,"texture": "#4"},
				"east": {"uv": [0, 0, 3, 2], "tintindex": 0,"texture": "#4"},
				"south": {"uv": [0, 0, 12, 2], "tintindex": 0,"texture": "#4"},
				"west": {"uv": [0, 0, 3, 2], "tintindex": 0,"texture": "#4"},
				"up": {"uv": [0, 0, 12, 3], "tintindex": 0,"texture": "#4"},
				"down": {"uv": [0, 0, 12, 3], "tintindex": 0,"texture": "#4"}
			}
		},
		{
			"from": [7.25, 4.9, 6.5],
			"to": [19.25, 6.9, 9.5],
			"rotation": {"angle": 0, "axis": "y", "origin": [15.25, 12.9, 14.5]},
			"faces": {
				"north": {"uv": [0, 0, 12, 2], "tintindex": 0,"texture": "#4"},
				"east": {"uv": [0, 0, 3, 2], "tintindex": 0,"texture": "#4"},
				"south": {"uv": [0, 0, 12, 2], "tintindex": 0,"texture": "#4"},
				"west": {"uv": [0, 0, 3, 2], "tintindex": 0,"texture": "#4"},
				"up": {"uv": [0, 0, 12, 3], "tintindex": 0,"texture": "#4"},
				"down": {"uv": [0, 0, 12, 3], "tintindex": 0,"texture": "#4"}
			}
		},
		{
			"from": [0, 6, 13],
			"to": [10, 9, 16],
			"rotation": {"angle": 22.5, "axis": "z", "origin": [5, 7.5, 14.5]},
			"faces": {
				"north": {"uv": [0, 0, 10, 3], "tintindex": 0,"texture": "#4"},
				"east": {"uv": [0, 0, 3, 3], "tintindex": 0,"texture": "#4"},
				"south": {"uv": [0, 0, 10, 3], "tintindex": 0,"texture": "#4"},
				"west": {"uv": [0, 0, 3, 3], "tintindex": 0,"texture": "#4"},
				"up": {"uv": [0, 0, 10, 3], "tintindex": 0,"texture": "#4"},
				"down": {"uv": [0, 0, 10, 3], "tintindex": 0,"texture": "#4"}
			}
		},
		{
			"from": [5, 7, 10],
			"to": [15, 10, 13],
			"rotation": {"angle": -22.5, "axis": "y", "origin": [10, 8.5, 11.5]},
			"faces": {
				"north": {"uv": [0, 0, 10, 3], "tintindex": 0,"texture": "#4"},
				"east": {"uv": [0, 0, 3, 3], "tintindex": 0,"texture": "#4"},
				"south": {"uv": [0, 0, 10, 3], "tintindex": 0,"texture": "#4"},
				"west": {"uv": [0, 0, 3, 3], "tintindex": 0,"texture": "#4"},
				"up": {"uv": [0, 0, 10, 3], "tintindex": 0,"texture": "#4"},
				"down": {"uv": [0, 0, 10, 3], "tintindex": 0,"texture": "#4"}
			}
		},
		{
			"from": [5, 7, 3],
			"to": [15, 10, 6],
			"rotation": {"angle": 22.5, "axis": "y", "origin": [10, 8.5, 4.5]},
			"faces": {
				"north": {"uv": [0, 0, 10, 3], "tintindex": 0,"texture": "#4"},
				"east": {"uv": [0, 0, 3, 3], "tintindex": 0,"texture": "#4"},
				"south": {"uv": [0, 0, 10, 3], "tintindex": 0,"texture": "#4"},
				"west": {"uv": [0, 0, 3, 3], "tintindex": 0,"texture": "#4"},
				"up": {"uv": [0, 0, 10, 3], "tintindex": 0,"texture": "#4"},
				"down": {"uv": [0, 0, 10, 3], "tintindex": 0,"texture": "#4"}
			}
		},
		{
			"from": [0, 6, 0],
			"to": [10, 9, 3],
			"rotation": {"angle": 22.5, "axis": "z", "origin": [5, 7.5, 1.5]},
			"faces": {
				"north": {"uv": [0, 0, 10, 3], "tintindex": 0,"texture": "#4"},
				"east": {"uv": [0, 0, 3, 3], "tintindex": 0,"texture": "#4"},
				"south": {"uv": [0, 0, 10, 3], "tintindex": 0,"texture": "#4"},
				"west": {"uv": [0, 0, 3, 3], "tintindex": 0,"texture": "#4"},
				"up": {"uv": [0, 0, 10, 3], "tintindex": 0,"texture": "#4"},
				"down": {"uv": [0, 0, 10, 3], "tintindex": 0,"texture": "#4"}
			}
		},
		{
			"from": [1.5, 4.5, 6],
			"to": [4.5, 14.5, 9],
			"rotation": {"angle": -22.5, "axis": "z", "origin": [3, 9.5, 7.5]},
			"faces": {
				"north": {"uv": [0, 0, 10, 3], "rotation": 90, "tintindex": 0,"texture": "#4"},
				"east": {"uv": [0, 0, 10, 3], "rotation": 270, "tintindex": 0,"texture": "#4"},
				"south": {"uv": [0, 0, 10, 3], "rotation": 270, "tintindex": 0,"texture": "#4"},
				"west": {"uv": [0, 0, 10, 3], "rotation": 270, "tintindex": 0,"texture": "#4"},
				"up": {"uv": [0, 0, 3, 3], "rotation": 270, "tintindex": 0,"texture": "#4"},
				"down": {"uv": [0, 0, 3, 3], "rotation": 270, "tintindex": 0,"texture": "#4"}
			}
		},
		{
			"from": [0, 8, 4],
			"to": [14, 11, 7],
			"rotation": {"angle": 45, "axis": "z", "origin": [5, 9.5, 5.5]},
			"faces": {
				"north": {"uv": [0, 0, 14, 3], "tintindex": 0,"texture": "#4"},
				"east": {"uv": [0, 0, 3, 3], "tintindex": 0,"texture": "#4"},
				"south": {"uv": [0, 0, 14, 3], "tintindex": 0,"texture": "#4"},
				"west": {"uv": [0, 0, 3, 3], "tintindex": 0,"texture": "#4"},
				"up": {"uv": [0, 0, 14, 3], "tintindex": 0,"texture": "#4"},
				"down": {"uv": [0, 0, 14, 3], "tintindex": 0,"texture": "#4"}
			}
		},
		{
			"from": [0, 8, 9],
			"to": [14, 11, 12],
			"rotation": {"angle": 45, "axis": "z", "origin": [5, 9.5, 10.5]},
			"faces": {
				"north": {"uv": [0, 0, 14, 3], "tintindex": 0,"texture": "#4"},
				"east": {"uv": [0, 0, 3, 3], "tintindex": 0,"texture": "#4"},
				"south": {"uv": [0, 0, 14, 3], "tintindex": 0,"texture": "#4"},
				"west": {"uv": [0, 0, 3, 3], "tintindex": 0,"texture": "#4"},
				"up": {"uv": [0, 0, 14, 3], "tintindex": 0,"texture": "#4"},
				"down": {"uv": [0, 0, 14, 3], "tintindex": 0,"texture": "#4"}
			}
		},
		{
			"from": [-0.383, -4.4134, 2],
			"to": [0.617, 2.5866, 14],
			"rotation": {"angle": 22.5, "axis": "z", "origin": [0.117, -2.4134, 8]},
			"faces": {
				"north": {"uv": [0, 0, 1, 7], "tintindex": 0,"texture": "#4"},
				"east": {"uv": [0, 0, 12, 7], "tintindex": 0,"texture": "#4"},
				"south": {"uv": [0, 0, 1, 7], "tintindex": 0,"texture": "#4"},
				"west": {"uv": [0, 0, 12, 7], "tintindex": 0,"texture": "#4"},
				"up": {"uv": [0, 0, 1, 12], "tintindex": 0,"texture": "#4"},
				"down": {"uv": [0, 0, 1, 12], "tintindex": 0,"texture": "#4"}
			}
		},
		{
			"from": [3.617, -3.6634, 0.5],
			"to": [4.617, 3.3366, 15.5],
			"rotation": {"angle": 0, "axis": "z", "origin": [4.117, -1.6634, 6.5]},
			"faces": {
				"north": {"uv": [0, 0, 1, 7], "tintindex": 0,"texture": "#4"},
				"east": {"uv": [0, 0, 15, 7], "tintindex": 0,"texture": "#4"},
				"south": {"uv": [0, 0, 1, 7], "tintindex": 0,"texture": "#4"},
				"west": {"uv": [0, 0, 15, 7], "tintindex": 0,"texture": "#4"},
				"up": {"uv": [0, 0, 1, 15], "tintindex": 0,"texture": "#4"},
				"down": {"uv": [0, 0, 1, 15], "tintindex": 0,"texture": "#4"}
			}
		},
		{
			"from": [6.617, -3.6634, 0.5],
			"to": [7.617, 3.3366, 15.5],
			"rotation": {"angle": 0, "axis": "z", "origin": [7.117, -1.6634, 6.5]},
			"faces": {
				"north": {"uv": [0, 0, 1, 7], "tintindex": 0,"texture": "#4"},
				"east": {"uv": [0, 0, 15, 7], "tintindex": 0,"texture": "#4"},
				"south": {"uv": [0, 0, 1, 7], "tintindex": 0,"texture": "#4"},
				"west": {"uv": [0, 0, 15, 7], "tintindex": 0,"texture": "#4"},
				"up": {"uv": [0, 0, 1, 15], "tintindex": 0,"texture": "#4"},
				"down": {"uv": [0, 0, 1, 15], "tintindex": 0,"texture": "#4"}
			}
		},
		{
			"from": [9.617, -3.6634, 0.5],
			"to": [10.617, 3.3366, 15.5],
			"rotation": {"angle": 0, "axis": "z", "origin": [10.117, -1.6634, 6.5]},
			"faces": {
				"north": {"uv": [0, 0, 1, 7], "tintindex": 0,"texture": "#4"},
				"east": {"uv": [0, 0, 15, 7], "tintindex": 0,"texture": "#4"},
				"south": {"uv": [0, 0, 1, 7], "tintindex": 0,"texture": "#4"},
				"west": {"uv": [0, 0, 15, 7], "tintindex": 0,"texture": "#4"},
				"up": {"uv": [0, 0, 1, 15], "tintindex": 0,"texture": "#4"},
				"down": {"uv": [0, 0, 1, 15], "tintindex": 0,"texture": "#4"}
			}
		}
	],
	"display": {
		"head": {
			"rotation": [0, -90, 0],
			"translation": [0, 30, -32.25],
			"scale": [4, 4, 4]
		}
	}
}