{
	"credit": "Made with Blockbench",
	"textures": {
		"0": "block/glass",
		"particle": "block/glass"
	},
	"elements": [
		{
			"from": [0, -8, 0],
			"to": [16, 24, 16],
			"faces": {
				"north": {"uv": [0, 0, 16, 16], "tintindex": 0,"texture": "#0"},
				"east": {"uv": [0, 0, 16, 16], "tintindex": 0,"texture": "#0"},
				"south": {"uv": [0, 0, 16, 16], "tintindex": 0,"texture": "#0"},
				"west": {"uv": [0, 0, 16, 16], "tintindex": 0,"texture": "#0"},
				"up": {"uv": [4, 4, 13, 10], "tintindex": 0,"texture": "#0"},
				"down": {"uv": [4, 4, 13, 10], "tintindex": 0,"texture": "#0"}
			}
		},
		{
			"from": [0, -8, 0],
			"to": [16, 24, 16],
			"rotation": {"angle": 45, "axis": "y", "origin": [8, 8, 8]},
			"faces": {
				"north": {"uv": [0, 0, 16, 16], "tintindex": 0,"texture": "#0"},
				"east": {"uv": [0, 0, 16, 16], "tintindex": 0,"texture": "#0"},
				"south": {"uv": [0, 0, 16, 16], "tintindex": 0,"texture": "#0"},
				"west": {"uv": [0, 0, 16, 16], "tintindex": 0,"texture": "#0"},
				"up": {"uv": [4, 4, 13, 10], "tintindex": 0,"texture": "#0"},
				"down": {"uv": [4, 4, 13, 10], "tintindex": 0,"texture": "#0"}
			}
		},
		{
			"from": [0.2, 19.31209, -0.00162],
			"to": [15.8, 30.62809, 11.31438],
			"rotation": {"angle": -45, "axis": "x", "origin": [8.2, 27.31209, 7.99838]},
			"faces": {
				"north": {"uv": [0, 0, 16, 16], "tintindex": 0,"texture": "#0"},
				"east": {"uv": [0, 0, 16, 16], "tintindex": 0,"texture": "#0"},
				"south": {"uv": [0, 0, 16, 16], "tintindex": 0,"texture": "#0"},
				"west": {"uv": [0, 0, 16, 16], "tintindex": 0,"texture": "#0"},
				"up": {"uv": [0, 0, 16, 16], "tintindex": 0,"texture": "#0"},
				"down": {"uv": [0, 0, 16, 16], "tintindex": 0,"texture": "#0"}
			}
		},
		{
			"from": [3.11047, 20.684, 0.2],
			"to": [14.42647, 32, 15.8],
			"rotation": {"angle": 45, "axis": "z", "origin": [11.11047, 24, 7.8]},
			"faces": {
				"north": {"uv": [0, 0, 16, 16], "rotation": 270, "tintindex": 0,"texture": "#0"},
				"east": {"uv": [0, 0, 16, 16], "tintindex": 0,"texture": "#0"},
				"south": {"uv": [0, 0, 16, 16], "rotation": 90, "tintindex": 0,"texture": "#0"},
				"west": {"uv": [0, 0, 16, 16], "rotation": 180, "tintindex": 0,"texture": "#0"},
				"up": {"uv": [0, 0, 16, 16], "rotation": 90, "tintindex": 0,"texture": "#0"},
				"down": {"uv": [0, 0, 16, 16], "rotation": 90, "tintindex": 0,"texture": "#0"}
			}
		}
	],
	"display": {
		"head": {
			"translation": [0, 12.75, 0],
			"scale": [3, 4, 3]
		}
	}
}