{
	"credit": "Made with Blockbench",
	"textures": {
		"0": "item/custom/boss/boss26/boss26",
		"1": "block/light_gray_wool",
		"2": "block/gray_wool",
		"3": "block/bamboo_planks",
		"4": "block/black_wool",
		"5": "block/purple_glazed_terracotta",
		"6": "block/black_terracotta",
		"7": "block/black_concrete",
		"particle": "item/custom/boss/boss26/boss26"
	},
	"elements": [
		{
			"name": "head",
			"from": [4, 23.5, 4],
			"to": [12, 31.5, 12],
			"faces": {
				"north": {"uv": [2, 2, 4, 4], "texture": "#0"},
				"east": {"uv": [0, 2, 2, 4], "texture": "#0"},
				"south": {"uv": [6, 2, 8, 4], "texture": "#0"},
				"west": {"uv": [4, 2, 6, 4], "texture": "#0"},
				"up": {"uv": [4, 2, 2, 0], "texture": "#0"},
				"down": {"uv": [6, 0, 4, 2], "texture": "#0"}
			}
		},
		{
			"name": "body",
			"from": [4, 11.5, 6],
			"to": [12, 23.5, 10],
			"faces": {
				"north": {"uv": [5, 5, 7, 7.98], "texture": "#0"},
				"east": {"uv": [4, 5, 5, 8], "texture": "#0"},
				"south": {"uv": [8, 5, 10, 8], "texture": "#0"},
				"west": {"uv": [7, 5, 8, 7.98], "texture": "#0"},
				"up": {"uv": [7, 5, 5, 4], "texture": "#0"},
				"down": {"uv": [9, 4, 7, 5], "texture": "#0"}
			}
		},
		{
			"name": "right_arm",
			"from": [12, 11.5, 6],
			"to": [16, 23.5, 10],
			"faces": {
				"north": {"uv": [11, 5, 12, 8], "texture": "#0"},
				"east": {"uv": [10, 5, 11, 8], "texture": "#0"},
				"south": {"uv": [13, 5, 14, 8], "texture": "#0"},
				"west": {"uv": [12, 5, 13, 8], "texture": "#0"},
				"up": {"uv": [12, 5, 11, 4], "texture": "#0"},
				"down": {"uv": [13, 4, 12, 5], "texture": "#0"}
			}
		},
		{
			"name": "left_arm",
			"from": [0, 11.5, 6],
			"to": [4, 23.5, 10],
			"faces": {
				"north": {"uv": [9, 13, 10, 16], "texture": "#0"},
				"east": {"uv": [8, 13, 9, 16], "texture": "#0"},
				"south": {"uv": [11, 13, 12, 16], "texture": "#0"},
				"west": {"uv": [10, 13, 11, 16], "texture": "#0"},
				"up": {"uv": [10, 13, 9, 12], "texture": "#0"},
				"down": {"uv": [11, 12, 10, 13], "texture": "#0"}
			}
		},
		{
			"from": [8, 0, 5.5],
			"to": [13, 11.5, 10.5],
			"rotation": {"angle": 0, "axis": "y", "origin": [8, 0, 5.5]},
			"faces": {
				"north": {"uv": [0, 0, 5, 11.5], "texture": "#1"},
				"east": {"uv": [0, 0, 5, 11.5], "texture": "#1"},
				"south": {"uv": [0, 0, 5, 11.5], "texture": "#1"},
				"west": {"uv": [0, 0, 5, 11.5], "texture": "#1"},
				"up": {"uv": [0, 0, 5, 5], "texture": "#1"},
				"down": {"uv": [0, 0, 5, 5], "texture": "#1"}
			}
		},
		{
			"from": [3, 0, 5.5],
			"to": [8, 11.5, 10.5],
			"rotation": {"angle": 0, "axis": "y", "origin": [8, 0, 5.5]},
			"faces": {
				"north": {"uv": [5, 0, 0, 11.5], "texture": "#1"},
				"east": {"uv": [5, 0, 0, 11.5], "texture": "#1"},
				"south": {"uv": [5, 0, 0, 11.5], "texture": "#1"},
				"west": {"uv": [5, 0, 0, 11.5], "texture": "#1"},
				"up": {"uv": [5, 0, 0, 5], "texture": "#1"},
				"down": {"uv": [5, 0, 0, 5], "texture": "#1"}
			}
		},
		{
			"from": [2.5, 10.75, 5.25],
			"to": [13.5, 13.75, 10.55],
			"rotation": {"angle": 0, "axis": "y", "origin": [2.5, 10.75, 5.25]},
			"faces": {
				"north": {"uv": [0, 0, 11, 3], "texture": "#1"},
				"east": {"uv": [0, 0, 5.3, 3], "texture": "#1"},
				"south": {"uv": [0, 0, 11, 3], "texture": "#1"},
				"west": {"uv": [0, 0, 5.3, 3], "texture": "#1"},
				"up": {"uv": [0, 0, 11, 5.3], "texture": "#1"},
				"down": {"uv": [0, 0, 11, 5.3], "texture": "#1"}
			}
		},
		{
			"from": [13, 0, 6.5],
			"to": [14, 6, 9.5],
			"rotation": {"angle": 0, "axis": "y", "origin": [13, 0, 6.5]},
			"faces": {
				"north": {"uv": [0, 0, 1, 6], "texture": "#1"},
				"east": {"uv": [0, 0, 3, 6], "texture": "#1"},
				"south": {"uv": [0, 0, 1, 6], "texture": "#1"},
				"west": {"uv": [0, 0, 3, 6], "texture": "#1"},
				"up": {"uv": [0, 0, 1, 3], "texture": "#1"},
				"down": {"uv": [0, 0, 1, 3], "texture": "#1"}
			}
		},
		{
			"from": [2, 0, 6.5],
			"to": [3, 6, 9.5],
			"rotation": {"angle": 0, "axis": "y", "origin": [2, 0, 6.5]},
			"faces": {
				"north": {"uv": [0, 0, 1, 6], "texture": "#1"},
				"east": {"uv": [0, 0, 3, 6], "texture": "#1"},
				"south": {"uv": [0, 0, 1, 6], "texture": "#1"},
				"west": {"uv": [0, 0, 3, 6], "texture": "#1"},
				"up": {"uv": [0, 0, 1, 3], "texture": "#1"},
				"down": {"uv": [0, 0, 1, 3], "texture": "#1"}
			}
		},
		{
			"from": [4, 0, 5],
			"to": [7, 6, 11],
			"rotation": {"angle": 0, "axis": "y", "origin": [4, 0, 5]},
			"faces": {
				"north": {"uv": [0, 0, 3, 6], "texture": "#1"},
				"east": {"uv": [0, 0, 6, 6], "texture": "#1"},
				"south": {"uv": [0, 0, 3, 6], "texture": "#1"},
				"west": {"uv": [0, 0, 6, 6], "texture": "#1"},
				"up": {"uv": [0, 0, 3, 6], "texture": "#1"},
				"down": {"uv": [0, 0, 3, 6], "texture": "#1"}
			}
		},
		{
			"from": [9, 0, 5],
			"to": [12, 6, 11],
			"rotation": {"angle": 0, "axis": "y", "origin": [9, 0, 5]},
			"faces": {
				"north": {"uv": [0, 0, 3, 6], "texture": "#1"},
				"east": {"uv": [0, 0, 6, 6], "texture": "#1"},
				"south": {"uv": [0, 0, 3, 6], "texture": "#1"},
				"west": {"uv": [0, 0, 6, 6], "texture": "#1"},
				"up": {"uv": [0, 0, 3, 6], "texture": "#1"},
				"down": {"uv": [0, 0, 3, 6], "texture": "#1"}
			}
		},
		{
			"from": [4, -0.25, 6],
			"to": [7, 1.75, 10],
			"rotation": {"angle": 0, "axis": "y", "origin": [4, -0.25, 6]},
			"faces": {
				"north": {"uv": [0, 0, 3, 2], "texture": "#3"},
				"east": {"uv": [0, 0, 4, 2], "texture": "#3"},
				"south": {"uv": [0, 0, 3, 2], "texture": "#3"},
				"west": {"uv": [0, 0, 4, 2], "texture": "#3"},
				"up": {"uv": [0, 0, 3, 4], "texture": "#3"},
				"down": {"uv": [0, 0, 3, 4], "texture": "#3"}
			}
		},
		{
			"from": [9, -0.25, 6],
			"to": [12, 1.75, 10],
			"rotation": {"angle": 0, "axis": "y", "origin": [9, -0.25, 6]},
			"faces": {
				"north": {"uv": [0, 0, 3, 2], "texture": "#3"},
				"east": {"uv": [0, 0, 4, 2], "texture": "#3"},
				"south": {"uv": [0, 0, 3, 2], "texture": "#3"},
				"west": {"uv": [0, 0, 4, 2], "texture": "#3"},
				"up": {"uv": [0, 0, 3, 4], "texture": "#3"},
				"down": {"uv": [0, 0, 3, 4], "texture": "#3"}
			}
		},
		{
			"from": [3.75, 11, 5.5],
			"to": [7.75, 22, 9.25],
			"rotation": {"angle": 0, "axis": "y", "origin": [3.75, 11, 5.5]},
			"faces": {
				"north": {"uv": [0, 0, 4, 11], "texture": "#2"},
				"east": {"uv": [0, 0, 3.75, 11], "texture": "#4"},
				"south": {"uv": [0, 0, 4, 11], "texture": "#2"},
				"west": {"uv": [0, 0, 3.75, 11], "texture": "#2"},
				"up": {"uv": [0, 0, 4, 3.75], "texture": "#4"},
				"down": {"uv": [0, 0, 4, 3.75], "texture": "#2"}
			}
		},
		{
			"from": [9.75, 11, 5.7],
			"to": [12.75, 23.75, 9.45],
			"rotation": {"angle": 0, "axis": "y", "origin": [9.75, 11, 5.7]},
			"faces": {
				"north": {"uv": [0, 0, 3, 12.75], "texture": "#2"},
				"east": {"uv": [0, 0, 3.75, 12.75], "texture": "#2"},
				"south": {"uv": [0, 0, 3, 12.75], "texture": "#2"},
				"west": {"uv": [0, 0, 3.75, 12.75], "texture": "#2"},
				"up": {"uv": [0, 0, 3, 3.75], "texture": "#2"},
				"down": {"uv": [0, 0, 3, 3.75], "texture": "#2"}
			}
		},
		{
			"from": [8.75, 11, 5.7],
			"to": [9.75, 22, 9.45],
			"rotation": {"angle": 0, "axis": "y", "origin": [8.75, 11, 5.7]},
			"faces": {
				"north": {"uv": [0, 0, 1, 11], "texture": "#2"},
				"east": {"uv": [0, 0, 3.75, 11], "texture": "#2"},
				"south": {"uv": [0, 0, 1, 11], "texture": "#2"},
				"west": {"uv": [0, 0, 3.75, 11], "texture": "#2"},
				"up": {"uv": [0, 0, 1, 3.75], "texture": "#2"},
				"down": {"uv": [0, 0, 1, 3.75], "texture": "#2"}
			}
		},
		{
			"from": [7.75, 11, 5.5],
			"to": [8.75, 21, 9.25],
			"rotation": {"angle": 0, "axis": "y", "origin": [7.75, 11, 5.5]},
			"faces": {
				"north": {"uv": [0, 0, 1, 10], "texture": "#2"},
				"east": {"uv": [0, 0, 3.75, 10], "texture": "#4"},
				"south": {"uv": [0, 0, 1, 10], "texture": "#2"},
				"west": {"uv": [0, 0, 3.75, 10], "texture": "#2"},
				"up": {"uv": [0, 0, 1, 3.75], "texture": "#4"},
				"down": {"uv": [0, 0, 1, 3.75], "texture": "#2"}
			}
		},
		{
			"from": [8.75, 11, 5.5],
			"to": [9.75, 19, 9.25],
			"rotation": {"angle": 0, "axis": "y", "origin": [8.75, 11, 5.5]},
			"faces": {
				"north": {"uv": [0, 0, 1, 8], "texture": "#2"},
				"east": {"uv": [0, 0, 3.75, 8], "texture": "#4"},
				"south": {"uv": [0, 0, 1, 8], "texture": "#2"},
				"west": {"uv": [0, 0, 3.75, 8], "texture": "#2"},
				"up": {"uv": [0, 0, 1, 3.75], "texture": "#4"},
				"down": {"uv": [0, 0, 1, 3.75], "texture": "#2"}
			}
		},
		{
			"from": [9.75, 11, 5.5],
			"to": [10.75, 17, 9.25],
			"rotation": {"angle": 0, "axis": "y", "origin": [9.75, 11, 5.5]},
			"faces": {
				"north": {"uv": [0, 0, 1, 6], "texture": "#2"},
				"east": {"uv": [0, 0, 3.75, 6], "texture": "#4"},
				"south": {"uv": [0, 0, 1, 6], "texture": "#2"},
				"west": {"uv": [0, 0, 3.75, 6], "texture": "#2"},
				"up": {"uv": [0, 0, 1, 3.75], "texture": "#4"},
				"down": {"uv": [0, 0, 1, 3.75], "texture": "#2"}
			}
		},
		{
			"from": [10.75, 11, 5.5],
			"to": [11.75, 15, 9.25],
			"rotation": {"angle": 0, "axis": "y", "origin": [10.75, 11, 5.5]},
			"faces": {
				"north": {"uv": [0, 0, 1, 4], "texture": "#2"},
				"east": {"uv": [0, 0, 3.75, 4], "texture": "#4"},
				"south": {"uv": [0, 0, 1, 4], "texture": "#2"},
				"west": {"uv": [0, 0, 3.75, 4], "texture": "#2"},
				"up": {"uv": [0, 0, 1, 3.75], "texture": "#4"},
				"down": {"uv": [0, 0, 1, 3.75], "texture": "#2"}
			}
		},
		{
			"from": [11.75, 11, 5.5],
			"to": [12.75, 14, 9.25],
			"rotation": {"angle": 0, "axis": "y", "origin": [11.75, 11, 5.5]},
			"faces": {
				"north": {"uv": [0, 0, 1, 3], "texture": "#2"},
				"east": {"uv": [0, 0, 3.75, 3], "texture": "#2"},
				"south": {"uv": [0, 0, 1, 3], "texture": "#2"},
				"west": {"uv": [0, 0, 3.75, 3], "texture": "#2"},
				"up": {"uv": [0, 0, 1, 3.75], "texture": "#4"},
				"down": {"uv": [0, 0, 1, 3.75], "texture": "#2"}
			}
		},
		{
			"from": [3.75, 11, 9.25],
			"to": [12.75, 23.75, 10.25],
			"rotation": {"angle": 0, "axis": "y", "origin": [3.75, 11, 9.25]},
			"faces": {
				"north": {"uv": [0, 0, 9, 12.75], "texture": "#2"},
				"east": {"uv": [0, 0, 1, 12.75], "texture": "#2"},
				"south": {"uv": [0, 0, 9, 12.75], "texture": "#2"},
				"west": {"uv": [0, 0, 1, 12.75], "texture": "#2"},
				"up": {"uv": [0, 0, 9, 1], "texture": "#2"},
				"down": {"uv": [0, 0, 9, 1], "texture": "#2"}
			}
		},
		{
			"from": [3.75, 22, 5.5],
			"to": [6.75, 23.75, 9.25],
			"rotation": {"angle": 0, "axis": "y", "origin": [3.75, 22, 5.5]},
			"faces": {
				"north": {"uv": [0, 0, 3, 1.75], "texture": "#2"},
				"east": {"uv": [0, 0, 3.75, 1.75], "texture": "#4"},
				"south": {"uv": [0, 0, 3, 1.75], "texture": "#2"},
				"west": {"uv": [0, 0, 3.75, 1.75], "texture": "#2"},
				"up": {"uv": [0, 0, 3, 3.75], "texture": "#2"},
				"down": {"uv": [0, 0, 3, 3.75], "texture": "#2"}
			}
		},
		{
			"from": [-0.5, 13, 5.5],
			"to": [4.5, 18, 11.5],
			"rotation": {"angle": 0, "axis": "y", "origin": [-0.5, 13, 5.5]},
			"faces": {
				"north": {"uv": [0, 0, 5, 5], "texture": "#2"},
				"east": {"uv": [0, 0, 6, 5], "texture": "#2"},
				"south": {"uv": [0, 0, 5, 5], "texture": "#2"},
				"west": {"uv": [0, 0, 6, 5], "texture": "#2"},
				"up": {"uv": [0, 0, 5, 6], "texture": "#2"},
				"down": {"uv": [0, 0, 5, 6], "texture": "#2"}
			}
		},
		{
			"from": [-0.1, 18, 5.5],
			"to": [3.9, 24, 10.5],
			"rotation": {"angle": 0, "axis": "y", "origin": [-0.1, 18, 5.5]},
			"faces": {
				"north": {"uv": [0, 0, 4, 6], "texture": "#2"},
				"east": {"uv": [0, 0, 5, 6], "texture": "#2"},
				"south": {"uv": [0, 0, 4, 6], "texture": "#2"},
				"west": {"uv": [0, 0, 5, 6], "texture": "#2"},
				"up": {"uv": [0, 0, 4, 5], "texture": "#2"},
				"down": {"uv": [0, 0, 4, 5], "texture": "#2"}
			}
		},
		{
			"from": [11.5, 13, 5.5],
			"to": [16.5, 18, 11.5],
			"rotation": {"angle": 0, "axis": "y", "origin": [16.5, 13, 5.5]},
			"faces": {
				"north": {"uv": [5, 0, 0, 5], "texture": "#2"},
				"east": {"uv": [6, 0, 0, 5], "texture": "#2"},
				"south": {"uv": [5, 0, 0, 5], "texture": "#2"},
				"west": {"uv": [6, 0, 0, 5], "texture": "#2"},
				"up": {"uv": [5, 0, 0, 6], "texture": "#2"},
				"down": {"uv": [5, 0, 0, 6], "texture": "#2"}
			}
		},
		{
			"from": [12.1, 18, 5.5],
			"to": [16.1, 24, 10.5],
			"rotation": {"angle": 0, "axis": "y", "origin": [16.1, 18, 5.5]},
			"faces": {
				"north": {"uv": [4, 0, 0, 6], "texture": "#2"},
				"east": {"uv": [5, 0, 0, 6], "texture": "#2"},
				"south": {"uv": [4, 0, 0, 6], "texture": "#2"},
				"west": {"uv": [5, 0, 0, 6], "texture": "#2"},
				"up": {"uv": [4, 0, 0, 5], "texture": "#2"},
				"down": {"uv": [4, 0, 0, 5], "texture": "#2"}
			}
		},
		{
			"from": [2, 7.5, 3.5],
			"to": [3, 9.5, 15.5],
			"rotation": {"angle": 45, "axis": "x", "origin": [2.5, 8.5, 9.5]},
			"faces": {
				"north": {"uv": [0, 0, 1, 2], "rotation": 180, "texture": "#6"},
				"east": {"uv": [0, 0, 2, 12], "rotation": 90, "texture": "#6"},
				"south": {"uv": [0, 0, 1, 2], "texture": "#6"},
				"west": {"uv": [0, 0, 2, 12], "rotation": 270, "texture": "#6"},
				"up": {"uv": [0, 0, 1, 12], "texture": "#6"},
				"down": {"uv": [0, 0, 1, 12], "rotation": 180, "texture": "#6"}
			}
		},
		{
			"from": [2, 10.32843, 0.67157],
			"to": [3, 12.32843, 4.67157],
			"rotation": {"angle": 45, "axis": "x", "origin": [2.5, 11.32843, 6.67157]},
			"faces": {
				"north": {"uv": [0, 0, 1, 2], "rotation": 180, "texture": "#5"},
				"east": {"uv": [0, 0, 2, 4], "rotation": 90, "texture": "#5"},
				"south": {"uv": [0, 0, 1, 2], "texture": "#5"},
				"west": {"uv": [0, 0, 2, 4], "rotation": 270, "texture": "#5"},
				"up": {"uv": [0, 0, 1, 4], "texture": "#5"},
				"down": {"uv": [0, 0, 1, 4], "rotation": 180, "texture": "#5"}
			}
		},
		{
			"from": [1.5, 7.57843, 2.42157],
			"to": [3.5, 10.57843, 3.42157],
			"rotation": {"angle": 45, "axis": "x", "origin": [2, 8.57843, 8.42157]},
			"faces": {
				"north": {"uv": [0, 0, 2, 3], "rotation": 180, "texture": "#7"},
				"east": {"uv": [0, 0, 3, 1], "rotation": 90, "texture": "#7"},
				"south": {"uv": [0, 0, 2, 3], "texture": "#7"},
				"west": {"uv": [0, 0, 3, 1], "rotation": 270, "texture": "#7"},
				"up": {"uv": [0, 0, 2, 1], "texture": "#7"},
				"down": {"uv": [0, 0, 2, 1], "rotation": 180, "texture": "#7"}
			}
		}
	],
	"display": {},
	"groups": [
		{
			"name": "steve",
			"origin": [8, 8, 8],
			"color": 0,
			"children": [0, 1, 2, 3, 4, 5, 6]
		},
		7,
		8,
		9,
		10,
		11,
		12,
		13,
		14,
		15,
		16,
		17,
		18,
		19,
		20,
		21,
		22,
		23,
		24,
		25,
		26,
		27,
		28,
		29
	]
}