{
	"credit": "Made with Blockbench",
	"textures": {
		"0": "item/custom/boss/boss26/boss26",
		"1": "block/light_gray_wool",
		"2": "block/gray_wool",
		"4": "block/black_wool",
		"particle": "item/custom/boss/boss26/boss26"
	},
	"elements": [
		{
			"name": "head",
			"from": [4, 23.5, 4],
			"to": [12, 31.5, 12],
			"faces": {
				"north": {"uv": [2, 2, 4, 4], "tintindex": 0,"texture": "#0"},
				"east": {"uv": [0, 2, 2, 4], "tintindex": 0,"texture": "#0"},
				"south": {"uv": [6, 2, 8, 4], "tintindex": 0,"texture": "#0"},
				"west": {"uv": [4, 2, 6, 4], "tintindex": 0,"texture": "#0"},
				"up": {"uv": [4, 2, 2, 0], "tintindex": 0,"texture": "#0"},
				"down": {"uv": [6, 0, 4, 2], "tintindex": 0,"texture": "#0"}
			}
		},
		{
			"name": "body",
			"from": [4, 11.5, 6],
			"to": [12, 23.5, 10],
			"faces": {
				"north": {"uv": [5, 5, 7, 7.98], "tintindex": 0,"texture": "#0"},
				"east": {"uv": [4, 5, 5, 8], "tintindex": 0,"texture": "#0"},
				"south": {"uv": [8, 5, 10, 8], "tintindex": 0,"texture": "#0"},
				"west": {"uv": [7, 5, 8, 7.98], "tintindex": 0,"texture": "#0"},
				"up": {"uv": [7, 5, 5, 4], "tintindex": 0,"texture": "#0"},
				"down": {"uv": [9, 4, 7, 5], "tintindex": 0,"texture": "#0"}
			}
		},
		{
			"from": [2.5, 10.75, 5.25],
			"to": [13.5, 13.75, 10.55],
			"rotation": {"angle": 0, "axis": "y", "origin": [2.5, 10.75, 5.25]},
			"faces": {
				"north": {"uv": [0, 0, 11, 3], "tintindex": 0,"texture": "#1"},
				"east": {"uv": [0, 0, 5.3, 3], "tintindex": 0,"texture": "#1"},
				"south": {"uv": [0, 0, 11, 3], "tintindex": 0,"texture": "#1"},
				"west": {"uv": [0, 0, 5.3, 3], "tintindex": 0,"texture": "#1"},
				"up": {"uv": [0, 0, 11, 5.3], "tintindex": 0,"texture": "#1"},
				"down": {"uv": [0, 0, 11, 5.3], "tintindex": 0,"texture": "#1"}
			}
		},
		{
			"from": [3.75, 11, 5.5],
			"to": [7.75, 22, 9.25],
			"rotation": {"angle": 0, "axis": "y", "origin": [3.75, 11, 5.5]},
			"faces": {
				"north": {"uv": [0, 0, 4, 11], "tintindex": 0,"texture": "#2"},
				"east": {"uv": [0, 0, 3.75, 11], "tintindex": 0,"texture": "#4"},
				"south": {"uv": [0, 0, 4, 11], "tintindex": 0,"texture": "#2"},
				"west": {"uv": [0, 0, 3.75, 11], "tintindex": 0,"texture": "#2"},
				"up": {"uv": [0, 0, 4, 3.75], "tintindex": 0,"texture": "#4"},
				"down": {"uv": [0, 0, 4, 3.75], "tintindex": 0,"texture": "#2"}
			}
		},
		{
			"from": [9.75, 11, 5.7],
			"to": [12.75, 23.75, 9.45],
			"rotation": {"angle": 0, "axis": "y", "origin": [9.75, 11, 5.7]},
			"faces": {
				"north": {"uv": [0, 0, 3, 12.75], "tintindex": 0,"texture": "#2"},
				"east": {"uv": [0, 0, 3.75, 12.75], "tintindex": 0,"texture": "#2"},
				"south": {"uv": [0, 0, 3, 12.75], "tintindex": 0,"texture": "#2"},
				"west": {"uv": [0, 0, 3.75, 12.75], "tintindex": 0,"texture": "#2"},
				"up": {"uv": [0, 0, 3, 3.75], "tintindex": 0,"texture": "#2"},
				"down": {"uv": [0, 0, 3, 3.75], "tintindex": 0,"texture": "#2"}
			}
		},
		{
			"from": [8.75, 11, 5.7],
			"to": [9.75, 22, 9.45],
			"rotation": {"angle": 0, "axis": "y", "origin": [8.75, 11, 5.7]},
			"faces": {
				"north": {"uv": [0, 0, 1, 11], "tintindex": 0,"texture": "#2"},
				"east": {"uv": [0, 0, 3.75, 11], "tintindex": 0,"texture": "#2"},
				"south": {"uv": [0, 0, 1, 11], "tintindex": 0,"texture": "#2"},
				"west": {"uv": [0, 0, 3.75, 11], "tintindex": 0,"texture": "#2"},
				"up": {"uv": [0, 0, 1, 3.75], "tintindex": 0,"texture": "#2"},
				"down": {"uv": [0, 0, 1, 3.75], "tintindex": 0,"texture": "#2"}
			}
		},
		{
			"from": [7.75, 11, 5.5],
			"to": [8.75, 21, 9.25],
			"rotation": {"angle": 0, "axis": "y", "origin": [7.75, 11, 5.5]},
			"faces": {
				"north": {"uv": [0, 0, 1, 10], "tintindex": 0,"texture": "#2"},
				"east": {"uv": [0, 0, 3.75, 10], "tintindex": 0,"texture": "#4"},
				"south": {"uv": [0, 0, 1, 10], "tintindex": 0,"texture": "#2"},
				"west": {"uv": [0, 0, 3.75, 10], "tintindex": 0,"texture": "#2"},
				"up": {"uv": [0, 0, 1, 3.75], "tintindex": 0,"texture": "#4"},
				"down": {"uv": [0, 0, 1, 3.75], "tintindex": 0,"texture": "#2"}
			}
		},
		{
			"from": [8.75, 11, 5.5],
			"to": [9.75, 19, 9.25],
			"rotation": {"angle": 0, "axis": "y", "origin": [8.75, 11, 5.5]},
			"faces": {
				"north": {"uv": [0, 0, 1, 8], "tintindex": 0,"texture": "#2"},
				"east": {"uv": [0, 0, 3.75, 8], "tintindex": 0,"texture": "#4"},
				"south": {"uv": [0, 0, 1, 8], "tintindex": 0,"texture": "#2"},
				"west": {"uv": [0, 0, 3.75, 8], "tintindex": 0,"texture": "#2"},
				"up": {"uv": [0, 0, 1, 3.75], "tintindex": 0,"texture": "#4"},
				"down": {"uv": [0, 0, 1, 3.75], "tintindex": 0,"texture": "#2"}
			}
		},
		{
			"from": [9.75, 11, 5.5],
			"to": [10.75, 17, 9.25],
			"rotation": {"angle": 0, "axis": "y", "origin": [9.75, 11, 5.5]},
			"faces": {
				"north": {"uv": [0, 0, 1, 6], "tintindex": 0,"texture": "#2"},
				"east": {"uv": [0, 0, 3.75, 6], "tintindex": 0,"texture": "#4"},
				"south": {"uv": [0, 0, 1, 6], "tintindex": 0,"texture": "#2"},
				"west": {"uv": [0, 0, 3.75, 6], "tintindex": 0,"texture": "#2"},
				"up": {"uv": [0, 0, 1, 3.75], "tintindex": 0,"texture": "#4"},
				"down": {"uv": [0, 0, 1, 3.75], "tintindex": 0,"texture": "#2"}
			}
		},
		{
			"from": [10.75, 11, 5.5],
			"to": [11.75, 15, 9.25],
			"rotation": {"angle": 0, "axis": "y", "origin": [10.75, 11, 5.5]},
			"faces": {
				"north": {"uv": [0, 0, 1, 4], "tintindex": 0,"texture": "#2"},
				"east": {"uv": [0, 0, 3.75, 4], "tintindex": 0,"texture": "#4"},
				"south": {"uv": [0, 0, 1, 4], "tintindex": 0,"texture": "#2"},
				"west": {"uv": [0, 0, 3.75, 4], "tintindex": 0,"texture": "#2"},
				"up": {"uv": [0, 0, 1, 3.75], "tintindex": 0,"texture": "#4"},
				"down": {"uv": [0, 0, 1, 3.75], "tintindex": 0,"texture": "#2"}
			}
		},
		{
			"from": [11.75, 11, 5.5],
			"to": [12.75, 14, 9.25],
			"rotation": {"angle": 0, "axis": "y", "origin": [11.75, 11, 5.5]},
			"faces": {
				"north": {"uv": [0, 0, 1, 3], "tintindex": 0,"texture": "#2"},
				"east": {"uv": [0, 0, 3.75, 3], "tintindex": 0,"texture": "#2"},
				"south": {"uv": [0, 0, 1, 3], "tintindex": 0,"texture": "#2"},
				"west": {"uv": [0, 0, 3.75, 3], "tintindex": 0,"texture": "#2"},
				"up": {"uv": [0, 0, 1, 3.75], "tintindex": 0,"texture": "#4"},
				"down": {"uv": [0, 0, 1, 3.75], "tintindex": 0,"texture": "#2"}
			}
		},
		{
			"from": [3.75, 11, 9.25],
			"to": [12.75, 23.75, 10.25],
			"rotation": {"angle": 0, "axis": "y", "origin": [3.75, 11, 9.25]},
			"faces": {
				"north": {"uv": [0, 0, 9, 12.75], "tintindex": 0,"texture": "#2"},
				"east": {"uv": [0, 0, 1, 12.75], "tintindex": 0,"texture": "#2"},
				"south": {"uv": [0, 0, 9, 12.75], "tintindex": 0,"texture": "#2"},
				"west": {"uv": [0, 0, 1, 12.75], "tintindex": 0,"texture": "#2"},
				"up": {"uv": [0, 0, 9, 1], "tintindex": 0,"texture": "#2"},
				"down": {"uv": [0, 0, 9, 1], "tintindex": 0,"texture": "#2"}
			}
		},
		{
			"from": [3.75, 22, 5.5],
			"to": [6.75, 23.75, 9.25],
			"rotation": {"angle": 0, "axis": "y", "origin": [3.75, 22, 5.5]},
			"faces": {
				"north": {"uv": [0, 0, 3, 1.75], "tintindex": 0,"texture": "#2"},
				"east": {"uv": [0, 0, 3.75, 1.75], "tintindex": 0,"texture": "#4"},
				"south": {"uv": [0, 0, 3, 1.75], "tintindex": 0,"texture": "#2"},
				"west": {"uv": [0, 0, 3.75, 1.75], "tintindex": 0,"texture": "#2"},
				"up": {"uv": [0, 0, 3, 3.75], "tintindex": 0,"texture": "#2"},
				"down": {"uv": [0, 0, 3, 3.75], "tintindex": 0,"texture": "#2"}
			}
		}
	],
	"display": {
		"head": {
			"translation": [0, -10.5, 0],
			"scale": [1.5, 1.5, 1.5]
		}
	},
	"groups": [
		{
			"name": "steve",
			"origin": [8, 8, 8],
			"color": 0,
			"children": [0, 1, 2]
		},
		3,
		4,
		5,
		6,
		7,
		8,
		9,
		10,
		11,
		12
	]
}