{
	"credit": "Made with Blockbench",
	"textures": {
		"1": "block/light_gray_wool",
		"3": "block/bamboo_planks",
		"particle": "item/custom/boss/boss26/boss26"
	},
	"elements": [
		{
			"from": [8, 0, 5.5],
			"to": [13, 6.5, 10.5],
			"rotation": {"angle": 0, "axis": "y", "origin": [8, 0, 5.5]},
			"faces": {
				"north": {"uv": [0, 0, 5, 6.5], "tintindex": 0,"texture": "#1"},
				"east": {"uv": [0, 0, 5, 6.5], "tintindex": 0,"texture": "#1"},
				"south": {"uv": [0, 0, 5, 6.5], "tintindex": 0,"texture": "#1"},
				"west": {"uv": [0, 0, 5, 6.5], "tintindex": 0,"texture": "#1"},
				"up": {"uv": [0, 0, 5, 5], "tintindex": 0,"texture": "#1"},
				"down": {"uv": [0, 0, 5, 5], "tintindex": 0,"texture": "#1"}
			}
		},
		{
			"from": [7.9, 3.78033, 7.06586],
			"to": [12.9, 10.28033, 12.06586],
			"rotation": {"angle": 45, "axis": "x", "origin": [10.4, 7.03033, 9.56586]},
			"faces": {
				"north": {"uv": [0, 0, 5, 6.5], "tintindex": 0,"texture": "#1"},
				"east": {"uv": [0, 0, 5, 6.5], "tintindex": 0,"texture": "#1"},
				"south": {"uv": [0, 0, 5, 6.5], "tintindex": 0,"texture": "#1"},
				"west": {"uv": [0, 0, 5, 6.5], "tintindex": 0,"texture": "#1"},
				"up": {"uv": [0, 0, 5, 5], "tintindex": 0,"texture": "#1"},
				"down": {"uv": [0, 0, 5, 5], "tintindex": 0,"texture": "#1"}
			}
		},
		{
			"from": [13, 0, 6.5],
			"to": [14, 6, 9.5],
			"rotation": {"angle": 0, "axis": "y", "origin": [13, 0, 6.5]},
			"faces": {
				"north": {"uv": [0, 0, 1, 6], "tintindex": 0,"texture": "#1"},
				"east": {"uv": [0, 0, 3, 6], "tintindex": 0,"texture": "#1"},
				"south": {"uv": [0, 0, 1, 6], "tintindex": 0,"texture": "#1"},
				"west": {"uv": [0, 0, 3, 6], "tintindex": 0,"texture": "#1"},
				"up": {"uv": [0, 0, 1, 3], "tintindex": 0,"texture": "#1"},
				"down": {"uv": [0, 0, 1, 3], "tintindex": 0,"texture": "#1"}
			}
		},
		{
			"from": [9, 0, 5],
			"to": [12, 6, 11],
			"rotation": {"angle": 0, "axis": "y", "origin": [9, 0, 5]},
			"faces": {
				"north": {"uv": [0, 0, 3, 6], "tintindex": 0,"texture": "#1"},
				"east": {"uv": [0, 0, 6, 6], "tintindex": 0,"texture": "#1"},
				"south": {"uv": [0, 0, 3, 6], "tintindex": 0,"texture": "#1"},
				"west": {"uv": [0, 0, 6, 6], "tintindex": 0,"texture": "#1"},
				"up": {"uv": [0, 0, 3, 6], "tintindex": 0,"texture": "#1"},
				"down": {"uv": [0, 0, 3, 6], "tintindex": 0,"texture": "#1"}
			}
		},
		{
			"from": [9, -0.25, 6],
			"to": [12, 1.75, 10],
			"rotation": {"angle": 0, "axis": "y", "origin": [9, -0.25, 6]},
			"faces": {
				"north": {"uv": [0, 0, 3, 2], "tintindex": 0,"texture": "#3"},
				"east": {"uv": [0, 0, 4, 2], "tintindex": 0,"texture": "#3"},
				"south": {"uv": [0, 0, 3, 2], "tintindex": 0,"texture": "#3"},
				"west": {"uv": [0, 0, 4, 2], "tintindex": 0,"texture": "#3"},
				"up": {"uv": [0, 0, 3, 4], "tintindex": 0,"texture": "#3"},
				"down": {"uv": [0, 0, 3, 4], "tintindex": 0,"texture": "#3"}
			}
		}
	],
	"display": {
		"head": {
			"translation": [-3.75, -6.25, -4],
			"scale": [1.5, 1.5, 1.5]
		}
	},
	"groups": [
		{
			"name": "steve",
			"origin": [8, 8, 8],
			"color": 0,
			"children": [0, 1]
		},
		2,
		3,
		4
	]
}