{
	"credit": "Made with Blockbench",
	"textures": {
		"0": "item/custom/boss/boss26/boss26",
		"2": "block/gray_wool",
		"5": "block/purple_glazed_terracotta",
		"6": "block/black_terracotta",
		"7": "block/black_concrete",
		"particle": "item/custom/boss/boss26/boss26"
	},
	"elements": [
		{
			"name": "left_arm",
			"from": [0, 13.25, 4.5],
			"to": [4, 19.25, 8.5],
			"rotation": {"angle": 45, "axis": "x", "origin": [2, 16.75, 6.75]},
			"faces": {
				"north": {"uv": [9, 13, 10, 16], "tintindex": 0,"texture": "#0"},
				"east": {"uv": [8, 13, 9, 16], "tintindex": 0,"texture": "#0"},
				"south": {"uv": [11, 13, 12, 16], "tintindex": 0,"texture": "#0"},
				"west": {"uv": [10, 13, 11, 16], "tintindex": 0,"texture": "#0"},
				"up": {"uv": [10, 13, 9, 12], "tintindex": 0,"texture": "#0"},
				"down": {"uv": [11, 12, 10, 13], "tintindex": 0,"texture": "#0"}
			}
		},
		{
			"from": [-0.5, 14.75, 4],
			"to": [4.5, 19.75, 10],
			"rotation": {"angle": 45, "axis": "x", "origin": [2, 16.75, 6.75]},
			"faces": {
				"north": {"uv": [0, 0, 5, 5], "tintindex": 0,"texture": "#2"},
				"east": {"uv": [0, 0, 6, 5], "tintindex": 0,"texture": "#2"},
				"south": {"uv": [0, 0, 5, 5], "tintindex": 0,"texture": "#2"},
				"west": {"uv": [0, 0, 6, 5], "tintindex": 0,"texture": "#2"},
				"up": {"uv": [0, 0, 5, 6], "tintindex": 0,"texture": "#2"},
				"down": {"uv": [0, 0, 5, 6], "tintindex": 0,"texture": "#2"}
			}
		},
		{
			"from": [-0.1, 18, 5.5],
			"to": [3.9, 24, 10.5],
			"rotation": {"angle": 0, "axis": "y", "origin": [-0.1, 18, 5.5]},
			"faces": {
				"north": {"uv": [0, 0, 4, 6], "tintindex": 0,"texture": "#2"},
				"east": {"uv": [0, 0, 5, 6], "tintindex": 0,"texture": "#2"},
				"south": {"uv": [0, 0, 4, 6], "tintindex": 0,"texture": "#2"},
				"west": {"uv": [0, 0, 5, 6], "tintindex": 0,"texture": "#2"},
				"up": {"uv": [0, 0, 4, 5], "tintindex": 0,"texture": "#2"},
				"down": {"uv": [0, 0, 4, 5], "tintindex": 0,"texture": "#2"}
			}
		},
		{
			"from": [2, 11.75, 1.25],
			"to": [3, 13.75, 13.25],
			"rotation": {"angle": 45, "axis": "x", "origin": [2.5, 12.75, 7.25]},
			"faces": {
				"north": {"uv": [0, 0, 1, 2], "rotation": 180, "tintindex": 0,"texture": "#6"},
				"east": {"uv": [0, 0, 2, 12], "rotation": 90, "tintindex": 0,"texture": "#6"},
				"south": {"uv": [0, 0, 1, 2], "tintindex": 0,"texture": "#6"},
				"west": {"uv": [0, 0, 2, 12], "rotation": 270, "tintindex": 0,"texture": "#6"},
				"up": {"uv": [0, 0, 1, 12], "tintindex": 0,"texture": "#6"},
				"down": {"uv": [0, 0, 1, 12], "rotation": 180, "tintindex": 0,"texture": "#6"}
			}
		},
		{
			"from": [2, 14.57843, -1.57843],
			"to": [3, 16.57843, 2.42157],
			"rotation": {"angle": 45, "axis": "x", "origin": [2.5, 15.57843, 4.42157]},
			"faces": {
				"north": {"uv": [0, 0, 1, 2], "rotation": 180, "tintindex": 0,"texture": "#5"},
				"east": {"uv": [0, 0, 2, 4], "rotation": 90, "tintindex": 0,"texture": "#5"},
				"south": {"uv": [0, 0, 1, 2], "tintindex": 0,"texture": "#5"},
				"west": {"uv": [0, 0, 2, 4], "rotation": 270, "tintindex": 0,"texture": "#5"},
				"up": {"uv": [0, 0, 1, 4], "tintindex": 0,"texture": "#5"},
				"down": {"uv": [0, 0, 1, 4], "rotation": 180, "tintindex": 0,"texture": "#5"}
			}
		},
		{
			"from": [1.5, 11.82843, 0.17157],
			"to": [3.5, 14.82843, 1.17157],
			"rotation": {"angle": 45, "axis": "x", "origin": [2, 12.82843, 6.17157]},
			"faces": {
				"north": {"uv": [0, 0, 2, 3], "rotation": 180, "tintindex": 0,"texture": "#7"},
				"east": {"uv": [0, 0, 3, 1], "rotation": 90, "tintindex": 0,"texture": "#7"},
				"south": {"uv": [0, 0, 2, 3], "tintindex": 0,"texture": "#7"},
				"west": {"uv": [0, 0, 3, 1], "rotation": 270, "tintindex": 0,"texture": "#7"},
				"up": {"uv": [0, 0, 2, 1], "tintindex": 0,"texture": "#7"},
				"down": {"uv": [0, 0, 2, 1], "rotation": 180, "tintindex": 0,"texture": "#7"}
			}
		}
	],
	"display": {
		"head": {
			"translation": [8.5, -26.75, 0],
			"scale": [1.5, 1.5, 1.5]
		}
	},
	"groups": [
		{
			"name": "steve",
			"origin": [8, 8, 8],
			"color": 0,
			"children": [0]
		},
		1,
		2,
		3,
		4,
		5
	]
}