{
	"credit": "Made with Blockbench",
	"textures": {
		"0": "item/custom/boss/boss26/boss26",
		"2": "block/gray_wool",
		"particle": "item/custom/boss/boss26/boss26"
	},
	"elements": [
		{
			"name": "right_arm",
			"from": [12, 13.5, 4],
			"to": [16, 18.5, 8],
			"rotation": {"angle": 45, "axis": "x", "origin": [14, 16.75, 6.25]},
			"faces": {
				"north": {"uv": [11, 5, 12, 8], "texture": "#0", "tintindex": 0},
				"east": {"uv": [10, 5, 11, 8], "texture": "#0", "tintindex": 0},
				"south": {"uv": [13, 5, 14, 8], "texture": "#0", "tintindex": 0},
				"west": {"uv": [12, 5, 13, 8], "texture": "#0", "tintindex": 0},
				"up": {"uv": [12, 5, 11, 4], "texture": "#0", "tintindex": 0},
				"down": {"uv": [13, 4, 12, 5], "texture": "#0", "tintindex": 0}
			}
		},
		{
			"from": [11.5, 15, 3.5],
			"to": [16.5, 20, 9.5],
			"rotation": {"angle": 45, "axis": "x", "origin": [14, 16.75, 6.25]},
			"faces": {
				"north": {"uv": [5, 0, 0, 5], "texture": "#2", "tintindex": 0},
				"east": {"uv": [6, 0, 0, 5], "texture": "#2", "tintindex": 0},
				"south": {"uv": [5, 0, 0, 5], "texture": "#2", "tintindex": 0},
				"west": {"uv": [6, 0, 0, 5], "texture": "#2", "tintindex": 0},
				"up": {"uv": [5, 0, 0, 6], "texture": "#2", "tintindex": 0},
				"down": {"uv": [5, 0, 0, 6], "texture": "#2", "tintindex": 0}
			}
		},
		{
			"from": [12.1, 18, 5.5],
			"to": [16.1, 24, 10.5],
			"rotation": {"angle": 0, "axis": "y", "origin": [16.1, 18, 5.5]},
			"faces": {
				"north": {"uv": [4, 0, 0, 6], "texture": "#2", "tintindex": 0},
				"east": {"uv": [5, 0, 0, 6], "texture": "#2", "tintindex": 0},
				"south": {"uv": [4, 0, 0, 6], "texture": "#2", "tintindex": 0},
				"west": {"uv": [5, 0, 0, 6], "texture": "#2", "tintindex": 0},
				"up": {"uv": [4, 0, 0, 5], "texture": "#2", "tintindex": 0},
				"down": {"uv": [4, 0, 0, 5], "texture": "#2", "tintindex": 0}
			}
		}
	],
	"display": {
		"head": {
			"rotation": [23, -90, 0],
			"translation": [0, -23.25, -17.75],
			"scale": [1.5, 1.5, 1.5]
		}
	},
	"groups": [
		{
			"name": "steve",
			"origin": [8, 8, 8],
			"color": 0,
			"children": [0]
		},
		1,
		2
	]
}