{
	"format_version": "1.21.6",
	"credit": "Made with Blockbench",
	"textures": {
		"0": "block/gold_block",
		"1": "block/spruce_planks",
		"2": "block/black_concrete",
		"particle": "block/gold_block"
	},
	"elements": [
		{
			"from": [2, 0, 0],
			"to": [10, 2, 2],
			"rotation": {"angle": 0, "axis": "y", "origin": [2, 0, 2]},
			"faces": {
				"north": {"uv": [9, 13, 1, 15], "texture": "#0"},
				"east": {"uv": [2, 0, 0, 2], "texture": "#0"},
				"south": {"uv": [9, 13, 1, 15], "texture": "#0"},
				"west": {"uv": [2, 0, 0, 2], "texture": "#0"},
				"up": {"uv": [1, 15, 9, 13], "texture": "#0"},
				"down": {"uv": [1, 15, 9, 13], "texture": "#0"}
			}
		},
		{
			"from": [0, 0, -14],
			"to": [2, 2, 0],
			"rotation": {"angle": 0, "axis": "y", "origin": [1, 1, -4]},
			"faces": {
				"north": {"uv": [2, 0, 0, 2], "texture": "#0"},
				"east": {"uv": [15, 13, 1, 15], "texture": "#0"},
				"south": {"uv": [2, 0, 0, 2], "texture": "#0"},
				"west": {"uv": [15, 13, 1, 15], "texture": "#0"},
				"up": {"uv": [15, 13, 1, 15], "rotation": 270, "texture": "#0"},
				"down": {"uv": [15, 13, 1, 15], "rotation": 90, "texture": "#0"}
			}
		},
		{
			"from": [30, 0, -14],
			"to": [32, 2, 0],
			"rotation": {"angle": 0, "axis": "y", "origin": [31, 1, -4]},
			"faces": {
				"north": {"uv": [2, 0, 0, 2], "texture": "#0"},
				"east": {"uv": [15, 13, 1, 15], "texture": "#0"},
				"south": {"uv": [2, 0, 0, 2], "texture": "#0"},
				"west": {"uv": [15, 13, 1, 15], "texture": "#0"},
				"up": {"uv": [15, 13, 1, 15], "rotation": 270, "texture": "#0"},
				"down": {"uv": [15, 13, 1, 15], "rotation": 90, "texture": "#0"}
			}
		},
		{
			"from": [0, 10, -14],
			"to": [2, 12, 0],
			"rotation": {"angle": 0, "axis": "y", "origin": [1, 11, -4]},
			"faces": {
				"north": {"uv": [2, 0, 0, 2], "texture": "#0"},
				"east": {"uv": [15, 13, 1, 15], "texture": "#0"},
				"south": {"uv": [2, 0, 0, 2], "texture": "#0"},
				"west": {"uv": [15, 13, 1, 15], "texture": "#0"},
				"up": {"uv": [15, 13, 1, 15], "rotation": 270, "texture": "#0"},
				"down": {"uv": [15, 13, 1, 15], "rotation": 90, "texture": "#0"}
			}
		},
		{
			"from": [30, 10, -14],
			"to": [32, 12, 0],
			"rotation": {"angle": 0, "axis": "y", "origin": [31, 11, -4]},
			"faces": {
				"north": {"uv": [2, 0, 0, 2], "texture": "#0"},
				"east": {"uv": [15, 13, 1, 15], "texture": "#0"},
				"south": {"uv": [2, 0, 0, 2], "texture": "#0"},
				"west": {"uv": [15, 13, 1, 15], "texture": "#0"},
				"up": {"uv": [15, 13, 1, 15], "rotation": 270, "texture": "#0"},
				"down": {"uv": [15, 13, 1, 15], "rotation": 90, "texture": "#0"}
			}
		},
		{
			"from": [22, 0, 0],
			"to": [30, 2, 2],
			"rotation": {"angle": 0, "axis": "y", "origin": [22, 0, 2]},
			"faces": {
				"north": {"uv": [9, 13, 1, 15], "texture": "#0"},
				"east": {"uv": [2, 0, 0, 2], "texture": "#0"},
				"south": {"uv": [9, 13, 1, 15], "texture": "#0"},
				"west": {"uv": [2, 0, 0, 2], "texture": "#0"},
				"up": {"uv": [1, 15, 9, 13], "texture": "#0"},
				"down": {"uv": [1, 15, 9, 13], "texture": "#0"}
			}
		},
		{
			"from": [22, 10, 0],
			"to": [30, 12, 2],
			"rotation": {"angle": 0, "axis": "y", "origin": [22, 10, 2]},
			"faces": {
				"north": {"uv": [9, 13, 1, 15], "texture": "#0"},
				"east": {"uv": [2, 0, 0, 2], "texture": "#0"},
				"south": {"uv": [9, 13, 1, 15], "texture": "#0"},
				"west": {"uv": [2, 0, 0, 2], "texture": "#0"},
				"up": {"uv": [1, 15, 9, 13], "texture": "#0"},
				"down": {"uv": [1, 15, 9, 13], "texture": "#0"}
			}
		},
		{
			"from": [2, 10, 0],
			"to": [10, 12, 2],
			"rotation": {"angle": 0, "axis": "y", "origin": [2, 10, 2]},
			"faces": {
				"north": {"uv": [9, 13, 1, 15], "texture": "#0"},
				"east": {"uv": [2, 0, 0, 2], "texture": "#0"},
				"south": {"uv": [9, 13, 1, 15], "texture": "#0"},
				"west": {"uv": [2, 0, 0, 2], "texture": "#0"},
				"up": {"uv": [1, 15, 9, 13], "texture": "#0"},
				"down": {"uv": [1, 15, 9, 13], "texture": "#0"}
			}
		},
		{
			"from": [12, 10, 0],
			"to": [20, 12, 2],
			"rotation": {"angle": 0, "axis": "y", "origin": [12, 10, 2]},
			"faces": {
				"north": {"uv": [9, 13, 1, 15], "texture": "#0"},
				"east": {"uv": [2, 0, 0, 2], "texture": "#0"},
				"south": {"uv": [9, 13, 1, 15], "texture": "#0"},
				"west": {"uv": [2, 0, 0, 2], "texture": "#0"},
				"up": {"uv": [1, 15, 9, 13], "texture": "#0"},
				"down": {"uv": [1, 15, 9, 13], "texture": "#0"}
			}
		},
		{
			"from": [12, 10, -16],
			"to": [20, 12, -14],
			"rotation": {"angle": 0, "axis": "y", "origin": [12, 10, -14]},
			"faces": {
				"north": {"uv": [9, 13, 1, 15], "texture": "#0"},
				"east": {"uv": [2, 0, 0, 2], "texture": "#0"},
				"south": {"uv": [9, 13, 1, 15], "texture": "#0"},
				"west": {"uv": [2, 0, 0, 2], "texture": "#0"},
				"up": {"uv": [1, 15, 9, 13], "texture": "#0"},
				"down": {"uv": [1, 15, 9, 13], "texture": "#0"}
			}
		},
		{
			"from": [2, 10, -16],
			"to": [10, 12, -14],
			"rotation": {"angle": 0, "axis": "y", "origin": [2, 10, -14]},
			"faces": {
				"north": {"uv": [9, 13, 1, 15], "texture": "#0"},
				"east": {"uv": [2, 0, 0, 2], "texture": "#0"},
				"south": {"uv": [9, 13, 1, 15], "texture": "#0"},
				"west": {"uv": [2, 0, 0, 2], "texture": "#0"},
				"up": {"uv": [1, 15, 9, 13], "texture": "#0"},
				"down": {"uv": [1, 15, 9, 13], "texture": "#0"}
			}
		},
		{
			"from": [22, 10, -16],
			"to": [30, 12, -14],
			"rotation": {"angle": 0, "axis": "y", "origin": [22, 10, -14]},
			"faces": {
				"north": {"uv": [9, 13, 1, 15], "texture": "#0"},
				"east": {"uv": [2, 0, 0, 2], "texture": "#0"},
				"south": {"uv": [9, 13, 1, 15], "texture": "#0"},
				"west": {"uv": [2, 0, 0, 2], "texture": "#0"},
				"up": {"uv": [1, 15, 9, 13], "texture": "#0"},
				"down": {"uv": [1, 15, 9, 13], "texture": "#0"}
			}
		},
		{
			"from": [0, 0, 0],
			"to": [2, 12, 2],
			"rotation": {"angle": 0, "axis": "z", "origin": [1, 7, 1]},
			"faces": {
				"north": {"uv": [1, 15, 13, 13], "rotation": 270, "texture": "#0"},
				"east": {"uv": [1, 15, 13, 13], "rotation": 270, "texture": "#0"},
				"south": {"uv": [1, 15, 13, 13], "rotation": 90, "texture": "#0"},
				"west": {"uv": [1, 15, 13, 13], "rotation": 270, "texture": "#0"},
				"up": {"uv": [2, 0, 0, 2], "rotation": 270, "texture": "#0"},
				"down": {"uv": [2, 0, 0, 2], "rotation": 270, "texture": "#0"}
			}
		},
		{
			"from": [10, 0, 0],
			"to": [12, 12, 2],
			"rotation": {"angle": 0, "axis": "z", "origin": [11, 7, 1]},
			"faces": {
				"north": {"uv": [1, 15, 13, 13], "rotation": 270, "texture": "#0"},
				"east": {"uv": [1, 15, 13, 13], "rotation": 270, "texture": "#0"},
				"south": {"uv": [1, 15, 13, 13], "rotation": 90, "texture": "#0"},
				"west": {"uv": [1, 15, 13, 13], "rotation": 270, "texture": "#0"},
				"up": {"uv": [2, 0, 0, 2], "rotation": 270, "texture": "#0"},
				"down": {"uv": [2, 0, 0, 2], "rotation": 270, "texture": "#0"}
			}
		},
		{
			"from": [20, 0, 0],
			"to": [22, 12, 2],
			"rotation": {"angle": 0, "axis": "z", "origin": [21, 7, 1]},
			"faces": {
				"north": {"uv": [1, 15, 13, 13], "rotation": 270, "texture": "#0"},
				"east": {"uv": [1, 15, 13, 13], "rotation": 270, "texture": "#0"},
				"south": {"uv": [1, 15, 13, 13], "rotation": 90, "texture": "#0"},
				"west": {"uv": [1, 15, 13, 13], "rotation": 270, "texture": "#0"},
				"up": {"uv": [2, 0, 0, 2], "rotation": 270, "texture": "#0"},
				"down": {"uv": [2, 0, 0, 2], "rotation": 270, "texture": "#0"}
			}
		},
		{
			"from": [30, 0, 0],
			"to": [32, 12, 2],
			"rotation": {"angle": 0, "axis": "z", "origin": [31, 7, 1]},
			"faces": {
				"north": {"uv": [1, 15, 13, 13], "rotation": 270, "texture": "#0"},
				"east": {"uv": [1, 15, 13, 13], "rotation": 270, "texture": "#0"},
				"south": {"uv": [1, 15, 13, 13], "rotation": 90, "texture": "#0"},
				"west": {"uv": [1, 15, 13, 13], "rotation": 270, "texture": "#0"},
				"up": {"uv": [2, 0, 0, 2], "rotation": 270, "texture": "#0"},
				"down": {"uv": [2, 0, 0, 2], "rotation": 270, "texture": "#0"}
			}
		},
		{
			"from": [10, 0, -16],
			"to": [12, 12, -14],
			"rotation": {"angle": 0, "axis": "z", "origin": [11, 7, -15]},
			"faces": {
				"north": {"uv": [1, 15, 13, 13], "rotation": 270, "texture": "#0"},
				"east": {"uv": [1, 15, 13, 13], "rotation": 270, "texture": "#0"},
				"south": {"uv": [1, 15, 13, 13], "rotation": 90, "texture": "#0"},
				"west": {"uv": [1, 15, 13, 13], "rotation": 270, "texture": "#0"},
				"up": {"uv": [2, 0, 0, 2], "rotation": 270, "texture": "#0"},
				"down": {"uv": [2, 0, 0, 2], "rotation": 270, "texture": "#0"}
			}
		},
		{
			"from": [2, 0, -16],
			"to": [10, 2, -14],
			"rotation": {"angle": 0, "axis": "y", "origin": [2, 0, -14]},
			"faces": {
				"north": {"uv": [9, 13, 1, 15], "texture": "#0"},
				"east": {"uv": [2, 0, 0, 2], "texture": "#0"},
				"south": {"uv": [9, 13, 1, 15], "texture": "#0"},
				"west": {"uv": [2, 0, 0, 2], "texture": "#0"},
				"up": {"uv": [1, 15, 9, 13], "texture": "#0"},
				"down": {"uv": [1, 15, 9, 13], "texture": "#0"}
			}
		},
		{
			"from": [12, 0, -16],
			"to": [20, 2, -14],
			"rotation": {"angle": 0, "axis": "y", "origin": [12, 0, -14]},
			"faces": {
				"north": {"uv": [9, 13, 1, 15], "texture": "#0"},
				"east": {"uv": [2, 0, 0, 2], "texture": "#0"},
				"south": {"uv": [9, 13, 1, 15], "texture": "#0"},
				"west": {"uv": [2, 0, 0, 2], "texture": "#0"},
				"up": {"uv": [1, 15, 9, 13], "texture": "#0"},
				"down": {"uv": [1, 15, 9, 13], "texture": "#0"}
			}
		},
		{
			"from": [0, 0, -16],
			"to": [2, 12, -14],
			"rotation": {"angle": 0, "axis": "z", "origin": [1, 7, -15]},
			"faces": {
				"north": {"uv": [1, 15, 13, 13], "rotation": 270, "texture": "#0"},
				"east": {"uv": [1, 15, 13, 13], "rotation": 270, "texture": "#0"},
				"south": {"uv": [1, 15, 13, 13], "rotation": 90, "texture": "#0"},
				"west": {"uv": [1, 15, 13, 13], "rotation": 270, "texture": "#0"},
				"up": {"uv": [2, 0, 0, 2], "rotation": 270, "texture": "#0"},
				"down": {"uv": [2, 0, 0, 2], "rotation": 270, "texture": "#0"}
			}
		},
		{
			"from": [20, 0, -16],
			"to": [22, 12, -14],
			"rotation": {"angle": 0, "axis": "z", "origin": [21, 7, -15]},
			"faces": {
				"north": {"uv": [1, 15, 13, 13], "rotation": 270, "texture": "#0"},
				"east": {"uv": [1, 15, 13, 13], "rotation": 270, "texture": "#0"},
				"south": {"uv": [1, 15, 13, 13], "rotation": 90, "texture": "#0"},
				"west": {"uv": [1, 15, 13, 13], "rotation": 270, "texture": "#0"},
				"up": {"uv": [2, 0, 0, 2], "rotation": 270, "texture": "#0"},
				"down": {"uv": [2, 0, 0, 2], "rotation": 270, "texture": "#0"}
			}
		},
		{
			"from": [22, 0, -16],
			"to": [30, 2, -14],
			"rotation": {"angle": 0, "axis": "y", "origin": [22, 0, -14]},
			"faces": {
				"north": {"uv": [9, 13, 1, 15], "texture": "#0"},
				"east": {"uv": [2, 0, 0, 2], "texture": "#0"},
				"south": {"uv": [9, 13, 1, 15], "texture": "#0"},
				"west": {"uv": [2, 0, 0, 2], "texture": "#0"},
				"up": {"uv": [1, 15, 9, 13], "texture": "#0"},
				"down": {"uv": [1, 15, 9, 13], "texture": "#0"}
			}
		},
		{
			"from": [30, 0, -16],
			"to": [32, 12, -14],
			"rotation": {"angle": 0, "axis": "z", "origin": [31, 7, -15]},
			"faces": {
				"north": {"uv": [1, 15, 13, 13], "rotation": 270, "texture": "#0"},
				"east": {"uv": [1, 15, 13, 13], "rotation": 270, "texture": "#0"},
				"south": {"uv": [1, 15, 13, 13], "rotation": 90, "texture": "#0"},
				"west": {"uv": [1, 15, 13, 13], "rotation": 270, "texture": "#0"},
				"up": {"uv": [2, 0, 0, 2], "rotation": 270, "texture": "#0"},
				"down": {"uv": [2, 0, 0, 2], "rotation": 270, "texture": "#0"}
			}
		},
		{
			"from": [1, 0, -14],
			"to": [16, 12, 1],
			"rotation": {"angle": 0, "axis": "y", "origin": [1, 0, 1]},
			"faces": {
				"north": {"uv": [15, 0, 0, 12], "texture": "#1"},
				"east": {"uv": [15, 0, 0, 12], "texture": "#1"},
				"south": {"uv": [15, 0, 0, 12], "texture": "#1"},
				"west": {"uv": [15, 0, 0, 12], "texture": "#1"},
				"up": {"uv": [0, 15, 15, 0], "texture": "#1"},
				"down": {"uv": [0, 15, 15, 0], "texture": "#1"}
			}
		},
		{
			"from": [16, 0, -14],
			"to": [31, 12, 1],
			"rotation": {"angle": 0, "axis": "y", "origin": [16, 0, 1]},
			"faces": {
				"north": {"uv": [15, 0, 0, 12], "texture": "#1"},
				"east": {"uv": [15, 0, 0, 12], "texture": "#1"},
				"south": {"uv": [15, 0, 0, 12], "texture": "#1"},
				"west": {"uv": [15, 0, 0, 12], "texture": "#1"},
				"up": {"uv": [0, 15, 15, 0], "texture": "#1"},
				"down": {"uv": [0, 15, 15, 0], "texture": "#1"}
			}
		},
		{
			"from": [1, 12, -15],
			"to": [16, 16, 1],
			"rotation": {"angle": 0, "axis": "y", "origin": [1, 12, 1]},
			"faces": {
				"north": {"uv": [15, 0, 0, 4], "texture": "#1"},
				"east": {"uv": [16, 0, 0, 4], "texture": "#1"},
				"south": {"uv": [15, 0, 0, 4], "texture": "#1"},
				"west": {"uv": [16, 0, 0, 4], "texture": "#1"},
				"up": {"uv": [0, 16, 15, 0], "texture": "#1"},
				"down": {"uv": [0, 16, 15, 0], "texture": "#1"}
			}
		},
		{
			"from": [16, 12, -15],
			"to": [31, 16, 1],
			"rotation": {"angle": 0, "axis": "y", "origin": [16, 12, 1]},
			"faces": {
				"north": {"uv": [15, 0, 0, 4], "texture": "#1"},
				"east": {"uv": [16, 0, 0, 4], "texture": "#1"},
				"south": {"uv": [15, 0, 0, 4], "texture": "#1"},
				"west": {"uv": [16, 0, 0, 4], "texture": "#1"},
				"up": {"uv": [0, 16, 15, 0], "texture": "#1"},
				"down": {"uv": [0, 16, 15, 0], "texture": "#1"}
			}
		},
		{
			"from": [1, 16, -13],
			"to": [16, 18, -1],
			"rotation": {"angle": 0, "axis": "y", "origin": [1, 16, -1]},
			"faces": {
				"north": {"uv": [15, 0, 0, 2], "texture": "#1"},
				"east": {"uv": [12, 0, 0, 2], "texture": "#1"},
				"south": {"uv": [15, 0, 0, 2], "texture": "#1"},
				"west": {"uv": [12, 0, 0, 2], "texture": "#1"},
				"up": {"uv": [0, 12, 15, 0], "texture": "#1"},
				"down": {"uv": [0, 12, 15, 0], "texture": "#1"}
			}
		},
		{
			"from": [16, 16, -13],
			"to": [31, 18, -1],
			"rotation": {"angle": 0, "axis": "y", "origin": [16, 16, -1]},
			"faces": {
				"north": {"uv": [15, 0, 0, 2], "texture": "#1"},
				"east": {"uv": [12, 0, 0, 2], "texture": "#1"},
				"south": {"uv": [15, 0, 0, 2], "texture": "#1"},
				"west": {"uv": [12, 0, 0, 2], "texture": "#1"},
				"up": {"uv": [0, 12, 15, 0], "texture": "#1"},
				"down": {"uv": [0, 12, 15, 0], "texture": "#1"}
			}
		},
		{
			"from": [1, 18, -11],
			"to": [16, 19, -3],
			"rotation": {"angle": 0, "axis": "y", "origin": [1, 18, -3]},
			"faces": {
				"north": {"uv": [15, 0, 0, 1], "texture": "#1"},
				"east": {"uv": [8, 0, 0, 1], "texture": "#1"},
				"south": {"uv": [15, 0, 0, 1], "texture": "#1"},
				"west": {"uv": [8, 0, 0, 1], "texture": "#1"},
				"up": {"uv": [0, 8, 15, 0], "texture": "#1"},
				"down": {"uv": [0, 8, 15, 0], "texture": "#1"}
			}
		},
		{
			"from": [16, 18, -11],
			"to": [31, 19, -3],
			"rotation": {"angle": 0, "axis": "y", "origin": [16, 18, -3]},
			"faces": {
				"north": {"uv": [15, 0, 0, 1], "texture": "#1"},
				"east": {"uv": [8, 0, 0, 1], "texture": "#1"},
				"south": {"uv": [15, 0, 0, 1], "texture": "#1"},
				"west": {"uv": [8, 0, 0, 1], "texture": "#1"},
				"up": {"uv": [0, 8, 15, 0], "texture": "#1"},
				"down": {"uv": [0, 8, 15, 0], "texture": "#1"}
			}
		},
		{
			"from": [0, 12, -16],
			"to": [2, 17, -14],
			"rotation": {"angle": 0, "axis": "y", "origin": [0, 12, -14]},
			"faces": {
				"north": {"uv": [5, 2, 3, 7], "texture": "#0"},
				"east": {"uv": [4, 2, 2, 7], "texture": "#0"},
				"south": {"uv": [5, 2, 3, 7], "texture": "#0"},
				"west": {"uv": [5, 2, 3, 7], "texture": "#0"},
				"up": {"uv": [3, 4, 5, 2], "texture": "#0"},
				"down": {"uv": [3, 4, 5, 2], "texture": "#0"}
			}
		},
		{
			"from": [0, 12, 0],
			"to": [2, 17, 2],
			"rotation": {"angle": 0, "axis": "y", "origin": [0, 12, 2]},
			"faces": {
				"north": {"uv": [5, 2, 3, 7], "texture": "#0"},
				"east": {"uv": [4, 2, 2, 7], "texture": "#0"},
				"south": {"uv": [5, 2, 3, 7], "texture": "#0"},
				"west": {"uv": [5, 2, 3, 7], "texture": "#0"},
				"up": {"uv": [3, 4, 5, 2], "texture": "#0"},
				"down": {"uv": [3, 4, 5, 2], "texture": "#0"}
			}
		},
		{
			"from": [0, 16, -2],
			"to": [2, 19, 0],
			"rotation": {"angle": 0, "axis": "y", "origin": [0, 16, 0]},
			"faces": {
				"north": {"uv": [5, 2, 3, 7], "texture": "#0"},
				"east": {"uv": [4, 2, 2, 7], "texture": "#0"},
				"south": {"uv": [5, 2, 3, 7], "texture": "#0"},
				"west": {"uv": [5, 2, 3, 7], "texture": "#0"},
				"up": {"uv": [3, 4, 5, 2], "texture": "#0"},
				"down": {"uv": [3, 4, 5, 2], "texture": "#0"}
			}
		},
		{
			"from": [0, 16, -14],
			"to": [2, 19, -12],
			"rotation": {"angle": 0, "axis": "y", "origin": [0, 16, -12]},
			"faces": {
				"north": {"uv": [5, 2, 3, 7], "texture": "#0"},
				"east": {"uv": [4, 2, 2, 7], "texture": "#0"},
				"south": {"uv": [5, 2, 3, 7], "texture": "#0"},
				"west": {"uv": [5, 2, 3, 7], "texture": "#0"},
				"up": {"uv": [3, 4, 5, 2], "texture": "#0"},
				"down": {"uv": [3, 4, 5, 2], "texture": "#0"}
			}
		},
		{
			"from": [30, 16, -14],
			"to": [32, 19, -12],
			"rotation": {"angle": 0, "axis": "y", "origin": [30, 16, -12]},
			"faces": {
				"north": {"uv": [5, 2, 3, 7], "texture": "#0"},
				"east": {"uv": [4, 2, 2, 7], "texture": "#0"},
				"south": {"uv": [5, 2, 3, 7], "texture": "#0"},
				"west": {"uv": [5, 2, 3, 7], "texture": "#0"},
				"up": {"uv": [3, 4, 5, 2], "texture": "#0"},
				"down": {"uv": [3, 4, 5, 2], "texture": "#0"}
			}
		},
		{
			"from": [30, 16, -2],
			"to": [32, 19, 0],
			"rotation": {"angle": 0, "axis": "y", "origin": [30, 16, 0]},
			"faces": {
				"north": {"uv": [5, 2, 3, 7], "texture": "#0"},
				"east": {"uv": [4, 2, 2, 7], "texture": "#0"},
				"south": {"uv": [5, 2, 3, 7], "texture": "#0"},
				"west": {"uv": [5, 2, 3, 7], "texture": "#0"},
				"up": {"uv": [3, 4, 5, 2], "texture": "#0"},
				"down": {"uv": [3, 4, 5, 2], "texture": "#0"}
			}
		},
		{
			"from": [30, 18, -12],
			"to": [32, 20, -2],
			"rotation": {"angle": 0, "axis": "y", "origin": [30, 18, -2]},
			"faces": {
				"north": {"uv": [5, 2, 3, 4], "texture": "#0"},
				"east": {"uv": [12, 2, 2, 4], "texture": "#0"},
				"south": {"uv": [5, 2, 3, 4], "texture": "#0"},
				"west": {"uv": [13, 2, 3, 4], "texture": "#0"},
				"up": {"uv": [3, 12, 5, 2], "texture": "#0"},
				"down": {"uv": [3, 12, 5, 2], "texture": "#0"}
			}
		},
		{
			"from": [0, 18, -12],
			"to": [2, 20, -2],
			"rotation": {"angle": 0, "axis": "y", "origin": [0, 18, -2]},
			"faces": {
				"north": {"uv": [5, 2, 3, 4], "texture": "#0"},
				"east": {"uv": [12, 2, 2, 4], "texture": "#0"},
				"south": {"uv": [5, 2, 3, 4], "texture": "#0"},
				"west": {"uv": [13, 2, 3, 4], "texture": "#0"},
				"up": {"uv": [3, 12, 5, 2], "texture": "#0"},
				"down": {"uv": [3, 12, 5, 2], "texture": "#0"}
			}
		},
		{
			"from": [30, 12, 0],
			"to": [32, 17, 2],
			"rotation": {"angle": 0, "axis": "y", "origin": [30, 12, 2]},
			"faces": {
				"north": {"uv": [5, 2, 3, 7], "texture": "#0"},
				"east": {"uv": [4, 2, 2, 7], "texture": "#0"},
				"south": {"uv": [5, 2, 3, 7], "texture": "#0"},
				"west": {"uv": [5, 2, 3, 7], "texture": "#0"},
				"up": {"uv": [3, 4, 5, 2], "texture": "#0"},
				"down": {"uv": [3, 4, 5, 2], "texture": "#0"}
			}
		},
		{
			"from": [30, 12, -16],
			"to": [32, 17, -14],
			"rotation": {"angle": 0, "axis": "y", "origin": [30, 12, -14]},
			"faces": {
				"north": {"uv": [5, 2, 3, 7], "texture": "#0"},
				"east": {"uv": [4, 2, 2, 7], "texture": "#0"},
				"south": {"uv": [5, 2, 3, 7], "texture": "#0"},
				"west": {"uv": [5, 2, 3, 7], "texture": "#0"},
				"up": {"uv": [3, 4, 5, 2], "texture": "#0"},
				"down": {"uv": [3, 4, 5, 2], "texture": "#0"}
			}
		},
		{
			"from": [20, 12, -16],
			"to": [22, 17, -14],
			"rotation": {"angle": 0, "axis": "y", "origin": [20, 12, -14]},
			"faces": {
				"north": {"uv": [5, 2, 3, 7], "texture": "#0"},
				"east": {"uv": [4, 2, 2, 7], "texture": "#0"},
				"south": {"uv": [5, 2, 3, 7], "texture": "#0"},
				"west": {"uv": [5, 2, 3, 7], "texture": "#0"},
				"up": {"uv": [3, 4, 5, 2], "texture": "#0"},
				"down": {"uv": [3, 4, 5, 2], "texture": "#0"}
			}
		},
		{
			"from": [20, 16, -14],
			"to": [22, 19, -12],
			"rotation": {"angle": 0, "axis": "y", "origin": [20, 16, -12]},
			"faces": {
				"north": {"uv": [5, 2, 3, 7], "texture": "#0"},
				"east": {"uv": [4, 2, 2, 7], "texture": "#0"},
				"south": {"uv": [5, 2, 3, 7], "texture": "#0"},
				"west": {"uv": [5, 2, 3, 7], "texture": "#0"},
				"up": {"uv": [3, 4, 5, 2], "texture": "#0"},
				"down": {"uv": [3, 4, 5, 2], "texture": "#0"}
			}
		},
		{
			"from": [20, 18, -12],
			"to": [22, 20, -2],
			"rotation": {"angle": 0, "axis": "y", "origin": [20, 18, -2]},
			"faces": {
				"north": {"uv": [5, 2, 3, 4], "texture": "#0"},
				"east": {"uv": [12, 2, 2, 4], "texture": "#0"},
				"south": {"uv": [5, 2, 3, 4], "texture": "#0"},
				"west": {"uv": [13, 2, 3, 4], "texture": "#0"},
				"up": {"uv": [3, 12, 5, 2], "texture": "#0"},
				"down": {"uv": [3, 12, 5, 2], "texture": "#0"}
			}
		},
		{
			"from": [20, 16, -2],
			"to": [22, 19, 0],
			"rotation": {"angle": 0, "axis": "y", "origin": [20, 16, 0]},
			"faces": {
				"north": {"uv": [5, 2, 3, 7], "texture": "#0"},
				"east": {"uv": [4, 2, 2, 7], "texture": "#0"},
				"south": {"uv": [5, 2, 3, 7], "texture": "#0"},
				"west": {"uv": [5, 2, 3, 7], "texture": "#0"},
				"up": {"uv": [3, 4, 5, 2], "texture": "#0"},
				"down": {"uv": [3, 4, 5, 2], "texture": "#0"}
			}
		},
		{
			"from": [20, 12, 0],
			"to": [22, 17, 2],
			"rotation": {"angle": 0, "axis": "y", "origin": [20, 12, 2]},
			"faces": {
				"north": {"uv": [5, 2, 3, 7], "texture": "#0"},
				"east": {"uv": [4, 2, 2, 7], "texture": "#0"},
				"south": {"uv": [5, 2, 3, 7], "texture": "#0"},
				"west": {"uv": [5, 2, 3, 7], "texture": "#0"},
				"up": {"uv": [3, 4, 5, 2], "texture": "#0"},
				"down": {"uv": [3, 4, 5, 2], "texture": "#0"}
			}
		},
		{
			"from": [10, 12, -16],
			"to": [12, 17, -14],
			"rotation": {"angle": 0, "axis": "y", "origin": [10, 12, -14]},
			"faces": {
				"north": {"uv": [5, 2, 3, 7], "texture": "#0"},
				"east": {"uv": [4, 2, 2, 7], "texture": "#0"},
				"south": {"uv": [5, 2, 3, 7], "texture": "#0"},
				"west": {"uv": [5, 2, 3, 7], "texture": "#0"},
				"up": {"uv": [3, 4, 5, 2], "texture": "#0"},
				"down": {"uv": [3, 4, 5, 2], "texture": "#0"}
			}
		},
		{
			"from": [10, 16, -14],
			"to": [12, 19, -12],
			"rotation": {"angle": 0, "axis": "y", "origin": [10, 16, -12]},
			"faces": {
				"north": {"uv": [5, 2, 3, 7], "texture": "#0"},
				"east": {"uv": [4, 2, 2, 7], "texture": "#0"},
				"south": {"uv": [5, 2, 3, 7], "texture": "#0"},
				"west": {"uv": [5, 2, 3, 7], "texture": "#0"},
				"up": {"uv": [3, 4, 5, 2], "texture": "#0"},
				"down": {"uv": [3, 4, 5, 2], "texture": "#0"}
			}
		},
		{
			"from": [10, 18, -12],
			"to": [12, 20, -2],
			"rotation": {"angle": 0, "axis": "y", "origin": [10, 18, -2]},
			"faces": {
				"north": {"uv": [5, 2, 3, 4], "texture": "#0"},
				"east": {"uv": [12, 2, 2, 4], "texture": "#0"},
				"south": {"uv": [5, 2, 3, 4], "texture": "#0"},
				"west": {"uv": [13, 2, 3, 4], "texture": "#0"},
				"up": {"uv": [3, 12, 5, 2], "texture": "#0"},
				"down": {"uv": [3, 12, 5, 2], "texture": "#0"}
			}
		},
		{
			"from": [10, 16, -2],
			"to": [12, 19, 0],
			"rotation": {"angle": 0, "axis": "y", "origin": [10, 16, 0]},
			"faces": {
				"north": {"uv": [5, 2, 3, 7], "texture": "#0"},
				"east": {"uv": [4, 2, 2, 7], "texture": "#0"},
				"south": {"uv": [5, 2, 3, 7], "texture": "#0"},
				"west": {"uv": [5, 2, 3, 7], "texture": "#0"},
				"up": {"uv": [3, 4, 5, 2], "texture": "#0"},
				"down": {"uv": [3, 4, 5, 2], "texture": "#0"}
			}
		},
		{
			"from": [10, 12, 0],
			"to": [12, 17, 2],
			"rotation": {"angle": 0, "axis": "y", "origin": [10, 12, 2]},
			"faces": {
				"north": {"uv": [5, 2, 3, 7], "texture": "#0"},
				"east": {"uv": [4, 2, 2, 7], "texture": "#0"},
				"south": {"uv": [5, 2, 3, 7], "texture": "#0"},
				"west": {"uv": [5, 2, 3, 7], "texture": "#0"},
				"up": {"uv": [3, 4, 5, 2], "texture": "#0"},
				"down": {"uv": [3, 4, 5, 2], "texture": "#0"}
			}
		},
		{
			"from": [9, 0, 1],
			"to": [23, 1, 15],
			"rotation": {"angle": 0, "axis": "y", "origin": [9, 0, 15]},
			"faces": {
				"north": {"uv": [14, 0, 0, 1], "texture": "#0"},
				"east": {"uv": [14, 0, 0, 1], "texture": "#0"},
				"south": {"uv": [14, 0, 0, 1], "texture": "#0"},
				"west": {"uv": [14, 0, 0, 1], "texture": "#0"},
				"up": {"uv": [1, 15, 15, 1], "texture": "#0"},
				"down": {"uv": [1, 15, 15, 1], "texture": "#0"}
			}
		},
		{
			"from": [14.5, 9.5, 0.25],
			"to": [17.5, 13.5, 2.25],
			"rotation": {"angle": 0, "axis": "y", "origin": [14.5, 9.5, 0.25]},
			"faces": {
				"north": {"uv": [0, 0, 3, 4], "texture": "#0"},
				"east": {"uv": [0, 0, 2, 4], "texture": "#0"},
				"south": {"uv": [0, 0, 3, 4], "texture": "#0"},
				"west": {"uv": [0, 0, 2, 4], "texture": "#0"},
				"up": {"uv": [0, 0, 3, 2], "texture": "#0"},
				"down": {"uv": [0, 0, 3, 2], "texture": "#0"}
			}
		},
		{
			"from": [12, 1, -0.75],
			"to": [20, 10, 1.25],
			"rotation": {"angle": 0, "axis": "y", "origin": [12, 1, -0.75]},
			"faces": {
				"north": {"uv": [0, 0, 8, 9], "texture": "#2"},
				"east": {"uv": [0, 0, 2, 9], "texture": "#2"},
				"south": {"uv": [0, 0, 8, 9], "texture": "#2"},
				"west": {"uv": [0, 0, 2, 9], "texture": "#2"},
				"up": {"uv": [0, 0, 8, 2], "texture": "#2"},
				"down": {"uv": [0, 0, 8, 2], "texture": "#2"}
			}
		}
	]
}