{
	"credit": "Made with Blockbench",
	"textures": {
		"0": "block/oak_log",
		"particle": "block/oak_log"
	},
	"elements": [
		{
			"from": [-5, -15, -1],
			"to": [5, -9, 5],
			"rotation": {"angle": -22.5, "axis": "z", "origin": [0, -12, 7.5]},
			"faces": {
				"north": {"uv": [0, 0, 6, 10], "rotation": 90, "tintindex": 0,"texture": "#0"},
				"east": {"uv": [0, 0, 6, 6], "rotation": 270, "tintindex": 0,"texture": "#0"},
				"south": {"uv": [0, 0, 6, 10], "rotation": 270, "tintindex": 0,"texture": "#0"},
				"west": {"uv": [0, 0, 6, 6], "rotation": 270, "tintindex": 0,"texture": "#0"},
				"up": {"uv": [0, 0, 6, 10], "rotation": 270, "tintindex": 0,"texture": "#0"},
				"down": {"uv": [0, 0, 6, 10], "rotation": 270, "tintindex": 0,"texture": "#0"}
			}
		},
		{
			"from": [-10.21016, -13.65538, -0.5],
			"to": [-2.21016, -8.65538, 4.5],
			"rotation": {"angle": 22.5, "axis": "z", "origin": [-6.21016, -11.15538, 7]},
			"faces": {
				"north": {"uv": [0, 0, 5, 8], "rotation": 90, "tintindex": 0,"texture": "#0"},
				"east": {"uv": [0, 0, 5, 5], "rotation": 270, "tintindex": 0,"texture": "#0"},
				"south": {"uv": [0, 0, 5, 8], "rotation": 270, "tintindex": 0,"texture": "#0"},
				"west": {"uv": [0, 0, 5, 5], "rotation": 270, "tintindex": 0,"texture": "#0"},
				"up": {"uv": [0, 0, 5, 8], "rotation": 270, "tintindex": 0,"texture": "#0"},
				"down": {"uv": [0, 0, 5, 8], "rotation": 270, "tintindex": 0,"texture": "#0"}
			}
		},
		{
			"from": [-15.05074, -15.92621, 0],
			"to": [-8.05074, -11.92621, 4],
			"rotation": {"angle": 45, "axis": "z", "origin": [-11.32734, -14.54527, 0.5]},
			"faces": {
				"north": {"uv": [0, 0, 4, 7], "rotation": 90, "tintindex": 0,"texture": "#0"},
				"east": {"uv": [0, 0, 4, 4], "rotation": 270, "tintindex": 0,"texture": "#0"},
				"south": {"uv": [0, 0, 4, 7], "rotation": 270, "tintindex": 0,"texture": "#0"},
				"west": {"uv": [0, 0, 4, 4], "rotation": 270, "tintindex": 0,"texture": "#0"},
				"up": {"uv": [0, 0, 4, 7], "rotation": 270, "tintindex": 0,"texture": "#0"},
				"down": {"uv": [0, 0, 4, 7], "rotation": 270, "tintindex": 0,"texture": "#0"}
			}
		}
	],
	"display": {
		"head": {
			"rotation": [0, -90, 0],
			"translation": [-21.5, 80, 19],
			"scale": [4, 4, 4]
		}
	}
}