{
	"credit": "Made with Blockbench",
	"textures": {
		"2": "block/spore_blossom_base",
		"3": "block/spore_blossom",
		"particle": "block/spore_blossom"
	},
	"elements": [
		{
			"from": [-2, 0, -2],
			"to": [18, 1, 18],
			"faces": {
				"north": {"uv": [0, 0, 16, 1], "tintindex": 0,"texture": "#2"},
				"east": {"uv": [0, 0, 16, 1], "tintindex": 0,"texture": "#2"},
				"south": {"uv": [0, 0, 16, 1], "tintindex": 0,"texture": "#2"},
				"west": {"uv": [0, 0, 16, 1], "tintindex": 0,"texture": "#2"},
				"up": {"uv": [0, 0, 16, 16], "tintindex": 0,"texture": "#2"},
				"down": {"uv": [0, 0, 16, 16], "tintindex": 0,"texture": "#2"}
			}
		},
		{
			"from": [-2, -0.5, -2],
			"to": [18, 0.5, 18],
			"rotation": {"angle": -45, "axis": "y", "origin": [8, 0.5, 8]},
			"faces": {
				"north": {"uv": [0, 0, 16, 1], "tintindex": 0,"texture": "#2"},
				"east": {"uv": [0, 0, 16, 1], "tintindex": 0,"texture": "#2"},
				"south": {"uv": [0, 0, 16, 1], "tintindex": 0,"texture": "#2"},
				"west": {"uv": [0, 0, 16, 1], "tintindex": 0,"texture": "#2"},
				"up": {"uv": [0, 0, 16, 16], "rotation": 270, "tintindex": 0,"texture": "#2"},
				"down": {"uv": [0, 0, 16, 16], "rotation": 90, "tintindex": 0,"texture": "#2"}
			}
		},
		{
			"from": [0, 4.3, -8],
			"to": [16, 4.4, 8],
			"rotation": {"angle": 22.5, "axis": "x", "origin": [8, 4.35, 0]},
			"faces": {
				"north": {"uv": [0, 0, 16, 0.1], "tintindex": 0,"texture": "#3"},
				"east": {"uv": [0, 0, 16, 0.1], "tintindex": 0,"texture": "#3"},
				"south": {"uv": [0, 0, 16, 0.1], "tintindex": 0,"texture": "#3"},
				"west": {"uv": [0, 0, 16, 0.1], "tintindex": 0,"texture": "#3"},
				"up": {"uv": [0, 0, 16, 16], "tintindex": 0,"texture": "#3"},
				"down": {"uv": [0, 16, 16, 0], "tintindex": 0,"texture": "#3"}
			}
		},
		{
			"from": [0, 4.3, 8],
			"to": [16, 4.4, 24],
			"rotation": {"angle": -22.5, "axis": "x", "origin": [8, 4.35, 16]},
			"faces": {
				"north": {"uv": [0, 0, 16, 0.1], "tintindex": 0,"texture": "#3"},
				"east": {"uv": [0, 0, 16, 0.1], "tintindex": 0,"texture": "#3"},
				"south": {"uv": [0, 0, 16, 0.1], "tintindex": 0,"texture": "#3"},
				"west": {"uv": [0, 0, 16, 0.1], "tintindex": 0,"texture": "#3"},
				"up": {"uv": [0, 0, 16, 16], "rotation": 180, "tintindex": 0,"texture": "#3"},
				"down": {"uv": [0, 16, 16, 0], "rotation": 180, "tintindex": 0,"texture": "#3"}
			}
		},
		{
			"from": [8, 4.3, 0],
			"to": [24, 4.4, 16],
			"rotation": {"angle": 22.5, "axis": "z", "origin": [16, 4.35, 8]},
			"faces": {
				"north": {"uv": [0, 0, 16, 0.1], "tintindex": 0,"texture": "#3"},
				"east": {"uv": [0, 0, 16, 0.1], "tintindex": 0,"texture": "#3"},
				"south": {"uv": [0, 0, 16, 0.1], "tintindex": 0,"texture": "#3"},
				"west": {"uv": [0, 0, 16, 0.1], "tintindex": 0,"texture": "#3"},
				"up": {"uv": [0, 0, 16, 16], "rotation": 90, "tintindex": 0,"texture": "#3"},
				"down": {"uv": [0, 0, 16, 16], "rotation": 90, "tintindex": 0,"texture": "#3"}
			}
		},
		{
			"from": [-8, 4.3, 0],
			"to": [8, 4.4, 16],
			"rotation": {"angle": -22.5, "axis": "z", "origin": [0, 4.35, 8]},
			"faces": {
				"north": {"uv": [0, 0, 16, 0.1], "tintindex": 0,"texture": "#3"},
				"east": {"uv": [0, 0, 16, 0.1], "tintindex": 0,"texture": "#3"},
				"south": {"uv": [0, 0, 16, 0.1], "tintindex": 0,"texture": "#3"},
				"west": {"uv": [0, 0, 16, 0.1], "tintindex": 0,"texture": "#3"},
				"up": {"uv": [0, 0, 16, 16], "rotation": 270, "tintindex": 0,"texture": "#3"},
				"down": {"uv": [0, 0, 16, 16], "rotation": 270, "tintindex": 0,"texture": "#3"}
			}
		}
	],
	"display": {
		"head": {
			"translation": [0, -11.25, 0],
			"scale": [4, 4, 4]
		}
	}
}