{
	"credit": "Made with Blockbench",
	"textures": {
		"0": "block/oak_log",
		"2": "block/quartz_block_bottom",
		"3": "block/lime_glazed_terracotta",
		"particle": "block/oak_log"
	},
	"elements": [
		{
			"from": [2, -15, 2],
			"to": [14, 1, 14],
			"rotation": {"angle": 0, "axis": "y", "origin": [6, -7, 5.9]},
			"faces": {
				"north": {"uv": [0, 0, 12, 16], "tintindex": 0,"texture": "#0"},
				"east": {"uv": [0, 0, 12, 16], "tintindex": 0,"texture": "#0"},
				"south": {"uv": [0, 0, 12, 16], "tintindex": 0,"texture": "#0"},
				"west": {"uv": [0, 0, 12, 16], "tintindex": 0,"texture": "#0"},
				"up": {"uv": [0, 0, 12, 12], "tintindex": 0,"texture": "#0"},
				"down": {"uv": [0, 0, 12, 12], "tintindex": 0,"texture": "#0"}
			}
		},
		{
			"from": [1, -2, 1],
			"to": [15, -1, 2],
			"rotation": {"angle": 22.5, "axis": "z", "origin": [8, -1.5, 1.5]},
			"faces": {
				"north": {"uv": [0, 0, 14, 1], "tintindex": 0,"texture": "#2"},
				"east": {"uv": [0, 0, 1, 1], "tintindex": 0,"texture": "#2"},
				"south": {"uv": [0, 0, 14, 1], "tintindex": 0,"texture": "#2"},
				"west": {"uv": [0, 0, 1, 1], "tintindex": 0,"texture": "#2"},
				"up": {"uv": [0, 0, 14, 1], "tintindex": 0,"texture": "#2"},
				"down": {"uv": [0, 0, 14, 1], "tintindex": 0,"texture": "#2"}
			}
		},
		{
			"from": [1, -2, 1],
			"to": [15, -1, 2],
			"rotation": {"angle": -22.5, "axis": "z", "origin": [8, -1.5, 1.5]},
			"faces": {
				"north": {"uv": [0, 0, 14, 1], "tintindex": 0,"texture": "#2"},
				"east": {"uv": [0, 0, 1, 1], "tintindex": 0,"texture": "#2"},
				"south": {"uv": [0, 0, 14, 1], "tintindex": 0,"texture": "#2"},
				"west": {"uv": [0, 0, 1, 1], "tintindex": 0,"texture": "#2"},
				"up": {"uv": [0, 0, 14, 1], "tintindex": 0,"texture": "#2"},
				"down": {"uv": [0, 0, 14, 1], "tintindex": 0,"texture": "#2"}
			}
		},
		{
			"from": [14, 3.5, 1],
			"to": [15, 4.5, 15],
			"rotation": {"angle": -22.5, "axis": "x", "origin": [15, 4.5, 8]},
			"faces": {
				"north": {"uv": [0, 0, 1, 1], "tintindex": 0,"texture": "#2"},
				"east": {"uv": [0, 0, 14, 1], "tintindex": 0,"texture": "#2"},
				"south": {"uv": [0, 0, 1, 1], "tintindex": 0,"texture": "#2"},
				"west": {"uv": [0, 0, 14, 1], "tintindex": 0,"texture": "#2"},
				"up": {"uv": [0, 0, 14, 1], "rotation": 270, "tintindex": 0,"texture": "#2"},
				"down": {"uv": [0, 0, 14, 1], "rotation": 90, "tintindex": 0,"texture": "#2"}
			}
		},
		{
			"from": [1, 3.5, 1],
			"to": [2, 4.5, 15],
			"rotation": {"angle": -22.5, "axis": "x", "origin": [15, 4.5, 8]},
			"faces": {
				"north": {"uv": [0, 0, 1, 1], "tintindex": 0,"texture": "#2"},
				"east": {"uv": [0, 0, 14, 1], "tintindex": 0,"texture": "#2"},
				"south": {"uv": [0, 0, 1, 1], "tintindex": 0,"texture": "#2"},
				"west": {"uv": [0, 0, 14, 1], "tintindex": 0,"texture": "#2"},
				"up": {"uv": [0, 0, 14, 1], "rotation": 270, "tintindex": 0,"texture": "#2"},
				"down": {"uv": [0, 0, 14, 1], "rotation": 90, "tintindex": 0,"texture": "#2"}
			}
		},
		{
			"from": [1, -4.46194, 1.19134],
			"to": [2, -3.46194, 15.19134],
			"rotation": {"angle": 0, "axis": "x", "origin": [1.5, 4.03806, 8.19134]},
			"faces": {
				"north": {"uv": [0, 0, 1, 1], "tintindex": 0,"texture": "#2"},
				"east": {"uv": [0, 0, 14, 1], "tintindex": 0,"texture": "#2"},
				"south": {"uv": [0, 0, 1, 1], "tintindex": 0,"texture": "#2"},
				"west": {"uv": [0, 0, 14, 1], "tintindex": 0,"texture": "#2"},
				"up": {"uv": [0, 0, 14, 1], "rotation": 270, "tintindex": 0,"texture": "#2"},
				"down": {"uv": [0, 0, 14, 1], "rotation": 90, "tintindex": 0,"texture": "#2"}
			}
		},
		{
			"from": [14, -4.46194, 1.19134],
			"to": [15, -3.46194, 15.19134],
			"rotation": {"angle": 0, "axis": "x", "origin": [1.5, 4.03806, 8.19134]},
			"faces": {
				"north": {"uv": [0, 0, 1, 1], "tintindex": 0,"texture": "#2"},
				"east": {"uv": [0, 0, 14, 1], "tintindex": 0,"texture": "#2"},
				"south": {"uv": [0, 0, 1, 1], "tintindex": 0,"texture": "#2"},
				"west": {"uv": [0, 0, 14, 1], "tintindex": 0,"texture": "#2"},
				"up": {"uv": [0, 0, 14, 1], "rotation": 270, "tintindex": 0,"texture": "#2"},
				"down": {"uv": [0, 0, 14, 1], "rotation": 90, "tintindex": 0,"texture": "#2"}
			}
		},
		{
			"from": [0.5, -5, 0.5],
			"to": [2.5, -3, 2.5],
			"rotation": {"angle": 0, "axis": "y", "origin": [1, -3, 2]},
			"faces": {
				"north": {"uv": [0, 0, 16, 16], "tintindex": 0,"texture": "#3"},
				"east": {"uv": [0, 0, 16, 16], "tintindex": 0,"texture": "#3"},
				"south": {"uv": [0, 0, 16, 16], "tintindex": 0,"texture": "#3"},
				"west": {"uv": [0, 0, 16, 16], "tintindex": 0,"texture": "#3"},
				"up": {"uv": [0, 0, 16, 16], "tintindex": 0,"texture": "#3"},
				"down": {"uv": [0, 0, 16, 16], "tintindex": 0,"texture": "#3"}
			}
		},
		{
			"from": [13.5, 0, 0.5],
			"to": [15.5, 2, 2.5],
			"rotation": {"angle": 0, "axis": "y", "origin": [1, -3, 2]},
			"faces": {
				"north": {"uv": [0, 0, 16, 16], "tintindex": 0,"texture": "#3"},
				"east": {"uv": [0, 0, 16, 16], "tintindex": 0,"texture": "#3"},
				"south": {"uv": [0, 0, 16, 16], "tintindex": 0,"texture": "#3"},
				"west": {"uv": [0, 0, 16, 16], "tintindex": 0,"texture": "#3"},
				"up": {"uv": [0, 0, 16, 16], "tintindex": 0,"texture": "#3"},
				"down": {"uv": [0, 0, 16, 16], "tintindex": 0,"texture": "#3"}
			}
		},
		{
			"from": [0.5, 0, 0.5],
			"to": [2.5, 2, 2.5],
			"rotation": {"angle": 0, "axis": "y", "origin": [1, -13, 2]},
			"faces": {
				"north": {"uv": [0, 0, 16, 16], "tintindex": 0,"texture": "#3"},
				"east": {"uv": [0, 0, 16, 16], "tintindex": 0,"texture": "#3"},
				"south": {"uv": [0, 0, 16, 16], "tintindex": 0,"texture": "#3"},
				"west": {"uv": [0, 0, 16, 16], "tintindex": 0,"texture": "#3"},
				"up": {"uv": [0, 0, 16, 16], "tintindex": 0,"texture": "#3"},
				"down": {"uv": [0, 0, 16, 16], "tintindex": 0,"texture": "#3"}
			}
		},
		{
			"from": [13.5, -5, 0.5],
			"to": [15.5, -3, 2.5],
			"rotation": {"angle": 0, "axis": "y", "origin": [1, -3, 2]},
			"faces": {
				"north": {"uv": [0, 0, 16, 16], "tintindex": 0,"texture": "#3"},
				"east": {"uv": [0, 0, 16, 16], "tintindex": 0,"texture": "#3"},
				"south": {"uv": [0, 0, 16, 16], "tintindex": 0,"texture": "#3"},
				"west": {"uv": [0, 0, 16, 16], "tintindex": 0,"texture": "#3"},
				"up": {"uv": [0, 0, 16, 16], "tintindex": 0,"texture": "#3"},
				"down": {"uv": [0, 0, 16, 16], "tintindex": 0,"texture": "#3"}
			}
		},
		{
			"from": [13.5, 6, 13.5],
			"to": [15.5, 8, 15.5],
			"rotation": {"angle": 0, "axis": "y", "origin": [1, 3, 15]},
			"faces": {
				"north": {"uv": [0, 0, 16, 16], "tintindex": 0,"texture": "#3"},
				"east": {"uv": [0, 0, 16, 16], "tintindex": 0,"texture": "#3"},
				"south": {"uv": [0, 0, 16, 16], "tintindex": 0,"texture": "#3"},
				"west": {"uv": [0, 0, 16, 16], "tintindex": 0,"texture": "#3"},
				"up": {"uv": [0, 0, 16, 16], "tintindex": 0,"texture": "#3"},
				"down": {"uv": [0, 0, 16, 16], "tintindex": 0,"texture": "#3"}
			}
		},
		{
			"from": [0.5, 6, 13.5],
			"to": [2.5, 8, 15.5],
			"rotation": {"angle": 0, "axis": "y", "origin": [1, 3, 15]},
			"faces": {
				"north": {"uv": [0, 0, 16, 16], "tintindex": 0,"texture": "#3"},
				"east": {"uv": [0, 0, 16, 16], "tintindex": 0,"texture": "#3"},
				"south": {"uv": [0, 0, 16, 16], "tintindex": 0,"texture": "#3"},
				"west": {"uv": [0, 0, 16, 16], "tintindex": 0,"texture": "#3"},
				"up": {"uv": [0, 0, 16, 16], "tintindex": 0,"texture": "#3"},
				"down": {"uv": [0, 0, 16, 16], "tintindex": 0,"texture": "#3"}
			}
		},
		{
			"from": [1, 6.5, 14],
			"to": [15, 7.5, 15],
			"rotation": {"angle": 0, "axis": "z", "origin": [8, 4.5, 14.5]},
			"faces": {
				"north": {"uv": [0, 0, 14, 1], "tintindex": 0,"texture": "#2"},
				"east": {"uv": [0, 0, 1, 1], "tintindex": 0,"texture": "#2"},
				"south": {"uv": [0, 0, 14, 1], "tintindex": 0,"texture": "#2"},
				"west": {"uv": [0, 0, 1, 1], "tintindex": 0,"texture": "#2"},
				"up": {"uv": [0, 0, 14, 1], "tintindex": 0,"texture": "#2"},
				"down": {"uv": [0, 0, 14, 1], "tintindex": 0,"texture": "#2"}
			}
		},
		{
			"from": [13.5, -5, 13.5],
			"to": [15.5, -3, 15.5],
			"rotation": {"angle": 0, "axis": "y", "origin": [1, 3, 15]},
			"faces": {
				"north": {"uv": [0, 0, 16, 16], "tintindex": 0,"texture": "#3"},
				"east": {"uv": [0, 0, 16, 16], "tintindex": 0,"texture": "#3"},
				"south": {"uv": [0, 0, 16, 16], "tintindex": 0,"texture": "#3"},
				"west": {"uv": [0, 0, 16, 16], "tintindex": 0,"texture": "#3"},
				"up": {"uv": [0, 0, 16, 16], "tintindex": 0,"texture": "#3"},
				"down": {"uv": [0, 0, 16, 16], "tintindex": 0,"texture": "#3"}
			}
		},
		{
			"from": [1, -4.5, 14],
			"to": [15, -3.5, 15],
			"rotation": {"angle": 0, "axis": "z", "origin": [8, 4.5, 14.5]},
			"faces": {
				"north": {"uv": [0, 0, 14, 1], "tintindex": 0,"texture": "#2"},
				"east": {"uv": [0, 0, 1, 1], "tintindex": 0,"texture": "#2"},
				"south": {"uv": [0, 0, 14, 1], "tintindex": 0,"texture": "#2"},
				"west": {"uv": [0, 0, 1, 1], "tintindex": 0,"texture": "#2"},
				"up": {"uv": [0, 0, 14, 1], "tintindex": 0,"texture": "#2"},
				"down": {"uv": [0, 0, 14, 1], "tintindex": 0,"texture": "#2"}
			}
		},
		{
			"from": [0.5, -5, 13.5],
			"to": [2.5, -3, 15.5],
			"rotation": {"angle": 0, "axis": "y", "origin": [1, 3, 15]},
			"faces": {
				"north": {"uv": [0, 0, 16, 16], "tintindex": 0,"texture": "#3"},
				"east": {"uv": [0, 0, 16, 16], "tintindex": 0,"texture": "#3"},
				"south": {"uv": [0, 0, 16, 16], "tintindex": 0,"texture": "#3"},
				"west": {"uv": [0, 0, 16, 16], "tintindex": 0,"texture": "#3"},
				"up": {"uv": [0, 0, 16, 16], "tintindex": 0,"texture": "#3"},
				"down": {"uv": [0, 0, 16, 16], "tintindex": 0,"texture": "#3"}
			}
		}
	],
	"display": {
		"head": {
			"translation": [0, 46.25, 0],
			"scale": [4, 4, 4]
		}
	}
}