{
	"credit": "Made with Blockbench",
	"textures": {
		"0": "block/oak_log",
		"1": "block/azalea_leaves",
		"particle": "block/oak_log"
	},
	"elements": [
		{
			"from": [7.45, 6.55, 6],
			"to": [9.45, 19.55, 8],
			"rotation": {"angle": -22.5, "axis": "z", "origin": [13.45, 9, 7]},
			"faces": {
				"north": {"uv": [2, 0, 0, 13], "tintindex": 0,"texture": "#0"},
				"east": {"uv": [2, 0, 0, 13], "tintindex": 0,"texture": "#0"},
				"south": {"uv": [2, 0, 0, 13], "tintindex": 0,"texture": "#0"},
				"west": {"uv": [2, 0, 0, 13], "tintindex": 0,"texture": "#0"},
				"up": {"uv": [2, 0, 0, 2], "tintindex": 0,"texture": "#0"},
				"down": {"uv": [2, 0, 0, 2], "tintindex": 0,"texture": "#0"}
			}
		},
		{
			"from": [3.85612, 8.25, -4.77247],
			"to": [5.85612, 9.75, 8.22753],
			"rotation": {"angle": 22.5, "axis": "y", "origin": [4.85612, 9.25, 0.21108]},
			"faces": {
				"north": {"uv": [0, 2, 1.5, 0], "rotation": 270, "tintindex": 0,"texture": "#0"},
				"east": {"uv": [0, 13, 1.5, 0], "rotation": 90, "tintindex": 0,"texture": "#0"},
				"south": {"uv": [0, 2, 1.5, 0], "rotation": 270, "tintindex": 0,"texture": "#0"},
				"west": {"uv": [0, 13, 1.5, 0], "rotation": 270, "tintindex": 0,"texture": "#0"},
				"up": {"uv": [2, 0, 0, 13], "rotation": 180, "tintindex": 0,"texture": "#0"},
				"down": {"uv": [2, 0, 0, 13], "tintindex": 0,"texture": "#0"}
			}
		},
		{
			"from": [1, 7, -6],
			"to": [7, 10, 0],
			"rotation": {"angle": 0, "axis": "y", "origin": [33, 0, 0]},
			"faces": {
				"north": {"uv": [6, 0, 0, 3], "tintindex": 0,"texture": "#1"},
				"east": {"uv": [6, 0, 0, 3], "tintindex": 0,"texture": "#1"},
				"south": {"uv": [6, 0, 0, 3], "tintindex": 0,"texture": "#1"},
				"west": {"uv": [6, 0, 0, 3], "tintindex": 0,"texture": "#1"},
				"up": {"uv": [6, 0, 0, 6], "tintindex": 0,"texture": "#1"},
				"down": {"uv": [6, 0, 0, 6], "tintindex": 0,"texture": "#1"}
			}
		},
		{
			"from": [1.5, 7.08135, -8.61836],
			"to": [2.5, 8.08135, -3.61836],
			"rotation": {"angle": -22.5, "axis": "x", "origin": [48.5, 5.58135, -8.11836]},
			"faces": {
				"north": {"uv": [1, 0, 0, 1], "rotation": 180, "tintindex": 0,"texture": "#0"},
				"east": {"uv": [0, 5, 1, 0], "rotation": 270, "tintindex": 0,"texture": "#0"},
				"south": {"uv": [1, 0, 0, 1], "tintindex": 0,"texture": "#0"},
				"west": {"uv": [0, 5, 1, 0], "rotation": 90, "tintindex": 0,"texture": "#0"},
				"up": {"uv": [1, 0, 0, 5], "tintindex": 0,"texture": "#0"},
				"down": {"uv": [1, 0, 0, 5], "rotation": 180, "tintindex": 0,"texture": "#0"}
			}
		},
		{
			"from": [3.5, 7.08135, -7.61836],
			"to": [4.5, 8.08135, -4.61836],
			"rotation": {"angle": -22.5, "axis": "x", "origin": [48.5, 5.58135, -8.11836]},
			"faces": {
				"north": {"uv": [1, 0, 0, 1], "rotation": 180, "tintindex": 0,"texture": "#0"},
				"east": {"uv": [0, 5, 1, 0], "rotation": 270, "tintindex": 0,"texture": "#0"},
				"south": {"uv": [1, 0, 0, 1], "tintindex": 0,"texture": "#0"},
				"west": {"uv": [0, 5, 1, 0], "rotation": 90, "tintindex": 0,"texture": "#0"},
				"up": {"uv": [1, 0, 0, 5], "tintindex": 0,"texture": "#0"},
				"down": {"uv": [1, 0, 0, 5], "rotation": 180, "tintindex": 0,"texture": "#0"}
			}
		},
		{
			"from": [5.5, 7.08135, -8.61836],
			"to": [6.5, 8.08135, -3.61836],
			"rotation": {"angle": -22.5, "axis": "x", "origin": [48.5, 5.58135, -8.11836]},
			"faces": {
				"north": {"uv": [1, 0, 0, 1], "rotation": 180, "tintindex": 0,"texture": "#0"},
				"east": {"uv": [0, 5, 1, 0], "rotation": 270, "tintindex": 0,"texture": "#0"},
				"south": {"uv": [1, 0, 0, 1], "tintindex": 0,"texture": "#0"},
				"west": {"uv": [0, 5, 1, 0], "rotation": 90, "tintindex": 0,"texture": "#0"},
				"up": {"uv": [1, 0, 0, 5], "tintindex": 0,"texture": "#0"},
				"down": {"uv": [1, 0, 0, 5], "rotation": 180, "tintindex": 0,"texture": "#0"}
			}
		}
	],
	"display": {
		"head": {
			"rotation": [0, 0, -10],
			"translation": [-25.75, -41.25, -1.25],
			"scale": [4, 4, 4]
		}
	}
}