{
	"credit": "Made with Blockbench",
	"textures": {
		"0": "block/oak_log",
		"1": "block/azalea_leaves",
		"particle": "block/oak_log"
	},
	"elements": [
		{
			"from": [-16, 0, 7],
			"to": [-6, 2, 9],
			"rotation": {"angle": 22.5, "axis": "y", "origin": [-11, 1, 8]},
			"faces": {
				"north": {"uv": [0, 0, 2, 10], "rotation": 270, "texture": "#0"},
				"east": {"uv": [0, 0, 2, 2], "rotation": 90, "texture": "#0"},
				"south": {"uv": [0, 0, 2, 10], "rotation": 90, "texture": "#0"},
				"west": {"uv": [0, 0, 2, 2], "rotation": 90, "texture": "#0"},
				"up": {"uv": [0, 0, 2, 10], "rotation": 90, "texture": "#0"},
				"down": {"uv": [0, 0, 2, 10], "rotation": 90, "texture": "#0"}
			}
		},
		{
			"from": [-7.75736, -0.1, 6.75736],
			"to": [2.24264, 1.9, 8.75736],
			"rotation": {"angle": -22.5, "axis": "y", "origin": [-6.75736, 1, 3.75736]},
			"faces": {
				"north": {"uv": [0, 0, 2, 10], "rotation": 90, "texture": "#0"},
				"east": {"uv": [0, 0, 2, 2], "rotation": 90, "texture": "#0"},
				"south": {"uv": [0, 0, 2, 10], "rotation": 270, "texture": "#0"},
				"west": {"uv": [0, 0, 2, 2], "rotation": 90, "texture": "#0"},
				"up": {"uv": [0, 0, 2, 10], "rotation": 270, "texture": "#0"},
				"down": {"uv": [0, 0, 2, 10], "rotation": 270, "texture": "#0"}
			}
		},
		{
			"from": [-1.11915, 1.7373, 9.82091],
			"to": [8.88085, 3.7373, 11.82091],
			"rotation": {"angle": 22.5, "axis": "z", "origin": [3.88085, 2.7373, 10.82091]},
			"faces": {
				"north": {"uv": [0, 0, 2, 10], "rotation": 90, "texture": "#0"},
				"east": {"uv": [0, 0, 2, 2], "rotation": 90, "texture": "#0"},
				"south": {"uv": [0, 0, 2, 10], "rotation": 270, "texture": "#0"},
				"west": {"uv": [0, 0, 2, 2], "rotation": 90, "texture": "#0"},
				"up": {"uv": [0, 0, 2, 10], "rotation": 270, "texture": "#0"},
				"down": {"uv": [0, 0, 2, 10], "rotation": 270, "texture": "#0"}
			}
		},
		{
			"from": [8.19161, 3.57459, 7.44869],
			"to": [18.19161, 5.57459, 9.44869],
			"rotation": {"angle": -22.5, "axis": "y", "origin": [2.19161, 4.57459, 8.44869]},
			"faces": {
				"north": {"uv": [0, 0, 2, 10], "rotation": 90, "texture": "#0"},
				"east": {"uv": [0, 0, 2, 2], "rotation": 90, "texture": "#0"},
				"south": {"uv": [0, 0, 2, 10], "rotation": 270, "texture": "#0"},
				"west": {"uv": [0, 0, 2, 2], "rotation": 90, "texture": "#0"},
				"up": {"uv": [0, 0, 2, 10], "rotation": 270, "texture": "#0"},
				"down": {"uv": [0, 0, 2, 10], "rotation": 270, "texture": "#0"}
			}
		},
		{
			"from": [11.01464, 2.38954, 0.49671],
			"to": [21.01464, 4.38954, 2.49671],
			"rotation": {"angle": 22.5, "axis": "z", "origin": [16.01464, 3.38954, 13.49671]},
			"faces": {
				"north": {"uv": [0, 0, 2, 10], "rotation": 90, "texture": "#0"},
				"east": {"uv": [0, 0, 2, 2], "rotation": 90, "texture": "#0"},
				"south": {"uv": [0, 0, 2, 10], "rotation": 270, "texture": "#0"},
				"west": {"uv": [0, 0, 2, 2], "rotation": 90, "texture": "#0"},
				"up": {"uv": [0, 0, 2, 10], "rotation": 270, "texture": "#0"},
				"down": {"uv": [0, 0, 2, 10], "rotation": 270, "texture": "#0"}
			}
		},
		{
			"from": [19.37479, 1.82008, 0.59671],
			"to": [29.37479, 3.82008, 2.59671],
			"rotation": {"angle": -22.5, "axis": "z", "origin": [25.86286, 2.82008, 13.49671]},
			"faces": {
				"north": {"uv": [0, 0, 2, 10], "rotation": 90, "texture": "#0"},
				"east": {"uv": [0, 0, 2, 2], "rotation": 90, "texture": "#0"},
				"south": {"uv": [0, 0, 2, 10], "rotation": 270, "texture": "#0"},
				"west": {"uv": [0, 0, 2, 2], "rotation": 90, "texture": "#0"},
				"up": {"uv": [0, 0, 2, 10], "rotation": 270, "texture": "#0"},
				"down": {"uv": [0, 0, 2, 10], "rotation": 270, "texture": "#0"}
			}
		},
		{
			"from": [2.18366, 0.2, -6.50986],
			"to": [12.18366, 2.2, -4.50986],
			"rotation": {"angle": 22.5, "axis": "y", "origin": [7.18366, 1.3, 10.49014]},
			"faces": {
				"north": {"uv": [0, 0, 2, 10], "rotation": 90, "texture": "#0"},
				"east": {"uv": [0, 0, 2, 2], "rotation": 90, "texture": "#0"},
				"south": {"uv": [0, 0, 2, 10], "rotation": 270, "texture": "#0"},
				"west": {"uv": [0, 0, 2, 2], "rotation": 90, "texture": "#0"},
				"up": {"uv": [0, 0, 2, 10], "rotation": 270, "texture": "#0"},
				"down": {"uv": [0, 0, 2, 10], "rotation": 270, "texture": "#0"}
			}
		},
		{
			"from": [6.05235, 0.3, -15.28355],
			"to": [8.05235, 2.3, -5.28355],
			"rotation": {"angle": -22.5, "axis": "y", "origin": [7.05235, 1.2, -10.28355]},
			"faces": {
				"north": {"uv": [0, 0, 2, 2], "rotation": 90, "texture": "#0"},
				"east": {"uv": [0, 0, 2, 10], "rotation": 270, "texture": "#0"},
				"south": {"uv": [0, 0, 2, 2], "rotation": 90, "texture": "#0"},
				"west": {"uv": [0, 0, 2, 10], "rotation": 90, "texture": "#0"},
				"up": {"uv": [0, 0, 2, 10], "rotation": 180, "texture": "#0"},
				"down": {"uv": [0, 0, 2, 10], "texture": "#0"}
			}
		},
		{
			"from": [1.10083, -0.1, 9.1442],
			"to": [3.10083, 1.9, 19.1442],
			"rotation": {"angle": 22.5, "axis": "y", "origin": [7.10083, 0.9, 14.1442]},
			"faces": {
				"north": {"uv": [0, 0, 2, 2], "rotation": 90, "texture": "#0"},
				"east": {"uv": [0, 0, 2, 10], "rotation": 90, "texture": "#0"},
				"south": {"uv": [0, 0, 2, 2], "rotation": 90, "texture": "#0"},
				"west": {"uv": [0, 0, 2, 10], "rotation": 270, "texture": "#0"},
				"up": {"uv": [0, 0, 2, 10], "texture": "#0"},
				"down": {"uv": [0, 0, 2, 10], "rotation": 180, "texture": "#0"}
			}
		},
		{
			"from": [2.70769, -1.9373, 19.0597],
			"to": [12.70769, 0.0627, 21.0597],
			"rotation": {"angle": -22.5, "axis": "z", "origin": [7.70769, -0.9373, 20.0597]},
			"faces": {
				"north": {"uv": [0, 0, 2, 10], "rotation": 90, "texture": "#0"},
				"east": {"uv": [0, 0, 2, 2], "rotation": 90, "texture": "#0"},
				"south": {"uv": [0, 0, 2, 10], "rotation": 270, "texture": "#0"},
				"west": {"uv": [0, 0, 2, 2], "rotation": 90, "texture": "#0"},
				"up": {"uv": [0, 0, 2, 10], "rotation": 270, "texture": "#0"},
				"down": {"uv": [0, 0, 2, 10], "rotation": 270, "texture": "#0"}
			}
		},
		{
			"from": [6.42677, 0.4, -10.57436],
			"to": [8.42677, 2.4, -0.57436],
			"rotation": {"angle": 45, "axis": "y", "origin": [12.42677, 1.2, -4.57436]},
			"faces": {
				"north": {"uv": [0, 0, 2, 2], "rotation": 90, "texture": "#0"},
				"east": {"uv": [0, 0, 2, 10], "rotation": 90, "texture": "#0"},
				"south": {"uv": [0, 0, 2, 2], "rotation": 90, "texture": "#0"},
				"west": {"uv": [0, 0, 2, 10], "rotation": 270, "texture": "#0"},
				"up": {"uv": [0, 0, 2, 10], "texture": "#0"},
				"down": {"uv": [0, 0, 2, 10], "rotation": 180, "texture": "#0"}
			}
		},
		{
			"from": [-6.85736, 0.3, -3.84264],
			"to": [-4.85736, 2.3, 6.15736],
			"rotation": {"angle": -22.5, "axis": "y", "origin": [-6.75736, 1, 3.75736]},
			"faces": {
				"north": {"uv": [0, 0, 2, 2], "rotation": 90, "texture": "#0"},
				"east": {"uv": [0, 0, 2, 10], "rotation": 270, "texture": "#0"},
				"south": {"uv": [0, 0, 2, 2], "rotation": 90, "texture": "#0"},
				"west": {"uv": [0, 0, 2, 10], "rotation": 90, "texture": "#0"},
				"up": {"uv": [0, 0, 2, 10], "rotation": 180, "texture": "#0"},
				"down": {"uv": [0, 0, 2, 10], "texture": "#0"}
			}
		},
		{
			"from": [0, 0, -9],
			"to": [6, 6, -3],
			"rotation": {"angle": 0, "axis": "y", "origin": [3, 3, 3]},
			"faces": {
				"north": {"uv": [0, 0, 6, 6], "texture": "#1"},
				"east": {"uv": [3, 2, 9, 8], "texture": "#1"},
				"south": {"uv": [5, 6, 11, 12], "texture": "#1"},
				"west": {"uv": [1, 5, 7, 11], "texture": "#1"},
				"up": {"uv": [7, 10, 13, 16], "texture": "#1"},
				"down": {"uv": [9, 1, 15, 7], "texture": "#1"}
			}
		},
		{
			"from": [-5, -2, 5],
			"to": [1, 4, 11],
			"rotation": {"angle": 45, "axis": "y", "origin": [3, 3, 8]},
			"faces": {
				"north": {"uv": [0, 0, 6, 6], "texture": "#1"},
				"east": {"uv": [3, 2, 9, 8], "texture": "#1"},
				"south": {"uv": [5, 6, 11, 12], "texture": "#1"},
				"west": {"uv": [1, 5, 7, 11], "texture": "#1"},
				"up": {"uv": [7, 10, 13, 16], "texture": "#1"},
				"down": {"uv": [9, 1, 15, 7], "texture": "#1"}
			}
		},
		{
			"from": [8, 8, -1],
			"to": [14, 14, 5],
			"rotation": {"angle": -45, "axis": "z", "origin": [3, 3, 8]},
			"faces": {
				"north": {"uv": [0, 0, 6, 6], "texture": "#1"},
				"east": {"uv": [3, 2, 9, 8], "texture": "#1"},
				"south": {"uv": [5, 6, 11, 12], "texture": "#1"},
				"west": {"uv": [1, 5, 7, 11], "texture": "#1"},
				"up": {"uv": [7, 10, 13, 16], "texture": "#1"},
				"down": {"uv": [9, 1, 15, 7], "texture": "#1"}
			}
		},
		{
			"from": [6, 1, 21],
			"to": [12, 7, 27],
			"rotation": {"angle": 45, "axis": "y", "origin": [3, 3, 8]},
			"faces": {
				"north": {"uv": [0, 0, 6, 6], "texture": "#1"},
				"east": {"uv": [3, 2, 9, 8], "texture": "#1"},
				"south": {"uv": [5, 6, 11, 12], "texture": "#1"},
				"west": {"uv": [1, 5, 7, 11], "texture": "#1"},
				"up": {"uv": [7, 10, 13, 16], "texture": "#1"},
				"down": {"uv": [9, 1, 15, 7], "texture": "#1"}
			}
		}
	],
	"display": {
		"head": {
			"rotation": [0, 76, 0],
			"translation": [7.5, -26.75, -6],
			"scale": [2, 2, 2]
		}
	}
}