{
	"credit": "Made with Blockbench",
	"textures": {
		"0": "block/oak_log",
		"1": "block/azalea_leaves",
		"particle": "block/oak_log"
	},
	"elements": [
		{
			"from": [6.55, 6.55, 6],
			"to": [8.55, 19.55, 8],
			"rotation": {"angle": 22.5, "axis": "z", "origin": [2.55, 9, 7]},
			"faces": {
				"north": {"uv": [0, 0, 2, 13], "tintindex": 0,"texture": "#0"},
				"east": {"uv": [0, 0, 2, 13], "tintindex": 0,"texture": "#0"},
				"south": {"uv": [0, 0, 2, 13], "tintindex": 0,"texture": "#0"},
				"west": {"uv": [0, 0, 2, 13], "tintindex": 0,"texture": "#0"},
				"up": {"uv": [0, 0, 2, 2], "tintindex": 0,"texture": "#0"},
				"down": {"uv": [0, 0, 2, 2], "tintindex": 0,"texture": "#0"}
			}
		},
		{
			"from": [10.14388, 8.25, -4.77247],
			"to": [12.14388, 9.75, 8.22753],
			"rotation": {"angle": -22.5, "axis": "y", "origin": [11.14388, 9.25, 0.21108]},
			"faces": {
				"north": {"uv": [0, 0, 1.5, 2], "rotation": 270, "tintindex": 0,"texture": "#0"},
				"east": {"uv": [0, 0, 1.5, 13], "rotation": 270, "tintindex": 0,"texture": "#0"},
				"south": {"uv": [0, 0, 1.5, 2], "rotation": 270, "tintindex": 0,"texture": "#0"},
				"west": {"uv": [0, 0, 1.5, 13], "rotation": 90, "tintindex": 0,"texture": "#0"},
				"up": {"uv": [0, 0, 2, 13], "rotation": 180, "tintindex": 0,"texture": "#0"},
				"down": {"uv": [0, 0, 2, 13], "tintindex": 0,"texture": "#0"}
			}
		},
		{
			"from": [9, 7, -6],
			"to": [15, 10, 0],
			"rotation": {"angle": 0, "axis": "y", "origin": [-17, 0, 0]},
			"faces": {
				"north": {"uv": [0, 0, 6, 3], "tintindex": 0,"texture": "#1"},
				"east": {"uv": [0, 0, 6, 3], "tintindex": 0,"texture": "#1"},
				"south": {"uv": [0, 0, 6, 3], "tintindex": 0,"texture": "#1"},
				"west": {"uv": [0, 0, 6, 3], "tintindex": 0,"texture": "#1"},
				"up": {"uv": [0, 0, 6, 6], "tintindex": 0,"texture": "#1"},
				"down": {"uv": [0, 0, 6, 6], "tintindex": 0,"texture": "#1"}
			}
		},
		{
			"from": [13.5, 7.08135, -8.61836],
			"to": [14.5, 8.08135, -3.61836],
			"rotation": {"angle": -22.5, "axis": "x", "origin": [-32.5, 5.58135, -8.11836]},
			"faces": {
				"north": {"uv": [0, 0, 1, 1], "rotation": 180, "tintindex": 0,"texture": "#0"},
				"east": {"uv": [0, 0, 1, 5], "rotation": 90, "tintindex": 0,"texture": "#0"},
				"south": {"uv": [0, 0, 1, 1], "tintindex": 0,"texture": "#0"},
				"west": {"uv": [0, 0, 1, 5], "rotation": 270, "tintindex": 0,"texture": "#0"},
				"up": {"uv": [0, 0, 1, 5], "tintindex": 0,"texture": "#0"},
				"down": {"uv": [0, 0, 1, 5], "rotation": 180, "tintindex": 0,"texture": "#0"}
			}
		},
		{
			"from": [11.5, 7.08135, -7.61836],
			"to": [12.5, 8.08135, -4.61836],
			"rotation": {"angle": -22.5, "axis": "x", "origin": [-32.5, 5.58135, -8.11836]},
			"faces": {
				"north": {"uv": [0, 0, 1, 1], "rotation": 180, "tintindex": 0,"texture": "#0"},
				"east": {"uv": [0, 0, 1, 5], "rotation": 90, "tintindex": 0,"texture": "#0"},
				"south": {"uv": [0, 0, 1, 1], "tintindex": 0,"texture": "#0"},
				"west": {"uv": [0, 0, 1, 5], "rotation": 270, "tintindex": 0,"texture": "#0"},
				"up": {"uv": [0, 0, 1, 5], "tintindex": 0,"texture": "#0"},
				"down": {"uv": [0, 0, 1, 5], "rotation": 180, "tintindex": 0,"texture": "#0"}
			}
		},
		{
			"from": [9.5, 7.08135, -8.61836],
			"to": [10.5, 8.08135, -3.61836],
			"rotation": {"angle": -22.5, "axis": "x", "origin": [-32.5, 5.58135, -8.11836]},
			"faces": {
				"north": {"uv": [0, 0, 1, 1], "rotation": 180, "tintindex": 0,"texture": "#0"},
				"east": {"uv": [0, 0, 1, 5], "rotation": 90, "tintindex": 0,"texture": "#0"},
				"south": {"uv": [0, 0, 1, 1], "tintindex": 0,"texture": "#0"},
				"west": {"uv": [0, 0, 1, 5], "rotation": 270, "tintindex": 0,"texture": "#0"},
				"up": {"uv": [0, 0, 1, 5], "tintindex": 0,"texture": "#0"},
				"down": {"uv": [0, 0, 1, 5], "rotation": 180, "tintindex": 0,"texture": "#0"}
			}
		}
	],
	"display": {
		"head": {
			"rotation": [0, 0, 10],
			"translation": [24, -41.25, -1.25],
			"scale": [4, 4, 4]
		}
	}
}