{
	"credit": "Made with Blockbench",
	"textures": {
		"0": "block/oak_log",
		"particle": "block/oak_log"
	},
	"elements": [
		{
			"from": [4, -16, 4],
			"to": [12, -4, 12],
			"rotation": {"angle": 0, "axis": "y", "origin": [8, 6, 4]},
			"faces": {
				"north": {"uv": [0, 0, 8, 12], "texture": "#0"},
				"east": {"uv": [0, 0, 8, 12], "texture": "#0"},
				"south": {"uv": [0, 0, 8, 12], "texture": "#0"},
				"west": {"uv": [0, 0, 8, 12], "texture": "#0"},
				"up": {"uv": [0, 0, 8, 8], "texture": "#0"},
				"down": {"uv": [0, 0, 8, 8], "texture": "#0"}
			}
		},
		{
			"from": [5, -4, 5],
			"to": [11, 8, 11],
			"rotation": {"angle": 0, "axis": "y", "origin": [8, 6, 4]},
			"faces": {
				"north": {"uv": [0, 0, 6, 12], "texture": "#0"},
				"east": {"uv": [0, 0, 6, 12], "texture": "#0"},
				"south": {"uv": [0, 0, 6, 12], "texture": "#0"},
				"west": {"uv": [0, 0, 6, 12], "texture": "#0"},
				"up": {"uv": [0, 0, 6, 6], "texture": "#0"},
				"down": {"uv": [0, 0, 6, 6], "texture": "#0"}
			}
		},
		{
			"from": [5.5, 8, 5.5],
			"to": [10.5, 20, 10.5],
			"rotation": {"angle": 0, "axis": "y", "origin": [8, 6, 4]},
			"faces": {
				"north": {"uv": [0, 0, 5, 12], "texture": "#0"},
				"east": {"uv": [0, 0, 5, 12], "texture": "#0"},
				"south": {"uv": [0, 0, 5, 12], "texture": "#0"},
				"west": {"uv": [0, 0, 5, 12], "texture": "#0"},
				"up": {"uv": [0, 0, 5, 5], "texture": "#0"},
				"down": {"uv": [0, 0, 5, 5], "texture": "#0"}
			}
		},
		{
			"from": [5.6, 18.53591, 5.49962],
			"to": [10.4, 22.07091, 9.03462],
			"rotation": {"angle": -45, "axis": "x", "origin": [8, 21.03591, 7.99962]},
			"faces": {
				"north": {"uv": [0, 0, 4.8, 3.535], "texture": "#0"},
				"east": {"uv": [0, 0, 3.535, 3.535], "texture": "#0"},
				"south": {"uv": [0, 0, 4.8, 3.535], "texture": "#0"},
				"west": {"uv": [0, 0, 3.535, 3.535], "texture": "#0"},
				"up": {"uv": [0, 0, 4.8, 3.535], "texture": "#0"},
				"down": {"uv": [0, 0, 4.8, 3.535], "texture": "#0"}
			}
		},
		{
			"from": [-3.4, 18.53591, 5.49962],
			"to": [1.4, 22.07091, 9.03462],
			"rotation": {"angle": -45, "axis": "x", "origin": [-1, 21.03591, 7.99962]},
			"faces": {
				"north": {"uv": [0, 0, 4.8, 3.535], "texture": "#0"},
				"east": {"uv": [0, 0, 3.535, 3.535], "texture": "#0"},
				"south": {"uv": [0, 0, 4.8, 3.535], "texture": "#0"},
				"west": {"uv": [0, 0, 3.535, 3.535], "texture": "#0"},
				"up": {"uv": [0, 0, 4.8, 3.535], "texture": "#0"},
				"down": {"uv": [0, 0, 4.8, 3.535], "texture": "#0"}
			}
		},
		{
			"from": [-5, -16, 4],
			"to": [3, -4, 12],
			"rotation": {"angle": 0, "axis": "y", "origin": [-1, 6, 4]},
			"faces": {
				"north": {"uv": [0, 0, 8, 12], "texture": "#0"},
				"east": {"uv": [0, 0, 8, 12], "texture": "#0"},
				"south": {"uv": [0, 0, 8, 12], "texture": "#0"},
				"west": {"uv": [0, 0, 8, 12], "texture": "#0"},
				"up": {"uv": [0, 0, 8, 8], "texture": "#0"},
				"down": {"uv": [0, 0, 8, 8], "texture": "#0"}
			}
		},
		{
			"from": [-4, -4, 5],
			"to": [2, 8, 11],
			"rotation": {"angle": 0, "axis": "y", "origin": [-1, 6, 4]},
			"faces": {
				"north": {"uv": [0, 0, 6, 12], "texture": "#0"},
				"east": {"uv": [0, 0, 6, 12], "texture": "#0"},
				"south": {"uv": [0, 0, 6, 12], "texture": "#0"},
				"west": {"uv": [0, 0, 6, 12], "texture": "#0"},
				"up": {"uv": [0, 0, 6, 6], "texture": "#0"},
				"down": {"uv": [0, 0, 6, 6], "texture": "#0"}
			}
		},
		{
			"from": [-3.5, 8, 5.5],
			"to": [1.5, 20, 10.5],
			"rotation": {"angle": 0, "axis": "y", "origin": [-1, 6, 4]},
			"faces": {
				"north": {"uv": [0, 0, 5, 12], "texture": "#0"},
				"east": {"uv": [0, 0, 5, 12], "texture": "#0"},
				"south": {"uv": [0, 0, 5, 12], "texture": "#0"},
				"west": {"uv": [0, 0, 5, 12], "texture": "#0"},
				"up": {"uv": [0, 0, 5, 5], "texture": "#0"},
				"down": {"uv": [0, 0, 5, 5], "texture": "#0"}
			}
		},
		{
			"from": [14.6, 18.53591, 5.49962],
			"to": [19.4, 22.07091, 9.03462],
			"rotation": {"angle": -45, "axis": "x", "origin": [17, 21.03591, 7.99962]},
			"faces": {
				"north": {"uv": [0, 0, 4.8, 3.535], "texture": "#0"},
				"east": {"uv": [0, 0, 3.535, 3.535], "texture": "#0"},
				"south": {"uv": [0, 0, 4.8, 3.535], "texture": "#0"},
				"west": {"uv": [0, 0, 3.535, 3.535], "texture": "#0"},
				"up": {"uv": [0, 0, 4.8, 3.535], "texture": "#0"},
				"down": {"uv": [0, 0, 4.8, 3.535], "texture": "#0"}
			}
		},
		{
			"from": [13, -16, 4],
			"to": [21, -4, 12],
			"rotation": {"angle": 0, "axis": "y", "origin": [17, 6, 4]},
			"faces": {
				"north": {"uv": [0, 0, 8, 12], "texture": "#0"},
				"east": {"uv": [0, 0, 8, 12], "texture": "#0"},
				"south": {"uv": [0, 0, 8, 12], "texture": "#0"},
				"west": {"uv": [0, 0, 8, 12], "texture": "#0"},
				"up": {"uv": [0, 0, 8, 8], "texture": "#0"},
				"down": {"uv": [0, 0, 8, 8], "texture": "#0"}
			}
		},
		{
			"from": [14, -4, 5],
			"to": [20, 8, 11],
			"rotation": {"angle": 0, "axis": "y", "origin": [17, 6, 4]},
			"faces": {
				"north": {"uv": [0, 0, 6, 12], "texture": "#0"},
				"east": {"uv": [0, 0, 6, 12], "texture": "#0"},
				"south": {"uv": [0, 0, 6, 12], "texture": "#0"},
				"west": {"uv": [0, 0, 6, 12], "texture": "#0"},
				"up": {"uv": [0, 0, 6, 6], "texture": "#0"},
				"down": {"uv": [0, 0, 6, 6], "texture": "#0"}
			}
		},
		{
			"from": [14.5, 8, 5.5],
			"to": [19.5, 20, 10.5],
			"rotation": {"angle": 0, "axis": "y", "origin": [17, 6, 4]},
			"faces": {
				"north": {"uv": [0, 0, 5, 12], "texture": "#0"},
				"east": {"uv": [0, 0, 5, 12], "texture": "#0"},
				"south": {"uv": [0, 0, 5, 12], "texture": "#0"},
				"west": {"uv": [0, 0, 5, 12], "texture": "#0"},
				"up": {"uv": [0, 0, 5, 5], "texture": "#0"},
				"down": {"uv": [0, 0, 5, 5], "texture": "#0"}
			}
		}
	],
	"display": {
		"head": {
			"translation": [0, 48, 0],
			"scale": [4, 4, 4]
		}
	},
	"groups": [
		0,
		1,
		2,
		3,
		4,
		5,
		6,
		7,
		8,
		9,
		10,
		11,
		{
			"name": "group",
			"origin": [16.83721, 27, 8.24737],
			"color": 0,
			"children": []
		},
		{
			"name": "group",
			"origin": [16.83721, 27, 8.24737],
			"color": 0,
			"children": []
		}
	]
}