{
	"credit": "Made with Blockbench",
	"textures": {
		"0": "block/oak_log",
		"1": "block/azalea_leaves",
		"2": "block/quartz_block_bottom",
		"3": "block/lime_glazed_terracotta",
		"5": "block/emerald_block",
		"particle": "block/oak_log"
	},
	"elements": [
		{
			"from": [2, -15, 2],
			"to": [14, 1, 14],
			"rotation": {"angle": 0, "axis": "y", "origin": [6, -7, 5.9]},
			"faces": {
				"north": {"uv": [0, 0, 12, 16], "texture": "#0"},
				"east": {"uv": [0, 0, 12, 16], "texture": "#0"},
				"south": {"uv": [0, 0, 12, 16], "texture": "#0"},
				"west": {"uv": [0, 0, 12, 16], "texture": "#0"},
				"up": {"uv": [0, 0, 12, 12], "texture": "#0"},
				"down": {"uv": [0, 0, 12, 12], "texture": "#0"}
			}
		},
		{
			"from": [3, 1, 3],
			"to": [13, 17, 13],
			"rotation": {"angle": 0, "axis": "y", "origin": [6, -7, 6]},
			"faces": {
				"north": {"uv": [0, 0, 10, 16], "texture": "#0"},
				"east": {"uv": [0, 0, 10, 16], "texture": "#0"},
				"south": {"uv": [0, 0, 10, 16], "texture": "#0"},
				"west": {"uv": [0, 0, 10, 16], "texture": "#0"},
				"up": {"uv": [0, 0, 10, 10], "texture": "#0"},
				"down": {"uv": [0, 0, 10, 10], "texture": "#0"}
			}
		},
		{
			"from": [5, 14, 5],
			"to": [11, 28, 11],
			"rotation": {"angle": 0, "axis": "y", "origin": [6, -7, 6]},
			"faces": {
				"north": {"uv": [0, 0, 6, 14], "texture": "#0"},
				"east": {"uv": [0, 0, 6, 14], "texture": "#0"},
				"south": {"uv": [0, 0, 6, 14], "texture": "#0"},
				"west": {"uv": [0, 0, 6, 14], "texture": "#0"},
				"up": {"uv": [0, 0, 6, 6], "texture": "#0"},
				"down": {"uv": [0, 0, 6, 6], "texture": "#0"}
			}
		},
		{
			"from": [6.5, 1, 2.5],
			"to": [9.5, 2, 3.5],
			"rotation": {"angle": 0, "axis": "y", "origin": [8, 1.5, 3]},
			"faces": {
				"north": {"uv": [0, 0, 3, 1], "texture": "#2"},
				"east": {"uv": [0, 0, 1, 1], "texture": "#2"},
				"south": {"uv": [0, 0, 3, 1], "texture": "#2"},
				"west": {"uv": [0, 0, 1, 1], "texture": "#2"},
				"up": {"uv": [0, 0, 3, 1], "texture": "#2"},
				"down": {"uv": [0, 0, 3, 1], "texture": "#2"}
			}
		},
		{
			"from": [6.5, 5.5, 2.8],
			"to": [9.5, 6.5, 3.8],
			"rotation": {"angle": 0, "axis": "y", "origin": [8, 1.5, 3]},
			"faces": {
				"north": {"uv": [0, 0, 3, 1], "texture": "#2"},
				"east": {"uv": [0, 0, 1, 1], "texture": "#2"},
				"south": {"uv": [0, 0, 3, 1], "texture": "#2"},
				"west": {"uv": [0, 0, 1, 1], "texture": "#2"},
				"up": {"uv": [0, 0, 3, 1], "texture": "#2"},
				"down": {"uv": [0, 0, 3, 1], "texture": "#2"}
			}
		},
		{
			"from": [6.5, 2.5, 2.5],
			"to": [9.5, 3.5, 3.5],
			"rotation": {"angle": 0, "axis": "y", "origin": [8, 1.5, 3]},
			"faces": {
				"north": {"uv": [0, 0, 3, 1], "texture": "#2"},
				"east": {"uv": [0, 0, 1, 1], "texture": "#2"},
				"south": {"uv": [0, 0, 3, 1], "texture": "#2"},
				"west": {"uv": [0, 0, 1, 1], "texture": "#2"},
				"up": {"uv": [0, 0, 3, 1], "texture": "#2"},
				"down": {"uv": [0, 0, 3, 1], "texture": "#2"}
			}
		},
		{
			"from": [6.5, 4.25, 2.5],
			"to": [9.5, 5.75, 3.5],
			"rotation": {"angle": 0, "axis": "y", "origin": [8, 1.5, 3]},
			"faces": {
				"north": {"uv": [0, 0, 3, 1.5], "texture": "#2"},
				"east": {"uv": [0, 0, 1, 1.5], "texture": "#2"},
				"south": {"uv": [0, 0, 3, 1.5], "texture": "#2"},
				"west": {"uv": [0, 0, 1, 1.5], "texture": "#2"},
				"up": {"uv": [0, 0, 3, 1], "texture": "#2"},
				"down": {"uv": [0, 0, 3, 1], "texture": "#2"}
			}
		},
		{
			"from": [6.02185, 3.4962, 2.5],
			"to": [7.52185, 3.8962, 3.5],
			"rotation": {"angle": -22.5, "axis": "z", "origin": [6.52185, 2.6462, 3]},
			"faces": {
				"north": {"uv": [0, 0, 1.5, 0.4], "texture": "#2"},
				"east": {"uv": [0, 0, 1, 0.4], "texture": "#2"},
				"south": {"uv": [0, 0, 1.5, 0.4], "texture": "#2"},
				"west": {"uv": [0, 0, 1, 0.4], "texture": "#2"},
				"up": {"uv": [0, 0, 1.5, 1], "texture": "#2"},
				"down": {"uv": [0, 0, 1.5, 1], "texture": "#2"}
			}
		},
		{
			"from": [8.11449, 3.32441, 2.5],
			"to": [9.61449, 3.72441, 3.5],
			"rotation": {"angle": 22.5, "axis": "z", "origin": [8.86449, 3.47441, 3]},
			"faces": {
				"north": {"uv": [0, 0, 1.5, 0.4], "texture": "#2"},
				"east": {"uv": [0, 0, 1, 0.4], "texture": "#2"},
				"south": {"uv": [0, 0, 1.5, 0.4], "texture": "#2"},
				"west": {"uv": [0, 0, 1, 0.4], "texture": "#2"},
				"up": {"uv": [0, 0, 1.5, 1], "texture": "#2"},
				"down": {"uv": [0, 0, 1.5, 1], "texture": "#2"}
			}
		},
		{
			"from": [6.02185, 4.3962, 2.5],
			"to": [7.52185, 4.6962, 3.5],
			"rotation": {"angle": -22.5, "axis": "z", "origin": [6.52185, 3.5462, 3]},
			"faces": {
				"north": {"uv": [0, 0, 1.5, 0.3], "texture": "#2"},
				"east": {"uv": [0, 0, 1, 0.3], "texture": "#2"},
				"south": {"uv": [0, 0, 1.5, 0.3], "texture": "#2"},
				"west": {"uv": [0, 0, 1, 0.3], "texture": "#2"},
				"up": {"uv": [0, 0, 1.5, 1], "texture": "#2"},
				"down": {"uv": [0, 0, 1.5, 1], "texture": "#2"}
			}
		},
		{
			"from": [8.11449, 4.22441, 2.5],
			"to": [9.61449, 4.52441, 3.5],
			"rotation": {"angle": 22.5, "axis": "z", "origin": [8.86449, 4.37441, 3]},
			"faces": {
				"north": {"uv": [0, 0, 1.5, 0.3], "texture": "#2"},
				"east": {"uv": [0, 0, 1, 0.3], "texture": "#2"},
				"south": {"uv": [0, 0, 1.5, 0.3], "texture": "#2"},
				"west": {"uv": [0, 0, 1, 0.3], "texture": "#2"},
				"up": {"uv": [0, 0, 1.5, 1], "texture": "#2"},
				"down": {"uv": [0, 0, 1.5, 1], "texture": "#2"}
			}
		},
		{
			"from": [7.5, 2.75, 2.5],
			"to": [8.5, 3.75, 3.5],
			"rotation": {"angle": 22.5, "axis": "x", "origin": [7, 4, 3]},
			"faces": {
				"north": {"uv": [0, 0, 1, 1], "texture": "#2"},
				"east": {"uv": [0, 0, 1, 1], "texture": "#2"},
				"south": {"uv": [0, 0, 1, 1], "texture": "#2"},
				"west": {"uv": [0, 0, 1, 1], "texture": "#2"},
				"up": {"uv": [0, 0, 1, 1], "texture": "#2"},
				"down": {"uv": [0, 0, 1, 1], "texture": "#2"}
			}
		},
		{
			"from": [7.5, 3.40709, 2.41299],
			"to": [8.5, 4.40709, 3.41299],
			"rotation": {"angle": 0, "axis": "y", "origin": [8, 3.30709, 2.71299]},
			"faces": {
				"north": {"uv": [0, 0, 1, 1], "texture": "#2"},
				"east": {"uv": [0, 0, 1, 1], "texture": "#2"},
				"south": {"uv": [0, 0, 1, 1], "texture": "#2"},
				"west": {"uv": [0, 0, 1, 1], "texture": "#2"},
				"up": {"uv": [0, 0, 1, 1], "texture": "#2"},
				"down": {"uv": [0, 0, 1, 1], "texture": "#2"}
			}
		},
		{
			"from": [9.11209, 1.07716, 2.5],
			"to": [10.11209, 3.07716, 3.5],
			"rotation": {"angle": -22.5, "axis": "z", "origin": [9.61209, 2.57716, 3]},
			"faces": {
				"north": {"uv": [0, 0, 2, 1], "rotation": 90, "texture": "#2"},
				"east": {"uv": [0, 0, 2, 1], "rotation": 270, "texture": "#2"},
				"south": {"uv": [0, 0, 2, 1], "rotation": 270, "texture": "#2"},
				"west": {"uv": [0, 0, 2, 1], "rotation": 270, "texture": "#2"},
				"up": {"uv": [0, 0, 1, 1], "rotation": 270, "texture": "#2"},
				"down": {"uv": [0, 0, 1, 1], "rotation": 270, "texture": "#2"}
			}
		},
		{
			"from": [9.26537, 2.84776, 2.5],
			"to": [10.26537, 4.84776, 3.5],
			"rotation": {"angle": 0, "axis": "z", "origin": [10.36537, 3.84776, 3]},
			"faces": {
				"north": {"uv": [0, 0, 2, 1], "rotation": 90, "texture": "#2"},
				"east": {"uv": [0, 0, 2, 1], "rotation": 270, "texture": "#2"},
				"south": {"uv": [0, 0, 2, 1], "rotation": 270, "texture": "#2"},
				"west": {"uv": [0, 0, 2, 1], "rotation": 270, "texture": "#2"},
				"up": {"uv": [0, 0, 1, 1], "rotation": 270, "texture": "#2"},
				"down": {"uv": [0, 0, 1, 1], "rotation": 270, "texture": "#2"}
			}
		},
		{
			"from": [5.73463, 2.84776, 2.5],
			"to": [6.73463, 4.84776, 3.5],
			"rotation": {"angle": 0, "axis": "z", "origin": [10.83463, 3.84776, 3]},
			"faces": {
				"north": {"uv": [0, 0, 2, 1], "rotation": 90, "texture": "#2"},
				"east": {"uv": [0, 0, 2, 1], "rotation": 270, "texture": "#2"},
				"south": {"uv": [0, 0, 2, 1], "rotation": 270, "texture": "#2"},
				"west": {"uv": [0, 0, 2, 1], "rotation": 270, "texture": "#2"},
				"up": {"uv": [0, 0, 1, 1], "rotation": 270, "texture": "#2"},
				"down": {"uv": [0, 0, 1, 1], "rotation": 270, "texture": "#2"}
			}
		},
		{
			"from": [5.88791, 1.07716, 2.5],
			"to": [6.88791, 3.07716, 3.5],
			"rotation": {"angle": 22.5, "axis": "z", "origin": [6.38791, 2.57716, 3]},
			"faces": {
				"north": {"uv": [0, 0, 2, 1], "rotation": 90, "texture": "#2"},
				"east": {"uv": [0, 0, 2, 1], "rotation": 270, "texture": "#2"},
				"south": {"uv": [0, 0, 2, 1], "rotation": 270, "texture": "#2"},
				"west": {"uv": [0, 0, 2, 1], "rotation": 270, "texture": "#2"},
				"up": {"uv": [0, 0, 1, 1], "rotation": 270, "texture": "#2"},
				"down": {"uv": [0, 0, 1, 1], "rotation": 270, "texture": "#2"}
			}
		},
		{
			"from": [6.07926, 2.86522, 2.7],
			"to": [10.07926, 5.86522, 3.7],
			"rotation": {"angle": 0, "axis": "z", "origin": [6.57926, 2.11522, 3.1]},
			"faces": {
				"north": {"uv": [0, 0, 3, 4], "rotation": 90, "texture": "#2"},
				"east": {"uv": [0, 0, 3, 1], "rotation": 270, "texture": "#2"},
				"south": {"uv": [0, 0, 3, 4], "rotation": 270, "texture": "#2"},
				"west": {"uv": [0, 0, 3, 1], "rotation": 270, "texture": "#2"},
				"up": {"uv": [0, 0, 1, 4], "rotation": 270, "texture": "#2"},
				"down": {"uv": [0, 0, 1, 4], "rotation": 270, "texture": "#2"}
			}
		},
		{
			"from": [7, 1.5, 2.7],
			"to": [9, 2.5, 3.7],
			"rotation": {"angle": 0, "axis": "y", "origin": [0, 1, 0]},
			"faces": {
				"north": {"uv": [0, 0, 2, 1], "texture": "#5"},
				"east": {"uv": [0, 0, 1, 1], "texture": "#5"},
				"south": {"uv": [0, 0, 2, 1], "texture": "#5"},
				"west": {"uv": [0, 0, 1, 1], "texture": "#5"},
				"up": {"uv": [0, 0, 2, 1], "texture": "#5"},
				"down": {"uv": [0, 0, 2, 1], "texture": "#5"}
			}
		},
		{
			"from": [6.7, 3.5, 2.6],
			"to": [9.3, 4.5, 3.6],
			"rotation": {"angle": 0, "axis": "y", "origin": [0, 1, 0]},
			"faces": {
				"north": {"uv": [0, 0, 2.6, 1], "texture": "#5"},
				"east": {"uv": [0, 0, 1, 1], "texture": "#5"},
				"south": {"uv": [0, 0, 2.6, 1], "texture": "#5"},
				"west": {"uv": [0, 0, 1, 1], "texture": "#5"},
				"up": {"uv": [0, 0, 2.6, 1], "texture": "#5"},
				"down": {"uv": [0, 0, 2.6, 1], "texture": "#5"}
			}
		},
		{
			"from": [1, -2, 1],
			"to": [15, -1, 2],
			"rotation": {"angle": 22.5, "axis": "z", "origin": [8, -1.5, 1.5]},
			"faces": {
				"north": {"uv": [0, 0, 14, 1], "texture": "#2"},
				"east": {"uv": [0, 0, 1, 1], "texture": "#2"},
				"south": {"uv": [0, 0, 14, 1], "texture": "#2"},
				"west": {"uv": [0, 0, 1, 1], "texture": "#2"},
				"up": {"uv": [0, 0, 14, 1], "texture": "#2"},
				"down": {"uv": [0, 0, 14, 1], "texture": "#2"}
			}
		},
		{
			"from": [1, -2, 1],
			"to": [15, -1, 2],
			"rotation": {"angle": -22.5, "axis": "z", "origin": [8, -1.5, 1.5]},
			"faces": {
				"north": {"uv": [0, 0, 14, 1], "texture": "#2"},
				"east": {"uv": [0, 0, 1, 1], "texture": "#2"},
				"south": {"uv": [0, 0, 14, 1], "texture": "#2"},
				"west": {"uv": [0, 0, 1, 1], "texture": "#2"},
				"up": {"uv": [0, 0, 14, 1], "texture": "#2"},
				"down": {"uv": [0, 0, 14, 1], "texture": "#2"}
			}
		},
		{
			"from": [14, 3.5, 1],
			"to": [15, 4.5, 15],
			"rotation": {"angle": -22.5, "axis": "x", "origin": [15, 4.5, 8]},
			"faces": {
				"north": {"uv": [0, 0, 1, 1], "texture": "#2"},
				"east": {"uv": [0, 0, 14, 1], "texture": "#2"},
				"south": {"uv": [0, 0, 1, 1], "texture": "#2"},
				"west": {"uv": [0, 0, 14, 1], "texture": "#2"},
				"up": {"uv": [0, 0, 14, 1], "rotation": 270, "texture": "#2"},
				"down": {"uv": [0, 0, 14, 1], "rotation": 90, "texture": "#2"}
			}
		},
		{
			"from": [1, 3.5, 1],
			"to": [2, 4.5, 15],
			"rotation": {"angle": -22.5, "axis": "x", "origin": [15, 4.5, 8]},
			"faces": {
				"north": {"uv": [0, 0, 1, 1], "texture": "#2"},
				"east": {"uv": [0, 0, 14, 1], "texture": "#2"},
				"south": {"uv": [0, 0, 1, 1], "texture": "#2"},
				"west": {"uv": [0, 0, 14, 1], "texture": "#2"},
				"up": {"uv": [0, 0, 14, 1], "rotation": 270, "texture": "#2"},
				"down": {"uv": [0, 0, 14, 1], "rotation": 90, "texture": "#2"}
			}
		},
		{
			"from": [1, -4.46194, 1.19134],
			"to": [2, -3.46194, 15.19134],
			"rotation": {"angle": 0, "axis": "x", "origin": [1.5, 4.03806, 8.19134]},
			"faces": {
				"north": {"uv": [0, 0, 1, 1], "texture": "#2"},
				"east": {"uv": [0, 0, 14, 1], "texture": "#2"},
				"south": {"uv": [0, 0, 1, 1], "texture": "#2"},
				"west": {"uv": [0, 0, 14, 1], "texture": "#2"},
				"up": {"uv": [0, 0, 14, 1], "rotation": 270, "texture": "#2"},
				"down": {"uv": [0, 0, 14, 1], "rotation": 90, "texture": "#2"}
			}
		},
		{
			"from": [14, -4.46194, 1.19134],
			"to": [15, -3.46194, 15.19134],
			"rotation": {"angle": 0, "axis": "x", "origin": [1.5, 4.03806, 8.19134]},
			"faces": {
				"north": {"uv": [0, 0, 1, 1], "texture": "#2"},
				"east": {"uv": [0, 0, 14, 1], "texture": "#2"},
				"south": {"uv": [0, 0, 1, 1], "texture": "#2"},
				"west": {"uv": [0, 0, 14, 1], "texture": "#2"},
				"up": {"uv": [0, 0, 14, 1], "rotation": 270, "texture": "#2"},
				"down": {"uv": [0, 0, 14, 1], "rotation": 90, "texture": "#2"}
			}
		},
		{
			"from": [0, -5, 0.5],
			"to": [2, -3, 2.5],
			"rotation": {"angle": 0, "axis": "y", "origin": [1, -3, 2]},
			"faces": {
				"north": {"uv": [0, 0, 16, 16], "texture": "#3"},
				"east": {"uv": [0, 0, 16, 16], "texture": "#3"},
				"south": {"uv": [0, 0, 16, 16], "texture": "#3"},
				"west": {"uv": [0, 0, 16, 16], "texture": "#3"},
				"up": {"uv": [0, 0, 16, 16], "texture": "#3"},
				"down": {"uv": [0, 0, 16, 16], "texture": "#3"}
			}
		},
		{
			"from": [14, 0, 0.5],
			"to": [16, 2, 2.5],
			"rotation": {"angle": 0, "axis": "y", "origin": [1, -3, 2]},
			"faces": {
				"north": {"uv": [0, 0, 16, 16], "texture": "#3"},
				"east": {"uv": [0, 0, 16, 16], "texture": "#3"},
				"south": {"uv": [0, 0, 16, 16], "texture": "#3"},
				"west": {"uv": [0, 0, 16, 16], "texture": "#3"},
				"up": {"uv": [0, 0, 16, 16], "texture": "#3"},
				"down": {"uv": [0, 0, 16, 16], "texture": "#3"}
			}
		},
		{
			"from": [0, 0, 0.5],
			"to": [2, 2, 2.5],
			"rotation": {"angle": 0, "axis": "y", "origin": [1, -13, 2]},
			"faces": {
				"north": {"uv": [0, 0, 16, 16], "texture": "#3"},
				"east": {"uv": [0, 0, 16, 16], "texture": "#3"},
				"south": {"uv": [0, 0, 16, 16], "texture": "#3"},
				"west": {"uv": [0, 0, 16, 16], "texture": "#3"},
				"up": {"uv": [0, 0, 16, 16], "texture": "#3"},
				"down": {"uv": [0, 0, 16, 16], "texture": "#3"}
			}
		},
		{
			"from": [14, -5, 0.5],
			"to": [16, -3, 2.5],
			"rotation": {"angle": 0, "axis": "y", "origin": [1, -3, 2]},
			"faces": {
				"north": {"uv": [0, 0, 16, 16], "texture": "#3"},
				"east": {"uv": [0, 0, 16, 16], "texture": "#3"},
				"south": {"uv": [0, 0, 16, 16], "texture": "#3"},
				"west": {"uv": [0, 0, 16, 16], "texture": "#3"},
				"up": {"uv": [0, 0, 16, 16], "texture": "#3"},
				"down": {"uv": [0, 0, 16, 16], "texture": "#3"}
			}
		},
		{
			"from": [14, 6, 13.5],
			"to": [16, 8, 15.5],
			"rotation": {"angle": 0, "axis": "y", "origin": [1, 3, 15]},
			"faces": {
				"north": {"uv": [0, 0, 16, 16], "texture": "#3"},
				"east": {"uv": [0, 0, 16, 16], "texture": "#3"},
				"south": {"uv": [0, 0, 16, 16], "texture": "#3"},
				"west": {"uv": [0, 0, 16, 16], "texture": "#3"},
				"up": {"uv": [0, 0, 16, 16], "texture": "#3"},
				"down": {"uv": [0, 0, 16, 16], "texture": "#3"}
			}
		},
		{
			"from": [0, 6, 13.5],
			"to": [2, 8, 15.5],
			"rotation": {"angle": 0, "axis": "y", "origin": [1, 3, 15]},
			"faces": {
				"north": {"uv": [0, 0, 16, 16], "texture": "#3"},
				"east": {"uv": [0, 0, 16, 16], "texture": "#3"},
				"south": {"uv": [0, 0, 16, 16], "texture": "#3"},
				"west": {"uv": [0, 0, 16, 16], "texture": "#3"},
				"up": {"uv": [0, 0, 16, 16], "texture": "#3"},
				"down": {"uv": [0, 0, 16, 16], "texture": "#3"}
			}
		},
		{
			"from": [1, 6.5, 14],
			"to": [15, 7.5, 15],
			"rotation": {"angle": 0, "axis": "z", "origin": [8, 4.5, 14.5]},
			"faces": {
				"north": {"uv": [0, 0, 14, 1], "texture": "#2"},
				"east": {"uv": [0, 0, 1, 1], "texture": "#2"},
				"south": {"uv": [0, 0, 14, 1], "texture": "#2"},
				"west": {"uv": [0, 0, 1, 1], "texture": "#2"},
				"up": {"uv": [0, 0, 14, 1], "texture": "#2"},
				"down": {"uv": [0, 0, 14, 1], "texture": "#2"}
			}
		},
		{
			"from": [14, -5, 13.5],
			"to": [16, -3, 15.5],
			"rotation": {"angle": 0, "axis": "y", "origin": [1, 3, 15]},
			"faces": {
				"north": {"uv": [0, 0, 16, 16], "texture": "#3"},
				"east": {"uv": [0, 0, 16, 16], "texture": "#3"},
				"south": {"uv": [0, 0, 16, 16], "texture": "#3"},
				"west": {"uv": [0, 0, 16, 16], "texture": "#3"},
				"up": {"uv": [0, 0, 16, 16], "texture": "#3"},
				"down": {"uv": [0, 0, 16, 16], "texture": "#3"}
			}
		},
		{
			"from": [1, -4.5, 14],
			"to": [15, -3.5, 15],
			"rotation": {"angle": 0, "axis": "z", "origin": [8, 4.5, 14.5]},
			"faces": {
				"north": {"uv": [0, 0, 14, 1], "texture": "#2"},
				"east": {"uv": [0, 0, 1, 1], "texture": "#2"},
				"south": {"uv": [0, 0, 14, 1], "texture": "#2"},
				"west": {"uv": [0, 0, 1, 1], "texture": "#2"},
				"up": {"uv": [0, 0, 14, 1], "texture": "#2"},
				"down": {"uv": [0, 0, 14, 1], "texture": "#2"}
			}
		},
		{
			"from": [0, -5, 13.5],
			"to": [2, -3, 15.5],
			"rotation": {"angle": 0, "axis": "y", "origin": [1, 3, 15]},
			"faces": {
				"north": {"uv": [0, 0, 16, 16], "texture": "#3"},
				"east": {"uv": [0, 0, 16, 16], "texture": "#3"},
				"south": {"uv": [0, 0, 16, 16], "texture": "#3"},
				"west": {"uv": [0, 0, 16, 16], "texture": "#3"},
				"up": {"uv": [0, 0, 16, 16], "texture": "#3"},
				"down": {"uv": [0, 0, 16, 16], "texture": "#3"}
			}
		},
		{
			"from": [-5, -15, -1],
			"to": [5, -9, 5],
			"rotation": {"angle": -22.5, "axis": "z", "origin": [0, -12, 7.5]},
			"faces": {
				"north": {"uv": [0, 0, 6, 10], "rotation": 90, "texture": "#0"},
				"east": {"uv": [0, 0, 6, 6], "rotation": 270, "texture": "#0"},
				"south": {"uv": [0, 0, 6, 10], "rotation": 270, "texture": "#0"},
				"west": {"uv": [0, 0, 6, 6], "rotation": 270, "texture": "#0"},
				"up": {"uv": [0, 0, 6, 10], "rotation": 270, "texture": "#0"},
				"down": {"uv": [0, 0, 6, 10], "rotation": 270, "texture": "#0"}
			}
		},
		{
			"from": [-10.21016, -13.65538, -0.5],
			"to": [-2.21016, -8.65538, 4.5],
			"rotation": {"angle": 22.5, "axis": "z", "origin": [-6.21016, -11.15538, 7]},
			"faces": {
				"north": {"uv": [0, 0, 5, 8], "rotation": 90, "texture": "#0"},
				"east": {"uv": [0, 0, 5, 5], "rotation": 270, "texture": "#0"},
				"south": {"uv": [0, 0, 5, 8], "rotation": 270, "texture": "#0"},
				"west": {"uv": [0, 0, 5, 5], "rotation": 270, "texture": "#0"},
				"up": {"uv": [0, 0, 5, 8], "rotation": 270, "texture": "#0"},
				"down": {"uv": [0, 0, 5, 8], "rotation": 270, "texture": "#0"}
			}
		},
		{
			"from": [-5.00995, 18.4402, 5],
			"to": [6.99005, 22.4402, 9],
			"rotation": {"angle": -22.5, "axis": "z", "origin": [-3.00995, 20.4402, 2]},
			"faces": {
				"north": {"uv": [0, 0, 4, 12], "rotation": 90, "texture": "#0"},
				"east": {"uv": [0, 0, 4, 4], "rotation": 270, "texture": "#0"},
				"south": {"uv": [0, 0, 4, 12], "rotation": 270, "texture": "#0"},
				"west": {"uv": [0, 0, 4, 4], "rotation": 270, "texture": "#0"},
				"up": {"uv": [0, 0, 4, 12], "rotation": 270, "texture": "#0"},
				"down": {"uv": [0, 0, 4, 12], "rotation": 270, "texture": "#0"}
			}
		},
		{
			"from": [-11.97662, 20.33268, 5.75],
			"to": [-3.97662, 23.33268, 8.75],
			"rotation": {"angle": -45, "axis": "z", "origin": [-5.97662, 21.83268, 6.5]},
			"faces": {
				"north": {"uv": [0, 0, 3, 8], "rotation": 90, "texture": "#0"},
				"east": {"uv": [0, 0, 3, 3], "rotation": 270, "texture": "#0"},
				"south": {"uv": [0, 0, 3, 8], "rotation": 270, "texture": "#0"},
				"west": {"uv": [0, 0, 3, 3], "rotation": 270, "texture": "#0"},
				"up": {"uv": [0, 0, 3, 8], "rotation": 270, "texture": "#0"},
				"down": {"uv": [0, 0, 3, 8], "rotation": 270, "texture": "#0"}
			}
		},
		{
			"from": [19.38985, 14.59684, 5.5],
			"to": [27.38985, 17.59684, 8.5],
			"rotation": {"angle": 45, "axis": "z", "origin": [20.22083, 16.09684, 6.5]},
			"faces": {
				"north": {"uv": [0, 0, 3, 8], "rotation": 90, "texture": "#0"},
				"east": {"uv": [0, 0, 3, 3], "rotation": 270, "texture": "#0"},
				"south": {"uv": [0, 0, 3, 8], "rotation": 270, "texture": "#0"},
				"west": {"uv": [0, 0, 3, 3], "rotation": 270, "texture": "#0"},
				"up": {"uv": [0, 0, 3, 8], "rotation": 270, "texture": "#0"},
				"down": {"uv": [0, 0, 3, 8], "rotation": 270, "texture": "#0"}
			}
		},
		{
			"from": [5, 17.14808, -6.74444],
			"to": [9, 21.14808, 9.25556],
			"rotation": {"angle": 22.5, "axis": "x", "origin": [7, 19.14808, 1.25556]},
			"faces": {
				"north": {"uv": [0, 0, 4, 4], "rotation": 270, "texture": "#0"},
				"east": {"uv": [0, 0, 4, 16], "rotation": 270, "texture": "#0"},
				"south": {"uv": [0, 0, 4, 4], "rotation": 270, "texture": "#0"},
				"west": {"uv": [0, 0, 4, 16], "rotation": 90, "texture": "#0"},
				"up": {"uv": [0, 0, 4, 16], "rotation": 180, "texture": "#0"},
				"down": {"uv": [0, 0, 4, 16], "texture": "#0"}
			}
		},
		{
			"from": [5, 14.61254, 8.44795],
			"to": [9, 30.61254, 12.44795],
			"rotation": {"angle": 45, "axis": "x", "origin": [7, 15.61254, 10.44795]},
			"faces": {
				"north": {"uv": [0, 0, 4, 16], "rotation": 180, "texture": "#0"},
				"east": {"uv": [0, 0, 4, 16], "rotation": 180, "texture": "#0"},
				"south": {"uv": [0, 0, 4, 16], "rotation": 180, "texture": "#0"},
				"west": {"uv": [0, 0, 4, 16], "rotation": 180, "texture": "#0"},
				"up": {"uv": [0, 0, 4, 4], "rotation": 90, "texture": "#0"},
				"down": {"uv": [0, 0, 4, 4], "rotation": 270, "texture": "#0"}
			}
		},
		{
			"from": [7.84825, 10.69995, 5],
			"to": [19.84825, 14.69995, 9],
			"rotation": {"angle": 22.5, "axis": "z", "origin": [10.84825, 14.69995, 7]},
			"faces": {
				"north": {"uv": [0, 0, 4, 12], "rotation": 90, "texture": "#0"},
				"east": {"uv": [0, 0, 4, 4], "rotation": 270, "texture": "#0"},
				"south": {"uv": [0, 0, 4, 12], "rotation": 270, "texture": "#0"},
				"west": {"uv": [0, 0, 4, 4], "rotation": 270, "texture": "#0"},
				"up": {"uv": [0, 0, 4, 12], "rotation": 270, "texture": "#0"},
				"down": {"uv": [0, 0, 4, 12], "rotation": 270, "texture": "#0"}
			}
		},
		{
			"from": [-15.05074, -15.92621, 11],
			"to": [-8.05074, -11.92621, 15],
			"rotation": {"angle": 45, "axis": "z", "origin": [-11.32734, -14.54527, 0.5]},
			"faces": {
				"north": {"uv": [0, 0, 4, 7], "rotation": 90, "texture": "#0"},
				"east": {"uv": [0, 0, 4, 4], "rotation": 270, "texture": "#0"},
				"south": {"uv": [0, 0, 4, 7], "rotation": 270, "texture": "#0"},
				"west": {"uv": [0, 0, 4, 4], "rotation": 270, "texture": "#0"},
				"up": {"uv": [0, 0, 4, 7], "rotation": 270, "texture": "#0"},
				"down": {"uv": [0, 0, 4, 7], "rotation": 270, "texture": "#0"}
			}
		},
		{
			"from": [-15.05074, -15.92621, 0],
			"to": [-8.05074, -11.92621, 4],
			"rotation": {"angle": 45, "axis": "z", "origin": [-11.32734, -14.54527, 0.5]},
			"faces": {
				"north": {"uv": [0, 0, 4, 7], "rotation": 90, "texture": "#0"},
				"east": {"uv": [0, 0, 4, 4], "rotation": 270, "texture": "#0"},
				"south": {"uv": [0, 0, 4, 7], "rotation": 270, "texture": "#0"},
				"west": {"uv": [0, 0, 4, 4], "rotation": 270, "texture": "#0"},
				"up": {"uv": [0, 0, 4, 7], "rotation": 270, "texture": "#0"},
				"down": {"uv": [0, 0, 4, 7], "rotation": 270, "texture": "#0"}
			}
		},
		{
			"from": [23.92538, -15.76783, 0],
			"to": [30.92538, -11.76783, 4],
			"rotation": {"angle": -45, "axis": "z", "origin": [27.42538, -13.76783, 7]},
			"faces": {
				"north": {"uv": [0, 0, 4, 7], "rotation": 90, "texture": "#0"},
				"east": {"uv": [0, 0, 4, 4], "rotation": 270, "texture": "#0"},
				"south": {"uv": [0, 0, 4, 7], "rotation": 270, "texture": "#0"},
				"west": {"uv": [0, 0, 4, 4], "rotation": 270, "texture": "#0"},
				"up": {"uv": [0, 0, 4, 7], "rotation": 270, "texture": "#0"},
				"down": {"uv": [0, 0, 4, 7], "rotation": 270, "texture": "#0"}
			}
		},
		{
			"from": [23.92538, -15.76783, 11],
			"to": [30.92538, -11.76783, 15],
			"rotation": {"angle": -45, "axis": "z", "origin": [27.42538, -13.76783, 7]},
			"faces": {
				"north": {"uv": [0, 0, 4, 7], "rotation": 90, "texture": "#0"},
				"east": {"uv": [0, 0, 4, 4], "rotation": 270, "texture": "#0"},
				"south": {"uv": [0, 0, 4, 7], "rotation": 270, "texture": "#0"},
				"west": {"uv": [0, 0, 4, 4], "rotation": 270, "texture": "#0"},
				"up": {"uv": [0, 0, 4, 7], "rotation": 270, "texture": "#0"},
				"down": {"uv": [0, 0, 4, 7], "rotation": 270, "texture": "#0"}
			}
		},
		{
			"from": [-10.21016, -13.65538, 10.5],
			"to": [-2.21016, -8.65538, 15.5],
			"rotation": {"angle": 22.5, "axis": "z", "origin": [-6.21016, -11.15538, 7]},
			"faces": {
				"north": {"uv": [0, 0, 5, 8], "rotation": 90, "texture": "#0"},
				"east": {"uv": [0, 0, 5, 5], "rotation": 270, "texture": "#0"},
				"south": {"uv": [0, 0, 5, 8], "rotation": 270, "texture": "#0"},
				"west": {"uv": [0, 0, 5, 5], "rotation": 270, "texture": "#0"},
				"up": {"uv": [0, 0, 5, 8], "rotation": 270, "texture": "#0"},
				"down": {"uv": [0, 0, 5, 8], "rotation": 270, "texture": "#0"}
			}
		},
		{
			"from": [18.21016, -13.65538, -0.5],
			"to": [26.21016, -8.65538, 4.5],
			"rotation": {"angle": -22.5, "axis": "z", "origin": [22.21016, -11.15538, 7]},
			"faces": {
				"north": {"uv": [0, 0, 5, 8], "rotation": 90, "texture": "#0"},
				"east": {"uv": [0, 0, 5, 5], "rotation": 270, "texture": "#0"},
				"south": {"uv": [0, 0, 5, 8], "rotation": 270, "texture": "#0"},
				"west": {"uv": [0, 0, 5, 5], "rotation": 270, "texture": "#0"},
				"up": {"uv": [0, 0, 5, 8], "rotation": 270, "texture": "#0"},
				"down": {"uv": [0, 0, 5, 8], "rotation": 270, "texture": "#0"}
			}
		},
		{
			"from": [18.21016, -13.65538, 10.5],
			"to": [26.21016, -8.65538, 15.5],
			"rotation": {"angle": -22.5, "axis": "z", "origin": [22.21016, -11.15538, 7]},
			"faces": {
				"north": {"uv": [0, 0, 5, 8], "rotation": 90, "texture": "#0"},
				"east": {"uv": [0, 0, 5, 5], "rotation": 270, "texture": "#0"},
				"south": {"uv": [0, 0, 5, 8], "rotation": 270, "texture": "#0"},
				"west": {"uv": [0, 0, 5, 5], "rotation": 270, "texture": "#0"},
				"up": {"uv": [0, 0, 5, 8], "rotation": 270, "texture": "#0"},
				"down": {"uv": [0, 0, 5, 8], "rotation": 270, "texture": "#0"}
			}
		},
		{
			"from": [-5, -15, 10],
			"to": [5, -9, 16],
			"rotation": {"angle": -22.5, "axis": "z", "origin": [0, -12, 7.5]},
			"faces": {
				"north": {"uv": [0, 0, 6, 10], "rotation": 90, "texture": "#0"},
				"east": {"uv": [0, 0, 6, 6], "rotation": 270, "texture": "#0"},
				"south": {"uv": [0, 0, 6, 10], "rotation": 270, "texture": "#0"},
				"west": {"uv": [0, 0, 6, 6], "rotation": 270, "texture": "#0"},
				"up": {"uv": [0, 0, 6, 10], "rotation": 270, "texture": "#0"},
				"down": {"uv": [0, 0, 6, 10], "rotation": 270, "texture": "#0"}
			}
		},
		{
			"from": [11, -15, -1],
			"to": [21, -9, 5],
			"rotation": {"angle": 22.5, "axis": "z", "origin": [16, -12, 7.5]},
			"faces": {
				"north": {"uv": [0, 0, 6, 10], "rotation": 90, "texture": "#0"},
				"east": {"uv": [0, 0, 6, 6], "rotation": 270, "texture": "#0"},
				"south": {"uv": [0, 0, 6, 10], "rotation": 270, "texture": "#0"},
				"west": {"uv": [0, 0, 6, 6], "rotation": 270, "texture": "#0"},
				"up": {"uv": [0, 0, 6, 10], "rotation": 270, "texture": "#0"},
				"down": {"uv": [0, 0, 6, 10], "rotation": 270, "texture": "#0"}
			}
		},
		{
			"from": [11, -15, 10],
			"to": [21, -9, 16],
			"rotation": {"angle": 22.5, "axis": "z", "origin": [16, -12, 7.5]},
			"faces": {
				"north": {"uv": [0, 0, 6, 10], "rotation": 90, "texture": "#0"},
				"east": {"uv": [0, 0, 6, 6], "rotation": 270, "texture": "#0"},
				"south": {"uv": [0, 0, 6, 10], "rotation": 270, "texture": "#0"},
				"west": {"uv": [0, 0, 6, 6], "rotation": 270, "texture": "#0"},
				"up": {"uv": [0, 0, 6, 10], "rotation": 270, "texture": "#0"},
				"down": {"uv": [0, 0, 6, 10], "rotation": 270, "texture": "#0"}
			}
		},
		{
			"from": [0, 20, -9],
			"to": [10, 30, 1],
			"faces": {
				"north": {"uv": [0, 0, 10, 10], "texture": "#1"},
				"east": {"uv": [0, 0, 10, 10], "texture": "#1"},
				"south": {"uv": [0, 0, 10, 10], "texture": "#1"},
				"west": {"uv": [0, 0, 10, 10], "texture": "#1"},
				"up": {"uv": [0, 0, 10, 10], "texture": "#1"},
				"down": {"uv": [0, 0, 10, 10], "texture": "#1"}
			}
		},
		{
			"from": [5, 22, 7],
			"to": [15, 32, 17],
			"faces": {
				"north": {"uv": [0, 0, 10, 10], "texture": "#1"},
				"east": {"uv": [0, 0, 10, 10], "texture": "#1"},
				"south": {"uv": [0, 0, 10, 10], "texture": "#1"},
				"west": {"uv": [0, 0, 10, 10], "texture": "#1"},
				"up": {"uv": [0, 0, 10, 10], "texture": "#1"},
				"down": {"uv": [0, 0, 10, 10], "texture": "#1"}
			}
		},
		{
			"from": [7, 20, -9],
			"to": [21, 32, 5],
			"rotation": {"angle": 45, "axis": "y", "origin": [17, 26, -2]},
			"faces": {
				"north": {"uv": [0, 0, 14, 12], "texture": "#1"},
				"east": {"uv": [0, 0, 14, 12], "texture": "#1"},
				"south": {"uv": [0, 0, 14, 12], "texture": "#1"},
				"west": {"uv": [0, 0, 14, 12], "texture": "#1"},
				"up": {"uv": [0, 0, 14, 14], "texture": "#1"},
				"down": {"uv": [0, 0, 14, 14], "texture": "#1"}
			}
		},
		{
			"from": [15.22836, 19.85195, 5],
			"to": [29.22836, 31.85195, 19],
			"rotation": {"angle": 22.5, "axis": "z", "origin": [14.22836, 24.85195, -2]},
			"faces": {
				"north": {"uv": [0, 0, 14, 12], "texture": "#1"},
				"east": {"uv": [0, 0, 14, 12], "texture": "#1"},
				"south": {"uv": [0, 0, 14, 12], "texture": "#1"},
				"west": {"uv": [0, 0, 14, 12], "texture": "#1"},
				"up": {"uv": [0, 0, 14, 14], "texture": "#1"},
				"down": {"uv": [0, 0, 14, 14], "texture": "#1"}
			}
		},
		{
			"from": [-7.33694, 20, -5],
			"to": [6.66306, 32, 9],
			"rotation": {"angle": 45, "axis": "z", "origin": [-0.33694, 26.88987, 2]},
			"faces": {
				"north": {"uv": [0, 0, 14, 12], "texture": "#1"},
				"east": {"uv": [0, 0, 14, 12], "texture": "#1"},
				"south": {"uv": [0, 0, 14, 12], "texture": "#1"},
				"west": {"uv": [0, 0, 14, 12], "texture": "#1"},
				"up": {"uv": [0, 0, 14, 14], "texture": "#1"},
				"down": {"uv": [0, 0, 14, 14], "texture": "#1"}
			}
		},
		{
			"from": [-6.7077, 20, 5],
			"to": [7.2923, 32, 19],
			"rotation": {"angle": 22.5, "axis": "x", "origin": [0.2923, 26.26064, 16]},
			"faces": {
				"north": {"uv": [0, 0, 14, 12], "texture": "#1"},
				"east": {"uv": [0, 0, 14, 12], "texture": "#1"},
				"south": {"uv": [0, 0, 14, 12], "texture": "#1"},
				"west": {"uv": [0, 0, 14, 12], "texture": "#1"},
				"up": {"uv": [0, 0, 14, 14], "texture": "#1"},
				"down": {"uv": [0, 0, 14, 14], "texture": "#1"}
			}
		},
		{
			"from": [0, 20, 16],
			"to": [10, 30, 26],
			"rotation": {"angle": 22.5, "axis": "y", "origin": [5, 25, 21]},
			"faces": {
				"north": {"uv": [0, 0, 10, 10], "texture": "#1"},
				"east": {"uv": [0, 0, 10, 10], "texture": "#1"},
				"south": {"uv": [0, 0, 10, 10], "texture": "#1"},
				"west": {"uv": [0, 0, 10, 10], "texture": "#1"},
				"up": {"uv": [0, 0, 10, 10], "texture": "#1"},
				"down": {"uv": [0, 0, 10, 10], "texture": "#1"}
			}
		},
		{
			"from": [-16, 20, 3],
			"to": [-6, 30, 13],
			"rotation": {"angle": 45, "axis": "z", "origin": [-11, 25, -4]},
			"faces": {
				"north": {"uv": [0, 0, 10, 10], "texture": "#1"},
				"east": {"uv": [0, 0, 10, 10], "texture": "#1"},
				"south": {"uv": [0, 0, 10, 10], "texture": "#1"},
				"west": {"uv": [0, 0, 10, 10], "texture": "#1"},
				"up": {"uv": [0, 0, 10, 10], "texture": "#1"},
				"down": {"uv": [0, 0, 10, 10], "texture": "#1"}
			}
		},
		{
			"from": [22, 17, 2],
			"to": [32, 27, 12],
			"rotation": {"angle": 22.5, "axis": "y", "origin": [21, 27, 7]},
			"faces": {
				"north": {"uv": [0, 0, 10, 10], "texture": "#1"},
				"east": {"uv": [0, 0, 10, 10], "texture": "#1"},
				"south": {"uv": [0, 0, 10, 10], "texture": "#1"},
				"west": {"uv": [0, 0, 10, 10], "texture": "#1"},
				"up": {"uv": [0, 0, 10, 10], "texture": "#1"},
				"down": {"uv": [0, 0, 10, 10], "texture": "#1"}
			}
		},
		{
			"from": [-10.1, 7.5, 5.5],
			"to": [2.9, 8.5, 6.5],
			"rotation": {"angle": 0, "axis": "y", "origin": [-7, 0.5, 10.5]},
			"faces": {
				"north": {"uv": [0, 0, 13, 1], "texture": "#2"},
				"east": {"uv": [0, 0, 1, 1], "texture": "#2"},
				"south": {"uv": [0, 0, 13, 1], "texture": "#2"},
				"west": {"uv": [0, 0, 1, 1], "texture": "#2"},
				"up": {"uv": [0, 0, 13, 1], "texture": "#2"},
				"down": {"uv": [0, 0, 13, 1], "texture": "#2"}
			}
		},
		{
			"from": [-10.1, 9.5, 7.5],
			"to": [2.9, 10.5, 8.5],
			"rotation": {"angle": 0, "axis": "y", "origin": [-2, 10, 8]},
			"faces": {
				"north": {"uv": [0, 0, 13, 1], "texture": "#2"},
				"east": {"uv": [0, 0, 1, 1], "texture": "#2"},
				"south": {"uv": [0, 0, 13, 1], "texture": "#2"},
				"west": {"uv": [0, 0, 1, 1], "texture": "#2"},
				"up": {"uv": [0, 0, 13, 1], "texture": "#2"},
				"down": {"uv": [0, 0, 13, 1], "texture": "#2"}
			}
		},
		{
			"from": [13.1, 7.5, 5.5],
			"to": [26.1, 8.5, 6.5],
			"rotation": {"angle": 0, "axis": "y", "origin": [-7, 0.5, 10.5]},
			"faces": {
				"north": {"uv": [0, 0, 13, 1], "texture": "#2"},
				"east": {"uv": [0, 0, 1, 1], "texture": "#2"},
				"south": {"uv": [0, 0, 13, 1], "texture": "#2"},
				"west": {"uv": [0, 0, 1, 1], "texture": "#2"},
				"up": {"uv": [0, 0, 13, 1], "texture": "#2"},
				"down": {"uv": [0, 0, 13, 1], "texture": "#2"}
			}
		},
		{
			"from": [13.1, 9.5, 7.5],
			"to": [26.1, 10.5, 8.5],
			"rotation": {"angle": 0, "axis": "y", "origin": [-2, 10, 8]},
			"faces": {
				"north": {"uv": [0, 0, 13, 1], "texture": "#2"},
				"east": {"uv": [0, 0, 1, 1], "texture": "#2"},
				"south": {"uv": [0, 0, 13, 1], "texture": "#2"},
				"west": {"uv": [0, 0, 1, 1], "texture": "#2"},
				"up": {"uv": [0, 0, 13, 1], "texture": "#2"},
				"down": {"uv": [0, 0, 13, 1], "texture": "#2"}
			}
		},
		{
			"from": [-10, 8, 6],
			"to": [3, 10, 8],
			"rotation": {"angle": 0, "axis": "z", "origin": [1, 5, 1]},
			"faces": {
				"north": {"uv": [0, 0, 2, 13], "rotation": 90, "texture": "#0"},
				"east": {"uv": [0, 0, 2, 2], "rotation": 270, "texture": "#0"},
				"south": {"uv": [0, 0, 2, 13], "rotation": 270, "texture": "#0"},
				"west": {"uv": [0, 0, 2, 2], "rotation": 270, "texture": "#0"},
				"up": {"uv": [0, 0, 2, 13], "rotation": 270, "texture": "#0"},
				"down": {"uv": [0, 0, 2, 13], "rotation": 270, "texture": "#0"}
			}
		},
		{
			"from": [13, 8, 6],
			"to": [26, 10, 8],
			"rotation": {"angle": 0, "axis": "z", "origin": [1, 5, 1]},
			"faces": {
				"north": {"uv": [0, 0, 2, 13], "rotation": 90, "texture": "#0"},
				"east": {"uv": [0, 0, 2, 2], "rotation": 270, "texture": "#0"},
				"south": {"uv": [0, 0, 2, 13], "rotation": 270, "texture": "#0"},
				"west": {"uv": [0, 0, 2, 2], "rotation": 270, "texture": "#0"},
				"up": {"uv": [0, 0, 2, 13], "rotation": 270, "texture": "#0"},
				"down": {"uv": [0, 0, 2, 13], "rotation": 270, "texture": "#0"}
			}
		},
		{
			"from": [-9.80658, 8.25, -7.0276],
			"to": [-7.80658, 9.75, 5.9724],
			"rotation": {"angle": 22.5, "axis": "y", "origin": [-4.80658, 9, 7.4724]},
			"faces": {
				"north": {"uv": [0, 0, 1.5, 2], "rotation": 270, "texture": "#0"},
				"east": {"uv": [0, 0, 1.5, 13], "rotation": 270, "texture": "#0"},
				"south": {"uv": [0, 0, 1.5, 2], "rotation": 270, "texture": "#0"},
				"west": {"uv": [0, 0, 1.5, 13], "rotation": 90, "texture": "#0"},
				"up": {"uv": [0, 0, 2, 13], "rotation": 180, "texture": "#0"},
				"down": {"uv": [0, 0, 2, 13], "texture": "#0"}
			}
		},
		{
			"from": [27.14388, 8.25, -4.77247],
			"to": [29.14388, 9.75, 8.22753],
			"rotation": {"angle": -22.5, "axis": "y", "origin": [28.14388, 9.25, 0.21108]},
			"faces": {
				"north": {"uv": [0, 0, 1.5, 2], "rotation": 270, "texture": "#0"},
				"east": {"uv": [0, 0, 1.5, 13], "rotation": 270, "texture": "#0"},
				"south": {"uv": [0, 0, 1.5, 2], "rotation": 270, "texture": "#0"},
				"west": {"uv": [0, 0, 1.5, 13], "rotation": 90, "texture": "#0"},
				"up": {"uv": [0, 0, 2, 13], "rotation": 180, "texture": "#0"},
				"down": {"uv": [0, 0, 2, 13], "texture": "#0"}
			}
		},
		{
			"from": [-16, 7, -6],
			"to": [-10, 10, 0],
			"faces": {
				"north": {"uv": [0, 0, 6, 3], "texture": "#1"},
				"east": {"uv": [0, 0, 6, 3], "texture": "#1"},
				"south": {"uv": [0, 0, 6, 3], "texture": "#1"},
				"west": {"uv": [0, 0, 6, 3], "texture": "#1"},
				"up": {"uv": [0, 0, 6, 6], "texture": "#1"},
				"down": {"uv": [0, 0, 6, 6], "texture": "#1"}
			}
		},
		{
			"from": [26, 7, -6],
			"to": [32, 10, 0],
			"faces": {
				"north": {"uv": [0, 0, 6, 3], "texture": "#1"},
				"east": {"uv": [0, 0, 6, 3], "texture": "#1"},
				"south": {"uv": [0, 0, 6, 3], "texture": "#1"},
				"west": {"uv": [0, 0, 6, 3], "texture": "#1"},
				"up": {"uv": [0, 0, 6, 6], "texture": "#1"},
				"down": {"uv": [0, 0, 6, 6], "texture": "#1"}
			}
		},
		{
			"from": [-15.5, 7.08135, -8.61836],
			"to": [-14.5, 8.08135, -3.61836],
			"rotation": {"angle": -22.5, "axis": "x", "origin": [-15.5, 5.58135, -8.11836]},
			"faces": {
				"north": {"uv": [0, 0, 1, 1], "rotation": 180, "texture": "#0"},
				"east": {"uv": [0, 0, 1, 5], "rotation": 90, "texture": "#0"},
				"south": {"uv": [0, 0, 1, 1], "texture": "#0"},
				"west": {"uv": [0, 0, 1, 5], "rotation": 270, "texture": "#0"},
				"up": {"uv": [0, 0, 1, 5], "texture": "#0"},
				"down": {"uv": [0, 0, 1, 5], "rotation": 180, "texture": "#0"}
			}
		},
		{
			"from": [-13.5, 7.08135, -9.61836],
			"to": [-12.5, 8.08135, -4.61836],
			"rotation": {"angle": -22.5, "axis": "x", "origin": [-15.5, 5.58135, -8.11836]},
			"faces": {
				"north": {"uv": [0, 0, 1, 1], "rotation": 180, "texture": "#0"},
				"east": {"uv": [0, 0, 1, 5], "rotation": 90, "texture": "#0"},
				"south": {"uv": [0, 0, 1, 1], "texture": "#0"},
				"west": {"uv": [0, 0, 1, 5], "rotation": 270, "texture": "#0"},
				"up": {"uv": [0, 0, 1, 5], "texture": "#0"},
				"down": {"uv": [0, 0, 1, 5], "rotation": 180, "texture": "#0"}
			}
		},
		{
			"from": [-11.5, 7.08135, -8.61836],
			"to": [-10.5, 8.08135, -3.61836],
			"rotation": {"angle": -22.5, "axis": "x", "origin": [-15.5, 5.58135, -8.11836]},
			"faces": {
				"north": {"uv": [0, 0, 1, 1], "rotation": 180, "texture": "#0"},
				"east": {"uv": [0, 0, 1, 5], "rotation": 90, "texture": "#0"},
				"south": {"uv": [0, 0, 1, 1], "texture": "#0"},
				"west": {"uv": [0, 0, 1, 5], "rotation": 270, "texture": "#0"},
				"up": {"uv": [0, 0, 1, 5], "texture": "#0"},
				"down": {"uv": [0, 0, 1, 5], "rotation": 180, "texture": "#0"}
			}
		},
		{
			"from": [30.5, 7.08135, -8.61836],
			"to": [31.5, 8.08135, -3.61836],
			"rotation": {"angle": -22.5, "axis": "x", "origin": [-15.5, 5.58135, -8.11836]},
			"faces": {
				"north": {"uv": [0, 0, 1, 1], "rotation": 180, "texture": "#0"},
				"east": {"uv": [0, 0, 1, 5], "rotation": 90, "texture": "#0"},
				"south": {"uv": [0, 0, 1, 1], "texture": "#0"},
				"west": {"uv": [0, 0, 1, 5], "rotation": 270, "texture": "#0"},
				"up": {"uv": [0, 0, 1, 5], "texture": "#0"},
				"down": {"uv": [0, 0, 1, 5], "rotation": 180, "texture": "#0"}
			}
		},
		{
			"from": [28.5, 7.08135, -9.61836],
			"to": [29.5, 8.08135, -4.61836],
			"rotation": {"angle": -22.5, "axis": "x", "origin": [-15.5, 5.58135, -8.11836]},
			"faces": {
				"north": {"uv": [0, 0, 1, 1], "rotation": 180, "texture": "#0"},
				"east": {"uv": [0, 0, 1, 5], "rotation": 90, "texture": "#0"},
				"south": {"uv": [0, 0, 1, 1], "texture": "#0"},
				"west": {"uv": [0, 0, 1, 5], "rotation": 270, "texture": "#0"},
				"up": {"uv": [0, 0, 1, 5], "texture": "#0"},
				"down": {"uv": [0, 0, 1, 5], "rotation": 180, "texture": "#0"}
			}
		},
		{
			"from": [26.5, 7.08135, -8.61836],
			"to": [27.5, 8.08135, -3.61836],
			"rotation": {"angle": -22.5, "axis": "x", "origin": [-15.5, 5.58135, -8.11836]},
			"faces": {
				"north": {"uv": [0, 0, 1, 1], "rotation": 180, "texture": "#0"},
				"east": {"uv": [0, 0, 1, 5], "rotation": 90, "texture": "#0"},
				"south": {"uv": [0, 0, 1, 1], "texture": "#0"},
				"west": {"uv": [0, 0, 1, 5], "rotation": 270, "texture": "#0"},
				"up": {"uv": [0, 0, 1, 5], "texture": "#0"},
				"down": {"uv": [0, 0, 1, 5], "rotation": 180, "texture": "#0"}
			}
		}
	],
	"display": {
		"head": {
			"translation": [0, 13.75, 18.25],
			"scale": [4, 4, 4]
		}
	}
}