{
	"credit": "Made with Blockbench",
	"textures": {
		"0": "block/oak_log",
		"particle": "block/oak_log"
	},
	"elements": [
		{
			"from": [5, -7, 4],
			"to": [11, 3, 10],
			"rotation": {"angle": 45, "axis": "y", "origin": [8, 8, 7]},
			"faces": {
				"north": {"uv": [0, 0, 6, 10], "texture": "#0"},
				"east": {"uv": [0, 0, 6, 10], "texture": "#0"},
				"south": {"uv": [0, 0, 6, 10], "texture": "#0"},
				"west": {"uv": [0, 0, 6, 10], "texture": "#0"},
				"up": {"uv": [0, 0, 6, 6], "texture": "#0"},
				"down": {"uv": [0, 0, 6, 6], "texture": "#0"}
			}
		},
		{
			"from": [4, -16, 3],
			"to": [12, -7, 11],
			"rotation": {"angle": 0, "axis": "y", "origin": [8, -11.5, 7]},
			"faces": {
				"north": {"uv": [0, 0, 6, 10], "texture": "#0"},
				"east": {"uv": [0, 0, 6, 10], "texture": "#0"},
				"south": {"uv": [0, 0, 6, 10], "texture": "#0"},
				"west": {"uv": [0, 0, 6, 10], "texture": "#0"},
				"up": {"uv": [0, 0, 6, 6], "rotation": 270, "texture": "#0"},
				"down": {"uv": [0, 0, 6, 6], "rotation": 90, "texture": "#0"}
			}
		},
		{
			"from": [6.5, 13, 5.5],
			"to": [9.5, 23, 8.5],
			"rotation": {"angle": 45, "axis": "y", "origin": [8, 8, 7]},
			"faces": {
				"north": {"uv": [0, 0, 3, 10], "texture": "#0"},
				"east": {"uv": [0, 0, 3, 10], "texture": "#0"},
				"south": {"uv": [0, 0, 3, 10], "texture": "#0"},
				"west": {"uv": [0, 0, 3, 10], "texture": "#0"},
				"up": {"uv": [0, 0, 3, 3], "rotation": 270, "texture": "#0"},
				"down": {"uv": [0, 0, 3, 3], "rotation": 90, "texture": "#0"}
			}
		},
		{
			"from": [7, 23, 6],
			"to": [9, 31, 8],
			"rotation": {"angle": 0, "axis": "y", "origin": [8, 27, 7]},
			"faces": {
				"north": {"uv": [0, 0, 2, 8], "texture": "#0"},
				"east": {"uv": [0, 0, 2, 8], "texture": "#0"},
				"south": {"uv": [0, 0, 2, 8], "texture": "#0"},
				"west": {"uv": [0, 0, 2, 8], "texture": "#0"},
				"up": {"uv": [0, 0, 2, 2], "rotation": 270, "texture": "#0"},
				"down": {"uv": [0, 0, 2, 2], "rotation": 90, "texture": "#0"}
			}
		},
		{
			"from": [7.1, 30, 6.41421],
			"to": [8.9, 31.414, 7.82821],
			"rotation": {"angle": 45, "axis": "x", "origin": [7.907, 31, 7.41421]},
			"faces": {
				"north": {"uv": [0, 0, 1.8, 1.414], "texture": "#0"},
				"east": {"uv": [0, 0, 1.414, 1.414], "texture": "#0"},
				"south": {"uv": [0, 0, 1.8, 1.414], "texture": "#0"},
				"west": {"uv": [0, 0, 1.414, 1.414], "texture": "#0"},
				"up": {"uv": [0, 0, 1.414, 1.8], "rotation": 270, "texture": "#0"},
				"down": {"uv": [0, 0, 1.414, 1.8], "rotation": 90, "texture": "#0"}
			}
		},
		{
			"from": [6, 3, 5],
			"to": [10, 13, 9],
			"rotation": {"angle": 0, "axis": "y", "origin": [8, 8, 7]},
			"faces": {
				"north": {"uv": [0, 0, 4, 10], "texture": "#0"},
				"east": {"uv": [0, 0, 4, 10], "texture": "#0"},
				"south": {"uv": [0, 0, 4, 10], "texture": "#0"},
				"west": {"uv": [0, 0, 4, 10], "texture": "#0"},
				"up": {"uv": [0, 0, 4, 4], "rotation": 270, "texture": "#0"},
				"down": {"uv": [0, 0, 4, 4], "rotation": 90, "texture": "#0"}
			}
		}
	],
	"display": {
		"head": {
			"translation": [0, 8, 0],
			"scale": [4, 4, 4]
		}
	}
}