{
	"credit": "Made with Blockbench",
	"textures": {
		"0": "item/custom/mob/luisa",
		"1": "block/iron_block",
		"4": "block/lodestone_top",
		"particle": "item/custom/mob/luisa"
	},
	"elements": [
		{
			"name": "right_arm",
			"from": [12, 11.5, 6],
			"to": [15, 23.5, 10],
			"faces": {
				"north": {"uv": [11, 5, 11.75, 8], "tintindex": 0,"texture": "#0"},
				"east": {"uv": [10, 5, 11, 8], "tintindex": 0,"texture": "#0"},
				"south": {"uv": [12.75, 5, 13.5, 8], "tintindex": 0,"texture": "#0"},
				"west": {"uv": [11.75, 5, 12.75, 8], "tintindex": 0,"texture": "#0"},
				"up": {"uv": [11.75, 5, 11, 4], "tintindex": 0,"texture": "#0"},
				"down": {"uv": [12.5, 4, 11.75, 5], "tintindex": 0,"texture": "#0"}
			}
		},
		{
			"name": "right_arm_2nd_layer",
			"from": [11.5, 11, 5.5],
			"to": [15.5, 24, 10.5],
			"faces": {
				"north": {"uv": [10.75, 9, 11.5, 12], "tintindex": 0,"texture": "#0"},
				"east": {"uv": [10, 9, 11, 12], "tintindex": 0,"texture": "#0"},
				"south": {"uv": [12.75, 9, 13.5, 12], "tintindex": 0,"texture": "#0"},
				"west": {"uv": [11.75, 9, 12.75, 12], "tintindex": 0,"texture": "#0"},
				"up": {"uv": [11.75, 9, 11, 8], "tintindex": 0,"texture": "#0"},
				"down": {"uv": [12.5, 8, 11.75, 9], "tintindex": 0,"texture": "#0"}
			}
		},
		{
			"from": [11.5, 21, 5.5],
			"to": [16.5, 25, 10.5],
			"rotation": {"angle": 0, "axis": "y", "origin": [2, 23, 8]},
			"faces": {
				"north": {"uv": [0, 0, 4, 4], "tintindex": 0,"texture": "#4"},
				"east": {"uv": [6, 0, 11, 4], "tintindex": 0,"texture": "#4"},
				"south": {"uv": [12, 0, 16, 4], "tintindex": 0,"texture": "#4"},
				"west": {"uv": [5, 7, 10, 11], "tintindex": 0,"texture": "#4"},
				"up": {"uv": [0, 5, 4, 10], "rotation": 180, "tintindex": 0,"texture": "#4"},
				"down": {"uv": [0, 0, 4, 5], "rotation": 180, "tintindex": 0,"texture": "#4"}
			}
		},
		{
			"from": [11, 15.2, 5.5],
			"to": [16, 17.2, 10.5],
			"rotation": {"angle": -22.5, "axis": "z", "origin": [13.5, 16.2, 8]},
			"faces": {
				"north": {"uv": [4, 4, 9, 7], "tintindex": 0,"texture": "#1"},
				"east": {"uv": [4, 4, 9, 7], "tintindex": 0,"texture": "#1"},
				"south": {"uv": [4, 3, 9, 6], "tintindex": 0,"texture": "#1"},
				"west": {"uv": [4, 3, 9, 6], "tintindex": 0,"texture": "#1"},
				"up": {"uv": [4, 3, 9, 8], "tintindex": 0,"texture": "#1"},
				"down": {"uv": [5, 3, 10, 8], "tintindex": 0,"texture": "#1"}
			}
		},
		{
			"from": [11, 13, 5.5],
			"to": [16, 15, 10.5],
			"rotation": {"angle": -22.5, "axis": "z", "origin": [13.5, 14, 8]},
			"faces": {
				"north": {"uv": [4, 4, 9, 7], "tintindex": 0,"texture": "#1"},
				"east": {"uv": [4, 4, 9, 7], "tintindex": 0,"texture": "#1"},
				"south": {"uv": [4, 3, 9, 6], "tintindex": 0,"texture": "#1"},
				"west": {"uv": [4, 3, 9, 6], "tintindex": 0,"texture": "#1"},
				"up": {"uv": [4, 3, 9, 8], "tintindex": 0,"texture": "#1"},
				"down": {"uv": [5, 3, 10, 8], "tintindex": 0,"texture": "#1"}
			}
		},
		{
			"from": [11.75, 15, 5.75],
			"to": [15.25, 21, 10.25],
			"faces": {
				"north": {"uv": [4, 4, 8, 10], "tintindex": 0,"texture": "#4"},
				"east": {"uv": [4, 3, 8, 9], "tintindex": 0,"texture": "#4"},
				"south": {"uv": [4, 4, 8, 10], "tintindex": 0,"texture": "#4"},
				"west": {"uv": [4, 3, 8, 9], "tintindex": 0,"texture": "#4"},
				"up": {"uv": [5, 4, 9, 8], "tintindex": 0,"texture": "#4"},
				"down": {"uv": [3, 3, 7, 7], "rotation": 180, "tintindex": 0,"texture": "#4"}
			}
		}
	],
	"display": {
		"head": {
			"translation": [-9, -30, 0],
			"scale": [1.6, 1.6, 1.6]
		}
	},
	"groups": [
		{
			"name": "alex",
			"origin": [8, 8, 8],
			"color": 0,
			"children": [0, 1, 2, 3, 4, 5]
		}
	]
}