{
	"credit": "Made with Blockbench",
	"textures": {
		"0": "custom/mob/luisa",
		"1": "block/iron_block",
		"2": "block/gold_block",
		"3": "block/stripped_dark_oak_log",
		"4": "block/lodestone_top",
		"particle": "custom/mob/luisa"
	},
	"elements": [
		{
			"name": "head",
			"from": [4, 23.5, 4],
			"to": [12, 31.5, 12],
			"faces": {
				"north": {"uv": [2, 2, 4, 4], "texture": "#0"},
				"east": {"uv": [0, 2, 2, 4], "texture": "#0"},
				"south": {"uv": [6, 2, 8, 4], "texture": "#0"},
				"west": {"uv": [4, 2, 6, 4], "texture": "#0"},
				"up": {"uv": [4, 2, 2, 0], "texture": "#0"},
				"down": {"uv": [6, 0, 4, 2], "texture": "#0"}
			}
		},
		{
			"name": "body",
			"from": [4, 11.5, 6],
			"to": [12, 23.5, 10],
			"faces": {
				"north": {"uv": [5, 5, 7, 8], "texture": "#0"},
				"east": {"uv": [4, 5, 5, 8], "texture": "#0"},
				"south": {"uv": [8, 5, 10, 8], "texture": "#0"},
				"west": {"uv": [7, 5, 8, 8], "texture": "#0"},
				"up": {"uv": [7, 5, 5, 4], "texture": "#0"},
				"down": {"uv": [9, 4, 7, 5], "texture": "#0"}
			}
		},
		{
			"name": "right_arm",
			"from": [12, 11.5, 6],
			"to": [15, 23.5, 10],
			"faces": {
				"north": {"uv": [11, 5, 11.75, 8], "texture": "#0"},
				"east": {"uv": [10, 5, 11, 8], "texture": "#0"},
				"south": {"uv": [12.75, 5, 13.5, 8], "texture": "#0"},
				"west": {"uv": [11.75, 5, 12.75, 8], "texture": "#0"},
				"up": {"uv": [11.75, 5, 11, 4], "texture": "#0"},
				"down": {"uv": [12.5, 4, 11.75, 5], "texture": "#0"}
			}
		},
		{
			"name": "left_arm",
			"from": [1, 11.5, 6],
			"to": [4, 23.5, 10],
			"faces": {
				"north": {"uv": [9, 13, 9.75, 16], "texture": "#0"},
				"east": {"uv": [8, 13, 9, 16], "texture": "#0"},
				"south": {"uv": [10.75, 13, 11.5, 16], "texture": "#0"},
				"west": {"uv": [9.75, 13, 10.75, 16], "texture": "#0"},
				"up": {"uv": [9.75, 13, 9, 12], "texture": "#0"},
				"down": {"uv": [10.5, 12, 9.75, 13], "texture": "#0"}
			}
		},
		{
			"name": "right_leg",
			"from": [4, -0.5, 6],
			"to": [8, 11.5, 10],
			"faces": {
				"north": {"uv": [9, 4, 13, 16], "texture": "#4"},
				"east": {"uv": [8, 4, 12, 16], "texture": "#4"},
				"south": {"uv": [9, 4, 13, 16], "texture": "#4"},
				"west": {"uv": [9, 4, 13, 16], "texture": "#4"},
				"up": {"uv": [12, 16, 8, 12], "texture": "#4"},
				"down": {"uv": [13, 12, 9, 16], "texture": "#4"}
			}
		},
		{
			"name": "left_leg",
			"from": [8, -0.5, 6],
			"to": [12, 11.5, 10],
			"faces": {
				"north": {"uv": [6, 3, 10, 15], "texture": "#4"},
				"east": {"uv": [6, 3, 10, 15], "texture": "#4"},
				"south": {"uv": [6, 3, 10, 15], "texture": "#4"},
				"west": {"uv": [6, 3, 10, 15], "texture": "#4"},
				"up": {"uv": [10, 6, 6, 2], "texture": "#4"},
				"down": {"uv": [10, 2, 6, 6], "texture": "#4"}
			}
		},
		{
			"name": "head_2nd_layer",
			"from": [3.5, 23, 3.5],
			"to": [12.5, 32, 12.5],
			"faces": {
				"north": {"uv": [10, 2, 12, 4], "texture": "#0"},
				"east": {"uv": [8, 2, 10, 4], "texture": "#0"},
				"south": {"uv": [14, 2, 16, 4], "texture": "#0"},
				"west": {"uv": [12, 2, 14, 4], "texture": "#0"},
				"up": {"uv": [12, 2, 10, 0], "texture": "#0"},
				"down": {"uv": [14, 0, 12, 2], "texture": "#0"}
			}
		},
		{
			"name": "body_2nd_layer",
			"from": [4, 11.02, 5.49],
			"to": [12, 24.03, 10.49],
			"faces": {
				"north": {"uv": [5, 9, 7, 12], "texture": "#0"},
				"east": {"uv": [4, 9, 5, 12], "texture": "#0"},
				"south": {"uv": [8, 9, 10, 12], "texture": "#0"},
				"west": {"uv": [7, 9, 8, 12], "texture": "#0"},
				"up": {"uv": [7, 9, 5, 8], "texture": "#0"},
				"down": {"uv": [9, 8, 7, 9], "texture": "#0"}
			}
		},
		{
			"name": "right_arm_2nd_layer",
			"from": [11.5, 11, 5.5],
			"to": [15.5, 24, 10.5],
			"faces": {
				"north": {"uv": [10.75, 9, 11.5, 12], "texture": "#0"},
				"east": {"uv": [10, 9, 11, 12], "texture": "#0"},
				"south": {"uv": [12.75, 9, 13.5, 12], "texture": "#0"},
				"west": {"uv": [11.75, 9, 12.75, 12], "texture": "#0"},
				"up": {"uv": [11.75, 9, 11, 8], "texture": "#0"},
				"down": {"uv": [12.5, 8, 11.75, 9], "texture": "#0"}
			}
		},
		{
			"name": "left_arm_2nd_layer",
			"from": [0.5, 11, 5.5],
			"to": [4.5, 24, 10.5],
			"faces": {
				"north": {"uv": [13, 13, 13.75, 16], "texture": "#0"},
				"east": {"uv": [12, 13, 13, 16], "texture": "#0"},
				"south": {"uv": [14.75, 13, 15.5, 16], "texture": "#0"},
				"west": {"uv": [13.75, 13, 14.75, 16], "texture": "#0"},
				"up": {"uv": [13.75, 13, 13, 12], "texture": "#0"},
				"down": {"uv": [14.5, 12, 13.75, 13], "texture": "#0"}
			}
		},
		{
			"name": "right_leg_2nd_layer",
			"from": [7.5, -1, 5.5],
			"to": [12.5, 12, 10.5],
			"faces": {
				"north": {"uv": [1, 9, 2, 12], "texture": "#0"},
				"east": {"uv": [0, 9, 1, 12], "texture": "#0"},
				"south": {"uv": [3, 9, 4, 12], "texture": "#0"},
				"west": {"uv": [0, 9, 1, 12], "texture": "#0"},
				"up": {"uv": [2, 9, 1, 8], "texture": "#0"},
				"down": {"uv": [3, 8, 2, 9], "texture": "#0"}
			}
		},
		{
			"name": "left_leg_2nd_layer",
			"from": [3.5, -1, 5.5],
			"to": [8.5, 12, 10.5],
			"faces": {
				"north": {"uv": [1, 13, 2, 16], "texture": "#0"},
				"east": {"uv": [0, 13, 1, 16], "texture": "#0"},
				"south": {"uv": [3, 13, 4, 16], "texture": "#0"},
				"west": {"uv": [2, 13, 3, 16], "texture": "#0"},
				"up": {"uv": [2, 13, 1, 12], "texture": "#0"},
				"down": {"uv": [3, 12, 2, 13], "texture": "#0"}
			}
		},
		{
			"from": [-0.5, 21, 5.5],
			"to": [4.5, 25, 10.5],
			"faces": {
				"north": {"uv": [12, 0, 16, 4], "texture": "#4"},
				"east": {"uv": [5, 7, 10, 11], "texture": "#4"},
				"south": {"uv": [0, 0, 4, 4], "texture": "#4"},
				"west": {"uv": [6, 0, 11, 4], "texture": "#4"},
				"up": {"uv": [0, 5, 4, 10], "texture": "#4"},
				"down": {"uv": [0, 0, 4, 5], "texture": "#4"}
			}
		},
		{
			"from": [11.5, 21, 5.5],
			"to": [16.5, 25, 10.5],
			"rotation": {"angle": 0, "axis": "y", "origin": [2, 23, 8]},
			"faces": {
				"north": {"uv": [0, 0, 4, 4], "texture": "#4"},
				"east": {"uv": [6, 0, 11, 4], "texture": "#4"},
				"south": {"uv": [12, 0, 16, 4], "texture": "#4"},
				"west": {"uv": [5, 7, 10, 11], "texture": "#4"},
				"up": {"uv": [0, 5, 4, 10], "rotation": 180, "texture": "#4"},
				"down": {"uv": [0, 0, 4, 5], "rotation": 180, "texture": "#4"}
			}
		},
		{
			"from": [0, 13, 5.5],
			"to": [5, 15, 10.5],
			"rotation": {"angle": 22.5, "axis": "z", "origin": [2.5, 14, 8]},
			"faces": {
				"north": {"uv": [4, 4, 9, 7], "texture": "#1"},
				"east": {"uv": [4, 4, 9, 7], "texture": "#1"},
				"south": {"uv": [4, 3, 9, 6], "texture": "#1"},
				"west": {"uv": [4, 3, 9, 6], "texture": "#1"},
				"up": {"uv": [4, 3, 9, 8], "texture": "#1"},
				"down": {"uv": [5, 3, 10, 8], "texture": "#1"}
			}
		},
		{
			"from": [0, 15.2, 5.5],
			"to": [5, 17.2, 10.5],
			"rotation": {"angle": 22.5, "axis": "z", "origin": [2.5, 16.2, 8]},
			"faces": {
				"north": {"uv": [4, 4, 9, 7], "texture": "#1"},
				"east": {"uv": [4, 4, 9, 7], "texture": "#1"},
				"south": {"uv": [4, 3, 9, 6], "texture": "#1"},
				"west": {"uv": [4, 3, 9, 6], "texture": "#1"},
				"up": {"uv": [4, 3, 9, 8], "texture": "#1"},
				"down": {"uv": [5, 3, 10, 8], "texture": "#1"}
			}
		},
		{
			"from": [11, 15.2, 5.5],
			"to": [16, 17.2, 10.5],
			"rotation": {"angle": -22.5, "axis": "z", "origin": [13.5, 16.2, 8]},
			"faces": {
				"north": {"uv": [4, 4, 9, 7], "texture": "#1"},
				"east": {"uv": [4, 4, 9, 7], "texture": "#1"},
				"south": {"uv": [4, 3, 9, 6], "texture": "#1"},
				"west": {"uv": [4, 3, 9, 6], "texture": "#1"},
				"up": {"uv": [4, 3, 9, 8], "texture": "#1"},
				"down": {"uv": [5, 3, 10, 8], "texture": "#1"}
			}
		},
		{
			"from": [11, 13, 5.5],
			"to": [16, 15, 10.5],
			"rotation": {"angle": -22.5, "axis": "z", "origin": [13.5, 14, 8]},
			"faces": {
				"north": {"uv": [4, 4, 9, 7], "texture": "#1"},
				"east": {"uv": [4, 4, 9, 7], "texture": "#1"},
				"south": {"uv": [4, 3, 9, 6], "texture": "#1"},
				"west": {"uv": [4, 3, 9, 6], "texture": "#1"},
				"up": {"uv": [4, 3, 9, 8], "texture": "#1"},
				"down": {"uv": [5, 3, 10, 8], "texture": "#1"}
			}
		},
		{
			"from": [0.75, 15, 5.75],
			"to": [4.25, 21, 10.25],
			"faces": {
				"north": {"uv": [4, 4, 8, 10], "texture": "#4"},
				"east": {"uv": [4, 3, 8, 9], "texture": "#4"},
				"south": {"uv": [4, 4, 8, 10], "texture": "#4"},
				"west": {"uv": [4, 3, 8, 9], "texture": "#4"},
				"up": {"uv": [5, 4, 9, 8], "texture": "#4"},
				"down": {"uv": [3, 3, 7, 7], "rotation": 180, "texture": "#4"}
			}
		},
		{
			"from": [11.75, 15, 5.75],
			"to": [15.25, 21, 10.25],
			"faces": {
				"north": {"uv": [4, 4, 8, 10], "texture": "#4"},
				"east": {"uv": [4, 3, 8, 9], "texture": "#4"},
				"south": {"uv": [4, 4, 8, 10], "texture": "#4"},
				"west": {"uv": [4, 3, 8, 9], "texture": "#4"},
				"up": {"uv": [5, 4, 9, 8], "texture": "#4"},
				"down": {"uv": [3, 3, 7, 7], "rotation": 180, "texture": "#4"}
			}
		},
		{
			"from": [3.5, 14.25, 5],
			"to": [12.5, 15.25, 11],
			"faces": {
				"north": {"uv": [0, 0, 9, 1], "texture": "#3"},
				"east": {"uv": [0, 0, 6, 1], "texture": "#3"},
				"south": {"uv": [0, 0, 9, 1], "texture": "#3"},
				"west": {"uv": [0, 0, 6, 1], "texture": "#3"},
				"up": {"uv": [0, 0, 9, 6], "texture": "#3"},
				"down": {"uv": [0, 0, 9, 6], "texture": "#3"}
			}
		},
		{
			"from": [3.85, 19.4, 5],
			"to": [7.85, 24.4, 11],
			"faces": {
				"north": {"uv": [11, 2, 14, 4], "texture": "#4"},
				"east": {"uv": [12, 2, 13, 4], "texture": "#4"},
				"south": {"uv": [11, 2, 14, 4], "texture": "#4"},
				"west": {"uv": [12, 2, 13, 4], "texture": "#4"},
				"up": {"uv": [11, 3, 14, 4], "texture": "#4"},
				"down": {"uv": [11, 3, 14, 4], "texture": "#4"}
			}
		},
		{
			"from": [8.05, 19.4, 5],
			"to": [12.05, 24.4, 11],
			"faces": {
				"north": {"uv": [2, 2, 5, 4], "texture": "#4"},
				"east": {"uv": [2, 2, 3, 4], "texture": "#4"},
				"south": {"uv": [2, 2, 5, 4], "texture": "#4"},
				"west": {"uv": [3, 2, 4, 4], "texture": "#4"},
				"up": {"uv": [2, 2, 5, 3], "texture": "#4"},
				"down": {"uv": [2, 2, 5, 3], "texture": "#4"}
			}
		},
		{
			"from": [4, 15, 5.25],
			"to": [12, 25, 10.25],
			"faces": {
				"north": {"uv": [4, 6, 12, 16], "texture": "#4"},
				"east": {"uv": [4, 6, 9, 16], "texture": "#4"},
				"south": {"uv": [3, 6, 11, 16], "texture": "#4"},
				"west": {"uv": [6, 6, 11, 16], "texture": "#4"},
				"up": {"uv": [4, 8, 12, 13], "texture": "#4"},
				"down": {"uv": [4, 11, 12, 16], "texture": "#4"}
			}
		},
		{
			"from": [4, 7, 4.5],
			"to": [6, 14, 5.5],
			"rotation": {"angle": 0, "axis": "x", "origin": [8, 9.5, 7]},
			"faces": {
				"north": {"uv": [4, 9, 6, 16], "texture": "#4"},
				"east": {"uv": [2, 9, 3, 16], "texture": "#4"},
				"south": {"uv": [6, 9, 8, 16], "texture": "#4"},
				"west": {"uv": [9, 9, 10, 16], "texture": "#4"},
				"up": {"uv": [5, 7, 7, 8], "texture": "#4"},
				"down": {"uv": [5, 7, 7, 8], "texture": "#4"}
			}
		},
		{
			"from": [7, 7, 4.5],
			"to": [9, 14, 5.5],
			"rotation": {"angle": 0, "axis": "x", "origin": [8, 9.5, 7]},
			"faces": {
				"north": {"uv": [4, 9, 6, 16], "texture": "#4"},
				"east": {"uv": [2, 9, 3, 16], "texture": "#4"},
				"south": {"uv": [6, 9, 8, 16], "texture": "#4"},
				"west": {"uv": [9, 9, 10, 16], "texture": "#4"},
				"up": {"uv": [5, 7, 7, 8], "texture": "#4"},
				"down": {"uv": [5, 7, 7, 8], "texture": "#4"}
			}
		},
		{
			"from": [10, 7, 4.5],
			"to": [12, 14, 5.5],
			"rotation": {"angle": 0, "axis": "x", "origin": [8, 9.5, 7]},
			"faces": {
				"north": {"uv": [4, 9, 6, 16], "texture": "#4"},
				"east": {"uv": [2, 9, 3, 16], "texture": "#4"},
				"south": {"uv": [6, 9, 8, 16], "texture": "#4"},
				"west": {"uv": [9, 9, 10, 16], "texture": "#4"},
				"up": {"uv": [5, 7, 7, 8], "texture": "#4"},
				"down": {"uv": [5, 7, 7, 8], "texture": "#4"}
			}
		},
		{
			"from": [4, 7, 10.5],
			"to": [6, 14, 11.5],
			"rotation": {"angle": 0, "axis": "x", "origin": [8, 9.5, 7]},
			"faces": {
				"north": {"uv": [4, 9, 6, 16], "texture": "#4"},
				"east": {"uv": [2, 9, 3, 16], "texture": "#4"},
				"south": {"uv": [6, 9, 8, 16], "texture": "#4"},
				"west": {"uv": [9, 9, 10, 16], "texture": "#4"},
				"up": {"uv": [5, 7, 7, 8], "texture": "#4"},
				"down": {"uv": [5, 7, 7, 8], "texture": "#4"}
			}
		},
		{
			"from": [7, 7, 10.5],
			"to": [9, 14, 11.5],
			"rotation": {"angle": 0, "axis": "x", "origin": [8, 9.5, 7]},
			"faces": {
				"north": {"uv": [4, 9, 6, 16], "texture": "#4"},
				"east": {"uv": [2, 9, 3, 16], "texture": "#4"},
				"south": {"uv": [6, 9, 8, 16], "texture": "#4"},
				"west": {"uv": [9, 9, 10, 16], "texture": "#4"},
				"up": {"uv": [5, 7, 7, 8], "texture": "#4"},
				"down": {"uv": [5, 7, 7, 8], "texture": "#4"}
			}
		},
		{
			"from": [10, 7, 10.5],
			"to": [12, 14, 11.5],
			"rotation": {"angle": 0, "axis": "x", "origin": [8, 9.5, 7]},
			"faces": {
				"north": {"uv": [4, 9, 6, 16], "texture": "#4"},
				"east": {"uv": [2, 9, 3, 16], "texture": "#4"},
				"south": {"uv": [6, 9, 8, 16], "texture": "#4"},
				"west": {"uv": [9, 9, 10, 16], "texture": "#4"},
				"up": {"uv": [5, 7, 7, 8], "texture": "#4"},
				"down": {"uv": [5, 7, 7, 8], "texture": "#4"}
			}
		},
		{
			"from": [3.5, 7.25, 5],
			"to": [12.5, 14.25, 11],
			"faces": {
				"north": {"uv": [3, 9, 12, 16], "texture": "#4"},
				"east": {"uv": [4, 4, 10, 11], "texture": "#4"},
				"south": {"uv": [3, 9, 12, 16], "texture": "#4"},
				"west": {"uv": [5, 9, 11, 16], "texture": "#4"},
				"up": {"uv": [4, 4, 13, 10], "texture": "#4"},
				"down": {"uv": [3, 10, 12, 16], "texture": "#4"}
			}
		},
		{
			"from": [3.5, -1, 5.35],
			"to": [8.5, 4, 10.35],
			"faces": {
				"north": {"uv": [8, 11, 12, 16], "texture": "#4"},
				"east": {"uv": [7, 11, 12, 16], "texture": "#4"},
				"south": {"uv": [9, 11, 13, 16], "texture": "#4"},
				"west": {"uv": [7, 11, 12, 16], "texture": "#4"},
				"up": {"uv": [8, 11, 12, 16], "texture": "#4"},
				"down": {"uv": [8, 11, 12, 16], "texture": "#4"}
			}
		},
		{
			"from": [7.5, -1, 5.35],
			"to": [12.5, 4, 10.35],
			"faces": {
				"north": {"uv": [8, 11, 12, 16], "texture": "#4"},
				"east": {"uv": [7, 11, 12, 16], "texture": "#4"},
				"south": {"uv": [9, 11, 13, 16], "texture": "#4"},
				"west": {"uv": [7, 11, 12, 16], "texture": "#4"},
				"up": {"uv": [8, 11, 12, 16], "texture": "#4"},
				"down": {"uv": [8, 11, 12, 16], "texture": "#4"}
			}
		},
		{
			"from": [12, 12, 3],
			"to": [14, 14, 9],
			"faces": {
				"north": {"uv": [3, 2, 5, 4], "texture": "#2"},
				"east": {"uv": [2, 3, 8, 5], "texture": "#2"},
				"south": {"uv": [4, 3, 6, 5], "texture": "#2"},
				"west": {"uv": [3, 3, 9, 5], "texture": "#2"},
				"up": {"uv": [5, 3, 7, 9], "texture": "#2"},
				"down": {"uv": [5, 3, 7, 9], "texture": "#2"}
			}
		},
		{
			"from": [12.65, 12.145, -10.86],
			"to": [13.45, 13.745, 3.54],
			"rotation": {"angle": 0, "axis": "z", "origin": [12.9, 12.945, -2.26]},
			"faces": {
				"north": {"uv": [8, 3, 10, 5], "rotation": 90, "texture": "#1"},
				"east": {"uv": [4, 3, 6, 11], "rotation": 270, "texture": "#1"},
				"south": {"uv": [7, 2, 9, 4], "rotation": 270, "texture": "#1"},
				"west": {"uv": [4, 2, 6, 10], "rotation": 270, "texture": "#1"},
				"up": {"uv": [4, 4, 12, 6], "rotation": 270, "texture": "#1"},
				"down": {"uv": [3, 4, 11, 6], "rotation": 270, "texture": "#1"}
			}
		},
		{
			"from": [12.66, 12.20961, -11.30544],
			"to": [13.44, 13.34961, -10.16544],
			"rotation": {"angle": 45, "axis": "x", "origin": [13.05, 13.00961, -10.60544]},
			"faces": {
				"north": {"uv": [8, 3, 9.6, 3.8], "rotation": 90, "texture": "#1"},
				"east": {"uv": [4, 3, 5.6, 4.4], "rotation": 270, "texture": "#1"},
				"south": {"uv": [7, 2, 8.6, 2.8], "rotation": 270, "texture": "#1"},
				"west": {"uv": [5.6, 2, 4, 3.4], "rotation": 270, "texture": "#1"},
				"up": {"uv": [4, 4, 5.4, 4.8], "rotation": 270, "texture": "#1"},
				"down": {"uv": [3, 4, 4.4, 4.8], "rotation": 270, "texture": "#1"}
			}
		},
		{
			"from": [12, 11, 4],
			"to": [14, 12, 5],
			"faces": {
				"north": {"uv": [7, 6, 9, 8], "texture": "#2"},
				"east": {"uv": [7, 6, 9, 8], "texture": "#2"},
				"south": {"uv": [7, 6, 9, 8], "texture": "#2"},
				"west": {"uv": [8, 6, 10, 8], "texture": "#2"},
				"up": {"uv": [7, 6, 9, 8], "texture": "#2"},
				"down": {"uv": [7, 6, 9, 8], "texture": "#2"}
			}
		},
		{
			"from": [12, 10, 5],
			"to": [14, 11, 9],
			"faces": {
				"north": {"uv": [7, 6, 9, 8], "texture": "#2"},
				"east": {"uv": [7, 6, 9, 8], "texture": "#2"},
				"south": {"uv": [7, 6, 9, 8], "texture": "#2"},
				"west": {"uv": [8, 6, 10, 8], "texture": "#2"},
				"up": {"uv": [7, 6, 9, 8], "texture": "#2"},
				"down": {"uv": [7, 6, 9, 8], "texture": "#2"}
			}
		}
	],
	"groups": [
		{
			"name": "alex",
			"origin": [8, 8, 8],
			"color": 0,
			"children": [0, 1, 2, 3, 4, 5, 6, 7, 8, 9, 10, 11, 12, 13, 14, 15, 16, 17, 18, 19, 20, 21, 22, 23, 24, 25, 26, 27, 28, 29, 30, 31, 32, 33, 34, 35, 36, 37]
		}
	]
}