{
	"credit": "Made with Blockbench",
	"textures": {
		"1": "block/iron_block",
		"2": "block/gold_block",
		"particle": "item/custom/mob/luisa"
	},
	"elements": [
		{
			"from": [12, 12, 3],
			"to": [14, 14, 9],
			"faces": {
				"north": {"uv": [3, 2, 5, 4], "texture": "#2"},
				"east": {"uv": [2, 3, 8, 5], "texture": "#2"},
				"south": {"uv": [4, 3, 6, 5], "texture": "#2"},
				"west": {"uv": [3, 3, 9, 5], "texture": "#2"},
				"up": {"uv": [5, 3, 7, 9], "texture": "#2"},
				"down": {"uv": [5, 3, 7, 9], "texture": "#2"}
			}
		},
		{
			"from": [12.65, 12.145, -10.86],
			"to": [13.45, 13.745, 3.54],
			"rotation": {"angle": 0, "axis": "z", "origin": [12.9, 12.945, -2.26]},
			"faces": {
				"north": {"uv": [8, 3, 10, 5], "rotation": 90, "texture": "#1"},
				"east": {"uv": [4, 3, 6, 11], "rotation": 270, "texture": "#1"},
				"south": {"uv": [7, 2, 9, 4], "rotation": 270, "texture": "#1"},
				"west": {"uv": [4, 2, 6, 10], "rotation": 270, "texture": "#1"},
				"up": {"uv": [4, 4, 12, 6], "rotation": 270, "texture": "#1"},
				"down": {"uv": [3, 4, 11, 6], "rotation": 270, "texture": "#1"}
			}
		},
		{
			"from": [12.66, 12.20961, -11.30544],
			"to": [13.44, 13.34961, -10.16544],
			"rotation": {"angle": 45, "axis": "x", "origin": [13.05, 13.00961, -10.60544]},
			"faces": {
				"north": {"uv": [8, 3, 9.6, 3.8], "rotation": 90, "texture": "#1"},
				"east": {"uv": [4, 3, 5.6, 4.4], "rotation": 270, "texture": "#1"},
				"south": {"uv": [7, 2, 8.6, 2.8], "rotation": 270, "texture": "#1"},
				"west": {"uv": [5.6, 2, 4, 3.4], "rotation": 270, "texture": "#1"},
				"up": {"uv": [4, 4, 5.4, 4.8], "rotation": 270, "texture": "#1"},
				"down": {"uv": [3, 4, 4.4, 4.8], "rotation": 270, "texture": "#1"}
			}
		},
		{
			"from": [12, 11, 4],
			"to": [14, 12, 5],
			"faces": {
				"north": {"uv": [7, 6, 9, 8], "texture": "#2"},
				"east": {"uv": [7, 6, 9, 8], "texture": "#2"},
				"south": {"uv": [7, 6, 9, 8], "texture": "#2"},
				"west": {"uv": [8, 6, 10, 8], "texture": "#2"},
				"up": {"uv": [7, 6, 9, 8], "texture": "#2"},
				"down": {"uv": [7, 6, 9, 8], "texture": "#2"}
			}
		},
		{
			"from": [12, 10, 5],
			"to": [14, 11, 9],
			"faces": {
				"north": {"uv": [7, 6, 9, 8], "texture": "#2"},
				"east": {"uv": [7, 6, 9, 8], "texture": "#2"},
				"south": {"uv": [7, 6, 9, 8], "texture": "#2"},
				"west": {"uv": [8, 6, 10, 8], "texture": "#2"},
				"up": {"uv": [7, 6, 9, 8], "texture": "#2"},
				"down": {"uv": [7, 6, 9, 8], "texture": "#2"}
			}
		}
	],
	"display": {
		"head": {
			"translation": [-6.75, -12.5, 0],
			"scale": [1.6, 1.6, 1.6]
		}
	},
	"groups": [
		{
			"name": "alex",
			"origin": [8, 8, 8],
			"color": 0,
			"children": [0, 1, 2, 3, 4]
		}
	]
}