{
	"credit": "Made with Blockbench",
	"textures": {
		"0": "item/custom/mob/luisa",
		"1": "block/iron_block",
		"4": "block/lodestone_top",
		"particle": "item/custom/mob/luisa"
	},
	"elements": [
		{
			"name": "left_arm",
			"from": [1, 11.5, 6],
			"to": [4, 23.5, 10],
			"faces": {
				"north": {"uv": [9, 13, 9.75, 16], "tintindex": 0,"texture": "#0"},
				"east": {"uv": [8, 13, 9, 16], "tintindex": 0,"texture": "#0"},
				"south": {"uv": [10.75, 13, 11.5, 16], "tintindex": 0,"texture": "#0"},
				"west": {"uv": [9.75, 13, 10.75, 16], "tintindex": 0,"texture": "#0"},
				"up": {"uv": [9.75, 13, 9, 12], "tintindex": 0,"texture": "#0"},
				"down": {"uv": [10.5, 12, 9.75, 13], "tintindex": 0,"texture": "#0"}
			}
		},
		{
			"name": "left_arm_2nd_layer",
			"from": [0.5, 11, 5.5],
			"to": [4.5, 24, 10.5],
			"faces": {
				"north": {"uv": [13, 13, 13.75, 16], "tintindex": 0,"texture": "#0"},
				"east": {"uv": [12, 13, 13, 16], "tintindex": 0,"texture": "#0"},
				"south": {"uv": [14.75, 13, 15.5, 16], "tintindex": 0,"texture": "#0"},
				"west": {"uv": [13.75, 13, 14.75, 16], "tintindex": 0,"texture": "#0"},
				"up": {"uv": [13.75, 13, 13, 12], "tintindex": 0,"texture": "#0"},
				"down": {"uv": [14.5, 12, 13.75, 13], "tintindex": 0,"texture": "#0"}
			}
		},
		{
			"from": [-0.5, 21, 5.5],
			"to": [4.5, 25, 10.5],
			"faces": {
				"north": {"uv": [12, 0, 16, 4], "tintindex": 0,"texture": "#4"},
				"east": {"uv": [5, 7, 10, 11], "tintindex": 0,"texture": "#4"},
				"south": {"uv": [0, 0, 4, 4], "tintindex": 0,"texture": "#4"},
				"west": {"uv": [6, 0, 11, 4], "tintindex": 0,"texture": "#4"},
				"up": {"uv": [0, 5, 4, 10], "tintindex": 0,"texture": "#4"},
				"down": {"uv": [0, 0, 4, 5], "tintindex": 0,"texture": "#4"}
			}
		},
		{
			"from": [0, 13, 5.5],
			"to": [5, 15, 10.5],
			"rotation": {"angle": 22.5, "axis": "z", "origin": [2.5, 14, 8]},
			"faces": {
				"north": {"uv": [4, 4, 9, 7], "tintindex": 0,"texture": "#1"},
				"east": {"uv": [4, 4, 9, 7], "tintindex": 0,"texture": "#1"},
				"south": {"uv": [4, 3, 9, 6], "tintindex": 0,"texture": "#1"},
				"west": {"uv": [4, 3, 9, 6], "tintindex": 0,"texture": "#1"},
				"up": {"uv": [4, 3, 9, 8], "tintindex": 0,"texture": "#1"},
				"down": {"uv": [5, 3, 10, 8], "tintindex": 0,"texture": "#1"}
			}
		},
		{
			"from": [0, 15.2, 5.5],
			"to": [5, 17.2, 10.5],
			"rotation": {"angle": 22.5, "axis": "z", "origin": [2.5, 16.2, 8]},
			"faces": {
				"north": {"uv": [4, 4, 9, 7], "tintindex": 0,"texture": "#1"},
				"east": {"uv": [4, 4, 9, 7], "tintindex": 0,"texture": "#1"},
				"south": {"uv": [4, 3, 9, 6], "tintindex": 0,"texture": "#1"},
				"west": {"uv": [4, 3, 9, 6], "tintindex": 0,"texture": "#1"},
				"up": {"uv": [4, 3, 9, 8], "tintindex": 0,"texture": "#1"},
				"down": {"uv": [5, 3, 10, 8], "tintindex": 0,"texture": "#1"}
			}
		},
		{
			"from": [0.75, 15, 5.75],
			"to": [4.25, 21, 10.25],
			"faces": {
				"north": {"uv": [4, 4, 8, 10], "tintindex": 0,"texture": "#4"},
				"east": {"uv": [4, 3, 8, 9], "tintindex": 0,"texture": "#4"},
				"south": {"uv": [4, 4, 8, 10], "tintindex": 0,"texture": "#4"},
				"west": {"uv": [4, 3, 8, 9], "tintindex": 0,"texture": "#4"},
				"up": {"uv": [5, 4, 9, 8], "tintindex": 0,"texture": "#4"},
				"down": {"uv": [3, 3, 7, 7], "rotation": 180, "tintindex": 0,"texture": "#4"}
			}
		}
	],
	"display": {
		"head": {
			"translation": [9, -30, 0],
			"scale": [1.6, 1.6, 1.6]
		}
	},
	"groups": [
		{
			"name": "alex",
			"origin": [8, 8, 8],
			"color": 0,
			"children": [0, 1, 2, 3, 4, 5]
		}
	]
}