{
	"credit": "Made with Blockbench",
	"textures": {
		"0": "item/custom/mob/luisa",
		"3": "block/stripped_dark_oak_log",
		"4": "block/lodestone_top",
		"particle": "item/custom/mob/luisa"
	},
	"elements": [
		{
			"name": "head",
			"from": [4, 23.5, 4],
			"to": [12, 31.5, 12],
			"faces": {
				"north": {"uv": [2, 2, 4, 4], "tintindex": 0,"texture": "#0"},
				"east": {"uv": [0, 2, 2, 4], "tintindex": 0,"texture": "#0"},
				"south": {"uv": [6, 2, 8, 4], "tintindex": 0,"texture": "#0"},
				"west": {"uv": [4, 2, 6, 4], "tintindex": 0,"texture": "#0"},
				"up": {"uv": [4, 2, 2, 0], "tintindex": 0,"texture": "#0"},
				"down": {"uv": [6, 0, 4, 2], "tintindex": 0,"texture": "#0"}
			}
		},
		{
			"name": "body",
			"from": [4, 11.5, 6],
			"to": [12, 23.5, 10],
			"faces": {
				"north": {"uv": [5, 5, 7, 8], "tintindex": 0,"texture": "#0"},
				"east": {"uv": [4, 5, 5, 8], "tintindex": 0,"texture": "#0"},
				"south": {"uv": [8, 5, 10, 8], "tintindex": 0,"texture": "#0"},
				"west": {"uv": [7, 5, 8, 8], "tintindex": 0,"texture": "#0"},
				"up": {"uv": [7, 5, 5, 4], "tintindex": 0,"texture": "#0"},
				"down": {"uv": [9, 4, 7, 5], "tintindex": 0,"texture": "#0"}
			}
		},
		{
			"name": "head_2nd_layer",
			"from": [3.5, 23, 3.5],
			"to": [12.5, 32, 12.5],
			"faces": {
				"north": {"uv": [10, 2, 12, 4], "tintindex": 0,"texture": "#0"},
				"east": {"uv": [8, 2, 10, 4], "tintindex": 0,"texture": "#0"},
				"south": {"uv": [14, 2, 16, 4], "tintindex": 0,"texture": "#0"},
				"west": {"uv": [12, 2, 14, 4], "tintindex": 0,"texture": "#0"},
				"up": {"uv": [12, 2, 10, 0], "tintindex": 0,"texture": "#0"},
				"down": {"uv": [14, 0, 12, 2], "tintindex": 0,"texture": "#0"}
			}
		},
		{
			"name": "body_2nd_layer",
			"from": [4, 11.02, 5.49],
			"to": [12, 24.03, 10.49],
			"faces": {
				"north": {"uv": [5, 9, 7, 12], "tintindex": 0,"texture": "#0"},
				"east": {"uv": [4, 9, 5, 12], "tintindex": 0,"texture": "#0"},
				"south": {"uv": [8, 9, 10, 12], "tintindex": 0,"texture": "#0"},
				"west": {"uv": [7, 9, 8, 12], "tintindex": 0,"texture": "#0"},
				"up": {"uv": [7, 9, 5, 8], "tintindex": 0,"texture": "#0"},
				"down": {"uv": [9, 8, 7, 9], "tintindex": 0,"texture": "#0"}
			}
		},
		{
			"from": [3.5, 14.25, 5],
			"to": [12.5, 15.25, 11],
			"faces": {
				"north": {"uv": [0, 0, 9, 1], "tintindex": 0,"texture": "#3"},
				"east": {"uv": [0, 0, 6, 1], "tintindex": 0,"texture": "#3"},
				"south": {"uv": [0, 0, 9, 1], "tintindex": 0,"texture": "#3"},
				"west": {"uv": [0, 0, 6, 1], "tintindex": 0,"texture": "#3"},
				"up": {"uv": [0, 0, 9, 6], "tintindex": 0,"texture": "#3"},
				"down": {"uv": [0, 0, 9, 6], "tintindex": 0,"texture": "#3"}
			}
		},
		{
			"from": [3.85, 19.4, 5],
			"to": [7.85, 24.4, 11],
			"faces": {
				"north": {"uv": [11, 2, 14, 4], "tintindex": 0,"texture": "#4"},
				"east": {"uv": [12, 2, 13, 4], "tintindex": 0,"texture": "#4"},
				"south": {"uv": [11, 2, 14, 4], "tintindex": 0,"texture": "#4"},
				"west": {"uv": [12, 2, 13, 4], "tintindex": 0,"texture": "#4"},
				"up": {"uv": [11, 3, 14, 4], "tintindex": 0,"texture": "#4"},
				"down": {"uv": [11, 3, 14, 4], "tintindex": 0,"texture": "#4"}
			}
		},
		{
			"from": [8.05, 19.4, 5],
			"to": [12.05, 24.4, 11],
			"faces": {
				"north": {"uv": [2, 2, 5, 4], "tintindex": 0,"texture": "#4"},
				"east": {"uv": [2, 2, 3, 4], "tintindex": 0,"texture": "#4"},
				"south": {"uv": [2, 2, 5, 4], "tintindex": 0,"texture": "#4"},
				"west": {"uv": [3, 2, 4, 4], "tintindex": 0,"texture": "#4"},
				"up": {"uv": [2, 2, 5, 3], "tintindex": 0,"texture": "#4"},
				"down": {"uv": [2, 2, 5, 3], "tintindex": 0,"texture": "#4"}
			}
		},
		{
			"from": [3.9, 15, 5.25],
			"to": [12.1, 25, 10.25],
			"faces": {
				"north": {"uv": [4, 6, 12, 16], "tintindex": 0,"texture": "#4"},
				"east": {"uv": [4, 6, 9, 16], "tintindex": 0,"texture": "#4"},
				"south": {"uv": [3, 6, 11, 16], "tintindex": 0,"texture": "#4"},
				"west": {"uv": [6, 6, 11, 16], "tintindex": 0,"texture": "#4"},
				"up": {"uv": [4, 8, 12, 13], "tintindex": 0,"texture": "#4"},
				"down": {"uv": [4, 11, 12, 16], "tintindex": 0,"texture": "#4"}
			}
		},
		{
			"from": [4, 7, 4.5],
			"to": [6, 14, 5.5],
			"rotation": {"angle": 0, "axis": "x", "origin": [8, 9.5, 7]},
			"faces": {
				"north": {"uv": [4, 9, 6, 16], "tintindex": 0,"texture": "#4"},
				"east": {"uv": [2, 9, 3, 16], "tintindex": 0,"texture": "#4"},
				"south": {"uv": [6, 9, 8, 16], "tintindex": 0,"texture": "#4"},
				"west": {"uv": [9, 9, 10, 16], "tintindex": 0,"texture": "#4"},
				"up": {"uv": [5, 7, 7, 8], "tintindex": 0,"texture": "#4"},
				"down": {"uv": [5, 7, 7, 8], "tintindex": 0,"texture": "#4"}
			}
		},
		{
			"from": [7, 7, 4.5],
			"to": [9, 14, 5.5],
			"rotation": {"angle": 0, "axis": "x", "origin": [8, 9.5, 7]},
			"faces": {
				"north": {"uv": [4, 9, 6, 16], "tintindex": 0,"texture": "#4"},
				"east": {"uv": [2, 9, 3, 16], "tintindex": 0,"texture": "#4"},
				"south": {"uv": [6, 9, 8, 16], "tintindex": 0,"texture": "#4"},
				"west": {"uv": [9, 9, 10, 16], "tintindex": 0,"texture": "#4"},
				"up": {"uv": [5, 7, 7, 8], "tintindex": 0,"texture": "#4"},
				"down": {"uv": [5, 7, 7, 8], "tintindex": 0,"texture": "#4"}
			}
		},
		{
			"from": [10, 7, 4.5],
			"to": [12, 14, 5.5],
			"rotation": {"angle": 0, "axis": "x", "origin": [8, 9.5, 7]},
			"faces": {
				"north": {"uv": [4, 9, 6, 16], "tintindex": 0,"texture": "#4"},
				"east": {"uv": [2, 9, 3, 16], "tintindex": 0,"texture": "#4"},
				"south": {"uv": [6, 9, 8, 16], "tintindex": 0,"texture": "#4"},
				"west": {"uv": [9, 9, 10, 16], "tintindex": 0,"texture": "#4"},
				"up": {"uv": [5, 7, 7, 8], "tintindex": 0,"texture": "#4"},
				"down": {"uv": [5, 7, 7, 8], "tintindex": 0,"texture": "#4"}
			}
		},
		{
			"from": [4, 7, 10.5],
			"to": [6, 14, 11.5],
			"rotation": {"angle": 0, "axis": "x", "origin": [8, 9.5, 7]},
			"faces": {
				"north": {"uv": [4, 9, 6, 16], "tintindex": 0,"texture": "#4"},
				"east": {"uv": [2, 9, 3, 16], "tintindex": 0,"texture": "#4"},
				"south": {"uv": [6, 9, 8, 16], "tintindex": 0,"texture": "#4"},
				"west": {"uv": [9, 9, 10, 16], "tintindex": 0,"texture": "#4"},
				"up": {"uv": [5, 7, 7, 8], "tintindex": 0,"texture": "#4"},
				"down": {"uv": [5, 7, 7, 8], "tintindex": 0,"texture": "#4"}
			}
		},
		{
			"from": [7, 7, 10.5],
			"to": [9, 14, 11.5],
			"rotation": {"angle": 0, "axis": "x", "origin": [8, 9.5, 7]},
			"faces": {
				"north": {"uv": [4, 9, 6, 16], "tintindex": 0,"texture": "#4"},
				"east": {"uv": [2, 9, 3, 16], "tintindex": 0,"texture": "#4"},
				"south": {"uv": [6, 9, 8, 16], "tintindex": 0,"texture": "#4"},
				"west": {"uv": [9, 9, 10, 16], "tintindex": 0,"texture": "#4"},
				"up": {"uv": [5, 7, 7, 8], "tintindex": 0,"texture": "#4"},
				"down": {"uv": [5, 7, 7, 8], "tintindex": 0,"texture": "#4"}
			}
		},
		{
			"from": [10, 7, 10.5],
			"to": [12, 14, 11.5],
			"rotation": {"angle": 0, "axis": "x", "origin": [8, 9.5, 7]},
			"faces": {
				"north": {"uv": [4, 9, 6, 16], "tintindex": 0,"texture": "#4"},
				"east": {"uv": [2, 9, 3, 16], "tintindex": 0,"texture": "#4"},
				"south": {"uv": [6, 9, 8, 16], "tintindex": 0,"texture": "#4"},
				"west": {"uv": [9, 9, 10, 16], "tintindex": 0,"texture": "#4"},
				"up": {"uv": [5, 7, 7, 8], "tintindex": 0,"texture": "#4"},
				"down": {"uv": [5, 7, 7, 8], "tintindex": 0,"texture": "#4"}
			}
		},
		{
			"from": [3.5, 7.25, 5],
			"to": [12.5, 14.25, 11],
			"faces": {
				"north": {"uv": [3, 9, 12, 16], "tintindex": 0,"texture": "#4"},
				"east": {"uv": [4, 4, 10, 11], "tintindex": 0,"texture": "#4"},
				"south": {"uv": [3, 9, 12, 16], "tintindex": 0,"texture": "#4"},
				"west": {"uv": [5, 9, 11, 16], "tintindex": 0,"texture": "#4"},
				"up": {"uv": [4, 4, 13, 10], "tintindex": 0,"texture": "#4"},
				"down": {"uv": [3, 10, 12, 16], "tintindex": 0,"texture": "#4"}
			}
		}
	],
	"display": {
		"head": {
			"translation": [0, -31.25, 0],
			"scale": [1.6, 1.6, 1.6]
		}
	},
	"groups": [
		{
			"name": "alex",
			"origin": [8, 8, 8],
			"color": 0,
			"children": [0, 1, 2, 3, 4, 5, 6, 7, 8, 9, 10, 11, 12, 13, 14]
		}
	]
}