{
	"credit": "Made with Blockbench",
	"textures": {
		"0": "item/custom/mob/luisa",
		"4": "block/lodestone_top",
		"particle": "item/custom/mob/luisa"
	},
	"elements": [
		{
			"name": "left_leg",
			"from": [6, -0.5, 6],
			"to": [10, 11.5, 10],
			"rotation": {"angle": 0, "axis": "y", "origin": [-2, 0, 0]},
			"faces": {
				"north": {"uv": [6, 3, 10, 15], "tintindex": 0,"texture": "#4"},
				"east": {"uv": [6, 3, 10, 15], "tintindex": 0,"texture": "#4"},
				"south": {"uv": [6, 3, 10, 15], "tintindex": 0,"texture": "#4"},
				"west": {"uv": [6, 3, 10, 15], "tintindex": 0,"texture": "#4"},
				"up": {"uv": [10, 6, 6, 2], "tintindex": 0,"texture": "#4"},
				"down": {"uv": [10, 2, 6, 6], "tintindex": 0,"texture": "#4"}
			}
		},
		{
			"name": "right_leg_2nd_layer",
			"from": [5.5, -1, 5.5],
			"to": [10.5, 12, 10.5],
			"rotation": {"angle": 0, "axis": "y", "origin": [-2, 0, 0]},
			"faces": {
				"north": {"uv": [1, 9, 2, 12], "tintindex": 0,"texture": "#0"},
				"east": {"uv": [0, 9, 1, 12], "tintindex": 0,"texture": "#0"},
				"south": {"uv": [3, 9, 4, 12], "tintindex": 0,"texture": "#0"},
				"west": {"uv": [0, 9, 1, 12], "tintindex": 0,"texture": "#0"},
				"up": {"uv": [2, 9, 1, 8], "tintindex": 0,"texture": "#0"},
				"down": {"uv": [3, 8, 2, 9], "tintindex": 0,"texture": "#0"}
			}
		},
		{
			"from": [5.5, -1, 5.35],
			"to": [10.5, 4, 10.35],
			"rotation": {"angle": 0, "axis": "y", "origin": [-2, 0, 0]},
			"faces": {
				"north": {"uv": [8, 11, 12, 16], "tintindex": 0,"texture": "#4"},
				"east": {"uv": [7, 11, 12, 16], "tintindex": 0,"texture": "#4"},
				"south": {"uv": [9, 11, 13, 16], "tintindex": 0,"texture": "#4"},
				"west": {"uv": [7, 11, 12, 16], "tintindex": 0,"texture": "#4"},
				"up": {"uv": [8, 11, 12, 16], "tintindex": 0,"texture": "#4"},
				"down": {"uv": [8, 11, 12, 16], "tintindex": 0,"texture": "#4"}
			}
		}
	],
	"display": {
		"head": {
			"translation": [0, -10, 0],
			"scale": [1.6, 1.6, 1.6]
		}
	},
	"groups": [
		{
			"name": "alex",
			"origin": [6, 8, 8],
			"color": 0,
			"children": [0, 1, 2]
		}
	]
}