{
	"credit": "Made with Blockbench",
	"textures": {
		"0": "block/gold_block",
		"2": "block/quartz_bricks",
		"3": "block/emerald_block",
		"4": "block/quartz_block_side",
		"5": "block/light_gray_concrete_powder",
		"particle": "block/gold_block"
	},
	"elements": [
		{
			"from": [6.75, -13, 6.5],
			"to": [9.75, -3, 9.5],
			"rotation": {"angle": 0, "axis": "y", "origin": [14.75, -5, 14.5]},
			"faces": {
				"north": {"uv": [3, 2, 7, 12], "texture": "#0"},
				"east": {"uv": [3, 2, 7, 12], "texture": "#0"},
				"south": {"uv": [3, 2, 7, 12], "texture": "#0"},
				"west": {"uv": [3, 2, 7, 12], "texture": "#0"},
				"up": {"uv": [1, 2, 5, 6], "texture": "#0"},
				"down": {"uv": [1, 2, 5, 6], "texture": "#0"}
			}
		},
		{
			"from": [5, -16, 5],
			"to": [11, -13, 11],
			"rotation": {"angle": 0, "axis": "y", "origin": [13, -8, 13]},
			"faces": {
				"north": {"uv": [3, 3, 9, 9], "texture": "#0"},
				"east": {"uv": [3, 3, 9, 9], "texture": "#0"},
				"south": {"uv": [3, 3, 9, 9], "texture": "#0"},
				"west": {"uv": [3, 3, 9, 9], "texture": "#0"},
				"up": {"uv": [3, 3, 9, 9], "texture": "#0"},
				"down": {"uv": [3, 3, 9, 9], "texture": "#0"}
			}
		},
		{
			"from": [5.5, -2.5, 5.5],
			"to": [10.5, 2.5, 10.5],
			"rotation": {"angle": 0, "axis": "y", "origin": [13.5, 5.5, 13.5]},
			"faces": {
				"north": {"uv": [0, 0, 16, 16], "texture": "#3"},
				"east": {"uv": [0, 0, 16, 16], "texture": "#3"},
				"south": {"uv": [0, 0, 16, 16], "texture": "#3"},
				"west": {"uv": [0, 0, 16, 16], "texture": "#3"},
				"up": {"uv": [0, 0, 16, 16], "texture": "#3"},
				"down": {"uv": [0, 0, 16, 16], "texture": "#3"}
			}
		},
		{
			"from": [5, -3, 6],
			"to": [11, 3, 10],
			"rotation": {"angle": 0, "axis": "y", "origin": [13, 5, 14]},
			"faces": {
				"north": {"uv": [4, 3, 12, 11], "texture": "#0"},
				"east": {"uv": [4, 3, 8, 11], "texture": "#0"},
				"south": {"uv": [4, 3, 12, 11], "texture": "#0"},
				"west": {"uv": [4, 3, 8, 11], "texture": "#0"},
				"up": {"uv": [3, 3, 11, 7], "texture": "#0"},
				"down": {"uv": [3, 3, 11, 7], "texture": "#0"}
			}
		},
		{
			"from": [1.94975, -2.87868, 7],
			"to": [7.94975, 0.12132, 9],
			"rotation": {"angle": -45, "axis": "z", "origin": [9.94975, 5.12132, 15]},
			"faces": {
				"north": {"uv": [1, 6, 7, 9], "texture": "#2"},
				"east": {"uv": [0, 6, 2, 9], "texture": "#2"},
				"south": {"uv": [0, 6, 6, 9], "texture": "#2"},
				"west": {"uv": [0, 0, 2, 3], "texture": "#2"},
				"up": {"uv": [0, 0, 6, 2], "texture": "#2"},
				"down": {"uv": [0, 0, 6, 2], "texture": "#2"}
			}
		},
		{
			"from": [5.12132, 4.19239, 7],
			"to": [11.12132, 7.19239, 9],
			"rotation": {"angle": 45, "axis": "z", "origin": [13.12132, 12.19239, 15]},
			"faces": {
				"north": {"uv": [1, 6, 7, 9], "texture": "#2"},
				"east": {"uv": [0, 6, 2, 9], "texture": "#2"},
				"south": {"uv": [0, 6, 6, 9], "texture": "#2"},
				"west": {"uv": [0, 0, 2, 3], "texture": "#2"},
				"up": {"uv": [0, 0, 6, 2], "texture": "#2"},
				"down": {"uv": [0, 0, 6, 2], "texture": "#2"}
			}
		},
		{
			"from": [11, 0, 7.2],
			"to": [17, 3, 8.8],
			"rotation": {"angle": 0, "axis": "z", "origin": [19, 8, 15.2]},
			"faces": {
				"north": {"uv": [1, 6, 7, 9], "texture": "#2"},
				"east": {"uv": [0, 6, 2, 9], "texture": "#2"},
				"south": {"uv": [0, 6, 6, 9], "texture": "#2"},
				"west": {"uv": [0, 0, 2, 3], "texture": "#2"},
				"up": {"uv": [0, 0, 6, 2], "texture": "#2"},
				"down": {"uv": [0, 0, 6, 2], "texture": "#2"}
			}
		},
		{
			"from": [8.47762, 2.68087, 7.1],
			"to": [14.47762, 5.68087, 8.9],
			"rotation": {"angle": 22.5, "axis": "z", "origin": [16.47762, 10.68087, 15.1]},
			"faces": {
				"north": {"uv": [1, 6, 7, 9], "texture": "#2"},
				"east": {"uv": [0, 6, 2, 9], "texture": "#2"},
				"south": {"uv": [0, 6, 6, 9], "texture": "#2"},
				"west": {"uv": [0, 0, 2, 3], "texture": "#2"},
				"up": {"uv": [0, 0, 6, 2], "texture": "#2"},
				"down": {"uv": [0, 0, 6, 2], "texture": "#2"}
			}
		},
		{
			"from": [0.76118, -1.14597, 7.1],
			"to": [6.76118, 1.85403, 8.9],
			"rotation": {"angle": -22.5, "axis": "z", "origin": [8.76118, 6.85403, 15.1]},
			"faces": {
				"north": {"uv": [1, 6, 7, 9], "texture": "#2"},
				"east": {"uv": [0, 6, 2, 9], "texture": "#2"},
				"south": {"uv": [0, 6, 6, 9], "texture": "#2"},
				"west": {"uv": [0, 0, 2, 3], "texture": "#2"},
				"up": {"uv": [0, 0, 6, 2], "texture": "#2"},
				"down": {"uv": [0, 0, 6, 2], "texture": "#2"}
			}
		},
		{
			"from": [-1, 0, 7.2],
			"to": [5, 3, 8.8],
			"rotation": {"angle": 0, "axis": "z", "origin": [7, 8, 15.2]},
			"faces": {
				"north": {"uv": [1, 6, 7, 9], "texture": "#2"},
				"east": {"uv": [0, 6, 2, 9], "texture": "#2"},
				"south": {"uv": [0, 6, 6, 9], "texture": "#2"},
				"west": {"uv": [0, 0, 2, 3], "texture": "#2"},
				"up": {"uv": [0, 0, 6, 2], "texture": "#2"},
				"down": {"uv": [0, 0, 6, 2], "texture": "#2"}
			}
		},
		{
			"from": [-0.97292, -7.94015, 7.4],
			"to": [2.02708, 0.05985, 8.6],
			"rotation": {"angle": -22.5, "axis": "z", "origin": [7.02708, 0.05985, 15.4]},
			"faces": {
				"north": {"uv": [10, 6, 13, 14], "texture": "#2"},
				"east": {"uv": [0, 0, 1.4, 8], "texture": "#2"},
				"south": {"uv": [10, 6, 13, 14], "texture": "#2"},
				"west": {"uv": [0, 0, 1.4, 8], "texture": "#2"},
				"up": {"uv": [0, 0, 3, 1.4], "texture": "#2"},
				"down": {"uv": [0, 0, 3, 1.4], "texture": "#2"}
			}
		},
		{
			"from": [13.98336, -0.96526, 7.3],
			"to": [16.98336, 7.03474, 8.5],
			"rotation": {"angle": 22.5, "axis": "z", "origin": [21.98336, 7.03474, 15.3]},
			"faces": {
				"north": {"uv": [10, 6, 13, 14], "texture": "#2"},
				"east": {"uv": [0, 0, 1.4, 8], "texture": "#2"},
				"south": {"uv": [10, 6, 13, 14], "texture": "#2"},
				"west": {"uv": [0, 0, 1.4, 8], "texture": "#2"},
				"up": {"uv": [0, 0, 3, 1.4], "texture": "#2"},
				"down": {"uv": [0, 0, 3, 1.4], "texture": "#2"}
			}
		},
		{
			"from": [-1.97292, -5.94015, 7.3],
			"to": [1.02708, 2.05985, 8.7],
			"rotation": {"angle": -22.5, "axis": "z", "origin": [6.02708, 2.05985, 14.3]},
			"faces": {
				"north": {"uv": [10, 6, 13, 14], "texture": "#2"},
				"east": {"uv": [0, 0, 1.4, 8], "texture": "#2"},
				"south": {"uv": [10, 6, 13, 14], "texture": "#2"},
				"west": {"uv": [0, 0, 1.4, 8], "texture": "#2"},
				"up": {"uv": [0, 0, 3, 1.4], "texture": "#2"},
				"down": {"uv": [0, 0, 3, 1.4], "texture": "#2"}
			}
		},
		{
			"from": [12.98336, -2.96526, 7.4],
			"to": [15.98336, 5.03474, 8.6],
			"rotation": {"angle": 22.5, "axis": "z", "origin": [20.98336, 5.03474, 14.4]},
			"faces": {
				"north": {"uv": [10, 6, 13, 14], "texture": "#2"},
				"east": {"uv": [0, 0, 1.4, 8], "texture": "#2"},
				"south": {"uv": [10, 6, 13, 14], "texture": "#2"},
				"west": {"uv": [0, 0, 1.4, 8], "texture": "#2"},
				"up": {"uv": [0, 0, 3, 1.4], "texture": "#2"},
				"down": {"uv": [0, 0, 3, 1.4], "texture": "#2"}
			}
		},
		{
			"from": [6, 3, 7],
			"to": [10, 18, 9],
			"rotation": {"angle": 0, "axis": "y", "origin": [14, 11, 15]},
			"faces": {
				"north": {"uv": [2, 2, 3, 3], "texture": "#5"},
				"east": {"uv": [2, 2, 3, 3], "texture": "#5"},
				"south": {"uv": [2, 2, 3, 3], "texture": "#5"},
				"west": {"uv": [2, 2, 3, 3], "texture": "#5"},
				"up": {"uv": [2, 2, 3, 3], "texture": "#5"},
				"down": {"uv": [2, 2, 3, 3], "texture": "#5"}
			}
		},
		{
			"from": [5.2664, 3.06, 7.1],
			"to": [10.7336, 18.36, 8.9],
			"rotation": {"angle": 0, "axis": "y", "origin": [16.2008, 11.22, 14.3]},
			"faces": {
				"north": {"uv": [0, 0, 1, 1], "texture": "#4"},
				"east": {"uv": [0, 0, 1, 1], "texture": "#4"},
				"south": {"uv": [0, 0, 1, 1], "texture": "#4"},
				"west": {"uv": [0, 0, 1, 1], "texture": "#4"},
				"up": {"uv": [0, 0, 1, 1], "texture": "#4"},
				"down": {"uv": [0, 0, 1, 1], "texture": "#4"}
			}
		},
		{
			"from": [6.5, 18, 7],
			"to": [9.5, 30, 9],
			"rotation": {"angle": 0, "axis": "y", "origin": [8, 15, 8]},
			"faces": {
				"north": {"uv": [2, 2, 3, 3], "texture": "#5"},
				"east": {"uv": [2, 2, 3, 3], "texture": "#5"},
				"south": {"uv": [2, 2, 3, 3], "texture": "#5"},
				"west": {"uv": [2, 2, 3, 3], "texture": "#5"},
				"up": {"uv": [2, 2, 3, 3], "texture": "#5"},
				"down": {"uv": [2, 2, 3, 3], "texture": "#5"}
			}
		},
		{
			"from": [5.9498, 18.36, 7.1],
			"to": [10.0502, 30.6, 8.9],
			"rotation": {"angle": 0, "axis": "y", "origin": [8, 24.48, 8]},
			"faces": {
				"north": {"uv": [0, 0, 1, 1], "texture": "#4"},
				"east": {"uv": [0, 0, 1, 1], "texture": "#4"},
				"south": {"uv": [0, 0, 1, 1], "texture": "#4"},
				"west": {"uv": [0, 0, 1, 1], "texture": "#4"},
				"up": {"uv": [0, 0, 1, 1], "texture": "#4"},
				"down": {"uv": [0, 0, 1, 1], "texture": "#4"}
			}
		},
		{
			"from": [6.93999, 29.55999, 7],
			"to": [8.43999, 31.05999, 9],
			"rotation": {"angle": 45, "axis": "z", "origin": [7.99999, 30.61999, 8], "rescale": true},
			"faces": {
				"north": {"uv": [2, 2, 3, 3], "texture": "#5"},
				"east": {"uv": [2, 2, 3, 3], "texture": "#5"},
				"south": {"uv": [2, 2, 3, 3], "texture": "#5"},
				"west": {"uv": [2, 2, 3, 3], "texture": "#5"},
				"up": {"uv": [2, 2, 3, 3], "texture": "#5"},
				"down": {"uv": [2, 2, 3, 3], "texture": "#5"}
			}
		},
		{
			"from": [7.07538, 29.5751, 7.1],
			"to": [9.12558, 31.6251, 8.9],
			"rotation": {"angle": 45, "axis": "z", "origin": [8.10048, 30.4995, 8], "rescale": true},
			"faces": {
				"north": {"uv": [0, 0, 1, 1], "texture": "#4"},
				"east": {"uv": [0, 0, 1, 1], "texture": "#4"},
				"south": {"uv": [0, 0, 1, 1], "texture": "#4"},
				"west": {"uv": [0, 0, 1, 1], "texture": "#4"},
				"up": {"uv": [0, 0, 1, 1], "texture": "#4"},
				"down": {"uv": [0, 0, 1, 1], "texture": "#4"}
			}
		}
	],
		"gui_light": "front",
	"display": {
		"thirdperson_righthand": {
			"rotation": [0, 90, 0],
			"translation": [0, 5, 1],
			"scale": [0.4, 0.4, 0.4]
		},
		"thirdperson_lefthand": {
			"rotation": [0, 90, 0],
			"translation": [0, 5, 1],
			"scale": [0.4, 0.4, 0.4]
		},
		"firstperson_righthand": {
			"rotation": [0, 90, 0],
			"translation": [0, 5, 1],
			"scale": [0.4, 0.4, 0.4]
		},
		"firstperson_lefthand": {
			"rotation": [0, 90, 0],
			"translation": [0, 5, 1],
			"scale": [0.4, 0.4, 0.4]
		},
		"ground": {
			"rotation": [40, 90, 0],
			"translation": [0, 5, 1],
			"scale": [0.4, 0.4, 0.4]
		},
		"gui": {
			"rotation": [13, 22, -44],
			"translation": [0.5, -0.25, -0.75],
			"scale": [0.4, 0.4, 0.4]
		},
		"fixed": {
			"rotation": [0, 0, 44],
			"translation": [0, 0.75, -0.75],
			"scale": [0.4, 0.4, 0.4]
		}
	}
}