{
	"format_version": "1.21.6",
	"credit": "Made with Blockbench",
	"textures": {
		"0": "block/stonecutter_saw",
		"1": "block/stonecutter_side",
		"3": "block/redstone_block",
		"4": "block/smooth_stone_slab_side",
		"particle": "block/stonecutter_saw"
	},
	"elements": [
		{
			"from": [7, 0, 8],
			"to": [9, 5, 9],
			"rotation": {"angle": 0, "axis": "z", "origin": [8, 2.5, 9]},
			"faces": {
				"north": {"uv": [0, 7, 5, 9], "rotation": 90, "texture": "#1"},
				"east": {"uv": [11, 7, 16, 9], "rotation": 270, "texture": "#1"},
				"south": {"uv": [11, 7, 16, 9], "rotation": 270, "texture": "#1"},
				"west": {"uv": [11, 7, 16, 9], "rotation": 270, "texture": "#1"},
				"up": {"uv": [0, 11, 2, 13], "rotation": 270, "texture": "#1"},
				"down": {"uv": [5, 7, 7, 9], "rotation": 270, "texture": "#1"}
			}
		},
		{
			"from": [5.5, 5, 8],
			"to": [10.5, 7, 9],
			"rotation": {"angle": 0, "axis": "y", "origin": [5.5, 5, 8]},
			"faces": {
				"north": {"uv": [3, 9, 8, 11], "texture": "#1"},
				"east": {"uv": [0, 7, 2, 9], "texture": "#1"},
				"south": {"uv": [3, 9, 8, 11], "texture": "#1"},
				"west": {"uv": [0, 7, 2, 9], "texture": "#1"},
				"up": {"uv": [3, 9, 8, 11], "texture": "#1"},
				"down": {"uv": [3, 9, 8, 11], "texture": "#1"}
			}
		},
		{
			"from": [5.75, 7, 8.25],
			"to": [7.75, 11, 8.75],
			"rotation": {"angle": 0, "axis": "z", "origin": [7.75, 7, 8.25]},
			"faces": {
				"north": {"uv": [5, 9, 9, 11], "rotation": 90, "texture": "#0"},
				"east": {"uv": [5, 9, 9, 9.5], "rotation": 270, "texture": "#0"},
				"south": {"uv": [5, 9, 9, 11], "rotation": 270, "texture": "#0"},
				"west": {"uv": [5, 9, 9, 9.5], "rotation": 270, "texture": "#0"},
				"up": {"uv": [8, 9, 8.5, 11], "rotation": 270, "texture": "#0"},
				"down": {"uv": [9, 9, 9.5, 11], "rotation": 270, "texture": "#0"}
			}
		},
		{
			"from": [8.25, 19, 8.25],
			"to": [10.25, 23, 8.75],
			"rotation": {"angle": 0, "axis": "y", "origin": [8.25, 19, 8.25]},
			"faces": {
				"north": {"uv": [5, 11, 9, 9], "rotation": 90, "texture": "#0"},
				"east": {"uv": [5, 9.5, 9, 9], "rotation": 270, "texture": "#0"},
				"south": {"uv": [5, 11, 9, 9], "rotation": 270, "texture": "#0"},
				"west": {"uv": [5, 9.5, 9, 9], "rotation": 270, "texture": "#0"},
				"up": {"uv": [8, 11, 8.5, 9], "rotation": 270, "texture": "#0"},
				"down": {"uv": [9, 11, 9.5, 9], "rotation": 270, "texture": "#0"}
			}
		},
		{
			"from": [8.25, 15, 8.25],
			"to": [10.25, 19, 8.75],
			"rotation": {"angle": 0, "axis": "y", "origin": [8.25, 15, 8.25]},
			"faces": {
				"north": {"uv": [5, 11, 9, 9], "rotation": 90, "texture": "#0"},
				"east": {"uv": [5, 9.5, 9, 9], "rotation": 270, "texture": "#0"},
				"south": {"uv": [5, 11, 9, 9], "rotation": 270, "texture": "#0"},
				"west": {"uv": [5, 9.5, 9, 9], "rotation": 270, "texture": "#0"},
				"up": {"uv": [8, 11, 8.5, 9], "rotation": 270, "texture": "#0"},
				"down": {"uv": [9, 11, 9.5, 9], "rotation": 270, "texture": "#0"}
			}
		},
		{
			"from": [6.5, 23, 8.25],
			"to": [9.5, 24, 8.75],
			"rotation": {"angle": 0, "axis": "z", "origin": [8.5, 24, 8.5]},
			"faces": {
				"north": {"uv": [5, 10, 8, 9], "rotation": 180, "texture": "#0"},
				"east": {"uv": [9, 10, 9.5, 9], "rotation": 180, "texture": "#0"},
				"south": {"uv": [5, 10, 8, 9], "rotation": 180, "texture": "#0"},
				"west": {"uv": [8, 10, 8.5, 9], "rotation": 180, "texture": "#0"},
				"up": {"uv": [5, 9.5, 8, 9], "rotation": 180, "texture": "#0"},
				"down": {"uv": [5, 9.5, 8, 9], "rotation": 180, "texture": "#0"}
			}
		},
		{
			"from": [8.25, 11, 8.25],
			"to": [10.25, 15, 8.75],
			"rotation": {"angle": 0, "axis": "y", "origin": [8.25, 11, 8.25]},
			"faces": {
				"north": {"uv": [5, 11, 9, 9], "rotation": 90, "texture": "#0"},
				"east": {"uv": [5, 9.5, 9, 9], "rotation": 270, "texture": "#0"},
				"south": {"uv": [5, 11, 9, 9], "rotation": 270, "texture": "#0"},
				"west": {"uv": [5, 9.5, 9, 9], "rotation": 270, "texture": "#0"},
				"up": {"uv": [8, 11, 8.5, 9], "rotation": 270, "texture": "#0"},
				"down": {"uv": [9, 11, 9.5, 9], "rotation": 270, "texture": "#0"}
			}
		},
		{
			"from": [8.25, 7, 8.25],
			"to": [10.25, 11, 8.75],
			"rotation": {"angle": 0, "axis": "y", "origin": [8.25, 7, 8.25]},
			"faces": {
				"north": {"uv": [5, 11, 9, 9], "rotation": 90, "texture": "#0"},
				"east": {"uv": [5, 9.5, 9, 9], "rotation": 270, "texture": "#0"},
				"south": {"uv": [5, 11, 9, 9], "rotation": 270, "texture": "#0"},
				"west": {"uv": [5, 9.5, 9, 9], "rotation": 270, "texture": "#0"},
				"up": {"uv": [8, 11, 8.5, 9], "rotation": 270, "texture": "#0"},
				"down": {"uv": [9, 11, 9.5, 9], "rotation": 270, "texture": "#0"}
			}
		},
		{
			"from": [5.75, 11, 8.25],
			"to": [7.75, 15, 8.75],
			"rotation": {"angle": 0, "axis": "y", "origin": [7.75, 11, 8.25]},
			"faces": {
				"north": {"uv": [5, 9, 9, 11], "rotation": 90, "texture": "#0"},
				"east": {"uv": [5, 9, 9, 9.5], "rotation": 270, "texture": "#0"},
				"south": {"uv": [5, 9, 9, 11], "rotation": 270, "texture": "#0"},
				"west": {"uv": [5, 9, 9, 9.5], "rotation": 270, "texture": "#0"},
				"up": {"uv": [8, 9, 8.5, 11], "rotation": 270, "texture": "#0"},
				"down": {"uv": [9, 9, 9.5, 11], "rotation": 270, "texture": "#0"}
			}
		},
		{
			"from": [5.75, 15, 8.25],
			"to": [7.75, 19, 8.75],
			"rotation": {"angle": 0, "axis": "y", "origin": [7.75, 15, 8.25]},
			"faces": {
				"north": {"uv": [5, 9, 9, 11], "rotation": 90, "texture": "#0"},
				"east": {"uv": [5, 9, 9, 9.5], "rotation": 270, "texture": "#0"},
				"south": {"uv": [5, 9, 9, 11], "rotation": 270, "texture": "#0"},
				"west": {"uv": [5, 9, 9, 9.5], "rotation": 270, "texture": "#0"},
				"up": {"uv": [8, 9, 8.5, 11], "rotation": 270, "texture": "#0"},
				"down": {"uv": [9, 9, 9.5, 11], "rotation": 270, "texture": "#0"}
			}
		},
		{
			"from": [5.75, 19, 8.25],
			"to": [7.75, 23, 8.75],
			"rotation": {"angle": 0, "axis": "y", "origin": [7.75, 19, 8.25]},
			"faces": {
				"north": {"uv": [5, 9, 9, 11], "rotation": 90, "texture": "#0"},
				"east": {"uv": [5, 9, 9, 9.5], "rotation": 270, "texture": "#0"},
				"south": {"uv": [5, 9, 9, 11], "rotation": 270, "texture": "#0"},
				"west": {"uv": [5, 9, 9, 9.5], "rotation": 270, "texture": "#0"},
				"up": {"uv": [8, 9, 8.5, 11], "rotation": 270, "texture": "#0"},
				"down": {"uv": [9, 9, 9.5, 11], "rotation": 270, "texture": "#0"}
			}
		},
		{
			"from": [7.5, 5.5, 7.9],
			"to": [8.5, 6.5, 9.1],
			"rotation": {"angle": 0, "axis": "z", "origin": [8.25, 6.25, 8.65]},
			"faces": {
				"north": {"uv": [0, 0, 1, 1], "texture": "#3"},
				"east": {"uv": [0, 0, 1.2, 1], "texture": "#3"},
				"south": {"uv": [0, 0, 1, 1], "texture": "#3"},
				"west": {"uv": [0, 0, 1.2, 1], "texture": "#3"},
				"up": {"uv": [0, 0, 1, 1.2], "texture": "#3"},
				"down": {"uv": [0, 0, 1, 1.2], "texture": "#3"}
			}
		},
		{
			"from": [7, 7, 8],
			"to": [9, 23, 9],
			"rotation": {"angle": 0, "axis": "y", "origin": [7, 7, 8]},
			"faces": {
				"north": {"uv": [0, 0, 2, 16], "texture": "#4"},
				"east": {"uv": [0, 0, 1, 16], "texture": "#4"},
				"south": {"uv": [0, 0, 2, 16], "texture": "#4"},
				"west": {"uv": [0, 0, 1, 16], "texture": "#4"},
				"up": {"uv": [0, 0, 2, 1], "texture": "#4"},
				"down": {"uv": [0, 0, 2, 1], "texture": "#4"}
			}
		}
	],
	"gui_light": "front",
	"display": {
		"thirdperson_righthand": {
			"rotation": [0, -90, 0],
			"translation": [0, 3.5, 1.5]
		},
		"thirdperson_lefthand": {
			"rotation": [0, 90, 0],
			"translation": [0, 3.5, 1.5]
		},
		"firstperson_righthand": {
			"rotation": [0, -90, 0],
			"translation": [0, 3.5, 1.5]
		},
		"firstperson_lefthand": {
			"rotation": [0, 90, 0],
			"translation": [0, 3.5, 1.5]
		},
		"ground": {
			"rotation": [47, 0, 0],
			"translation": [0, 7.5, 0],
			"scale": [0.5, 0.5, 0.5]
		},
		"gui": {
			"rotation": [0, 0, 39],
			"translation": [2.75, -3, 0],
			"scale": [0.7, 0.7, 0.7]
		}
	}
}