{
	"format_version": "1.21.6",
	"credit": "Made with Blockbench",
	"textures": {
		"1": "block/sea_lantern",
		"2": "block/gold_block",
		"particle": "block/sea_lantern"
	},
	"elements": [
		{
			"from": [7.7, 1, 7.7],
			"to": [8.3, 4.5, 8.3],
			"faces": {
				"north": {"uv": [7, 5, 9, 13], "texture": "#2"},
				"east": {"uv": [7, 5, 9, 13], "texture": "#2"},
				"south": {"uv": [7, 5, 9, 13], "texture": "#2"},
				"west": {"uv": [7, 5, 9, 13], "texture": "#2"},
				"up": {"uv": [7, 8, 9, 10], "texture": "#2"},
				"down": {"uv": [8, 7, 10, 9], "texture": "#2"}
			}
		},
		{
			"from": [7, 5, 7],
			"to": [9, 7, 9],
			"rotation": {"angle": 45, "axis": "x", "origin": [8, 6, 8]},
			"faces": {
				"north": {"uv": [0, 0, 16, 16], "texture": "#1"},
				"east": {"uv": [0, 0, 16, 16], "texture": "#1"},
				"south": {"uv": [0, 0, 16, 16], "texture": "#1"},
				"west": {"uv": [0, 0, 16, 16], "texture": "#1"},
				"up": {"uv": [0, 0, 16, 16], "texture": "#1"},
				"down": {"uv": [0, 0, 16, 16], "texture": "#1"}
			}
		},
		{
			"from": [7.5, 5.7, 9.308],
			"to": [8.5, 6.3, 9.508],
			"faces": {
				"north": {"uv": [0, 0, 1, 1.169], "texture": "#2"},
				"east": {"uv": [0, 0, 1, 1.169], "texture": "#2"},
				"south": {"uv": [0, 0, 1, 1.169], "texture": "#2"},
				"west": {"uv": [0, 0, 1, 1.169], "texture": "#2"},
				"up": {"uv": [0, 0, 1, 1.169], "texture": "#2"},
				"down": {"uv": [0, 0, 1, 1.169], "texture": "#2"}
			}
		},
		{
			"from": [7.5, 5.7, 9.308],
			"to": [8.5, 6.3, 9.508],
			"rotation": {"angle": 22.5, "axis": "x", "origin": [8, 6, 8]},
			"faces": {
				"north": {"uv": [0, 0, 1, 1.169], "texture": "#2"},
				"east": {"uv": [0, 0, 1, 1.169], "texture": "#2"},
				"south": {"uv": [0, 0, 1, 1.169], "texture": "#2"},
				"west": {"uv": [0, 0, 1, 1.169], "texture": "#2"},
				"up": {"uv": [0, 0, 1, 1.169], "texture": "#2"},
				"down": {"uv": [0, 0, 1, 1.169], "texture": "#2"}
			}
		},
		{
			"from": [7.5, 5.7, 9.308],
			"to": [8.5, 6.3, 9.508],
			"rotation": {"angle": 45, "axis": "x", "origin": [8, 6, 8]},
			"faces": {
				"north": {"uv": [0, 0, 1, 1.169], "texture": "#2"},
				"east": {"uv": [0, 0, 1, 1.169], "texture": "#2"},
				"south": {"uv": [0, 0, 1, 1.169], "texture": "#2"},
				"west": {"uv": [0, 0, 1, 1.169], "texture": "#2"},
				"up": {"uv": [0, 0, 1, 1.169], "texture": "#2"},
				"down": {"uv": [0, 0, 1, 1.169], "texture": "#2"}
			}
		},
		{
			"from": [7.5, 4.492, 7.7],
			"to": [8.5, 4.692, 8.3],
			"rotation": {"angle": -22.5, "axis": "x", "origin": [8, 6, 8]},
			"faces": {
				"north": {"uv": [0, 0, 1, 1.169], "rotation": 180, "texture": "#2"},
				"east": {"uv": [0, 0, 1, 1.169], "rotation": 270, "texture": "#2"},
				"south": {"uv": [0, 0, 1, 1.169], "texture": "#2"},
				"west": {"uv": [0, 0, 1, 1.169], "rotation": 90, "texture": "#2"},
				"up": {"uv": [0, 0, 1, 1.169], "rotation": 180, "texture": "#2"},
				"down": {"uv": [0, 0, 1, 1.169], "texture": "#2"}
			}
		},
		{
			"from": [7.5, 4.492, 7.7],
			"to": [8.5, 4.692, 8.3],
			"faces": {
				"north": {"uv": [0, 0, 1, 1.169], "rotation": 180, "texture": "#2"},
				"east": {"uv": [0, 0, 1, 1.169], "rotation": 270, "texture": "#2"},
				"south": {"uv": [0, 0, 1, 1.169], "texture": "#2"},
				"west": {"uv": [0, 0, 1, 1.169], "rotation": 90, "texture": "#2"},
				"up": {"uv": [0, 0, 1, 1.169], "rotation": 180, "texture": "#2"},
				"down": {"uv": [0, 0, 1, 1.169], "texture": "#2"}
			}
		},
		{
			"from": [7.5, 4.492, 7.7],
			"to": [8.5, 4.692, 8.3],
			"rotation": {"angle": 22.5, "axis": "x", "origin": [8, 6, 8]},
			"faces": {
				"north": {"uv": [0, 0, 1, 1.169], "rotation": 180, "texture": "#2"},
				"east": {"uv": [0, 0, 1, 1.169], "rotation": 270, "texture": "#2"},
				"south": {"uv": [0, 0, 1, 1.169], "texture": "#2"},
				"west": {"uv": [0, 0, 1, 1.169], "rotation": 90, "texture": "#2"},
				"up": {"uv": [0, 0, 1, 1.169], "rotation": 180, "texture": "#2"},
				"down": {"uv": [0, 0, 1, 1.169], "texture": "#2"}
			}
		},
		{
			"from": [7.5, 4.492, 7.7],
			"to": [8.5, 4.692, 8.3],
			"rotation": {"angle": 45, "axis": "x", "origin": [8, 6, 8]},
			"faces": {
				"north": {"uv": [0, 0, 1, 1.169], "rotation": 180, "texture": "#2"},
				"east": {"uv": [0, 0, 1, 1.169], "rotation": 270, "texture": "#2"},
				"south": {"uv": [0, 0, 1, 1.169], "texture": "#2"},
				"west": {"uv": [0, 0, 1, 1.169], "rotation": 90, "texture": "#2"},
				"up": {"uv": [0, 0, 1, 1.169], "rotation": 180, "texture": "#2"},
				"down": {"uv": [0, 0, 1, 1.169], "texture": "#2"}
			}
		},
		{
			"from": [7.5, 5.7, 6.492],
			"to": [8.5, 6.3, 6.692],
			"rotation": {"angle": -22.5, "axis": "x", "origin": [8, 6, 8]},
			"faces": {
				"north": {"uv": [0, 0, 1, 1.169], "rotation": 180, "texture": "#2"},
				"east": {"uv": [0, 0, 1, 1.169], "rotation": 180, "texture": "#2"},
				"south": {"uv": [0, 0, 1, 1.169], "rotation": 180, "texture": "#2"},
				"west": {"uv": [0, 0, 1, 1.169], "rotation": 180, "texture": "#2"},
				"up": {"uv": [0, 0, 1, 1.169], "texture": "#2"},
				"down": {"uv": [0, 0, 1, 1.169], "texture": "#2"}
			}
		},
		{
			"from": [7.5, 5.7, 6.492],
			"to": [8.5, 6.3, 6.692],
			"faces": {
				"north": {"uv": [0, 0, 1, 1.169], "rotation": 180, "texture": "#2"},
				"east": {"uv": [0, 0, 1, 1.169], "rotation": 180, "texture": "#2"},
				"south": {"uv": [0, 0, 1, 1.169], "rotation": 180, "texture": "#2"},
				"west": {"uv": [0, 0, 1, 1.169], "rotation": 180, "texture": "#2"},
				"up": {"uv": [0, 0, 1, 1.169], "texture": "#2"},
				"down": {"uv": [0, 0, 1, 1.169], "texture": "#2"}
			}
		},
		{
			"from": [7.5, 5.5, 10],
			"to": [8.5, 6.5, 10.2],
			"faces": {
				"north": {"uv": [0, 0, 1, 1.169], "texture": "#2"},
				"east": {"uv": [0, 0, 1, 1.169], "texture": "#2"},
				"south": {"uv": [0, 0, 1, 1.169], "texture": "#2"},
				"west": {"uv": [0, 0, 1, 1.169], "texture": "#2"},
				"up": {"uv": [0, 0, 1, 1.169], "texture": "#2"},
				"down": {"uv": [0, 0, 1, 1.169], "texture": "#2"}
			}
		},
		{
			"from": [7.5, 5.5, 10],
			"to": [8.5, 6.5, 10.2],
			"rotation": {"angle": 45, "axis": "x", "origin": [8, 6, 8]},
			"faces": {
				"north": {"uv": [0, 0, 1, 1.169], "texture": "#2"},
				"east": {"uv": [0, 0, 1, 1.169], "texture": "#2"},
				"south": {"uv": [0, 0, 1, 1.169], "texture": "#2"},
				"west": {"uv": [0, 0, 1, 1.169], "texture": "#2"},
				"up": {"uv": [0, 0, 1, 1.169], "texture": "#2"},
				"down": {"uv": [0, 0, 1, 1.169], "texture": "#2"}
			}
		},
		{
			"from": [7.5, 3.8, 7.5],
			"to": [8.5, 4, 8.5],
			"rotation": {"angle": 45, "axis": "x", "origin": [8, 6, 8]},
			"faces": {
				"north": {"uv": [0, 0, 1, 1.169], "rotation": 180, "texture": "#2"},
				"east": {"uv": [0, 0, 1, 1.169], "rotation": 270, "texture": "#2"},
				"south": {"uv": [0, 0, 1, 1.169], "texture": "#2"},
				"west": {"uv": [0, 0, 1, 1.169], "rotation": 90, "texture": "#2"},
				"up": {"uv": [0, 0, 1, 1.169], "rotation": 180, "texture": "#2"},
				"down": {"uv": [0, 0, 1, 1.169], "texture": "#2"}
			}
		},
		{
			"from": [7.5, 5.5, 5.8],
			"to": [8.5, 6.5, 6],
			"faces": {
				"north": {"uv": [0, 0, 1, 1.169], "rotation": 180, "texture": "#2"},
				"east": {"uv": [0, 0, 1, 1.169], "rotation": 180, "texture": "#2"},
				"south": {"uv": [0, 0, 1, 1.169], "rotation": 180, "texture": "#2"},
				"west": {"uv": [0, 0, 1, 1.169], "rotation": 180, "texture": "#2"},
				"up": {"uv": [0, 0, 1, 1.169], "texture": "#2"},
				"down": {"uv": [0, 0, 1, 1.169], "texture": "#2"}
			}
		},
		{
			"from": [7.9, 5.9, 5],
			"to": [8.1, 6.1, 11],
			"faces": {
				"north": {"uv": [0, 0, 1, 1.169], "rotation": 180, "texture": "#2"},
				"east": {"uv": [0, 0, 1, 1.169], "rotation": 180, "texture": "#2"},
				"south": {"uv": [0, 0, 1, 1.169], "rotation": 180, "texture": "#2"},
				"west": {"uv": [0, 0, 1, 1.169], "rotation": 180, "texture": "#2"},
				"up": {"uv": [0, 0, 1, 1.169], "texture": "#2"},
				"down": {"uv": [0, 0, 1, 1.169], "texture": "#2"}
			}
		},
		{
			"from": [7.9, 5.9, 8],
			"to": [8.1, 6.1, 11],
			"rotation": {"angle": 45, "axis": "x", "origin": [8, 6, 8]},
			"faces": {
				"north": {"uv": [0, 0, 1, 1.169], "rotation": 180, "texture": "#2"},
				"east": {"uv": [0, 0, 1, 1.169], "rotation": 180, "texture": "#2"},
				"south": {"uv": [0, 0, 1, 1.169], "rotation": 180, "texture": "#2"},
				"west": {"uv": [0, 0, 1, 1.169], "rotation": 180, "texture": "#2"},
				"up": {"uv": [0, 0, 1, 1.169], "texture": "#2"},
				"down": {"uv": [0, 0, 1, 1.169], "texture": "#2"}
			}
		},
		{
			"from": [7.9, 5.9, 5],
			"to": [8.1, 6.1, 8],
			"rotation": {"angle": -45, "axis": "x", "origin": [8, 6, 8]},
			"faces": {
				"north": {"uv": [0, 0, 1, 1.169], "texture": "#2"},
				"east": {"uv": [0, 0, 1, 1.169], "texture": "#2"},
				"south": {"uv": [0, 0, 1, 1.169], "texture": "#2"},
				"west": {"uv": [0, 0, 1, 1.169], "texture": "#2"},
				"up": {"uv": [0, 0, 1, 1.169], "texture": "#2"},
				"down": {"uv": [0, 0, 1, 1.169], "texture": "#2"}
			}
		},
		{
			"from": [7.8, 6.4, 7.3],
			"to": [8.2, 17.4, 8.7],
			"faces": {
				"north": {"uv": [7, 3, 8.4, 16], "texture": "#1"},
				"east": {"uv": [6, 3, 10, 16], "texture": "#1"},
				"south": {"uv": [7, 3, 8.4, 16], "texture": "#1"},
				"west": {"uv": [6, 3, 10, 16], "texture": "#1"},
				"up": {"uv": [8, 6, 8.4, 8], "texture": "#1"},
				"down": {"uv": [0, 0, 0.4, 2], "texture": "#1"}
			}
		},
		{
			"from": [7.8, 17.4, 7.4],
			"to": [8.2, 18, 8.6],
			"faces": {
				"north": {"uv": [6, 10, 8, 12], "texture": "#1"},
				"east": {"uv": [6, 10, 10, 12], "texture": "#1"},
				"south": {"uv": [6, 10, 8, 12], "texture": "#1"},
				"west": {"uv": [6, 10, 10, 12], "texture": "#1"},
				"up": {"uv": [8, 6, 8.4, 8], "texture": "#1"},
				"down": {"uv": [0, 0, 0.4, 2], "texture": "#1"}
			}
		},
		{
			"from": [7.8, 18, 7.6],
			"to": [8.2, 18.2, 8.4],
			"faces": {
				"north": {"uv": [6, 10, 8, 12], "texture": "#1"},
				"east": {"uv": [6, 10, 10, 12], "texture": "#1"},
				"south": {"uv": [6, 10, 8, 12], "texture": "#1"},
				"west": {"uv": [6, 10, 10, 12], "texture": "#1"},
				"up": {"uv": [8, 6, 8.4, 8], "texture": "#1"},
				"down": {"uv": [0, 0, 0.4, 2], "texture": "#1"}
			}
		}
	],
	"gui_light": "front",
	"display": {
		"thirdperson_righthand": {
			"translation": [0, 5, 0.75],
			"scale": [1.3, 1.3, 1.3]
		},
		"thirdperson_lefthand": {
			"translation": [0, 5, 0.75],
			"scale": [1.3, 1.3, 1.3]
		},
		"firstperson_righthand": {
			"translation": [0, 5, 0.75],
			"scale": [1.3, 1.3, 1.3]
		},
		"firstperson_lefthand": {
			"translation": [0, 5, 0.75],
			"scale": [1.3, 1.3, 1.3]
		},
		"ground": {
			"rotation": [24, 0, 0],
			"translation": [0, 2.25, 0]
		},
		"gui": {
			"rotation": [-60, -50, -67],
			"translation": [-1.5, -1.5, 0]
		},
		"fixed": {
			"rotation": [0, 90, 0],
			"translation": [0, -1.5, 0]
		}
	}
}