{
	"credit": "Made with Blockbench",
	"textures": {
		"0": "block/quartz_pillar",
		"3": "block/soul_campfire_fire",
		"6": "block/chiseled_quartz_block",
		"particle": "block/soul_campfire_fire"
	},
	"elements": [
		{
			"from": [17, 13, -6],
			"to": [25, 21, 2],
			"rotation": {"angle": 0, "axis": "y", "origin": [0, 0, -10]},
			"faces": {
				"north": {"uv": [0, 0, 15.7, 15.5], "tintindex": 0,"texture": "#6"},
				"east": {"uv": [0, 0, 15.7, 15.5], "tintindex": 0,"texture": "#6"},
				"south": {"uv": [0, 0, 15.7, 15.5], "tintindex": 0,"texture": "#6"},
				"west": {"uv": [0, 0, 15.7, 15.5], "tintindex": 0,"texture": "#6"},
				"up": {"uv": [0, 0, 15.7, 15.5], "tintindex": 0,"texture": "#6"},
				"down": {"uv": [0, 0, 15.7, 15.5], "tintindex": 0,"texture": "#6"}
			}
		},
		{
			"from": [19.5, 18.25, -14],
			"to": [22.5, 21.25, -1],
			"rotation": {"angle": 22.5, "axis": "x", "origin": [8, 16.75, -7.5]},
			"faces": {
				"north": {"uv": [0, 0, 3, 3], "tintindex": 0,"texture": "#0"},
				"east": {"uv": [0, 0, 13, 3], "tintindex": 0,"texture": "#0"},
				"south": {"uv": [0, 0, 3, 3], "tintindex": 0,"texture": "#0"},
				"west": {"uv": [0, 0, 13, 3], "tintindex": 0,"texture": "#0"},
				"up": {"uv": [0, 0, 3, 13], "tintindex": 0,"texture": "#0"},
				"down": {"uv": [0, 0, 3, 13], "tintindex": 0,"texture": "#0"}
			}
		},
		{
			"from": [19.5, 23, -14],
			"to": [22.5, 26, -1],
			"rotation": {"angle": 45, "axis": "x", "origin": [21, 20.5, -7.5]},
			"faces": {
				"north": {"uv": [0, 0, 3, 3], "tintindex": 0,"texture": "#0"},
				"east": {"uv": [0, 0, 13, 3], "tintindex": 0,"texture": "#0"},
				"south": {"uv": [0, 0, 3, 3], "tintindex": 0,"texture": "#0"},
				"west": {"uv": [0, 0, 13, 3], "tintindex": 0,"texture": "#0"},
				"up": {"uv": [0, 0, 3, 13], "tintindex": 0,"texture": "#0"},
				"down": {"uv": [0, 0, 3, 13], "tintindex": 0,"texture": "#0"}
			}
		},
		{
			"from": [20, 6, -3],
			"to": [22, 17, -1],
			"rotation": {"angle": 0, "axis": "x", "origin": [21, 11.5, -2]},
			"faces": {
				"north": {"uv": [0, 0, 2, 11], "tintindex": 0,"texture": "#0"},
				"east": {"uv": [0, 0, 2, 11], "tintindex": 0,"texture": "#0"},
				"south": {"uv": [0, 0, 2, 11], "tintindex": 0,"texture": "#0"},
				"west": {"uv": [0, 0, 2, 11], "tintindex": 0,"texture": "#0"},
				"up": {"uv": [0, 0, 2, 2], "tintindex": 0,"texture": "#0"},
				"down": {"uv": [0, 0, 2, 2], "tintindex": 0,"texture": "#0"}
			}
		},
		{
			"from": [18.5, 0.5, -7],
			"to": [24.5, 6.5, 8],
			"rotation": {"angle": 22.5, "axis": "x", "origin": [21, 3, -2]},
			"faces": {
				"north": {"uv": [0, 0, 6, 6], "rotation": 180, "tintindex": 0,"texture": "#0"},
				"east": {"uv": [0, 0, 6, 15], "rotation": 90, "tintindex": 0,"texture": "#0"},
				"south": {"uv": [0, 0, 6, 6], "tintindex": 0,"texture": "#0"},
				"west": {"uv": [0, 0, 6, 15], "rotation": 270, "tintindex": 0,"texture": "#0"},
				"up": {"uv": [0, 0, 6, 15], "tintindex": 0,"texture": "#0"},
				"down": {"uv": [0, 0, 6, 15], "rotation": 180, "tintindex": 0,"texture": "#0"}
			}
		},
		{
			"from": [20.75, -3.33655, 15.9078],
			"to": [21.75, -0.33655, 31.9078],
			"rotation": {"angle": 22.5, "axis": "x", "origin": [21.5, -0.08655, 10.9078]},
			"faces": {
				"north": {"uv": [7, 15, 8, 16], "rotation": 180, "tintindex": 0,"texture": "#3"},
				"east": {"uv": [5, 3, 8, 16], "rotation": 270, "tintindex": 0,"texture": "#3"},
				"south": {"uv": [7, 3, 8, 4], "tintindex": 0,"texture": "#3"},
				"west": {"uv": [6, 3, 9, 16], "rotation": 270, "tintindex": 0,"texture": "#3"},
				"up": {"uv": [6, 3, 7, 16], "rotation": 180, "tintindex": 0,"texture": "#3"},
				"down": {"uv": [7, 3, 8, 16], "tintindex": 0,"texture": "#3"}
			}
		},
		{
			"from": [20.75, -0.33655, 9.9078],
			"to": [21.75, 0.66345, 25.9078],
			"rotation": {"angle": 22.5, "axis": "x", "origin": [21.5, -0.08655, 10.9078]},
			"faces": {
				"north": {"uv": [7, 15, 8, 16], "rotation": 180, "tintindex": 0,"texture": "#3"},
				"east": {"uv": [7, 0, 8, 16], "rotation": 270, "tintindex": 0,"texture": "#3"},
				"south": {"uv": [7, 0, 8, 1], "tintindex": 0,"texture": "#3"},
				"west": {"uv": [6, 0, 7, 16], "rotation": 270, "tintindex": 0,"texture": "#3"},
				"up": {"uv": [6, 0, 7, 16], "rotation": 180, "tintindex": 0,"texture": "#3"},
				"down": {"uv": [7, 0, 8, 16], "tintindex": 0,"texture": "#3"}
			}
		},
		{
			"from": [20.75, -4.33655, 9.9078],
			"to": [21.75, -3.33655, 25.9078],
			"rotation": {"angle": 22.5, "axis": "x", "origin": [21.5, -0.08655, 10.9078]},
			"faces": {
				"north": {"uv": [7, 15, 8, 16], "rotation": 180, "tintindex": 0,"texture": "#3"},
				"east": {"uv": [7, 0, 8, 16], "rotation": 270, "tintindex": 0,"texture": "#3"},
				"south": {"uv": [7, 0, 8, 1], "tintindex": 0,"texture": "#3"},
				"west": {"uv": [6, 0, 7, 16], "rotation": 270, "tintindex": 0,"texture": "#3"},
				"up": {"uv": [6, 0, 7, 16], "rotation": 180, "tintindex": 0,"texture": "#3"},
				"down": {"uv": [7, 0, 8, 16], "tintindex": 0,"texture": "#3"}
			}
		},
		{
			"from": [21.75, -0.33655, 7.9078],
			"to": [22.75, 0.66345, 23.9078],
			"rotation": {"angle": 22.5, "axis": "x", "origin": [21.5, -0.08655, 10.9078]},
			"faces": {
				"north": {"uv": [7, 15, 8, 16], "rotation": 180, "tintindex": 0,"texture": "#3"},
				"east": {"uv": [7, 0, 8, 16], "rotation": 270, "tintindex": 0,"texture": "#3"},
				"south": {"uv": [7, 0, 8, 1], "tintindex": 0,"texture": "#3"},
				"west": {"uv": [6, 0, 7, 16], "rotation": 270, "tintindex": 0,"texture": "#3"},
				"up": {"uv": [6, 0, 7, 16], "rotation": 180, "tintindex": 0,"texture": "#3"},
				"down": {"uv": [7, 0, 8, 16], "tintindex": 0,"texture": "#3"}
			}
		},
		{
			"from": [21.75, -3.33655, 13.9078],
			"to": [22.75, -0.33655, 29.9078],
			"rotation": {"angle": 22.5, "axis": "x", "origin": [21.5, -0.08655, 10.9078]},
			"faces": {
				"north": {"uv": [7, 15, 8, 16], "rotation": 180, "tintindex": 0,"texture": "#3"},
				"east": {"uv": [5, 0, 8, 16], "rotation": 270, "tintindex": 0,"texture": "#3"},
				"south": {"uv": [7, 0, 8, 1], "tintindex": 0,"texture": "#3"},
				"west": {"uv": [6, 0, 9, 16], "rotation": 270, "tintindex": 0,"texture": "#3"},
				"up": {"uv": [6, 0, 7, 16], "rotation": 180, "tintindex": 0,"texture": "#3"},
				"down": {"uv": [7, 0, 8, 16], "tintindex": 0,"texture": "#3"}
			}
		},
		{
			"from": [21.75, -4.33655, 7.9078],
			"to": [22.75, -3.33655, 23.9078],
			"rotation": {"angle": 22.5, "axis": "x", "origin": [21.5, -0.08655, 10.9078]},
			"faces": {
				"north": {"uv": [7, 15, 8, 16], "rotation": 180, "tintindex": 0,"texture": "#3"},
				"east": {"uv": [7, 0, 8, 16], "rotation": 270, "tintindex": 0,"texture": "#3"},
				"south": {"uv": [7, 0, 8, 1], "tintindex": 0,"texture": "#3"},
				"west": {"uv": [6, 0, 7, 16], "rotation": 270, "tintindex": 0,"texture": "#3"},
				"up": {"uv": [6, 0, 7, 16], "rotation": 180, "tintindex": 0,"texture": "#3"},
				"down": {"uv": [7, 0, 8, 16], "tintindex": 0,"texture": "#3"}
			}
		},
		{
			"from": [19.75, -0.33655, 7.9078],
			"to": [20.75, 0.66345, 23.9078],
			"rotation": {"angle": 22.5, "axis": "x", "origin": [21.5, -0.08655, 10.9078]},
			"faces": {
				"north": {"uv": [7, 15, 8, 16], "rotation": 180, "tintindex": 0,"texture": "#3"},
				"east": {"uv": [7, 0, 8, 16], "rotation": 270, "tintindex": 0,"texture": "#3"},
				"south": {"uv": [7, 0, 8, 1], "tintindex": 0,"texture": "#3"},
				"west": {"uv": [6, 0, 7, 16], "rotation": 270, "tintindex": 0,"texture": "#3"},
				"up": {"uv": [6, 0, 7, 16], "rotation": 180, "tintindex": 0,"texture": "#3"},
				"down": {"uv": [7, 0, 8, 16], "tintindex": 0,"texture": "#3"}
			}
		},
		{
			"from": [19.75, -3.33655, 13.9078],
			"to": [20.75, -0.33655, 29.9078],
			"rotation": {"angle": 22.5, "axis": "x", "origin": [21.5, -0.08655, 10.9078]},
			"faces": {
				"north": {"uv": [7, 15, 8, 16], "rotation": 180, "tintindex": 0,"texture": "#3"},
				"east": {"uv": [5, 0, 8, 16], "rotation": 270, "tintindex": 0,"texture": "#3"},
				"south": {"uv": [7, 0, 8, 1], "tintindex": 0,"texture": "#3"},
				"west": {"uv": [6, 0, 9, 16], "rotation": 270, "tintindex": 0,"texture": "#3"},
				"up": {"uv": [6, 0, 7, 16], "rotation": 180, "tintindex": 0,"texture": "#3"},
				"down": {"uv": [7, 0, 8, 16], "tintindex": 0,"texture": "#3"}
			}
		},
		{
			"from": [19.75, -4.33655, 7.9078],
			"to": [20.75, -3.33655, 23.9078],
			"rotation": {"angle": 22.5, "axis": "x", "origin": [21.5, -0.08655, 10.9078]},
			"faces": {
				"north": {"uv": [7, 15, 8, 16], "rotation": 180, "tintindex": 0,"texture": "#3"},
				"east": {"uv": [7, 0, 8, 16], "rotation": 270, "tintindex": 0,"texture": "#3"},
				"south": {"uv": [7, 0, 8, 1], "tintindex": 0,"texture": "#3"},
				"west": {"uv": [6, 0, 7, 16], "rotation": 270, "tintindex": 0,"texture": "#3"},
				"up": {"uv": [6, 0, 7, 16], "rotation": 180, "tintindex": 0,"texture": "#3"},
				"down": {"uv": [7, 0, 8, 16], "tintindex": 0,"texture": "#3"}
			}
		},
		{
			"from": [17.5, -4.05374, 2.70182],
			"to": [25.5, 3.94626, 10.70182],
			"rotation": {"angle": 22.5, "axis": "x", "origin": [-5, -0.55374, 6.70182]},
			"faces": {
				"north": {"uv": [0, 0, 8, 8], "tintindex": 0,"texture": "#6"},
				"east": {"uv": [0, 0, 16, 15.8], "tintindex": 0,"texture": "#6"},
				"south": {"uv": [0, 0, 16, 15.8], "tintindex": 0,"texture": "#6"},
				"west": {"uv": [0, 0, 16, 15.8], "tintindex": 0,"texture": "#6"},
				"up": {"uv": [0, 0, 16, 15.8], "tintindex": 0,"texture": "#6"},
				"down": {"uv": [0, 0, 16, 15.8], "tintindex": 0,"texture": "#6"}
			}
		}
	],
	"display": {
		"head": {
			"rotation": [0, -180, 0],
			"translation": [52, -39.5, -40.25],
			"scale": [4, 4, 4]
		}
	}
}