{
	"credit": "Made with Blockbench",
	"textures": {
		"0": "block/quartz_pillar",
		"1": "block/blue_glazed_terracotta",
		"2": "block/light_blue_stained_glass",
		"3": "block/soul_campfire_fire",
		"4": "block/chiseled_quartz_block_top",
		"6": "block/chiseled_quartz_block",
		"7": "block/dispenser_front_vertical",
		"particle": "block/quartz_pillar"
	},
	"elements": [
		{
			"from": [4, 10, -6],
			"to": [12, 18, 2],
			"rotation": {"angle": 0, "axis": "y", "origin": [8, 14, -2]},
			"faces": {
				"north": {"uv": [4, 3, 12, 11], "tintindex": 0,"texture": "#2"},
				"east": {"uv": [4, 3, 12, 11], "tintindex": 0,"texture": "#2"},
				"south": {"uv": [4, 3, 12, 11], "tintindex": 0,"texture": "#2"},
				"west": {"uv": [4, 3, 12, 11], "tintindex": 0,"texture": "#2"},
				"up": {"uv": [4, 3, 12, 11], "tintindex": 0,"texture": "#2"},
				"down": {"uv": [4, 3, 12, 11], "tintindex": 0,"texture": "#2"}
			}
		},
		{
			"from": [4, 10, -5.9],
			"to": [12, 18, 1.9],
			"rotation": {"angle": -45, "axis": "z", "origin": [8, 14, -2]},
			"faces": {
				"north": {"uv": [4, 3, 12, 11], "tintindex": 0,"texture": "#2"},
				"east": {"uv": [4, 3, 12, 11], "tintindex": 0,"texture": "#2"},
				"south": {"uv": [4, 3, 12, 11], "tintindex": 0,"texture": "#2"},
				"west": {"uv": [4, 3, 12, 11], "tintindex": 0,"texture": "#2"},
				"up": {"uv": [4, 3, 12, 11], "tintindex": 0,"texture": "#2"},
				"down": {"uv": [4, 3, 12, 11], "tintindex": 0,"texture": "#2"}
			}
		},
		{
			"from": [4.1, 10, -6],
			"to": [11.9, 18, 2],
			"rotation": {"angle": 45, "axis": "x", "origin": [8, 14, -2]},
			"faces": {
				"north": {"uv": [4, 3, 12, 11], "tintindex": 0,"texture": "#2"},
				"east": {"uv": [4, 3, 12, 11], "tintindex": 0,"texture": "#2"},
				"south": {"uv": [4, 3, 12, 11], "tintindex": 0,"texture": "#2"},
				"west": {"uv": [4, 3, 12, 11], "tintindex": 0,"texture": "#2"},
				"up": {"uv": [4, 3, 12, 11], "tintindex": 0,"texture": "#2"},
				"down": {"uv": [4, 3, 12, 11], "tintindex": 0,"texture": "#2"}
			}
		},
		{
			"from": [4, 10.1, -6],
			"to": [12, 17.9, 2],
			"rotation": {"angle": 45, "axis": "y", "origin": [8, 14, -2]},
			"faces": {
				"north": {"uv": [4, 3, 12, 11], "tintindex": 0,"texture": "#2"},
				"east": {"uv": [4, 3, 12, 11], "tintindex": 0,"texture": "#2"},
				"south": {"uv": [4, 3, 12, 11], "tintindex": 0,"texture": "#2"},
				"west": {"uv": [4, 3, 12, 11], "tintindex": 0,"texture": "#2"},
				"up": {"uv": [4, 3, 12, 11], "tintindex": 0,"texture": "#2"},
				"down": {"uv": [4, 3, 12, 11], "tintindex": 0,"texture": "#2"}
			}
		},
		{
			"from": [4.5, 10.5, -1.25],
			"to": [11.5, 17.5, -1.05],
			"rotation": {"angle": 0, "axis": "y", "origin": [0, 10, -10]},
			"faces": {
				"north": {"uv": [0, 0, 16, 16], "tintindex": 0,"texture": "#3"},
				"east": {"uv": [0, 0, 0.2, 7], "tintindex": 0,"texture": "#3"},
				"south": {"uv": [0, 0, 16, 16], "tintindex": 0,"texture": "#3"},
				"west": {"uv": [0, 0, 0.2, 7], "tintindex": 0,"texture": "#3"},
				"up": {"uv": [0, 0, 7, 0.2], "tintindex": 0,"texture": "#3"},
				"down": {"uv": [0, 0, 7, 0.2], "tintindex": 0,"texture": "#3"}
			}
		},
		{
			"from": [7.9, 10.5, -4.65],
			"to": [8.1, 17.5, 2.35],
			"rotation": {"angle": 0, "axis": "y", "origin": [8, 14, -1.15]},
			"faces": {
				"north": {"uv": [0, 0, 0.2, 7], "tintindex": 0,"texture": "#3"},
				"east": {"uv": [0, 0, 16, 16], "tintindex": 0,"texture": "#3"},
				"south": {"uv": [0, 0, 0.2, 7], "tintindex": 0,"texture": "#3"},
				"west": {"uv": [0, 0, 16, 16], "tintindex": 0,"texture": "#3"},
				"up": {"uv": [0, 0, 7, 0.2], "rotation": 270, "tintindex": 0,"texture": "#3"},
				"down": {"uv": [0, 0, 7, 0.2], "rotation": 90, "tintindex": 0,"texture": "#3"}
			}
		},
		{
			"from": [1, 15, -4],
			"to": [2, 19, 0],
			"rotation": {"angle": 0, "axis": "y", "origin": [1, 17, -2]},
			"faces": {
				"north": {"uv": [0, 0, 2, 4], "tintindex": 0,"texture": "#4"},
				"east": {"uv": [0, 0, 16, 16], "tintindex": 0,"texture": "#4"},
				"south": {"uv": [0, 0, 2, 4], "tintindex": 0,"texture": "#4"},
				"west": {"uv": [0, 0, 16, 16], "tintindex": 0,"texture": "#4"},
				"up": {"uv": [0, 0, 2, 4], "tintindex": 0,"texture": "#4"},
				"down": {"uv": [0, 0, 2, 4], "tintindex": 0,"texture": "#4"}
			}
		},
		{
			"from": [14, 15, -4],
			"to": [15, 19, 0],
			"rotation": {"angle": 0, "axis": "y", "origin": [1, 17, -2]},
			"faces": {
				"north": {"uv": [0, 0, 2, 4], "tintindex": 0,"texture": "#4"},
				"east": {"uv": [0, 0, 16, 16], "tintindex": 0,"texture": "#4"},
				"south": {"uv": [0, 0, 2, 4], "tintindex": 0,"texture": "#4"},
				"west": {"uv": [0, 0, 16, 16], "tintindex": 0,"texture": "#4"},
				"up": {"uv": [0, 0, 2, 4], "tintindex": 0,"texture": "#4"},
				"down": {"uv": [0, 0, 2, 4], "tintindex": 0,"texture": "#4"}
			}
		},
		{
			"from": [14.95, 14.6, -4.4],
			"to": [16.15, 19.4, 0.4],
			"rotation": {"angle": 45, "axis": "x", "origin": [16.9, 17, -2]},
			"faces": {
				"north": {"uv": [0, 0, 2, 4], "tintindex": 0,"texture": "#4"},
				"east": {"uv": [0, 0, 16, 16], "tintindex": 0,"texture": "#4"},
				"south": {"uv": [0, 0, 2, 4], "tintindex": 0,"texture": "#4"},
				"west": {"uv": [0, 0, 16, 16], "tintindex": 0,"texture": "#4"},
				"up": {"uv": [0, 0, 2, 4], "tintindex": 0,"texture": "#4"},
				"down": {"uv": [0, 0, 2, 4], "tintindex": 0,"texture": "#4"}
			}
		},
		{
			"from": [16.16, 14.12, -4.88],
			"to": [17.6, 19.88, 0.88],
			"rotation": {"angle": 0, "axis": "x", "origin": [16.48, 17, -2]},
			"faces": {
				"north": {"uv": [0, 0, 2, 4], "rotation": 180, "tintindex": 0,"texture": "#4"},
				"east": {"uv": [0, 0, 16, 16], "rotation": 270, "tintindex": 0,"texture": "#4"},
				"south": {"uv": [0, 0, 2, 4], "tintindex": 0,"texture": "#4"},
				"west": {"uv": [0, 0, 16, 16], "rotation": 90, "tintindex": 0,"texture": "#4"},
				"up": {"uv": [0, 0, 2, 4], "rotation": 180, "tintindex": 0,"texture": "#4"},
				"down": {"uv": [0, 0, 2, 4], "tintindex": 0,"texture": "#4"}
			}
		},
		{
			"from": [-1.64, 14.12, -4.88],
			"to": [-0.2, 19.88, 0.88],
			"rotation": {"angle": 0, "axis": "x", "origin": [16.48, 17, -2]},
			"faces": {
				"north": {"uv": [0, 0, 2, 4], "rotation": 180, "tintindex": 0,"texture": "#4"},
				"east": {"uv": [0, 0, 16, 16], "rotation": 270, "tintindex": 0,"texture": "#4"},
				"south": {"uv": [0, 0, 2, 4], "tintindex": 0,"texture": "#4"},
				"west": {"uv": [0, 0, 16, 16], "rotation": 90, "tintindex": 0,"texture": "#4"},
				"up": {"uv": [0, 0, 2, 4], "rotation": 180, "tintindex": 0,"texture": "#4"},
				"down": {"uv": [0, 0, 2, 4], "tintindex": 0,"texture": "#4"}
			}
		},
		{
			"from": [-0.15, 14.6, -4.4],
			"to": [1.05, 19.4, 0.4],
			"rotation": {"angle": 45, "axis": "x", "origin": [16.9, 17, -2]},
			"faces": {
				"north": {"uv": [0, 0, 2, 4], "tintindex": 0,"texture": "#4"},
				"east": {"uv": [0, 0, 16, 16], "tintindex": 0,"texture": "#4"},
				"south": {"uv": [0, 0, 2, 4], "tintindex": 0,"texture": "#4"},
				"west": {"uv": [0, 0, 16, 16], "tintindex": 0,"texture": "#4"},
				"up": {"uv": [0, 0, 2, 4], "tintindex": 0,"texture": "#4"},
				"down": {"uv": [0, 0, 2, 4], "tintindex": 0,"texture": "#4"}
			}
		},
		{
			"from": [6, 20, -3],
			"to": [10, 21, 0],
			"rotation": {"angle": 0, "axis": "y", "origin": [8, 21.5, 0.5]},
			"faces": {
				"north": {"uv": [0, 0, 4, 1], "tintindex": 0,"texture": "#0"},
				"east": {"uv": [0, 0, 3, 1], "tintindex": 0,"texture": "#0"},
				"south": {"uv": [0, 0, 4, 1], "tintindex": 0,"texture": "#0"},
				"west": {"uv": [0, 0, 3, 1], "tintindex": 0,"texture": "#0"},
				"up": {"uv": [0, 0, 4, 3], "tintindex": 0,"texture": "#0"},
				"down": {"uv": [0, 0, 4, 3], "tintindex": 0,"texture": "#0"}
			}
		},
		{
			"from": [5, 21, -8],
			"to": [6, 24, -1],
			"rotation": {"angle": 22.5, "axis": "x", "origin": [8, 23, -2]},
			"faces": {
				"north": {"uv": [0, 0, 1, 3], "tintindex": 0,"texture": "#0"},
				"east": {"uv": [0, 0, 7, 3], "tintindex": 0,"texture": "#0"},
				"south": {"uv": [0, 0, 1, 3], "tintindex": 0,"texture": "#0"},
				"west": {"uv": [0, 0, 7, 3], "tintindex": 0,"texture": "#0"},
				"up": {"uv": [0, 0, 7, 1], "rotation": 270, "tintindex": 0,"texture": "#0"},
				"down": {"uv": [0, 0, 7, 1], "rotation": 90, "tintindex": 0,"texture": "#0"}
			}
		},
		{
			"from": [10, 21, -8],
			"to": [11, 24, -1],
			"rotation": {"angle": 22.5, "axis": "x", "origin": [8, 23, -2]},
			"faces": {
				"north": {"uv": [0, 0, 1, 3], "tintindex": 0,"texture": "#0"},
				"east": {"uv": [0, 0, 7, 3], "tintindex": 0,"texture": "#0"},
				"south": {"uv": [0, 0, 1, 3], "tintindex": 0,"texture": "#0"},
				"west": {"uv": [0, 0, 7, 3], "tintindex": 0,"texture": "#0"},
				"up": {"uv": [0, 0, 7, 1], "rotation": 270, "tintindex": 0,"texture": "#0"},
				"down": {"uv": [0, 0, 7, 1], "rotation": 90, "tintindex": 0,"texture": "#0"}
			}
		},
		{
			"from": [7.5, 22.0412, 0.19344],
			"to": [8.5, 27.0412, 1.19344],
			"rotation": {"angle": 22.5, "axis": "x", "origin": [8, 23.5412, 0.69344]},
			"faces": {
				"north": {"uv": [0, 0, 1, 5], "rotation": 180, "tintindex": 0,"texture": "#0"},
				"east": {"uv": [0, 0, 1, 5], "rotation": 180, "tintindex": 0,"texture": "#0"},
				"south": {"uv": [0, 0, 1, 5], "rotation": 180, "tintindex": 0,"texture": "#0"},
				"west": {"uv": [0, 0, 1, 5], "rotation": 180, "tintindex": 0,"texture": "#0"},
				"up": {"uv": [0, 0, 1, 1], "tintindex": 0,"texture": "#0"},
				"down": {"uv": [0, 0, 1, 1], "tintindex": 0,"texture": "#0"}
			}
		},
		{
			"from": [6.5, 21, -3],
			"to": [9.5, 24, 0],
			"rotation": {"angle": 45, "axis": "y", "origin": [8, 22.5, -1.5]},
			"faces": {
				"north": {"uv": [0, 0, 16, 16], "tintindex": 0,"texture": "#3"},
				"east": {"uv": [0, 0, 16, 16], "tintindex": 0,"texture": "#3"},
				"south": {"uv": [0, 0, 16, 16], "tintindex": 0,"texture": "#3"},
				"west": {"uv": [0, 0, 16, 16], "tintindex": 0,"texture": "#3"},
				"up": {"uv": [0, 0, 16, 16], "tintindex": 0,"texture": "#3"},
				"down": {"uv": [0, 0, 16, 16], "tintindex": 0,"texture": "#3"}
			}
		},
		{
			"from": [6.5, 21, -3],
			"to": [9.5, 24, 0],
			"rotation": {"angle": 0, "axis": "y", "origin": [8, 22.5, -1.5]},
			"faces": {
				"north": {"uv": [0, 0, 16, 16], "tintindex": 0,"texture": "#3"},
				"east": {"uv": [0, 0, 16, 16], "tintindex": 0,"texture": "#3"},
				"south": {"uv": [0, 0, 16, 16], "tintindex": 0,"texture": "#3"},
				"west": {"uv": [0, 0, 16, 16], "tintindex": 0,"texture": "#3"},
				"up": {"uv": [0, 0, 16, 16], "rotation": 270, "tintindex": 0,"texture": "#3"},
				"down": {"uv": [0, 0, 16, 16], "rotation": 90, "tintindex": 0,"texture": "#3"}
			}
		},
		{
			"from": [5.5, 23.14124, -2.61612],
			"to": [10.5, 24.14124, 1.38388],
			"rotation": {"angle": 22.5, "axis": "x", "origin": [8, 24.64124, -0.61612]},
			"faces": {
				"north": {"uv": [0, 0, 5, 1], "rotation": 180, "tintindex": 0,"texture": "#0"},
				"east": {"uv": [0, 0, 1, 4], "rotation": 90, "tintindex": 0,"texture": "#0"},
				"south": {"uv": [0, 0, 5, 1], "tintindex": 0,"texture": "#0"},
				"west": {"uv": [0, 0, 1, 4], "rotation": 270, "tintindex": 0,"texture": "#0"},
				"up": {"uv": [0, 0, 5, 4], "tintindex": 0,"texture": "#0"},
				"down": {"uv": [0, 0, 5, 4], "rotation": 180, "tintindex": 0,"texture": "#0"}
			}
		},
		{
			"from": [6.5, 24.14124, -3.11612],
			"to": [9.5, 25.14124, 0.88388],
			"rotation": {"angle": 22.5, "axis": "x", "origin": [8, 24.64124, -0.61612]},
			"faces": {
				"north": {"uv": [0, 0, 3, 1], "rotation": 180, "tintindex": 0,"texture": "#0"},
				"east": {"uv": [0, 0, 1, 4], "rotation": 90, "tintindex": 0,"texture": "#0"},
				"south": {"uv": [0, 0, 3, 1], "tintindex": 0,"texture": "#0"},
				"west": {"uv": [0, 0, 1, 4], "rotation": 270, "tintindex": 0,"texture": "#0"},
				"up": {"uv": [0, 0, 3, 4], "tintindex": 0,"texture": "#0"},
				"down": {"uv": [0, 0, 3, 4], "rotation": 180, "tintindex": 0,"texture": "#0"}
			}
		},
		{
			"from": [4.928, 19.386, -3.43],
			"to": [5.528, 19.986, 0.17],
			"rotation": {"angle": 0, "axis": "y", "origin": [3.428, 16.836, -0.13]},
			"faces": {
				"north": {"uv": [0, 0, 1, 1], "tintindex": 0,"texture": "#0"},
				"east": {"uv": [0, 0, 6, 1], "tintindex": 0,"texture": "#0"},
				"south": {"uv": [0, 0, 1, 1], "tintindex": 0,"texture": "#0"},
				"west": {"uv": [0, 0, 6, 1], "tintindex": 0,"texture": "#0"},
				"up": {"uv": [0, 0, 1, 6], "tintindex": 0,"texture": "#0"},
				"down": {"uv": [0, 0, 1, 6], "tintindex": 0,"texture": "#0"}
			}
		},
		{
			"from": [10.328, 19.386, -3.43],
			"to": [10.928, 19.986, 0.17],
			"rotation": {"angle": 0, "axis": "y", "origin": [3.428, 16.836, -0.13]},
			"faces": {
				"north": {"uv": [0, 0, 1, 1], "tintindex": 0,"texture": "#0"},
				"east": {"uv": [0, 0, 6, 1], "tintindex": 0,"texture": "#0"},
				"south": {"uv": [0, 0, 1, 1], "tintindex": 0,"texture": "#0"},
				"west": {"uv": [0, 0, 6, 1], "tintindex": 0,"texture": "#0"},
				"up": {"uv": [0, 0, 1, 6], "tintindex": 0,"texture": "#0"},
				"down": {"uv": [0, 0, 1, 6], "tintindex": 0,"texture": "#0"}
			}
		},
		{
			"from": [6.128, 19.386, -4.63],
			"to": [9.728, 19.986, -4.03],
			"rotation": {"angle": 0, "axis": "y", "origin": [7.928, 19.836, -1.63]},
			"faces": {
				"north": {"uv": [0, 0, 6, 1], "tintindex": 0,"texture": "#0"},
				"east": {"uv": [0, 0, 1, 1], "tintindex": 0,"texture": "#0"},
				"south": {"uv": [0, 0, 6, 1], "tintindex": 0,"texture": "#0"},
				"west": {"uv": [0, 0, 1, 1], "tintindex": 0,"texture": "#0"},
				"up": {"uv": [0, 0, 1, 6], "rotation": 270, "tintindex": 0,"texture": "#0"},
				"down": {"uv": [0, 0, 1, 6], "rotation": 90, "tintindex": 0,"texture": "#0"}
			}
		},
		{
			"from": [6.128, 19.386, 0.77],
			"to": [9.728, 19.986, 1.37],
			"rotation": {"angle": 0, "axis": "y", "origin": [7.928, 19.836, -1.63]},
			"faces": {
				"north": {"uv": [0, 0, 6, 1], "tintindex": 0,"texture": "#0"},
				"east": {"uv": [0, 0, 1, 1], "tintindex": 0,"texture": "#0"},
				"south": {"uv": [0, 0, 6, 1], "tintindex": 0,"texture": "#0"},
				"west": {"uv": [0, 0, 1, 1], "tintindex": 0,"texture": "#0"},
				"up": {"uv": [0, 0, 1, 6], "rotation": 270, "tintindex": 0,"texture": "#0"},
				"down": {"uv": [0, 0, 1, 6], "rotation": 90, "tintindex": 0,"texture": "#0"}
			}
		},
		{
			"from": [4.928, 19.536, -3.43],
			"to": [5.528, 20.136, 0.17],
			"rotation": {"angle": 45, "axis": "y", "origin": [7.928, 19.836, -1.63]},
			"faces": {
				"north": {"uv": [0, 0, 1, 1], "tintindex": 0,"texture": "#0"},
				"east": {"uv": [0, 0, 6, 1], "tintindex": 0,"texture": "#0"},
				"south": {"uv": [0, 0, 1, 1], "tintindex": 0,"texture": "#0"},
				"west": {"uv": [0, 0, 6, 1], "tintindex": 0,"texture": "#0"},
				"up": {"uv": [0, 0, 1, 6], "rotation": 180, "tintindex": 0,"texture": "#0"},
				"down": {"uv": [0, 0, 1, 6], "rotation": 180, "tintindex": 0,"texture": "#0"}
			}
		},
		{
			"from": [10.328, 19.536, -3.43],
			"to": [10.928, 20.136, 0.17],
			"rotation": {"angle": 45, "axis": "y", "origin": [7.928, 19.836, -1.63]},
			"faces": {
				"north": {"uv": [0, 0, 1, 1], "tintindex": 0,"texture": "#0"},
				"east": {"uv": [0, 0, 6, 1], "tintindex": 0,"texture": "#0"},
				"south": {"uv": [0, 0, 1, 1], "tintindex": 0,"texture": "#0"},
				"west": {"uv": [0, 0, 6, 1], "tintindex": 0,"texture": "#0"},
				"up": {"uv": [0, 0, 1, 6], "rotation": 180, "tintindex": 0,"texture": "#0"},
				"down": {"uv": [0, 0, 1, 6], "rotation": 180, "tintindex": 0,"texture": "#0"}
			}
		},
		{
			"from": [6.128, 19.536, -4.63],
			"to": [9.728, 20.136, -4.03],
			"rotation": {"angle": 45, "axis": "y", "origin": [7.928, 19.836, -1.63]},
			"faces": {
				"north": {"uv": [0, 0, 6, 1], "tintindex": 0,"texture": "#0"},
				"east": {"uv": [0, 0, 1, 1], "tintindex": 0,"texture": "#0"},
				"south": {"uv": [0, 0, 6, 1], "tintindex": 0,"texture": "#0"},
				"west": {"uv": [0, 0, 1, 1], "tintindex": 0,"texture": "#0"},
				"up": {"uv": [0, 0, 1, 6], "rotation": 270, "tintindex": 0,"texture": "#0"},
				"down": {"uv": [0, 0, 1, 6], "rotation": 90, "tintindex": 0,"texture": "#0"}
			}
		},
		{
			"from": [6.128, 19.536, 0.77],
			"to": [9.728, 20.136, 1.37],
			"rotation": {"angle": 45, "axis": "y", "origin": [7.928, 19.836, -1.63]},
			"faces": {
				"north": {"uv": [0, 0, 6, 1], "tintindex": 0,"texture": "#0"},
				"east": {"uv": [0, 0, 1, 1], "tintindex": 0,"texture": "#0"},
				"south": {"uv": [0, 0, 6, 1], "tintindex": 0,"texture": "#0"},
				"west": {"uv": [0, 0, 1, 1], "tintindex": 0,"texture": "#0"},
				"up": {"uv": [0, 0, 1, 6], "rotation": 270, "tintindex": 0,"texture": "#0"},
				"down": {"uv": [0, 0, 1, 6], "rotation": 90, "tintindex": 0,"texture": "#0"}
			}
		},
		{
			"from": [6.128, 7.386, 0.77],
			"to": [9.728, 7.986, 1.37],
			"rotation": {"angle": 0, "axis": "y", "origin": [7.928, 7.836, -1.63]},
			"faces": {
				"north": {"uv": [0, 0, 6, 1], "tintindex": 0,"texture": "#0"},
				"east": {"uv": [0, 0, 1, 1], "tintindex": 0,"texture": "#0"},
				"south": {"uv": [0, 0, 6, 1], "tintindex": 0,"texture": "#0"},
				"west": {"uv": [0, 0, 1, 1], "tintindex": 0,"texture": "#0"},
				"up": {"uv": [0, 0, 1, 6], "rotation": 270, "tintindex": 0,"texture": "#0"},
				"down": {"uv": [0, 0, 1, 6], "rotation": 90, "tintindex": 0,"texture": "#0"}
			}
		},
		{
			"from": [4.928, 7.536, -3.43],
			"to": [5.528, 8.136, 0.17],
			"rotation": {"angle": 45, "axis": "y", "origin": [7.928, 7.836, -1.63]},
			"faces": {
				"north": {"uv": [0, 0, 1, 1], "tintindex": 0,"texture": "#0"},
				"east": {"uv": [0, 0, 6, 1], "tintindex": 0,"texture": "#0"},
				"south": {"uv": [0, 0, 1, 1], "tintindex": 0,"texture": "#0"},
				"west": {"uv": [0, 0, 6, 1], "tintindex": 0,"texture": "#0"},
				"up": {"uv": [0, 0, 1, 6], "rotation": 180, "tintindex": 0,"texture": "#0"},
				"down": {"uv": [0, 0, 1, 6], "rotation": 180, "tintindex": 0,"texture": "#0"}
			}
		},
		{
			"from": [6.128, 7.536, 0.77],
			"to": [9.728, 8.136, 1.37],
			"rotation": {"angle": 45, "axis": "y", "origin": [7.928, 7.836, -1.63]},
			"faces": {
				"north": {"uv": [0, 0, 6, 1], "tintindex": 0,"texture": "#0"},
				"east": {"uv": [0, 0, 1, 1], "tintindex": 0,"texture": "#0"},
				"south": {"uv": [0, 0, 6, 1], "tintindex": 0,"texture": "#0"},
				"west": {"uv": [0, 0, 1, 1], "tintindex": 0,"texture": "#0"},
				"up": {"uv": [0, 0, 1, 6], "rotation": 270, "tintindex": 0,"texture": "#0"},
				"down": {"uv": [0, 0, 1, 6], "rotation": 90, "tintindex": 0,"texture": "#0"}
			}
		},
		{
			"from": [10.328, 7.386, -3.43],
			"to": [10.928, 7.986, 0.17],
			"rotation": {"angle": 0, "axis": "y", "origin": [3.428, 4.836, -0.13]},
			"faces": {
				"north": {"uv": [0, 0, 1, 1], "tintindex": 0,"texture": "#0"},
				"east": {"uv": [0, 0, 6, 1], "tintindex": 0,"texture": "#0"},
				"south": {"uv": [0, 0, 1, 1], "tintindex": 0,"texture": "#0"},
				"west": {"uv": [0, 0, 6, 1], "tintindex": 0,"texture": "#0"},
				"up": {"uv": [0, 0, 1, 6], "tintindex": 0,"texture": "#0"},
				"down": {"uv": [0, 0, 1, 6], "tintindex": 0,"texture": "#0"}
			}
		},
		{
			"from": [10.328, 7.536, -3.43],
			"to": [10.928, 8.136, 0.17],
			"rotation": {"angle": 45, "axis": "y", "origin": [7.928, 7.836, -1.63]},
			"faces": {
				"north": {"uv": [0, 0, 1, 1], "tintindex": 0,"texture": "#0"},
				"east": {"uv": [0, 0, 6, 1], "tintindex": 0,"texture": "#0"},
				"south": {"uv": [0, 0, 1, 1], "tintindex": 0,"texture": "#0"},
				"west": {"uv": [0, 0, 6, 1], "tintindex": 0,"texture": "#0"},
				"up": {"uv": [0, 0, 1, 6], "rotation": 180, "tintindex": 0,"texture": "#0"},
				"down": {"uv": [0, 0, 1, 6], "rotation": 180, "tintindex": 0,"texture": "#0"}
			}
		},
		{
			"from": [6.128, 7.386, -4.63],
			"to": [9.728, 7.986, -4.03],
			"rotation": {"angle": 0, "axis": "y", "origin": [7.928, 7.836, -1.63]},
			"faces": {
				"north": {"uv": [0, 0, 6, 1], "tintindex": 0,"texture": "#0"},
				"east": {"uv": [0, 0, 1, 1], "tintindex": 0,"texture": "#0"},
				"south": {"uv": [0, 0, 6, 1], "tintindex": 0,"texture": "#0"},
				"west": {"uv": [0, 0, 1, 1], "tintindex": 0,"texture": "#0"},
				"up": {"uv": [0, 0, 1, 6], "rotation": 270, "tintindex": 0,"texture": "#0"},
				"down": {"uv": [0, 0, 1, 6], "rotation": 90, "tintindex": 0,"texture": "#0"}
			}
		},
		{
			"from": [6.128, 7.536, -4.63],
			"to": [9.728, 8.136, -4.03],
			"rotation": {"angle": 45, "axis": "y", "origin": [7.928, 7.836, -1.63]},
			"faces": {
				"north": {"uv": [0, 0, 6, 1], "tintindex": 0,"texture": "#0"},
				"east": {"uv": [0, 0, 1, 1], "tintindex": 0,"texture": "#0"},
				"south": {"uv": [0, 0, 6, 1], "tintindex": 0,"texture": "#0"},
				"west": {"uv": [0, 0, 1, 1], "tintindex": 0,"texture": "#0"},
				"up": {"uv": [0, 0, 1, 6], "rotation": 270, "tintindex": 0,"texture": "#0"},
				"down": {"uv": [0, 0, 1, 6], "rotation": 90, "tintindex": 0,"texture": "#0"}
			}
		},
		{
			"from": [4.928, 7.386, -3.43],
			"to": [5.528, 7.986, 0.17],
			"rotation": {"angle": 0, "axis": "y", "origin": [3.428, 4.836, -0.13]},
			"faces": {
				"north": {"uv": [0, 0, 1, 1], "tintindex": 0,"texture": "#0"},
				"east": {"uv": [0, 0, 6, 1], "tintindex": 0,"texture": "#0"},
				"south": {"uv": [0, 0, 1, 1], "tintindex": 0,"texture": "#0"},
				"west": {"uv": [0, 0, 6, 1], "tintindex": 0,"texture": "#0"},
				"up": {"uv": [0, 0, 1, 6], "tintindex": 0,"texture": "#0"},
				"down": {"uv": [0, 0, 1, 6], "tintindex": 0,"texture": "#0"}
			}
		},
		{
			"from": [6, 21, -4],
			"to": [10, 26, -2],
			"rotation": {"angle": 0, "axis": "y", "origin": [8, 23.5, -3.5]},
			"faces": {
				"north": {"uv": [0, 0, 4, 5], "tintindex": 0,"texture": "#0"},
				"east": {"uv": [0, 0, 2, 5], "tintindex": 0,"texture": "#0"},
				"south": {"uv": [0, 0, 4, 5], "tintindex": 0,"texture": "#0"},
				"west": {"uv": [0, 0, 2, 5], "tintindex": 0,"texture": "#0"},
				"up": {"uv": [0, 0, 4, 2], "tintindex": 0,"texture": "#0"},
				"down": {"uv": [0, 0, 4, 2], "tintindex": 0,"texture": "#0"}
			}
		},
		{
			"from": [10.25, 21.77164, -3.14805],
			"to": [11.25, 28.77164, -2.14805],
			"rotation": {"angle": -22.5, "axis": "x", "origin": [8, 25.27164, -2.64805]},
			"faces": {
				"north": {"uv": [0, 0, 1, 7], "tintindex": 0,"texture": "#0"},
				"east": {"uv": [0, 0, 1, 7], "tintindex": 0,"texture": "#0"},
				"south": {"uv": [0, 0, 1, 7], "tintindex": 0,"texture": "#0"},
				"west": {"uv": [0, 0, 1, 7], "tintindex": 0,"texture": "#0"},
				"up": {"uv": [0, 0, 1, 1], "tintindex": 0,"texture": "#0"},
				"down": {"uv": [0, 0, 1, 1], "tintindex": 0,"texture": "#0"}
			}
		},
		{
			"from": [4.75, 21.77164, -3.14805],
			"to": [5.75, 28.77164, -2.14805],
			"rotation": {"angle": -22.5, "axis": "x", "origin": [8, 25.27164, -2.64805]},
			"faces": {
				"north": {"uv": [0, 0, 1, 7], "tintindex": 0,"texture": "#0"},
				"east": {"uv": [0, 0, 1, 7], "tintindex": 0,"texture": "#0"},
				"south": {"uv": [0, 0, 1, 7], "tintindex": 0,"texture": "#0"},
				"west": {"uv": [0, 0, 1, 7], "tintindex": 0,"texture": "#0"},
				"up": {"uv": [0, 0, 1, 1], "tintindex": 0,"texture": "#0"},
				"down": {"uv": [0, 0, 1, 1], "tintindex": 0,"texture": "#0"}
			}
		},
		{
			"from": [10.5, 21.77164, -4.14805],
			"to": [11.5, 28.77164, -3.14805],
			"rotation": {"angle": -45, "axis": "x", "origin": [8, 25.27164, -2.64805]},
			"faces": {
				"north": {"uv": [0, 0, 1, 7], "tintindex": 0,"texture": "#0"},
				"east": {"uv": [0, 0, 1, 7], "tintindex": 0,"texture": "#0"},
				"south": {"uv": [0, 0, 1, 7], "tintindex": 0,"texture": "#0"},
				"west": {"uv": [0, 0, 1, 7], "tintindex": 0,"texture": "#0"},
				"up": {"uv": [0, 0, 1, 1], "tintindex": 0,"texture": "#0"},
				"down": {"uv": [0, 0, 1, 1], "tintindex": 0,"texture": "#0"}
			}
		},
		{
			"from": [4.5, 21.77164, -4.14805],
			"to": [5.5, 28.77164, -3.14805],
			"rotation": {"angle": -45, "axis": "x", "origin": [8, 25.27164, -2.64805]},
			"faces": {
				"north": {"uv": [0, 0, 1, 7], "tintindex": 0,"texture": "#0"},
				"east": {"uv": [0, 0, 1, 7], "tintindex": 0,"texture": "#0"},
				"south": {"uv": [0, 0, 1, 7], "tintindex": 0,"texture": "#0"},
				"west": {"uv": [0, 0, 1, 7], "tintindex": 0,"texture": "#0"},
				"up": {"uv": [0, 0, 1, 1], "tintindex": 0,"texture": "#0"},
				"down": {"uv": [0, 0, 1, 1], "tintindex": 0,"texture": "#0"}
			}
		},
		{
			"from": [4, 4.75, -5.5],
			"to": [12, 6.75, 2.5],
			"rotation": {"angle": 0, "axis": "y", "origin": [8, -2, -6]},
			"faces": {
				"north": {"uv": [0, 0, 8, 2], "tintindex": 0,"texture": "#4"},
				"east": {"uv": [0, 0, 8, 2], "tintindex": 0,"texture": "#4"},
				"south": {"uv": [0, 0, 8, 2], "tintindex": 0,"texture": "#4"},
				"west": {"uv": [0, 0, 8, 2], "tintindex": 0,"texture": "#4"},
				"up": {"uv": [0, 0, 8, 8], "tintindex": 0,"texture": "#4"},
				"down": {"uv": [0, 0, 1, 1], "rotation": 90, "tintindex": 0,"texture": "#3"}
			}
		},
		{
			"from": [3.2, 2.55, -6.3],
			"to": [12.8, 4.95, 3.3],
			"rotation": {"angle": 45, "axis": "y", "origin": [8, 5.75, -1.5]},
			"faces": {
				"north": {"uv": [0, 0, 8, 2], "tintindex": 0,"texture": "#4"},
				"east": {"uv": [0, 0, 8, 2], "tintindex": 0,"texture": "#4"},
				"south": {"uv": [0, 0, 8, 2], "tintindex": 0,"texture": "#4"},
				"west": {"uv": [0, 0, 8, 2], "tintindex": 0,"texture": "#4"},
				"up": {"uv": [0, 0, 8, 8], "tintindex": 0,"texture": "#4"},
				"down": {"uv": [0, 0, 1, 1], "rotation": 90, "tintindex": 0,"texture": "#3"}
			}
		},
		{
			"from": [3.5, -13, 9],
			"to": [12.5, -3, 11],
			"rotation": {"angle": -22.5, "axis": "x", "origin": [8, -7, 6]},
			"faces": {
				"north": {"uv": [0, 0, 9, 10], "tintindex": 0,"texture": "#0"},
				"east": {"uv": [0, 0, 2, 10], "tintindex": 0,"texture": "#0"},
				"south": {"uv": [0, 0, 9, 10], "tintindex": 0,"texture": "#0"},
				"west": {"uv": [0, 0, 2, 10], "tintindex": 0,"texture": "#0"},
				"up": {"uv": [0, 0, 9, 2], "tintindex": 0,"texture": "#0"},
				"down": {"uv": [0, 0, 9, 2], "tintindex": 0,"texture": "#0"}
			}
		},
		{
			"from": [4, -4, 5],
			"to": [12, 5, 7],
			"rotation": {"angle": -45, "axis": "x", "origin": [8, 0.5, 6]},
			"faces": {
				"north": {"uv": [0, 0, 8, 9], "tintindex": 0,"texture": "#0"},
				"east": {"uv": [0, 0, 2, 9], "tintindex": 0,"texture": "#0"},
				"south": {"uv": [0, 0, 8, 9], "tintindex": 0,"texture": "#0"},
				"west": {"uv": [0, 0, 2, 9], "tintindex": 0,"texture": "#0"},
				"up": {"uv": [0, 0, 8, 2], "tintindex": 0,"texture": "#0"},
				"down": {"uv": [0, 0, 8, 2], "tintindex": 0,"texture": "#0"}
			}
		},
		{
			"from": [4, -4, -10],
			"to": [12, 5, -8],
			"rotation": {"angle": 45, "axis": "x", "origin": [8, 0.5, -9]},
			"faces": {
				"north": {"uv": [8, 0, 16, 9], "tintindex": 0,"texture": "#0"},
				"east": {"uv": [2, 0, 4, 9], "tintindex": 0,"texture": "#0"},
				"south": {"uv": [8, 0, 16, 9], "tintindex": 0,"texture": "#0"},
				"west": {"uv": [2, 0, 4, 9], "tintindex": 0,"texture": "#0"},
				"up": {"uv": [0, 2, 8, 4], "tintindex": 0,"texture": "#0"},
				"down": {"uv": [0, 2, 8, 4], "tintindex": 0,"texture": "#0"}
			}
		},
		{
			"from": [3.5, -13, -14],
			"to": [12.5, -3, -12],
			"rotation": {"angle": 22.5, "axis": "x", "origin": [8, -7, -9]},
			"faces": {
				"north": {"uv": [7, 0, 16, 10], "tintindex": 0,"texture": "#0"},
				"east": {"uv": [2, 0, 4, 10], "tintindex": 0,"texture": "#0"},
				"south": {"uv": [7, 0, 16, 10], "tintindex": 0,"texture": "#0"},
				"west": {"uv": [2, 0, 4, 10], "tintindex": 0,"texture": "#0"},
				"up": {"uv": [0, 2, 9, 4], "tintindex": 0,"texture": "#0"},
				"down": {"uv": [0, 2, 9, 4], "tintindex": 0,"texture": "#0"}
			}
		},
		{
			"from": [-1.12086, -10.47037, -5.5],
			"to": [0.87914, -1.47037, 2.5],
			"rotation": {"angle": -45, "axis": "z", "origin": [8, -3.48463, -1.5]},
			"faces": {
				"north": {"uv": [0, 0, 2, 9], "tintindex": 0,"texture": "#0"},
				"east": {"uv": [0, 0, 8, 9], "tintindex": 0,"texture": "#0"},
				"south": {"uv": [0, 0, 2, 9], "tintindex": 0,"texture": "#0"},
				"west": {"uv": [0, 0, 8, 9], "tintindex": 0,"texture": "#0"},
				"up": {"uv": [0, 0, 8, 2], "rotation": 90, "tintindex": 0,"texture": "#0"},
				"down": {"uv": [0, 0, 8, 2], "rotation": 270, "tintindex": 0,"texture": "#0"}
			}
		},
		{
			"from": [-1.81846, -15.45029, -6],
			"to": [0.18154, -5.45029, 3],
			"rotation": {"angle": -22.5, "axis": "z", "origin": [8, -1.48463, -1.5]},
			"faces": {
				"north": {"uv": [0, 0, 2, 10], "tintindex": 0,"texture": "#0"},
				"east": {"uv": [0, 0, 9, 10], "tintindex": 0,"texture": "#0"},
				"south": {"uv": [0, 0, 2, 10], "tintindex": 0,"texture": "#0"},
				"west": {"uv": [0, 0, 9, 10], "tintindex": 0,"texture": "#0"},
				"up": {"uv": [0, 0, 9, 2], "rotation": 90, "tintindex": 0,"texture": "#0"},
				"down": {"uv": [0, 0, 9, 2], "rotation": 270, "tintindex": 0,"texture": "#0"}
			}
		},
		{
			"from": [15.12086, -10.47037, -5.5],
			"to": [17.12086, -1.47037, 2.5],
			"rotation": {"angle": 45, "axis": "z", "origin": [8, -3.48463, -1.5]},
			"faces": {
				"north": {"uv": [2, 0, 4, 9], "tintindex": 0,"texture": "#0"},
				"east": {"uv": [8, 0, 16, 9], "tintindex": 0,"texture": "#0"},
				"south": {"uv": [2, 0, 4, 9], "tintindex": 0,"texture": "#0"},
				"west": {"uv": [8, 0, 16, 9], "tintindex": 0,"texture": "#0"},
				"up": {"uv": [0, 2, 8, 4], "rotation": 90, "tintindex": 0,"texture": "#0"},
				"down": {"uv": [0, 2, 8, 4], "rotation": 270, "tintindex": 0,"texture": "#0"}
			}
		},
		{
			"from": [15.81846, -15.45029, -6],
			"to": [17.81846, -5.45029, 3],
			"rotation": {"angle": 22.5, "axis": "z", "origin": [8, -1.48463, -1.5]},
			"faces": {
				"north": {"uv": [2, 0, 4, 10], "tintindex": 0,"texture": "#0"},
				"east": {"uv": [7, 0, 16, 10], "tintindex": 0,"texture": "#0"},
				"south": {"uv": [2, 0, 4, 10], "tintindex": 0,"texture": "#0"},
				"west": {"uv": [7, 0, 16, 10], "tintindex": 0,"texture": "#0"},
				"up": {"uv": [0, 2, 9, 4], "rotation": 90, "tintindex": 0,"texture": "#0"},
				"down": {"uv": [0, 2, 9, 4], "rotation": 270, "tintindex": 0,"texture": "#0"}
			}
		},
		{
			"from": [2, -3, -7],
			"to": [14, 2, 5],
			"rotation": {"angle": 0, "axis": "y", "origin": [8, -0.5, -1]},
			"faces": {
				"north": {"uv": [0, 0, 12, 5], "tintindex": 0,"texture": "#0"},
				"east": {"uv": [0, 0, 12, 5], "tintindex": 0,"texture": "#0"},
				"south": {"uv": [0, 0, 12, 5], "tintindex": 0,"texture": "#0"},
				"west": {"uv": [0, 0, 12, 5], "tintindex": 0,"texture": "#0"},
				"up": {"uv": [0, 0, 12, 12], "tintindex": 0,"texture": "#0"},
				"down": {"uv": [0, 0, 1, 1], "rotation": 90, "tintindex": 0,"texture": "#3"}
			}
		},
		{
			"from": [0, -8, -10],
			"to": [16, -3, 6],
			"rotation": {"angle": 45, "axis": "y", "origin": [8, -6.5, -2]},
			"faces": {
				"north": {"uv": [0, 0, 16, 5], "tintindex": 0,"texture": "#0"},
				"east": {"uv": [0, 0, 16, 5], "tintindex": 0,"texture": "#0"},
				"south": {"uv": [0, 0, 16, 5], "tintindex": 0,"texture": "#0"},
				"west": {"uv": [0, 0, 16, 5], "tintindex": 0,"texture": "#0"},
				"up": {"uv": [0, 0, 16, 16], "tintindex": 0,"texture": "#0"},
				"down": {"uv": [0, 0, 1, 1], "rotation": 90, "tintindex": 0,"texture": "#3"}
			}
		},
		{
			"from": [-2, -9, -11.5],
			"to": [18, -5, 8.5],
			"rotation": {"angle": 0, "axis": "y", "origin": [8, -11.5, -2]},
			"faces": {
				"north": {"uv": [0, 0, 16, 4], "tintindex": 0,"texture": "#0"},
				"east": {"uv": [0, 0, 16, 4], "tintindex": 0,"texture": "#0"},
				"south": {"uv": [0, 0, 16, 4], "tintindex": 0,"texture": "#0"},
				"west": {"uv": [0, 0, 16, 4], "tintindex": 0,"texture": "#0"},
				"up": {"uv": [0, 0, 16, 16], "rotation": 270, "tintindex": 0,"texture": "#0"},
				"down": {"uv": [0, 0, 1, 1], "rotation": 90, "tintindex": 0,"texture": "#3"}
			}
		},
		{
			"from": [0, 16.82843, -10.75],
			"to": [16, 17.82843, -9.75],
			"rotation": {"angle": 0, "axis": "z", "origin": [7.82843, 20.32843, -10.25]},
			"faces": {
				"north": {"uv": [0, 0, 16, 1], "tintindex": 0,"texture": "#4"},
				"east": {"uv": [0, 0, 1, 1], "tintindex": 0,"texture": "#4"},
				"south": {"uv": [0, 0, 16, 1], "tintindex": 0,"texture": "#4"},
				"west": {"uv": [0, 0, 1, 1], "tintindex": 0,"texture": "#4"},
				"up": {"uv": [0, 0, 16, 1], "tintindex": 0,"texture": "#4"},
				"down": {"uv": [0, 0, 16, 1], "tintindex": 0,"texture": "#4"}
			}
		},
		{
			"from": [5, 14, -11],
			"to": [11, 22, -8],
			"rotation": {"angle": 0, "axis": "y", "origin": [0, -3, -10]},
			"faces": {
				"north": {"uv": [0, 0, 6, 8], "tintindex": 0,"texture": "#0"},
				"east": {"uv": [0, 0, 3, 8], "tintindex": 0,"texture": "#0"},
				"south": {"uv": [0, 0, 6, 8], "tintindex": 0,"texture": "#0"},
				"west": {"uv": [0, 0, 3, 8], "tintindex": 0,"texture": "#0"},
				"up": {"uv": [0, 0, 6, 3], "tintindex": 0,"texture": "#0"},
				"down": {"uv": [0, 0, 6, 3], "tintindex": 0,"texture": "#0"}
			}
		},
		{
			"from": [2, 11, -11],
			"to": [5, 19, -8],
			"rotation": {"angle": 0, "axis": "y", "origin": [0, -3, -10]},
			"faces": {
				"north": {"uv": [0, 0, 3, 8], "tintindex": 0,"texture": "#0"},
				"east": {"uv": [0, 0, 3, 8], "tintindex": 0,"texture": "#0"},
				"south": {"uv": [0, 0, 3, 8], "tintindex": 0,"texture": "#0"},
				"west": {"uv": [0, 0, 3, 8], "tintindex": 0,"texture": "#0"},
				"up": {"uv": [0, 0, 3, 3], "tintindex": 0,"texture": "#0"},
				"down": {"uv": [0, 0, 3, 3], "tintindex": 0,"texture": "#0"}
			}
		},
		{
			"from": [11, 11, -11],
			"to": [14, 19, -8],
			"rotation": {"angle": 0, "axis": "y", "origin": [0, -3, -10]},
			"faces": {
				"north": {"uv": [0, 0, 3, 8], "tintindex": 0,"texture": "#0"},
				"east": {"uv": [0, 0, 3, 8], "tintindex": 0,"texture": "#0"},
				"south": {"uv": [0, 0, 3, 8], "tintindex": 0,"texture": "#0"},
				"west": {"uv": [0, 0, 3, 8], "tintindex": 0,"texture": "#0"},
				"up": {"uv": [0, 0, 3, 3], "tintindex": 0,"texture": "#0"},
				"down": {"uv": [0, 0, 3, 3], "tintindex": 0,"texture": "#0"}
			}
		},
		{
			"from": [-0.5, 16.25, -11.25],
			"to": [1.5, 18.25, -9.25],
			"rotation": {"angle": 0, "axis": "y", "origin": [0, -3, -10]},
			"faces": {
				"north": {"uv": [0, 0, 16, 16], "tintindex": 0,"texture": "#1"},
				"east": {"uv": [0, 0, 16, 16], "tintindex": 0,"texture": "#1"},
				"south": {"uv": [0, 0, 16, 16], "tintindex": 0,"texture": "#1"},
				"west": {"uv": [0, 0, 16, 16], "tintindex": 0,"texture": "#1"},
				"up": {"uv": [0, 0, 16, 16], "tintindex": 0,"texture": "#1"},
				"down": {"uv": [0, 0, 16, 16], "tintindex": 0,"texture": "#1"}
			}
		},
		{
			"from": [15.5, 16.25, -11.25],
			"to": [17.5, 18.25, -9.25],
			"rotation": {"angle": 0, "axis": "y", "origin": [0, -3, -10]},
			"faces": {
				"north": {"uv": [0, 0, 16, 16], "tintindex": 0,"texture": "#1"},
				"east": {"uv": [0, 0, 16, 16], "tintindex": 0,"texture": "#1"},
				"south": {"uv": [0, 0, 16, 16], "tintindex": 0,"texture": "#1"},
				"west": {"uv": [0, 0, 16, 16], "tintindex": 0,"texture": "#1"},
				"up": {"uv": [0, 0, 16, 16], "tintindex": 0,"texture": "#1"},
				"down": {"uv": [0, 0, 16, 16], "tintindex": 0,"texture": "#1"}
			}
		},
		{
			"from": [-6, 1.25, -15.25],
			"to": [-4, 3.25, -13.25],
			"rotation": {"angle": 0, "axis": "y", "origin": [0, -3, -10]},
			"faces": {
				"north": {"uv": [0, 0, 16, 16], "tintindex": 0,"texture": "#1"},
				"east": {"uv": [0, 0, 16, 16], "tintindex": 0,"texture": "#1"},
				"south": {"uv": [0, 0, 16, 16], "tintindex": 0,"texture": "#1"},
				"west": {"uv": [0, 0, 16, 16], "tintindex": 0,"texture": "#1"},
				"up": {"uv": [0, 0, 16, 16], "tintindex": 0,"texture": "#1"},
				"down": {"uv": [0, 0, 16, 16], "tintindex": 0,"texture": "#1"}
			}
		},
		{
			"from": [20, 1.25, -15.25],
			"to": [22, 3.25, -13.25],
			"rotation": {"angle": 0, "axis": "y", "origin": [0, -3, -10]},
			"faces": {
				"north": {"uv": [0, 0, 16, 16], "tintindex": 0,"texture": "#1"},
				"east": {"uv": [0, 0, 16, 16], "tintindex": 0,"texture": "#1"},
				"south": {"uv": [0, 0, 16, 16], "tintindex": 0,"texture": "#1"},
				"west": {"uv": [0, 0, 16, 16], "tintindex": 0,"texture": "#1"},
				"up": {"uv": [0, 0, 16, 16], "tintindex": 0,"texture": "#1"},
				"down": {"uv": [0, 0, 16, 16], "tintindex": 0,"texture": "#1"}
			}
		},
		{
			"from": [-6, 11.25, -11.25],
			"to": [-4, 13.25, -9.25],
			"rotation": {"angle": 0, "axis": "y", "origin": [0, -3, -10]},
			"faces": {
				"north": {"uv": [0, 0, 16, 16], "tintindex": 0,"texture": "#1"},
				"east": {"uv": [0, 0, 16, 16], "tintindex": 0,"texture": "#1"},
				"south": {"uv": [0, 0, 16, 16], "tintindex": 0,"texture": "#1"},
				"west": {"uv": [0, 0, 16, 16], "tintindex": 0,"texture": "#1"},
				"up": {"uv": [0, 0, 16, 16], "tintindex": 0,"texture": "#1"},
				"down": {"uv": [0, 0, 16, 16], "tintindex": 0,"texture": "#1"}
			}
		},
		{
			"from": [20, 11.25, -11.25],
			"to": [22, 13.25, -9.25],
			"rotation": {"angle": 0, "axis": "y", "origin": [0, -3, -10]},
			"faces": {
				"north": {"uv": [0, 0, 16, 16], "tintindex": 0,"texture": "#1"},
				"east": {"uv": [0, 0, 16, 16], "tintindex": 0,"texture": "#1"},
				"south": {"uv": [0, 0, 16, 16], "tintindex": 0,"texture": "#1"},
				"west": {"uv": [0, 0, 16, 16], "tintindex": 0,"texture": "#1"},
				"up": {"uv": [0, 0, 16, 16], "tintindex": 0,"texture": "#1"},
				"down": {"uv": [0, 0, 16, 16], "tintindex": 0,"texture": "#1"}
			}
		},
		{
			"from": [23.5, 3.25, -11.25],
			"to": [25.5, 5.25, -9.25],
			"rotation": {"angle": 0, "axis": "y", "origin": [0, -3, -10]},
			"faces": {
				"north": {"uv": [0, 0, 16, 16], "tintindex": 0,"texture": "#1"},
				"east": {"uv": [0, 0, 16, 16], "tintindex": 0,"texture": "#1"},
				"south": {"uv": [0, 0, 16, 16], "tintindex": 0,"texture": "#1"},
				"west": {"uv": [0, 0, 16, 16], "tintindex": 0,"texture": "#1"},
				"up": {"uv": [0, 0, 16, 16], "tintindex": 0,"texture": "#1"},
				"down": {"uv": [0, 0, 16, 16], "tintindex": 0,"texture": "#1"}
			}
		},
		{
			"from": [17.25, 3.25, -11.25],
			"to": [19.25, 5.25, -9.25],
			"rotation": {"angle": 0, "axis": "y", "origin": [0, -3, -10]},
			"faces": {
				"north": {"uv": [0, 0, 16, 16], "tintindex": 0,"texture": "#1"},
				"east": {"uv": [0, 0, 16, 16], "tintindex": 0,"texture": "#1"},
				"south": {"uv": [0, 0, 16, 16], "tintindex": 0,"texture": "#1"},
				"west": {"uv": [0, 0, 16, 16], "tintindex": 0,"texture": "#1"},
				"up": {"uv": [0, 0, 16, 16], "tintindex": 0,"texture": "#1"},
				"down": {"uv": [0, 0, 16, 16], "tintindex": 0,"texture": "#1"}
			}
		},
		{
			"from": [-9.5, 3.25, -11.25],
			"to": [-7.5, 5.25, -9.25],
			"rotation": {"angle": 0, "axis": "y", "origin": [0, -3, -10]},
			"faces": {
				"north": {"uv": [0, 0, 16, 16], "tintindex": 0,"texture": "#1"},
				"east": {"uv": [0, 0, 16, 16], "tintindex": 0,"texture": "#1"},
				"south": {"uv": [0, 0, 16, 16], "tintindex": 0,"texture": "#1"},
				"west": {"uv": [0, 0, 16, 16], "tintindex": 0,"texture": "#1"},
				"up": {"uv": [0, 0, 16, 16], "tintindex": 0,"texture": "#1"},
				"down": {"uv": [0, 0, 16, 16], "tintindex": 0,"texture": "#1"}
			}
		},
		{
			"from": [-3.25, 3.25, -11.25],
			"to": [-1.25, 5.25, -9.25],
			"rotation": {"angle": 0, "axis": "y", "origin": [0, -3, -10]},
			"faces": {
				"north": {"uv": [0, 0, 16, 16], "tintindex": 0,"texture": "#1"},
				"east": {"uv": [0, 0, 16, 16], "tintindex": 0,"texture": "#1"},
				"south": {"uv": [0, 0, 16, 16], "tintindex": 0,"texture": "#1"},
				"west": {"uv": [0, 0, 16, 16], "tintindex": 0,"texture": "#1"},
				"up": {"uv": [0, 0, 16, 16], "tintindex": 0,"texture": "#1"},
				"down": {"uv": [0, 0, 16, 16], "tintindex": 0,"texture": "#1"}
			}
		},
		{
			"from": [-2.97487, 10.64645, -10.75],
			"to": [-1.97487, 18.64645, -9.75],
			"rotation": {"angle": -45, "axis": "z", "origin": [-2.47487, 14.64645, -10.25]},
			"faces": {
				"north": {"uv": [0, 0, 8, 1], "rotation": 270, "tintindex": 0,"texture": "#4"},
				"east": {"uv": [0, 0, 8, 1], "rotation": 90, "tintindex": 0,"texture": "#4"},
				"south": {"uv": [0, 0, 8, 1], "rotation": 90, "tintindex": 0,"texture": "#4"},
				"west": {"uv": [0, 0, 8, 1], "rotation": 90, "tintindex": 0,"texture": "#4"},
				"up": {"uv": [0, 0, 1, 1], "rotation": 90, "tintindex": 0,"texture": "#4"},
				"down": {"uv": [0, 0, 1, 1], "rotation": 90, "tintindex": 0,"texture": "#4"}
			}
		},
		{
			"from": [-7.22565, 4.28471, -10.75],
			"to": [-6.22565, 12.28471, -9.75],
			"rotation": {"angle": -22.5, "axis": "z", "origin": [-6.72565, 8.28471, -10.25]},
			"faces": {
				"north": {"uv": [0, 0, 8, 1], "rotation": 270, "tintindex": 0,"texture": "#4"},
				"east": {"uv": [0, 0, 8, 1], "rotation": 90, "tintindex": 0,"texture": "#4"},
				"south": {"uv": [0, 0, 8, 1], "rotation": 90, "tintindex": 0,"texture": "#4"},
				"west": {"uv": [0, 0, 8, 1], "rotation": 90, "tintindex": 0,"texture": "#4"},
				"up": {"uv": [0, 0, 1, 1], "rotation": 90, "tintindex": 0,"texture": "#4"},
				"down": {"uv": [0, 0, 1, 1], "rotation": 90, "tintindex": 0,"texture": "#4"}
			}
		},
		{
			"from": [-4.16418, 4.6674, -10.75],
			"to": [-3.16418, 12.6674, -9.75],
			"rotation": {"angle": 22.5, "axis": "z", "origin": [-3.66418, 8.6674, -10.25]},
			"faces": {
				"north": {"uv": [0, 0, 8, 1], "rotation": 270, "tintindex": 0,"texture": "#4"},
				"east": {"uv": [0, 0, 8, 1], "rotation": 90, "tintindex": 0,"texture": "#4"},
				"south": {"uv": [0, 0, 8, 1], "rotation": 90, "tintindex": 0,"texture": "#4"},
				"west": {"uv": [0, 0, 8, 1], "rotation": 90, "tintindex": 0,"texture": "#4"},
				"up": {"uv": [0, 0, 1, 1], "rotation": 90, "tintindex": 0,"texture": "#4"},
				"down": {"uv": [0, 0, 1, 1], "rotation": 90, "tintindex": 0,"texture": "#4"}
			}
		},
		{
			"from": [22.22565, 4.28471, -10.75],
			"to": [23.22565, 12.28471, -9.75],
			"rotation": {"angle": 22.5, "axis": "z", "origin": [22.72565, 8.28471, -10.25]},
			"faces": {
				"north": {"uv": [0, 0, 8, 1], "rotation": 270, "tintindex": 0,"texture": "#4"},
				"east": {"uv": [0, 0, 8, 1], "rotation": 90, "tintindex": 0,"texture": "#4"},
				"south": {"uv": [0, 0, 8, 1], "rotation": 90, "tintindex": 0,"texture": "#4"},
				"west": {"uv": [0, 0, 8, 1], "rotation": 90, "tintindex": 0,"texture": "#4"},
				"up": {"uv": [0, 0, 1, 1], "rotation": 90, "tintindex": 0,"texture": "#4"},
				"down": {"uv": [0, 0, 1, 1], "rotation": 90, "tintindex": 0,"texture": "#4"}
			}
		},
		{
			"from": [19.16418, 4.6674, -10.75],
			"to": [20.16418, 12.6674, -9.75],
			"rotation": {"angle": -22.5, "axis": "z", "origin": [19.66418, 8.6674, -10.25]},
			"faces": {
				"north": {"uv": [0, 0, 8, 1], "rotation": 270, "tintindex": 0,"texture": "#4"},
				"east": {"uv": [0, 0, 8, 1], "rotation": 90, "tintindex": 0,"texture": "#4"},
				"south": {"uv": [0, 0, 8, 1], "rotation": 90, "tintindex": 0,"texture": "#4"},
				"west": {"uv": [0, 0, 8, 1], "rotation": 90, "tintindex": 0,"texture": "#4"},
				"up": {"uv": [0, 0, 1, 1], "rotation": 90, "tintindex": 0,"texture": "#4"},
				"down": {"uv": [0, 0, 1, 1], "rotation": 90, "tintindex": 0,"texture": "#4"}
			}
		},
		{
			"from": [20.65685, 1.28471, -12.31879],
			"to": [21.65685, 13.28471, -11.31879],
			"rotation": {"angle": 22.5, "axis": "x", "origin": [21.15685, 8.28471, -11.81879]},
			"faces": {
				"north": {"uv": [0, 0, 12, 1], "rotation": 270, "tintindex": 0,"texture": "#4"},
				"east": {"uv": [0, 0, 12, 1], "rotation": 90, "tintindex": 0,"texture": "#4"},
				"south": {"uv": [0, 0, 12, 1], "rotation": 90, "tintindex": 0,"texture": "#4"},
				"west": {"uv": [0, 0, 12, 1], "rotation": 90, "tintindex": 0,"texture": "#4"},
				"up": {"uv": [0, 0, 1, 1], "rotation": 90, "tintindex": 0,"texture": "#4"},
				"down": {"uv": [0, 0, 1, 1], "rotation": 90, "tintindex": 0,"texture": "#4"}
			}
		},
		{
			"from": [-5.73297, 0.90203, -12.31879],
			"to": [-4.73297, 12.90203, -11.31879],
			"rotation": {"angle": 22.5, "axis": "x", "origin": [28.76703, 7.90203, -11.81879]},
			"faces": {
				"north": {"uv": [0, 0, 12, 1], "rotation": 270, "tintindex": 0,"texture": "#4"},
				"east": {"uv": [0, 0, 12, 1], "rotation": 90, "tintindex": 0,"texture": "#4"},
				"south": {"uv": [0, 0, 12, 1], "rotation": 90, "tintindex": 0,"texture": "#4"},
				"west": {"uv": [0, 0, 12, 1], "rotation": 90, "tintindex": 0,"texture": "#4"},
				"up": {"uv": [0, 0, 1, 1], "rotation": 90, "tintindex": 0,"texture": "#4"},
				"down": {"uv": [0, 0, 1, 1], "rotation": 90, "tintindex": 0,"texture": "#4"}
			}
		},
		{
			"from": [14.47487, 14.14645, -10.75],
			"to": [22.47487, 15.14645, -9.75],
			"rotation": {"angle": -45, "axis": "z", "origin": [18.47487, 14.64645, -10.25]},
			"faces": {
				"north": {"uv": [0, 0, 8, 1], "rotation": 180, "tintindex": 0,"texture": "#4"},
				"east": {"uv": [0, 0, 1, 1], "rotation": 180, "tintindex": 0,"texture": "#4"},
				"south": {"uv": [0, 0, 8, 1], "rotation": 180, "tintindex": 0,"texture": "#4"},
				"west": {"uv": [0, 0, 1, 1], "rotation": 180, "tintindex": 0,"texture": "#4"},
				"up": {"uv": [0, 0, 8, 1], "rotation": 180, "tintindex": 0,"texture": "#4"},
				"down": {"uv": [0, 0, 8, 1], "rotation": 180, "tintindex": 0,"texture": "#4"}
			}
		},
		{
			"from": [17, 13, -6],
			"to": [25, 21, 2],
			"rotation": {"angle": 0, "axis": "y", "origin": [0, 0, -10]},
			"faces": {
				"north": {"uv": [0, 0, 15.7, 15.5], "tintindex": 0,"texture": "#6"},
				"east": {"uv": [0, 0, 15.7, 15.5], "tintindex": 0,"texture": "#6"},
				"south": {"uv": [0, 0, 15.7, 15.5], "tintindex": 0,"texture": "#6"},
				"west": {"uv": [0, 0, 15.7, 15.5], "tintindex": 0,"texture": "#6"},
				"up": {"uv": [0, 0, 15.7, 15.5], "tintindex": 0,"texture": "#6"},
				"down": {"uv": [0, 0, 15.7, 15.5], "tintindex": 0,"texture": "#6"}
			}
		},
		{
			"from": [-9, 13, -6],
			"to": [-1, 21, 2],
			"rotation": {"angle": 0, "axis": "y", "origin": [0, 0, -10]},
			"faces": {
				"north": {"uv": [0, 0, 15.7, 15.5], "tintindex": 0,"texture": "#6"},
				"east": {"uv": [0, 0, 15.7, 15.5], "tintindex": 0,"texture": "#6"},
				"south": {"uv": [0, 0, 15.7, 15.5], "tintindex": 0,"texture": "#6"},
				"west": {"uv": [0, 0, 15.7, 15.5], "tintindex": 0,"texture": "#6"},
				"up": {"uv": [0, 0, 15.7, 15.5], "tintindex": 0,"texture": "#6"},
				"down": {"uv": [0, 0, 15.7, 15.5], "tintindex": 0,"texture": "#6"}
			}
		},
		{
			"from": [19.5, 18.25, -14],
			"to": [22.5, 21.25, -1],
			"rotation": {"angle": 22.5, "axis": "x", "origin": [8, 16.75, -7.5]},
			"faces": {
				"north": {"uv": [0, 0, 3, 3], "tintindex": 0,"texture": "#0"},
				"east": {"uv": [0, 0, 13, 3], "tintindex": 0,"texture": "#0"},
				"south": {"uv": [0, 0, 3, 3], "tintindex": 0,"texture": "#0"},
				"west": {"uv": [0, 0, 13, 3], "tintindex": 0,"texture": "#0"},
				"up": {"uv": [0, 0, 3, 13], "tintindex": 0,"texture": "#0"},
				"down": {"uv": [0, 0, 3, 13], "tintindex": 0,"texture": "#0"}
			}
		},
		{
			"from": [19.5, 23, -14],
			"to": [22.5, 26, -1],
			"rotation": {"angle": 45, "axis": "x", "origin": [21, 20.5, -7.5]},
			"faces": {
				"north": {"uv": [0, 0, 3, 3], "tintindex": 0,"texture": "#0"},
				"east": {"uv": [0, 0, 13, 3], "tintindex": 0,"texture": "#0"},
				"south": {"uv": [0, 0, 3, 3], "tintindex": 0,"texture": "#0"},
				"west": {"uv": [0, 0, 13, 3], "tintindex": 0,"texture": "#0"},
				"up": {"uv": [0, 0, 3, 13], "tintindex": 0,"texture": "#0"},
				"down": {"uv": [0, 0, 3, 13], "tintindex": 0,"texture": "#0"}
			}
		},
		{
			"from": [-6.5, 18.25, -14],
			"to": [-3.5, 21.25, -1],
			"rotation": {"angle": 22.5, "axis": "x", "origin": [8, 16.75, -7.5]},
			"faces": {
				"north": {"uv": [0, 0, 3, 3], "tintindex": 0,"texture": "#0"},
				"east": {"uv": [0, 0, 13, 3], "tintindex": 0,"texture": "#0"},
				"south": {"uv": [0, 0, 3, 3], "tintindex": 0,"texture": "#0"},
				"west": {"uv": [0, 0, 13, 3], "tintindex": 0,"texture": "#0"},
				"up": {"uv": [0, 0, 3, 13], "tintindex": 0,"texture": "#0"},
				"down": {"uv": [0, 0, 3, 13], "tintindex": 0,"texture": "#0"}
			}
		},
		{
			"from": [-6.5, 23, -14],
			"to": [-3.5, 26, -1],
			"rotation": {"angle": 45, "axis": "x", "origin": [-5, 20.5, -7.5]},
			"faces": {
				"north": {"uv": [0, 0, 3, 3], "tintindex": 0,"texture": "#0"},
				"east": {"uv": [0, 0, 13, 3], "tintindex": 0,"texture": "#0"},
				"south": {"uv": [0, 0, 3, 3], "tintindex": 0,"texture": "#0"},
				"west": {"uv": [0, 0, 13, 3], "tintindex": 0,"texture": "#0"},
				"up": {"uv": [0, 0, 3, 13], "tintindex": 0,"texture": "#0"},
				"down": {"uv": [0, 0, 3, 13], "tintindex": 0,"texture": "#0"}
			}
		},
		{
			"from": [20, 6, -3],
			"to": [22, 17, -1],
			"rotation": {"angle": 0, "axis": "x", "origin": [21, 11.5, -2]},
			"faces": {
				"north": {"uv": [0, 0, 2, 11], "tintindex": 0,"texture": "#0"},
				"east": {"uv": [0, 0, 2, 11], "tintindex": 0,"texture": "#0"},
				"south": {"uv": [0, 0, 2, 11], "tintindex": 0,"texture": "#0"},
				"west": {"uv": [0, 0, 2, 11], "tintindex": 0,"texture": "#0"},
				"up": {"uv": [0, 0, 2, 2], "tintindex": 0,"texture": "#0"},
				"down": {"uv": [0, 0, 2, 2], "tintindex": 0,"texture": "#0"}
			}
		},
		{
			"from": [-6, 6, -3],
			"to": [-4, 17, -1],
			"rotation": {"angle": 0, "axis": "y", "origin": [0, 0, -10]},
			"faces": {
				"north": {"uv": [0, 0, 2, 11], "tintindex": 0,"texture": "#0"},
				"east": {"uv": [0, 0, 2, 11], "tintindex": 0,"texture": "#0"},
				"south": {"uv": [0, 0, 2, 11], "tintindex": 0,"texture": "#0"},
				"west": {"uv": [0, 0, 2, 11], "tintindex": 0,"texture": "#0"},
				"up": {"uv": [0, 0, 2, 2], "tintindex": 0,"texture": "#0"},
				"down": {"uv": [0, 0, 2, 2], "tintindex": 0,"texture": "#0"}
			}
		},
		{
			"from": [-8.5, 0.5, -7],
			"to": [-2.5, 6.5, 8],
			"rotation": {"angle": 22.5, "axis": "x", "origin": [21, 3, -2]},
			"faces": {
				"north": {"uv": [0, 0, 6, 6], "rotation": 180, "tintindex": 0,"texture": "#0"},
				"east": {"uv": [0, 0, 6, 15], "rotation": 90, "tintindex": 0,"texture": "#0"},
				"south": {"uv": [0, 0, 6, 6], "tintindex": 0,"texture": "#0"},
				"west": {"uv": [0, 0, 6, 15], "rotation": 270, "tintindex": 0,"texture": "#0"},
				"up": {"uv": [0, 0, 6, 15], "tintindex": 0,"texture": "#0"},
				"down": {"uv": [0, 0, 6, 15], "rotation": 180, "tintindex": 0,"texture": "#0"}
			}
		},
		{
			"from": [18.5, 0.5, -7],
			"to": [24.5, 6.5, 8],
			"rotation": {"angle": 22.5, "axis": "x", "origin": [21, 3, -2]},
			"faces": {
				"north": {"uv": [0, 0, 6, 6], "rotation": 180, "tintindex": 0,"texture": "#0"},
				"east": {"uv": [0, 0, 6, 15], "rotation": 90, "tintindex": 0,"texture": "#0"},
				"south": {"uv": [0, 0, 6, 6], "tintindex": 0,"texture": "#0"},
				"west": {"uv": [0, 0, 6, 15], "rotation": 270, "tintindex": 0,"texture": "#0"},
				"up": {"uv": [0, 0, 6, 15], "tintindex": 0,"texture": "#0"},
				"down": {"uv": [0, 0, 6, 15], "rotation": 180, "tintindex": 0,"texture": "#0"}
			}
		},
		{
			"from": [20.75, -3.33655, 15.9078],
			"to": [21.75, -0.33655, 31.9078],
			"rotation": {"angle": 22.5, "axis": "x", "origin": [21.5, -0.08655, 10.9078]},
			"faces": {
				"north": {"uv": [7, 15, 8, 16], "rotation": 180, "tintindex": 0,"texture": "#3"},
				"east": {"uv": [5, 0, 8, 16], "rotation": 270, "tintindex": 0,"texture": "#3"},
				"south": {"uv": [7, 0, 8, 1], "tintindex": 0,"texture": "#3"},
				"west": {"uv": [6, 0, 9, 16], "rotation": 270, "tintindex": 0,"texture": "#3"},
				"up": {"uv": [6, 0, 7, 16], "rotation": 180, "tintindex": 0,"texture": "#3"},
				"down": {"uv": [7, 0, 8, 16], "tintindex": 0,"texture": "#3"}
			}
		},
		{
			"from": [20.75, -0.33655, 9.9078],
			"to": [21.75, 0.66345, 25.9078],
			"rotation": {"angle": 22.5, "axis": "x", "origin": [21.5, -0.08655, 10.9078]},
			"faces": {
				"north": {"uv": [7, 15, 8, 16], "rotation": 180, "tintindex": 0,"texture": "#3"},
				"east": {"uv": [7, 0, 8, 16], "rotation": 270, "tintindex": 0,"texture": "#3"},
				"south": {"uv": [7, 0, 8, 1], "tintindex": 0,"texture": "#3"},
				"west": {"uv": [6, 0, 7, 16], "rotation": 270, "tintindex": 0,"texture": "#3"},
				"up": {"uv": [6, 0, 7, 16], "rotation": 180, "tintindex": 0,"texture": "#3"},
				"down": {"uv": [7, 0, 8, 16], "tintindex": 0,"texture": "#3"}
			}
		},
		{
			"from": [20.75, -4.33655, 9.9078],
			"to": [21.75, -3.33655, 25.9078],
			"rotation": {"angle": 22.5, "axis": "x", "origin": [21.5, -0.08655, 10.9078]},
			"faces": {
				"north": {"uv": [7, 15, 8, 16], "rotation": 180, "tintindex": 0,"texture": "#3"},
				"east": {"uv": [7, 0, 8, 16], "rotation": 270, "tintindex": 0,"texture": "#3"},
				"south": {"uv": [7, 0, 8, 1], "tintindex": 0,"texture": "#3"},
				"west": {"uv": [6, 0, 7, 16], "rotation": 270, "tintindex": 0,"texture": "#3"},
				"up": {"uv": [6, 0, 7, 16], "rotation": 180, "tintindex": 0,"texture": "#3"},
				"down": {"uv": [7, 0, 8, 16], "tintindex": 0,"texture": "#3"}
			}
		},
		{
			"from": [21.75, -0.33655, 7.9078],
			"to": [22.75, 0.66345, 23.9078],
			"rotation": {"angle": 22.5, "axis": "x", "origin": [21.5, -0.08655, 10.9078]},
			"faces": {
				"north": {"uv": [7, 15, 8, 16], "rotation": 180, "tintindex": 0,"texture": "#3"},
				"east": {"uv": [7, 0, 8, 16], "rotation": 270, "tintindex": 0,"texture": "#3"},
				"south": {"uv": [7, 0, 8, 1], "tintindex": 0,"texture": "#3"},
				"west": {"uv": [6, 0, 7, 16], "rotation": 270, "tintindex": 0,"texture": "#3"},
				"up": {"uv": [6, 0, 7, 16], "rotation": 180, "tintindex": 0,"texture": "#3"},
				"down": {"uv": [7, 0, 8, 16], "tintindex": 0,"texture": "#3"}
			}
		},
		{
			"from": [21.75, -3.33655, 13.9078],
			"to": [22.75, -0.33655, 29.9078],
			"rotation": {"angle": 22.5, "axis": "x", "origin": [21.5, -0.08655, 10.9078]},
			"faces": {
				"north": {"uv": [7, 15, 8, 16], "rotation": 180, "tintindex": 0,"texture": "#3"},
				"east": {"uv": [5, 0, 8, 16], "rotation": 270, "tintindex": 0,"texture": "#3"},
				"south": {"uv": [7, 0, 8, 1], "tintindex": 0,"texture": "#3"},
				"west": {"uv": [6, 0, 9, 16], "rotation": 270, "tintindex": 0,"texture": "#3"},
				"up": {"uv": [6, 0, 7, 16], "rotation": 180, "tintindex": 0,"texture": "#3"},
				"down": {"uv": [7, 0, 8, 16], "tintindex": 0,"texture": "#3"}
			}
		},
		{
			"from": [21.75, -4.33655, 7.9078],
			"to": [22.75, -3.33655, 23.9078],
			"rotation": {"angle": 22.5, "axis": "x", "origin": [21.5, -0.08655, 10.9078]},
			"faces": {
				"north": {"uv": [7, 15, 8, 16], "rotation": 180, "tintindex": 0,"texture": "#3"},
				"east": {"uv": [7, 0, 8, 16], "rotation": 270, "tintindex": 0,"texture": "#3"},
				"south": {"uv": [7, 0, 8, 1], "tintindex": 0,"texture": "#3"},
				"west": {"uv": [6, 0, 7, 16], "rotation": 270, "tintindex": 0,"texture": "#3"},
				"up": {"uv": [6, 0, 7, 16], "rotation": 180, "tintindex": 0,"texture": "#3"},
				"down": {"uv": [7, 0, 8, 16], "tintindex": 0,"texture": "#3"}
			}
		},
		{
			"from": [19.75, -0.33655, 7.9078],
			"to": [20.75, 0.66345, 23.9078],
			"rotation": {"angle": 22.5, "axis": "x", "origin": [21.5, -0.08655, 10.9078]},
			"faces": {
				"north": {"uv": [7, 15, 8, 16], "rotation": 180, "tintindex": 0,"texture": "#3"},
				"east": {"uv": [7, 0, 8, 16], "rotation": 270, "tintindex": 0,"texture": "#3"},
				"south": {"uv": [7, 0, 8, 1], "tintindex": 0,"texture": "#3"},
				"west": {"uv": [6, 0, 7, 16], "rotation": 270, "tintindex": 0,"texture": "#3"},
				"up": {"uv": [6, 0, 7, 16], "rotation": 180, "tintindex": 0,"texture": "#3"},
				"down": {"uv": [7, 0, 8, 16], "tintindex": 0,"texture": "#3"}
			}
		},
		{
			"from": [19.75, -3.33655, 13.9078],
			"to": [20.75, -0.33655, 29.9078],
			"rotation": {"angle": 22.5, "axis": "x", "origin": [21.5, -0.08655, 10.9078]},
			"faces": {
				"north": {"uv": [7, 15, 8, 16], "rotation": 180, "tintindex": 0,"texture": "#3"},
				"east": {"uv": [5, 0, 8, 16], "rotation": 270, "tintindex": 0,"texture": "#3"},
				"south": {"uv": [7, 0, 8, 1], "tintindex": 0,"texture": "#3"},
				"west": {"uv": [6, 0, 9, 16], "rotation": 270, "tintindex": 0,"texture": "#3"},
				"up": {"uv": [6, 0, 7, 16], "rotation": 180, "tintindex": 0,"texture": "#3"},
				"down": {"uv": [7, 0, 8, 16], "tintindex": 0,"texture": "#3"}
			}
		},
		{
			"from": [19.75, -4.33655, 7.9078],
			"to": [20.75, -3.33655, 23.9078],
			"rotation": {"angle": 22.5, "axis": "x", "origin": [21.5, -0.08655, 10.9078]},
			"faces": {
				"north": {"uv": [7, 15, 8, 16], "rotation": 180, "tintindex": 0,"texture": "#3"},
				"east": {"uv": [7, 0, 8, 16], "rotation": 270, "tintindex": 0,"texture": "#3"},
				"south": {"uv": [7, 0, 8, 1], "tintindex": 0,"texture": "#3"},
				"west": {"uv": [6, 0, 7, 16], "rotation": 270, "tintindex": 0,"texture": "#3"},
				"up": {"uv": [6, 0, 7, 16], "rotation": 180, "tintindex": 0,"texture": "#3"},
				"down": {"uv": [7, 0, 8, 16], "tintindex": 0,"texture": "#3"}
			}
		},
		{
			"from": [-9.5, -4.05374, 2.70182],
			"to": [-1.5, 3.94626, 10.70182],
			"rotation": {"angle": 22.5, "axis": "x", "origin": [-5, -0.55374, 6.70182]},
			"faces": {
				"north": {"uv": [0, 0, 8, 8], "tintindex": 0,"texture": "#6"},
				"east": {"uv": [0, 0, 16, 15.8], "tintindex": 0,"texture": "#6"},
				"south": {"uv": [0, 0, 16, 15.8], "tintindex": 0,"texture": "#6"},
				"west": {"uv": [0, 0, 16, 15.8], "tintindex": 0,"texture": "#6"},
				"up": {"uv": [0, 0, 16, 15.8], "tintindex": 0,"texture": "#6"},
				"down": {"uv": [0, 0, 16, 15.8], "tintindex": 0,"texture": "#6"}
			}
		},
		{
			"from": [17.5, -4.05374, 2.70182],
			"to": [25.5, 3.94626, 10.70182],
			"rotation": {"angle": 22.5, "axis": "x", "origin": [-5, -0.55374, 6.70182]},
			"faces": {
				"north": {"uv": [0, 0, 8, 8], "tintindex": 0,"texture": "#6"},
				"east": {"uv": [0, 0, 16, 15.8], "tintindex": 0,"texture": "#6"},
				"south": {"uv": [0, 0, 16, 15.8], "tintindex": 0,"texture": "#6"},
				"west": {"uv": [0, 0, 16, 15.8], "tintindex": 0,"texture": "#6"},
				"up": {"uv": [0, 0, 16, 15.8], "tintindex": 0,"texture": "#6"},
				"down": {"uv": [0, 0, 16, 15.8], "tintindex": 0,"texture": "#6"}
			}
		},
		{
			"from": [-5, -6, 12],
			"to": [-3, -4, 26],
			"rotation": {"angle": 22.5, "axis": "x", "origin": [1, 1, 24]},
			"faces": {
				"north": {"uv": [9, 3, 11, 5], "tintindex": 0,"texture": "#7"},
				"east": {"uv": [1, 2, 15, 4], "tintindex": 0,"texture": "#7"},
				"south": {"uv": [5, 5, 11, 11], "tintindex": 0,"texture": "#7"},
				"west": {"uv": [1, 1, 15, 3], "tintindex": 0,"texture": "#7"},
				"up": {"uv": [13, 1, 15, 15], "tintindex": 0,"texture": "#7"},
				"down": {"uv": [2, 1, 4, 15], "tintindex": 0,"texture": "#7"}
			}
		},
		{
			"from": [-8, -6, 12],
			"to": [-6, -4, 26],
			"rotation": {"angle": 22.5, "axis": "x", "origin": [1, 1, 24]},
			"faces": {
				"north": {"uv": [9, 3, 11, 5], "tintindex": 0,"texture": "#7"},
				"east": {"uv": [1, 2, 15, 4], "tintindex": 0,"texture": "#7"},
				"south": {"uv": [5, 5, 11, 11], "tintindex": 0,"texture": "#7"},
				"west": {"uv": [1, 1, 15, 3], "tintindex": 0,"texture": "#7"},
				"up": {"uv": [13, 1, 15, 15], "tintindex": 0,"texture": "#7"},
				"down": {"uv": [2, 1, 4, 15], "tintindex": 0,"texture": "#7"}
			}
		},
		{
			"from": [-5, -9, 12],
			"to": [-3, -7, 26],
			"rotation": {"angle": 22.5, "axis": "x", "origin": [1, 1, 24]},
			"faces": {
				"north": {"uv": [9, 3, 11, 5], "tintindex": 0,"texture": "#7"},
				"east": {"uv": [1, 2, 15, 4], "tintindex": 0,"texture": "#7"},
				"south": {"uv": [5, 5, 11, 11], "tintindex": 0,"texture": "#7"},
				"west": {"uv": [1, 1, 15, 3], "tintindex": 0,"texture": "#7"},
				"up": {"uv": [13, 1, 15, 15], "tintindex": 0,"texture": "#7"},
				"down": {"uv": [2, 1, 4, 15], "tintindex": 0,"texture": "#7"}
			}
		},
		{
			"from": [-8, -9, 12],
			"to": [-6, -7, 26],
			"rotation": {"angle": 22.5, "axis": "x", "origin": [1, 1, 24]},
			"faces": {
				"north": {"uv": [9, 3, 11, 5], "tintindex": 0,"texture": "#7"},
				"east": {"uv": [1, 2, 15, 4], "tintindex": 0,"texture": "#7"},
				"south": {"uv": [5, 5, 11, 11], "tintindex": 0,"texture": "#7"},
				"west": {"uv": [1, 1, 15, 3], "tintindex": 0,"texture": "#7"},
				"up": {"uv": [13, 1, 15, 15], "tintindex": 0,"texture": "#7"},
				"down": {"uv": [2, 1, 4, 15], "tintindex": 0,"texture": "#7"}
			}
		}
	],
	"display": {
		"head": {
			"rotation": [0, -180, 0],
			"translation": [0, -39.5, -38.25],
			"scale": [4, 4, 4]
		}
	}
}