{
	"credit": "Made with Blockbench",
	"textures": {
		"0": "block/quartz_pillar",
		"2": "block/light_blue_stained_glass",
		"3": "block/soul_campfire_fire",
		"4": "block/chiseled_quartz_block_top",
		"particle": "block/quartz_pillar"
	},
	"elements": [
		{
			"from": [4, 10, -6],
			"to": [12, 18, 2],
			"rotation": {"angle": 0, "axis": "y", "origin": [8, 14, -2]},
			"faces": {
				"north": {"uv": [4, 3, 12, 11], "tintindex": 0,"texture": "#2"},
				"east": {"uv": [4, 3, 12, 11], "tintindex": 0,"texture": "#2"},
				"south": {"uv": [4, 3, 12, 11], "tintindex": 0,"texture": "#2"},
				"west": {"uv": [4, 3, 12, 11], "tintindex": 0,"texture": "#2"},
				"up": {"uv": [4, 3, 12, 11], "tintindex": 0,"texture": "#2"},
				"down": {"uv": [4, 3, 12, 11], "tintindex": 0,"texture": "#2"}
			}
		},
		{
			"from": [4, 10, -5.9],
			"to": [12, 18, 1.9],
			"rotation": {"angle": -45, "axis": "z", "origin": [8, 14, -2]},
			"faces": {
				"north": {"uv": [4, 3, 12, 11], "tintindex": 0,"texture": "#2"},
				"east": {"uv": [4, 3, 12, 11], "tintindex": 0,"texture": "#2"},
				"south": {"uv": [4, 3, 12, 11], "tintindex": 0,"texture": "#2"},
				"west": {"uv": [4, 3, 12, 11], "tintindex": 0,"texture": "#2"},
				"up": {"uv": [4, 3, 12, 11], "tintindex": 0,"texture": "#2"},
				"down": {"uv": [4, 3, 12, 11], "tintindex": 0,"texture": "#2"}
			}
		},
		{
			"from": [4.1, 10, -6],
			"to": [11.9, 18, 2],
			"rotation": {"angle": 45, "axis": "x", "origin": [8, 14, -2]},
			"faces": {
				"north": {"uv": [4, 3, 12, 11], "tintindex": 0,"texture": "#2"},
				"east": {"uv": [4, 3, 12, 11], "tintindex": 0,"texture": "#2"},
				"south": {"uv": [4, 3, 12, 11], "tintindex": 0,"texture": "#2"},
				"west": {"uv": [4, 3, 12, 11], "tintindex": 0,"texture": "#2"},
				"up": {"uv": [4, 3, 12, 11], "tintindex": 0,"texture": "#2"},
				"down": {"uv": [4, 3, 12, 11], "tintindex": 0,"texture": "#2"}
			}
		},
		{
			"from": [4, 10.1, -6],
			"to": [12, 17.9, 2],
			"rotation": {"angle": 45, "axis": "y", "origin": [8, 14, -2]},
			"faces": {
				"north": {"uv": [4, 3, 12, 11], "tintindex": 0,"texture": "#2"},
				"east": {"uv": [4, 3, 12, 11], "tintindex": 0,"texture": "#2"},
				"south": {"uv": [4, 3, 12, 11], "tintindex": 0,"texture": "#2"},
				"west": {"uv": [4, 3, 12, 11], "tintindex": 0,"texture": "#2"},
				"up": {"uv": [4, 3, 12, 11], "tintindex": 0,"texture": "#2"},
				"down": {"uv": [4, 3, 12, 11], "tintindex": 0,"texture": "#2"}
			}
		},
		{
			"from": [4.5, 10.5, -1.25],
			"to": [11.5, 17.5, -1.05],
			"rotation": {"angle": 0, "axis": "y", "origin": [0, 10, -10]},
			"faces": {
				"north": {"uv": [0, 0, 16, 16], "tintindex": 0,"texture": "#3"},
				"east": {"uv": [0, 0, 0.2, 7], "tintindex": 0,"texture": "#3"},
				"south": {"uv": [0, 0, 16, 16], "tintindex": 0,"texture": "#3"},
				"west": {"uv": [0, 0, 0.2, 7], "tintindex": 0,"texture": "#3"},
				"up": {"uv": [0, 0, 7, 0.2], "tintindex": 0,"texture": "#3"},
				"down": {"uv": [0, 0, 7, 0.2], "tintindex": 0,"texture": "#3"}
			}
		},
		{
			"from": [7.9, 10.5, -4.65],
			"to": [8.1, 17.5, 2.35],
			"rotation": {"angle": 0, "axis": "y", "origin": [8, 14, -1.15]},
			"faces": {
				"north": {"uv": [0, 0, 0.2, 7], "tintindex": 0,"texture": "#3"},
				"east": {"uv": [0, 0, 16, 16], "tintindex": 0,"texture": "#3"},
				"south": {"uv": [0, 0, 0.2, 7], "tintindex": 0,"texture": "#3"},
				"west": {"uv": [0, 0, 16, 16], "tintindex": 0,"texture": "#3"},
				"up": {"uv": [0, 0, 7, 0.2], "rotation": 270, "tintindex": 0,"texture": "#3"},
				"down": {"uv": [0, 0, 7, 0.2], "rotation": 90, "tintindex": 0,"texture": "#3"}
			}
		},
		{
			"from": [1, 15, -4],
			"to": [2, 19, 0],
			"rotation": {"angle": 0, "axis": "y", "origin": [1, 17, -2]},
			"faces": {
				"north": {"uv": [0, 0, 2, 4], "tintindex": 0,"texture": "#4"},
				"east": {"uv": [0, 0, 16, 16], "tintindex": 0,"texture": "#4"},
				"south": {"uv": [0, 0, 2, 4], "tintindex": 0,"texture": "#4"},
				"west": {"uv": [0, 0, 16, 16], "tintindex": 0,"texture": "#4"},
				"up": {"uv": [0, 0, 2, 4], "tintindex": 0,"texture": "#4"},
				"down": {"uv": [0, 0, 2, 4], "tintindex": 0,"texture": "#4"}
			}
		},
		{
			"from": [14, 15, -4],
			"to": [15, 19, 0],
			"rotation": {"angle": 0, "axis": "y", "origin": [1, 17, -2]},
			"faces": {
				"north": {"uv": [0, 0, 2, 4], "tintindex": 0,"texture": "#4"},
				"east": {"uv": [0, 0, 16, 16], "tintindex": 0,"texture": "#4"},
				"south": {"uv": [0, 0, 2, 4], "tintindex": 0,"texture": "#4"},
				"west": {"uv": [0, 0, 16, 16], "tintindex": 0,"texture": "#4"},
				"up": {"uv": [0, 0, 2, 4], "tintindex": 0,"texture": "#4"},
				"down": {"uv": [0, 0, 2, 4], "tintindex": 0,"texture": "#4"}
			}
		},
		{
			"from": [14.95, 14.6, -4.4],
			"to": [16.15, 19.4, 0.4],
			"rotation": {"angle": 45, "axis": "x", "origin": [16.9, 17, -2]},
			"faces": {
				"north": {"uv": [0, 0, 2, 4], "tintindex": 0,"texture": "#4"},
				"east": {"uv": [0, 0, 16, 16], "tintindex": 0,"texture": "#4"},
				"south": {"uv": [0, 0, 2, 4], "tintindex": 0,"texture": "#4"},
				"west": {"uv": [0, 0, 16, 16], "tintindex": 0,"texture": "#4"},
				"up": {"uv": [0, 0, 2, 4], "tintindex": 0,"texture": "#4"},
				"down": {"uv": [0, 0, 2, 4], "tintindex": 0,"texture": "#4"}
			}
		},
		{
			"from": [16.16, 14.12, -4.88],
			"to": [17.6, 19.88, 0.88],
			"rotation": {"angle": 0, "axis": "x", "origin": [16.48, 17, -2]},
			"faces": {
				"north": {"uv": [0, 0, 2, 4], "rotation": 180, "tintindex": 0,"texture": "#4"},
				"east": {"uv": [0, 0, 16, 16], "rotation": 270, "tintindex": 0,"texture": "#4"},
				"south": {"uv": [0, 0, 2, 4], "tintindex": 0,"texture": "#4"},
				"west": {"uv": [0, 0, 16, 16], "rotation": 90, "tintindex": 0,"texture": "#4"},
				"up": {"uv": [0, 0, 2, 4], "rotation": 180, "tintindex": 0,"texture": "#4"},
				"down": {"uv": [0, 0, 2, 4], "tintindex": 0,"texture": "#4"}
			}
		},
		{
			"from": [-1.64, 14.12, -4.88],
			"to": [-0.2, 19.88, 0.88],
			"rotation": {"angle": 0, "axis": "x", "origin": [16.48, 17, -2]},
			"faces": {
				"north": {"uv": [0, 0, 2, 4], "rotation": 180, "tintindex": 0,"texture": "#4"},
				"east": {"uv": [0, 0, 16, 16], "rotation": 270, "tintindex": 0,"texture": "#4"},
				"south": {"uv": [0, 0, 2, 4], "tintindex": 0,"texture": "#4"},
				"west": {"uv": [0, 0, 16, 16], "rotation": 90, "tintindex": 0,"texture": "#4"},
				"up": {"uv": [0, 0, 2, 4], "rotation": 180, "tintindex": 0,"texture": "#4"},
				"down": {"uv": [0, 0, 2, 4], "tintindex": 0,"texture": "#4"}
			}
		},
		{
			"from": [-0.15, 14.6, -4.4],
			"to": [1.05, 19.4, 0.4],
			"rotation": {"angle": 45, "axis": "x", "origin": [16.9, 17, -2]},
			"faces": {
				"north": {"uv": [0, 0, 2, 4], "tintindex": 0,"texture": "#4"},
				"east": {"uv": [0, 0, 16, 16], "tintindex": 0,"texture": "#4"},
				"south": {"uv": [0, 0, 2, 4], "tintindex": 0,"texture": "#4"},
				"west": {"uv": [0, 0, 16, 16], "tintindex": 0,"texture": "#4"},
				"up": {"uv": [0, 0, 2, 4], "tintindex": 0,"texture": "#4"},
				"down": {"uv": [0, 0, 2, 4], "tintindex": 0,"texture": "#4"}
			}
		},
		{
			"from": [4.928, 19.386, -3.43],
			"to": [5.528, 19.986, 0.17],
			"rotation": {"angle": 0, "axis": "y", "origin": [3.428, 16.836, -0.13]},
			"faces": {
				"north": {"uv": [0, 0, 1, 1], "tintindex": 0,"texture": "#0"},
				"east": {"uv": [0, 0, 6, 1], "tintindex": 0,"texture": "#0"},
				"south": {"uv": [0, 0, 1, 1], "tintindex": 0,"texture": "#0"},
				"west": {"uv": [0, 0, 6, 1], "tintindex": 0,"texture": "#0"},
				"up": {"uv": [0, 0, 1, 6], "tintindex": 0,"texture": "#0"},
				"down": {"uv": [0, 0, 1, 6], "tintindex": 0,"texture": "#0"}
			}
		},
		{
			"from": [10.328, 19.386, -3.43],
			"to": [10.928, 19.986, 0.17],
			"rotation": {"angle": 0, "axis": "y", "origin": [3.428, 16.836, -0.13]},
			"faces": {
				"north": {"uv": [0, 0, 1, 1], "tintindex": 0,"texture": "#0"},
				"east": {"uv": [0, 0, 6, 1], "tintindex": 0,"texture": "#0"},
				"south": {"uv": [0, 0, 1, 1], "tintindex": 0,"texture": "#0"},
				"west": {"uv": [0, 0, 6, 1], "tintindex": 0,"texture": "#0"},
				"up": {"uv": [0, 0, 1, 6], "tintindex": 0,"texture": "#0"},
				"down": {"uv": [0, 0, 1, 6], "tintindex": 0,"texture": "#0"}
			}
		},
		{
			"from": [6.128, 19.386, -4.63],
			"to": [9.728, 19.986, -4.03],
			"rotation": {"angle": 0, "axis": "y", "origin": [7.928, 19.836, -1.63]},
			"faces": {
				"north": {"uv": [0, 0, 6, 1], "tintindex": 0,"texture": "#0"},
				"east": {"uv": [0, 0, 1, 1], "tintindex": 0,"texture": "#0"},
				"south": {"uv": [0, 0, 6, 1], "tintindex": 0,"texture": "#0"},
				"west": {"uv": [0, 0, 1, 1], "tintindex": 0,"texture": "#0"},
				"up": {"uv": [0, 0, 1, 6], "rotation": 270, "tintindex": 0,"texture": "#0"},
				"down": {"uv": [0, 0, 1, 6], "rotation": 90, "tintindex": 0,"texture": "#0"}
			}
		},
		{
			"from": [6.128, 19.386, 0.77],
			"to": [9.728, 19.986, 1.37],
			"rotation": {"angle": 0, "axis": "y", "origin": [7.928, 19.836, -1.63]},
			"faces": {
				"north": {"uv": [0, 0, 6, 1], "tintindex": 0,"texture": "#0"},
				"east": {"uv": [0, 0, 1, 1], "tintindex": 0,"texture": "#0"},
				"south": {"uv": [0, 0, 6, 1], "tintindex": 0,"texture": "#0"},
				"west": {"uv": [0, 0, 1, 1], "tintindex": 0,"texture": "#0"},
				"up": {"uv": [0, 0, 1, 6], "rotation": 270, "tintindex": 0,"texture": "#0"},
				"down": {"uv": [0, 0, 1, 6], "rotation": 90, "tintindex": 0,"texture": "#0"}
			}
		},
		{
			"from": [4.928, 19.536, -3.43],
			"to": [5.528, 20.136, 0.17],
			"rotation": {"angle": 45, "axis": "y", "origin": [7.928, 19.836, -1.63]},
			"faces": {
				"north": {"uv": [0, 0, 1, 1], "tintindex": 0,"texture": "#0"},
				"east": {"uv": [0, 0, 6, 1], "tintindex": 0,"texture": "#0"},
				"south": {"uv": [0, 0, 1, 1], "tintindex": 0,"texture": "#0"},
				"west": {"uv": [0, 0, 6, 1], "tintindex": 0,"texture": "#0"},
				"up": {"uv": [0, 0, 1, 6], "rotation": 180, "tintindex": 0,"texture": "#0"},
				"down": {"uv": [0, 0, 1, 6], "rotation": 180, "tintindex": 0,"texture": "#0"}
			}
		},
		{
			"from": [10.328, 19.536, -3.43],
			"to": [10.928, 20.136, 0.17],
			"rotation": {"angle": 45, "axis": "y", "origin": [7.928, 19.836, -1.63]},
			"faces": {
				"north": {"uv": [0, 0, 1, 1], "tintindex": 0,"texture": "#0"},
				"east": {"uv": [0, 0, 6, 1], "tintindex": 0,"texture": "#0"},
				"south": {"uv": [0, 0, 1, 1], "tintindex": 0,"texture": "#0"},
				"west": {"uv": [0, 0, 6, 1], "tintindex": 0,"texture": "#0"},
				"up": {"uv": [0, 0, 1, 6], "rotation": 180, "tintindex": 0,"texture": "#0"},
				"down": {"uv": [0, 0, 1, 6], "rotation": 180, "tintindex": 0,"texture": "#0"}
			}
		},
		{
			"from": [6.128, 19.536, -4.63],
			"to": [9.728, 20.136, -4.03],
			"rotation": {"angle": 45, "axis": "y", "origin": [7.928, 19.836, -1.63]},
			"faces": {
				"north": {"uv": [0, 0, 6, 1], "tintindex": 0,"texture": "#0"},
				"east": {"uv": [0, 0, 1, 1], "tintindex": 0,"texture": "#0"},
				"south": {"uv": [0, 0, 6, 1], "tintindex": 0,"texture": "#0"},
				"west": {"uv": [0, 0, 1, 1], "tintindex": 0,"texture": "#0"},
				"up": {"uv": [0, 0, 1, 6], "rotation": 270, "tintindex": 0,"texture": "#0"},
				"down": {"uv": [0, 0, 1, 6], "rotation": 90, "tintindex": 0,"texture": "#0"}
			}
		},
		{
			"from": [6.128, 19.536, 0.77],
			"to": [9.728, 20.136, 1.37],
			"rotation": {"angle": 45, "axis": "y", "origin": [7.928, 19.836, -1.63]},
			"faces": {
				"north": {"uv": [0, 0, 6, 1], "tintindex": 0,"texture": "#0"},
				"east": {"uv": [0, 0, 1, 1], "tintindex": 0,"texture": "#0"},
				"south": {"uv": [0, 0, 6, 1], "tintindex": 0,"texture": "#0"},
				"west": {"uv": [0, 0, 1, 1], "tintindex": 0,"texture": "#0"},
				"up": {"uv": [0, 0, 1, 6], "rotation": 270, "tintindex": 0,"texture": "#0"},
				"down": {"uv": [0, 0, 1, 6], "rotation": 90, "tintindex": 0,"texture": "#0"}
			}
		},
		{
			"from": [6.128, 7.386, 0.77],
			"to": [9.728, 7.986, 1.37],
			"rotation": {"angle": 0, "axis": "y", "origin": [7.928, 7.836, -1.63]},
			"faces": {
				"north": {"uv": [0, 0, 6, 1], "tintindex": 0,"texture": "#0"},
				"east": {"uv": [0, 0, 1, 1], "tintindex": 0,"texture": "#0"},
				"south": {"uv": [0, 0, 6, 1], "tintindex": 0,"texture": "#0"},
				"west": {"uv": [0, 0, 1, 1], "tintindex": 0,"texture": "#0"},
				"up": {"uv": [0, 0, 1, 6], "rotation": 270, "tintindex": 0,"texture": "#0"},
				"down": {"uv": [0, 0, 1, 6], "rotation": 90, "tintindex": 0,"texture": "#0"}
			}
		},
		{
			"from": [4.928, 7.536, -3.43],
			"to": [5.528, 8.136, 0.17],
			"rotation": {"angle": 45, "axis": "y", "origin": [7.928, 7.836, -1.63]},
			"faces": {
				"north": {"uv": [0, 0, 1, 1], "tintindex": 0,"texture": "#0"},
				"east": {"uv": [0, 0, 6, 1], "tintindex": 0,"texture": "#0"},
				"south": {"uv": [0, 0, 1, 1], "tintindex": 0,"texture": "#0"},
				"west": {"uv": [0, 0, 6, 1], "tintindex": 0,"texture": "#0"},
				"up": {"uv": [0, 0, 1, 6], "rotation": 180, "tintindex": 0,"texture": "#0"},
				"down": {"uv": [0, 0, 1, 6], "rotation": 180, "tintindex": 0,"texture": "#0"}
			}
		},
		{
			"from": [6.128, 7.536, 0.77],
			"to": [9.728, 8.136, 1.37],
			"rotation": {"angle": 45, "axis": "y", "origin": [7.928, 7.836, -1.63]},
			"faces": {
				"north": {"uv": [0, 0, 6, 1], "tintindex": 0,"texture": "#0"},
				"east": {"uv": [0, 0, 1, 1], "tintindex": 0,"texture": "#0"},
				"south": {"uv": [0, 0, 6, 1], "tintindex": 0,"texture": "#0"},
				"west": {"uv": [0, 0, 1, 1], "tintindex": 0,"texture": "#0"},
				"up": {"uv": [0, 0, 1, 6], "rotation": 270, "tintindex": 0,"texture": "#0"},
				"down": {"uv": [0, 0, 1, 6], "rotation": 90, "tintindex": 0,"texture": "#0"}
			}
		},
		{
			"from": [10.328, 7.386, -3.43],
			"to": [10.928, 7.986, 0.17],
			"rotation": {"angle": 0, "axis": "y", "origin": [3.428, 4.836, -0.13]},
			"faces": {
				"north": {"uv": [0, 0, 1, 1], "tintindex": 0,"texture": "#0"},
				"east": {"uv": [0, 0, 6, 1], "tintindex": 0,"texture": "#0"},
				"south": {"uv": [0, 0, 1, 1], "tintindex": 0,"texture": "#0"},
				"west": {"uv": [0, 0, 6, 1], "tintindex": 0,"texture": "#0"},
				"up": {"uv": [0, 0, 1, 6], "tintindex": 0,"texture": "#0"},
				"down": {"uv": [0, 0, 1, 6], "tintindex": 0,"texture": "#0"}
			}
		},
		{
			"from": [10.328, 7.536, -3.43],
			"to": [10.928, 8.136, 0.17],
			"rotation": {"angle": 45, "axis": "y", "origin": [7.928, 7.836, -1.63]},
			"faces": {
				"north": {"uv": [0, 0, 1, 1], "tintindex": 0,"texture": "#0"},
				"east": {"uv": [0, 0, 6, 1], "tintindex": 0,"texture": "#0"},
				"south": {"uv": [0, 0, 1, 1], "tintindex": 0,"texture": "#0"},
				"west": {"uv": [0, 0, 6, 1], "tintindex": 0,"texture": "#0"},
				"up": {"uv": [0, 0, 1, 6], "rotation": 180, "tintindex": 0,"texture": "#0"},
				"down": {"uv": [0, 0, 1, 6], "rotation": 180, "tintindex": 0,"texture": "#0"}
			}
		},
		{
			"from": [6.128, 7.386, -4.63],
			"to": [9.728, 7.986, -4.03],
			"rotation": {"angle": 0, "axis": "y", "origin": [7.928, 7.836, -1.63]},
			"faces": {
				"north": {"uv": [0, 0, 6, 1], "tintindex": 0,"texture": "#0"},
				"east": {"uv": [0, 0, 1, 1], "tintindex": 0,"texture": "#0"},
				"south": {"uv": [0, 0, 6, 1], "tintindex": 0,"texture": "#0"},
				"west": {"uv": [0, 0, 1, 1], "tintindex": 0,"texture": "#0"},
				"up": {"uv": [0, 0, 1, 6], "rotation": 270, "tintindex": 0,"texture": "#0"},
				"down": {"uv": [0, 0, 1, 6], "rotation": 90, "tintindex": 0,"texture": "#0"}
			}
		},
		{
			"from": [6.128, 7.536, -4.63],
			"to": [9.728, 8.136, -4.03],
			"rotation": {"angle": 45, "axis": "y", "origin": [7.928, 7.836, -1.63]},
			"faces": {
				"north": {"uv": [0, 0, 6, 1], "tintindex": 0,"texture": "#0"},
				"east": {"uv": [0, 0, 1, 1], "tintindex": 0,"texture": "#0"},
				"south": {"uv": [0, 0, 6, 1], "tintindex": 0,"texture": "#0"},
				"west": {"uv": [0, 0, 1, 1], "tintindex": 0,"texture": "#0"},
				"up": {"uv": [0, 0, 1, 6], "rotation": 270, "tintindex": 0,"texture": "#0"},
				"down": {"uv": [0, 0, 1, 6], "rotation": 90, "tintindex": 0,"texture": "#0"}
			}
		},
		{
			"from": [4.928, 7.386, -3.43],
			"to": [5.528, 7.986, 0.17],
			"rotation": {"angle": 0, "axis": "y", "origin": [3.428, 4.836, -0.13]},
			"faces": {
				"north": {"uv": [0, 0, 1, 1], "tintindex": 0,"texture": "#0"},
				"east": {"uv": [0, 0, 6, 1], "tintindex": 0,"texture": "#0"},
				"south": {"uv": [0, 0, 1, 1], "tintindex": 0,"texture": "#0"},
				"west": {"uv": [0, 0, 6, 1], "tintindex": 0,"texture": "#0"},
				"up": {"uv": [0, 0, 1, 6], "tintindex": 0,"texture": "#0"},
				"down": {"uv": [0, 0, 1, 6], "tintindex": 0,"texture": "#0"}
			}
		},
		{
			"from": [4, 4.75, -5.5],
			"to": [12, 6.75, 2.5],
			"rotation": {"angle": 0, "axis": "y", "origin": [8, -2, -6]},
			"faces": {
				"north": {"uv": [0, 0, 8, 2], "tintindex": 0,"texture": "#4"},
				"east": {"uv": [0, 0, 8, 2], "tintindex": 0,"texture": "#4"},
				"south": {"uv": [0, 0, 8, 2], "tintindex": 0,"texture": "#4"},
				"west": {"uv": [0, 0, 8, 2], "tintindex": 0,"texture": "#4"},
				"up": {"uv": [0, 0, 8, 8], "tintindex": 0,"texture": "#4"},
				"down": {"uv": [0, 0, 1, 1], "rotation": 90, "tintindex": 0,"texture": "#3"}
			}
		},
		{
			"from": [3.2, 2.55, -6.3],
			"to": [12.8, 4.95, 3.3],
			"rotation": {"angle": 45, "axis": "y", "origin": [8, 5.75, -1.5]},
			"faces": {
				"north": {"uv": [0, 0, 8, 2], "tintindex": 0,"texture": "#4"},
				"east": {"uv": [0, 0, 8, 2], "tintindex": 0,"texture": "#4"},
				"south": {"uv": [0, 0, 8, 2], "tintindex": 0,"texture": "#4"},
				"west": {"uv": [0, 0, 8, 2], "tintindex": 0,"texture": "#4"},
				"up": {"uv": [0, 0, 8, 8], "tintindex": 0,"texture": "#4"},
				"down": {"uv": [0, 0, 1, 1], "rotation": 90, "tintindex": 0,"texture": "#3"}
			}
		},
		{
			"from": [3.5, -13, 9],
			"to": [12.5, -3, 11],
			"rotation": {"angle": -22.5, "axis": "x", "origin": [8, -7, 6]},
			"faces": {
				"north": {"uv": [0, 0, 9, 10], "tintindex": 0,"texture": "#0"},
				"east": {"uv": [0, 0, 2, 10], "tintindex": 0,"texture": "#0"},
				"south": {"uv": [0, 0, 9, 10], "tintindex": 0,"texture": "#0"},
				"west": {"uv": [0, 0, 2, 10], "tintindex": 0,"texture": "#0"},
				"up": {"uv": [0, 0, 9, 2], "tintindex": 0,"texture": "#0"},
				"down": {"uv": [0, 0, 9, 2], "tintindex": 0,"texture": "#0"}
			}
		},
		{
			"from": [4, -4, 5],
			"to": [12, 5, 7],
			"rotation": {"angle": -45, "axis": "x", "origin": [8, 0.5, 6]},
			"faces": {
				"north": {"uv": [0, 0, 8, 9], "tintindex": 0,"texture": "#0"},
				"east": {"uv": [0, 0, 2, 9], "tintindex": 0,"texture": "#0"},
				"south": {"uv": [0, 0, 8, 9], "tintindex": 0,"texture": "#0"},
				"west": {"uv": [0, 0, 2, 9], "tintindex": 0,"texture": "#0"},
				"up": {"uv": [0, 0, 8, 2], "tintindex": 0,"texture": "#0"},
				"down": {"uv": [0, 0, 8, 2], "tintindex": 0,"texture": "#0"}
			}
		},
		{
			"from": [4, -4, -10],
			"to": [12, 5, -8],
			"rotation": {"angle": 45, "axis": "x", "origin": [8, 0.5, -9]},
			"faces": {
				"north": {"uv": [8, 0, 16, 9], "tintindex": 0,"texture": "#0"},
				"east": {"uv": [2, 0, 4, 9], "tintindex": 0,"texture": "#0"},
				"south": {"uv": [8, 0, 16, 9], "tintindex": 0,"texture": "#0"},
				"west": {"uv": [2, 0, 4, 9], "tintindex": 0,"texture": "#0"},
				"up": {"uv": [0, 2, 8, 4], "tintindex": 0,"texture": "#0"},
				"down": {"uv": [0, 2, 8, 4], "tintindex": 0,"texture": "#0"}
			}
		},
		{
			"from": [3.5, -13, -14],
			"to": [12.5, -3, -12],
			"rotation": {"angle": 22.5, "axis": "x", "origin": [8, -7, -9]},
			"faces": {
				"north": {"uv": [7, 0, 16, 10], "tintindex": 0,"texture": "#0"},
				"east": {"uv": [2, 0, 4, 10], "tintindex": 0,"texture": "#0"},
				"south": {"uv": [7, 0, 16, 10], "tintindex": 0,"texture": "#0"},
				"west": {"uv": [2, 0, 4, 10], "tintindex": 0,"texture": "#0"},
				"up": {"uv": [0, 2, 9, 4], "tintindex": 0,"texture": "#0"},
				"down": {"uv": [0, 2, 9, 4], "tintindex": 0,"texture": "#0"}
			}
		},
		{
			"from": [-1.12086, -10.47037, -5.5],
			"to": [0.87914, -1.47037, 2.5],
			"rotation": {"angle": -45, "axis": "z", "origin": [8, -3.48463, -1.5]},
			"faces": {
				"north": {"uv": [0, 0, 2, 9], "tintindex": 0,"texture": "#0"},
				"east": {"uv": [0, 0, 8, 9], "tintindex": 0,"texture": "#0"},
				"south": {"uv": [0, 0, 2, 9], "tintindex": 0,"texture": "#0"},
				"west": {"uv": [0, 0, 8, 9], "tintindex": 0,"texture": "#0"},
				"up": {"uv": [0, 0, 8, 2], "rotation": 90, "tintindex": 0,"texture": "#0"},
				"down": {"uv": [0, 0, 8, 2], "rotation": 270, "tintindex": 0,"texture": "#0"}
			}
		},
		{
			"from": [-1.81846, -15.45029, -6],
			"to": [0.18154, -5.45029, 3],
			"rotation": {"angle": -22.5, "axis": "z", "origin": [8, -1.48463, -1.5]},
			"faces": {
				"north": {"uv": [0, 0, 2, 10], "tintindex": 0,"texture": "#0"},
				"east": {"uv": [0, 0, 9, 10], "tintindex": 0,"texture": "#0"},
				"south": {"uv": [0, 0, 2, 10], "tintindex": 0,"texture": "#0"},
				"west": {"uv": [0, 0, 9, 10], "tintindex": 0,"texture": "#0"},
				"up": {"uv": [0, 0, 9, 2], "rotation": 90, "tintindex": 0,"texture": "#0"},
				"down": {"uv": [0, 0, 9, 2], "rotation": 270, "tintindex": 0,"texture": "#0"}
			}
		},
		{
			"from": [15.12086, -10.47037, -5.5],
			"to": [17.12086, -1.47037, 2.5],
			"rotation": {"angle": 45, "axis": "z", "origin": [8, -3.48463, -1.5]},
			"faces": {
				"north": {"uv": [2, 0, 4, 9], "tintindex": 0,"texture": "#0"},
				"east": {"uv": [8, 0, 16, 9], "tintindex": 0,"texture": "#0"},
				"south": {"uv": [2, 0, 4, 9], "tintindex": 0,"texture": "#0"},
				"west": {"uv": [8, 0, 16, 9], "tintindex": 0,"texture": "#0"},
				"up": {"uv": [0, 2, 8, 4], "rotation": 90, "tintindex": 0,"texture": "#0"},
				"down": {"uv": [0, 2, 8, 4], "rotation": 270, "tintindex": 0,"texture": "#0"}
			}
		},
		{
			"from": [15.81846, -15.45029, -6],
			"to": [17.81846, -5.45029, 3],
			"rotation": {"angle": 22.5, "axis": "z", "origin": [8, -1.48463, -1.5]},
			"faces": {
				"north": {"uv": [2, 0, 4, 10], "tintindex": 0,"texture": "#0"},
				"east": {"uv": [7, 0, 16, 10], "tintindex": 0,"texture": "#0"},
				"south": {"uv": [2, 0, 4, 10], "tintindex": 0,"texture": "#0"},
				"west": {"uv": [7, 0, 16, 10], "tintindex": 0,"texture": "#0"},
				"up": {"uv": [0, 2, 9, 4], "rotation": 90, "tintindex": 0,"texture": "#0"},
				"down": {"uv": [0, 2, 9, 4], "rotation": 270, "tintindex": 0,"texture": "#0"}
			}
		},
		{
			"from": [2, -3, -7],
			"to": [14, 2, 5],
			"rotation": {"angle": 0, "axis": "y", "origin": [8, -0.5, -1]},
			"faces": {
				"north": {"uv": [0, 0, 12, 5], "tintindex": 0,"texture": "#0"},
				"east": {"uv": [0, 0, 12, 5], "tintindex": 0,"texture": "#0"},
				"south": {"uv": [0, 0, 12, 5], "tintindex": 0,"texture": "#0"},
				"west": {"uv": [0, 0, 12, 5], "tintindex": 0,"texture": "#0"},
				"up": {"uv": [0, 0, 12, 12], "tintindex": 0,"texture": "#0"},
				"down": {"uv": [0, 0, 1, 1], "rotation": 90, "tintindex": 0,"texture": "#3"}
			}
		},
		{
			"from": [0, -8, -10],
			"to": [16, -3, 6],
			"rotation": {"angle": 45, "axis": "y", "origin": [8, -6.5, -2]},
			"faces": {
				"north": {"uv": [0, 0, 16, 5], "tintindex": 0,"texture": "#0"},
				"east": {"uv": [0, 0, 16, 5], "tintindex": 0,"texture": "#0"},
				"south": {"uv": [0, 0, 16, 5], "tintindex": 0,"texture": "#0"},
				"west": {"uv": [0, 0, 16, 5], "tintindex": 0,"texture": "#0"},
				"up": {"uv": [0, 0, 16, 16], "tintindex": 0,"texture": "#0"},
				"down": {"uv": [0, 0, 1, 1], "rotation": 90, "tintindex": 0,"texture": "#3"}
			}
		},
		{
			"from": [-2, -9, -11.5],
			"to": [18, -5, 8.5],
			"rotation": {"angle": 0, "axis": "y", "origin": [8, -11.5, -2]},
			"faces": {
				"north": {"uv": [0, 0, 16, 4], "tintindex": 0,"texture": "#0"},
				"east": {"uv": [0, 0, 16, 4], "tintindex": 0,"texture": "#0"},
				"south": {"uv": [0, 0, 16, 4], "tintindex": 0,"texture": "#0"},
				"west": {"uv": [0, 0, 16, 4], "tintindex": 0,"texture": "#0"},
				"up": {"uv": [0, 0, 16, 16], "rotation": 270, "tintindex": 0,"texture": "#0"},
				"down": {"uv": [0, 0, 1, 1], "rotation": 90, "tintindex": 0,"texture": "#3"}
			}
		}
	],
	"display": {
		"head": {
			"rotation": [0, -180, 0],
			"translation": [0, -39.5, -38.25],
			"scale": [4, 4, 4]
		}
	}
}