{
	"credit": "Made with Blockbench",
	"textures": {
		"0": "block/quartz_pillar",
		"6": "block/chiseled_quartz_block",
		"7": "block/dispenser_front_vertical",
		"particle": "block/quartz_pillar"
	},
	"elements": [
		{
			"from": [-9, 13, -6],
			"to": [-1, 21, 2],
			"rotation": {"angle": 0, "axis": "y", "origin": [0, 0, -10]},
			"faces": {
				"north": {"uv": [0, 0, 15.7, 15.5], "tintindex": 0,"texture": "#6"},
				"east": {"uv": [0, 0, 15.7, 15.5], "tintindex": 0,"texture": "#6"},
				"south": {"uv": [0, 0, 15.7, 15.5], "tintindex": 0,"texture": "#6"},
				"west": {"uv": [0, 0, 15.7, 15.5], "tintindex": 0,"texture": "#6"},
				"up": {"uv": [0, 0, 15.7, 15.5], "tintindex": 0,"texture": "#6"},
				"down": {"uv": [0, 0, 15.7, 15.5], "tintindex": 0,"texture": "#6"}
			}
		},
		{
			"from": [-6.5, 18.25, -14],
			"to": [-3.5, 21.25, -1],
			"rotation": {"angle": 22.5, "axis": "x", "origin": [8, 16.75, -7.5]},
			"faces": {
				"north": {"uv": [0, 0, 3, 3], "tintindex": 0,"texture": "#0"},
				"east": {"uv": [0, 0, 13, 3], "tintindex": 0,"texture": "#0"},
				"south": {"uv": [0, 0, 3, 3], "tintindex": 0,"texture": "#0"},
				"west": {"uv": [0, 0, 13, 3], "tintindex": 0,"texture": "#0"},
				"up": {"uv": [0, 0, 3, 13], "tintindex": 0,"texture": "#0"},
				"down": {"uv": [0, 0, 3, 13], "tintindex": 0,"texture": "#0"}
			}
		},
		{
			"from": [-6.5, 23, -14],
			"to": [-3.5, 26, -1],
			"rotation": {"angle": 45, "axis": "x", "origin": [-5, 20.5, -7.5]},
			"faces": {
				"north": {"uv": [0, 0, 3, 3], "tintindex": 0,"texture": "#0"},
				"east": {"uv": [0, 0, 13, 3], "tintindex": 0,"texture": "#0"},
				"south": {"uv": [0, 0, 3, 3], "tintindex": 0,"texture": "#0"},
				"west": {"uv": [0, 0, 13, 3], "tintindex": 0,"texture": "#0"},
				"up": {"uv": [0, 0, 3, 13], "tintindex": 0,"texture": "#0"},
				"down": {"uv": [0, 0, 3, 13], "tintindex": 0,"texture": "#0"}
			}
		},
		{
			"from": [-6, 6, -3],
			"to": [-4, 17, -1],
			"rotation": {"angle": 0, "axis": "y", "origin": [0, 0, -10]},
			"faces": {
				"north": {"uv": [0, 0, 2, 11], "tintindex": 0,"texture": "#0"},
				"east": {"uv": [0, 0, 2, 11], "tintindex": 0,"texture": "#0"},
				"south": {"uv": [0, 0, 2, 11], "tintindex": 0,"texture": "#0"},
				"west": {"uv": [0, 0, 2, 11], "tintindex": 0,"texture": "#0"},
				"up": {"uv": [0, 0, 2, 2], "tintindex": 0,"texture": "#0"},
				"down": {"uv": [0, 0, 2, 2], "tintindex": 0,"texture": "#0"}
			}
		},
		{
			"from": [-8.5, 0.5, -7],
			"to": [-2.5, 6.5, 8],
			"rotation": {"angle": 22.5, "axis": "x", "origin": [21, 3, -2]},
			"faces": {
				"north": {"uv": [0, 0, 6, 6], "rotation": 180, "tintindex": 0,"texture": "#0"},
				"east": {"uv": [0, 0, 6, 15], "rotation": 90, "tintindex": 0,"texture": "#0"},
				"south": {"uv": [0, 0, 6, 6], "tintindex": 0,"texture": "#0"},
				"west": {"uv": [0, 0, 6, 15], "rotation": 270, "tintindex": 0,"texture": "#0"},
				"up": {"uv": [0, 0, 6, 15], "tintindex": 0,"texture": "#0"},
				"down": {"uv": [0, 0, 6, 15], "rotation": 180, "tintindex": 0,"texture": "#0"}
			}
		},
		{
			"from": [-9.5, -4.05374, 2.70182],
			"to": [-1.5, 3.94626, 10.70182],
			"rotation": {"angle": 22.5, "axis": "x", "origin": [-5, -0.55374, 6.70182]},
			"faces": {
				"north": {"uv": [0, 0, 8, 8], "tintindex": 0,"texture": "#6"},
				"east": {"uv": [0, 0, 16, 15.8], "tintindex": 0,"texture": "#6"},
				"south": {"uv": [0, 0, 16, 15.8], "tintindex": 0,"texture": "#6"},
				"west": {"uv": [0, 0, 16, 15.8], "tintindex": 0,"texture": "#6"},
				"up": {"uv": [0, 0, 16, 15.8], "tintindex": 0,"texture": "#6"},
				"down": {"uv": [0, 0, 16, 15.8], "tintindex": 0,"texture": "#6"}
			}
		},
		{
			"from": [-5, -6, 12],
			"to": [-3, -4, 26],
			"rotation": {"angle": 22.5, "axis": "x", "origin": [1, 1, 24]},
			"faces": {
				"north": {"uv": [9, 3, 11, 5], "tintindex": 0,"texture": "#7"},
				"east": {"uv": [1, 2, 15, 4], "tintindex": 0,"texture": "#7"},
				"south": {"uv": [5, 5, 11, 11], "tintindex": 0,"texture": "#7"},
				"west": {"uv": [1, 1, 15, 3], "tintindex": 0,"texture": "#7"},
				"up": {"uv": [13, 1, 15, 15], "tintindex": 0,"texture": "#7"},
				"down": {"uv": [2, 1, 4, 15], "tintindex": 0,"texture": "#7"}
			}
		},
		{
			"from": [-8, -6, 12],
			"to": [-6, -4, 26],
			"rotation": {"angle": 22.5, "axis": "x", "origin": [1, 1, 24]},
			"faces": {
				"north": {"uv": [9, 3, 11, 5], "tintindex": 0,"texture": "#7"},
				"east": {"uv": [1, 2, 15, 4], "tintindex": 0,"texture": "#7"},
				"south": {"uv": [5, 5, 11, 11], "tintindex": 0,"texture": "#7"},
				"west": {"uv": [1, 1, 15, 3], "tintindex": 0,"texture": "#7"},
				"up": {"uv": [13, 1, 15, 15], "tintindex": 0,"texture": "#7"},
				"down": {"uv": [2, 1, 4, 15], "tintindex": 0,"texture": "#7"}
			}
		},
		{
			"from": [-5, -9, 13],
			"to": [-3, -7, 26],
			"rotation": {"angle": 22.5, "axis": "x", "origin": [1, 1, 24]},
			"faces": {
				"north": {"uv": [9, 3, 11, 5], "tintindex": 0,"texture": "#7"},
				"east": {"uv": [1, 2, 15, 4], "tintindex": 0,"texture": "#7"},
				"south": {"uv": [5, 5, 11, 11], "tintindex": 0,"texture": "#7"},
				"west": {"uv": [1, 1, 15, 3], "tintindex": 0,"texture": "#7"},
				"up": {"uv": [13, 1, 15, 15], "tintindex": 0,"texture": "#7"},
				"down": {"uv": [2, 1, 4, 15], "tintindex": 0,"texture": "#7"}
			}
		},
		{
			"from": [-8, -9, 12],
			"to": [-6, -7, 26],
			"rotation": {"angle": 22.5, "axis": "x", "origin": [1, 1, 24]},
			"faces": {
				"north": {"uv": [9, 3, 11, 5], "tintindex": 0,"texture": "#7"},
				"east": {"uv": [1, 2, 15, 4], "tintindex": 0,"texture": "#7"},
				"south": {"uv": [5, 5, 11, 11], "tintindex": 0,"texture": "#7"},
				"west": {"uv": [1, 1, 15, 3], "tintindex": 0,"texture": "#7"},
				"up": {"uv": [13, 1, 15, 15], "tintindex": 0,"texture": "#7"},
				"down": {"uv": [2, 1, 4, 15], "tintindex": 0,"texture": "#7"}
			}
		}
	],
	"display": {
		"head": {
			"rotation": [0, -180, 0],
			"translation": [-52.25, -39.5, -39.75],
			"scale": [4, 4, 4]
		}
	}
}