{
	"credit": "Made with Blockbench",
	"textures": {
		"0": "block/sea_lantern",
		"particle": "block/sea_lantern"
	},
	"elements": [
		{
			"from": [6, 0, 6],
			"to": [10, 32, 10],
			"rotation": {"angle": 0, "axis": "y", "origin": [8, 16, 8]},
			"faces": {
				"north": {"uv": [6, 0, 10, 16], "tintindex": 0,"texture": "#0"},
				"east": {"uv": [6, 0, 10, 16], "tintindex": 0,"texture": "#0"},
				"south": {"uv": [6, 0, 10, 16], "tintindex": 0,"texture": "#0"},
				"west": {"uv": [6, 0, 10, 16], "tintindex": 0,"texture": "#0"},
				"up": {"uv": [0, 0, 2, 2], "tintindex": 0,"texture": "#0"},
				"down": {"uv": [0, 0, 2, 2], "tintindex": 0,"texture": "#0"}
			}
		}
	],
	"display": {
		"head": {
			"rotation": [0, -90, 90],
			"translation": [0, -0.5, -1]
		}
	}
}