{
	"credit": "Made with Blockbench",
	"textures": {
		"3": "block/soul_campfire_fire",
		"particle": "block/soul_campfire_fire"
	},
	"elements": [
		{
			"from": [7, 0, 4],
			"to": [9, 32, 12],
			"rotation": {"angle": 0, "axis": "y", "origin": [8, 16, 8]},
			"faces": {
				"north": {"uv": [11, 0, 13, 16], "tintindex": 0,"texture": "#3"},
				"east": {"uv": [4, 0, 12, 16], "tintindex": 0,"texture": "#3"},
				"south": {"uv": [3, 0, 5, 16], "tintindex": 0,"texture": "#3"},
				"west": {"uv": [4, 0, 12, 16], "tintindex": 0,"texture": "#3"},
				"up": {"uv": [0, 0, 2, 8], "tintindex": 0,"texture": "#3"},
				"down": {"uv": [0, 0, 2, 8], "tintindex": 0,"texture": "#3"}
			}
		},
		{
			"from": [4.9, -16, 2.9],
			"to": [6.9, 14, 5.9],
			"faces": {
				"north": {"uv": [7, 0, 9, 16], "tintindex": 0,"texture": "#3"},
				"east": {"uv": [7, 0, 10, 16], "tintindex": 0,"texture": "#3"},
				"south": {"uv": [8, 0, 10, 16], "tintindex": 0,"texture": "#3"},
				"west": {"uv": [6, 0, 9, 16], "tintindex": 0,"texture": "#3"},
				"up": {"uv": [0, 0, 2, 3], "tintindex": 0,"texture": "#3"},
				"down": {"uv": [0, 0, 2, 3], "tintindex": 0,"texture": "#3"}
			}
		},
		{
			"from": [4.9, -16, 9.1],
			"to": [6.9, 14, 12.1],
			"faces": {
				"north": {"uv": [7, 0, 9, 16], "tintindex": 0,"texture": "#3"},
				"east": {"uv": [7, 0, 10, 16], "tintindex": 0,"texture": "#3"},
				"south": {"uv": [8, 0, 10, 16], "tintindex": 0,"texture": "#3"},
				"west": {"uv": [6, 0, 9, 16], "tintindex": 0,"texture": "#3"},
				"up": {"uv": [0, 0, 2, 3], "tintindex": 0,"texture": "#3"},
				"down": {"uv": [0, 0, 2, 3], "tintindex": 0,"texture": "#3"}
			}
		},
		{
			"from": [9.1, -16, 9.1],
			"to": [11.1, 14, 12.1],
			"faces": {
				"north": {"uv": [7, 0, 9, 16], "tintindex": 0,"texture": "#3"},
				"east": {"uv": [7, 0, 10, 16], "tintindex": 0,"texture": "#3"},
				"south": {"uv": [8, 0, 10, 16], "tintindex": 0,"texture": "#3"},
				"west": {"uv": [6, 0, 9, 16], "tintindex": 0,"texture": "#3"},
				"up": {"uv": [0, 0, 2, 3], "tintindex": 0,"texture": "#3"},
				"down": {"uv": [0, 0, 2, 3], "tintindex": 0,"texture": "#3"}
			}
		},
		{
			"from": [9.1, -16, 2.9],
			"to": [11.1, 14, 5.9],
			"faces": {
				"north": {"uv": [7, 0, 9, 16], "tintindex": 0,"texture": "#3"},
				"east": {"uv": [7, 0, 10, 16], "tintindex": 0,"texture": "#3"},
				"south": {"uv": [8, 0, 10, 16], "tintindex": 0,"texture": "#3"},
				"west": {"uv": [6, 0, 9, 16], "tintindex": 0,"texture": "#3"},
				"up": {"uv": [0, 0, 2, 3], "tintindex": 0,"texture": "#3"},
				"down": {"uv": [0, 0, 2, 3], "tintindex": 0,"texture": "#3"}
			}
		},
		{
			"from": [9.1, -8, 6],
			"to": [11.1, 22, 9],
			"faces": {
				"north": {"uv": [7, 0, 9, 16], "tintindex": 0,"texture": "#3"},
				"east": {"uv": [7, 0, 10, 16], "tintindex": 0,"texture": "#3"},
				"south": {"uv": [8, 0, 10, 16], "tintindex": 0,"texture": "#3"},
				"west": {"uv": [6, 0, 9, 16], "tintindex": 0,"texture": "#3"},
				"up": {"uv": [0, 0, 2, 3], "tintindex": 0,"texture": "#3"},
				"down": {"uv": [0, 0, 2, 3], "tintindex": 0,"texture": "#3"}
			}
		},
		{
			"from": [4.9, -8, 6],
			"to": [6.9, 22, 9],
			"faces": {
				"north": {"uv": [7, 0, 9, 16], "tintindex": 0,"texture": "#3"},
				"east": {"uv": [7, 0, 10, 16], "tintindex": 0,"texture": "#3"},
				"south": {"uv": [8, 0, 10, 16], "tintindex": 0,"texture": "#3"},
				"west": {"uv": [6, 0, 9, 16], "tintindex": 0,"texture": "#3"},
				"up": {"uv": [0, 0, 2, 3], "tintindex": 0,"texture": "#3"},
				"down": {"uv": [0, 0, 2, 3], "tintindex": 0,"texture": "#3"}
			}
		},
		{
			"from": [7, -16, 12.1],
			"to": [9, 20, 15.1],
			"faces": {
				"north": {"uv": [7, 0, 9, 16], "tintindex": 0,"texture": "#3"},
				"east": {"uv": [6, 0, 9, 16], "tintindex": 0,"texture": "#3"},
				"south": {"uv": [6, 0, 8, 16], "tintindex": 0,"texture": "#3"},
				"west": {"uv": [7, 0, 10, 16], "tintindex": 0,"texture": "#3"},
				"up": {"uv": [0, 0, 2, 3], "tintindex": 0,"texture": "#3"},
				"down": {"uv": [0, 0, 2, 3], "tintindex": 0,"texture": "#3"}
			}
		},
		{
			"from": [7, -16, 0.9],
			"to": [9, 20, 3.9],
			"faces": {
				"north": {"uv": [7, 0, 9, 16], "tintindex": 0,"texture": "#3"},
				"east": {"uv": [6, 0, 9, 16], "tintindex": 0,"texture": "#3"},
				"south": {"uv": [6, 0, 8, 16], "tintindex": 0,"texture": "#3"},
				"west": {"uv": [7, 0, 10, 16], "tintindex": 0,"texture": "#3"},
				"up": {"uv": [0, 0, 2, 3], "tintindex": 0,"texture": "#3"},
				"down": {"uv": [0, 0, 2, 3], "tintindex": 0,"texture": "#3"}
			}
		}
	],
	"display": {
		"head": {
			"rotation": [0, -90, 90],
			"translation": [-1.75, -4.75, -80],
			"scale": [4, 4, 4]
		}
	}
}