{
	"credit": "Made with Blockbench",
	"textures": {
		"0": "block/quartz_pillar",
		"1": "block/blue_glazed_terracotta",
		"4": "block/chiseled_quartz_block_top",
		"particle": "block/quartz_pillar"
	},
	"elements": [
		{
			"from": [0, 16.82843, -10.75],
			"to": [16, 17.82843, -9.75],
			"rotation": {"angle": 0, "axis": "z", "origin": [7.82843, 20.32843, -10.25]},
			"faces": {
				"north": {"uv": [0, 0, 16, 1], "tintindex": 0,"texture": "#4"},
				"east": {"uv": [0, 0, 1, 1], "tintindex": 0,"texture": "#4"},
				"south": {"uv": [0, 0, 16, 1], "tintindex": 0,"texture": "#4"},
				"west": {"uv": [0, 0, 1, 1], "tintindex": 0,"texture": "#4"},
				"up": {"uv": [0, 0, 16, 1], "tintindex": 0,"texture": "#4"},
				"down": {"uv": [0, 0, 16, 1], "tintindex": 0,"texture": "#4"}
			}
		},
		{
			"from": [5, 14, -11],
			"to": [11, 22, -8],
			"rotation": {"angle": 0, "axis": "y", "origin": [0, -3, -10]},
			"faces": {
				"north": {"uv": [0, 0, 6, 8], "tintindex": 0,"texture": "#0"},
				"east": {"uv": [0, 0, 3, 8], "tintindex": 0,"texture": "#0"},
				"south": {"uv": [0, 0, 6, 8], "tintindex": 0,"texture": "#0"},
				"west": {"uv": [0, 0, 3, 8], "tintindex": 0,"texture": "#0"},
				"up": {"uv": [0, 0, 6, 3], "tintindex": 0,"texture": "#0"},
				"down": {"uv": [0, 0, 6, 3], "tintindex": 0,"texture": "#0"}
			}
		},
		{
			"from": [2, 11, -11],
			"to": [5, 19, -8],
			"rotation": {"angle": 0, "axis": "y", "origin": [0, -3, -10]},
			"faces": {
				"north": {"uv": [0, 0, 3, 8], "tintindex": 0,"texture": "#0"},
				"east": {"uv": [0, 0, 3, 8], "tintindex": 0,"texture": "#0"},
				"south": {"uv": [0, 0, 3, 8], "tintindex": 0,"texture": "#0"},
				"west": {"uv": [0, 0, 3, 8], "tintindex": 0,"texture": "#0"},
				"up": {"uv": [0, 0, 3, 3], "tintindex": 0,"texture": "#0"},
				"down": {"uv": [0, 0, 3, 3], "tintindex": 0,"texture": "#0"}
			}
		},
		{
			"from": [11, 11, -11],
			"to": [14, 19, -8],
			"rotation": {"angle": 0, "axis": "y", "origin": [0, -3, -10]},
			"faces": {
				"north": {"uv": [0, 0, 3, 8], "tintindex": 0,"texture": "#0"},
				"east": {"uv": [0, 0, 3, 8], "tintindex": 0,"texture": "#0"},
				"south": {"uv": [0, 0, 3, 8], "tintindex": 0,"texture": "#0"},
				"west": {"uv": [0, 0, 3, 8], "tintindex": 0,"texture": "#0"},
				"up": {"uv": [0, 0, 3, 3], "tintindex": 0,"texture": "#0"},
				"down": {"uv": [0, 0, 3, 3], "tintindex": 0,"texture": "#0"}
			}
		},
		{
			"from": [-0.5, 16.25, -11.25],
			"to": [1.5, 18.25, -9.25],
			"rotation": {"angle": 0, "axis": "y", "origin": [0, -3, -10]},
			"faces": {
				"north": {"uv": [0, 0, 16, 16], "tintindex": 0,"texture": "#1"},
				"east": {"uv": [0, 0, 16, 16], "tintindex": 0,"texture": "#1"},
				"south": {"uv": [0, 0, 16, 16], "tintindex": 0,"texture": "#1"},
				"west": {"uv": [0, 0, 16, 16], "tintindex": 0,"texture": "#1"},
				"up": {"uv": [0, 0, 16, 16], "tintindex": 0,"texture": "#1"},
				"down": {"uv": [0, 0, 16, 16], "tintindex": 0,"texture": "#1"}
			}
		},
		{
			"from": [15.5, 16.25, -11.25],
			"to": [17.5, 18.25, -9.25],
			"rotation": {"angle": 0, "axis": "y", "origin": [0, -3, -10]},
			"faces": {
				"north": {"uv": [0, 0, 16, 16], "tintindex": 0,"texture": "#1"},
				"east": {"uv": [0, 0, 16, 16], "tintindex": 0,"texture": "#1"},
				"south": {"uv": [0, 0, 16, 16], "tintindex": 0,"texture": "#1"},
				"west": {"uv": [0, 0, 16, 16], "tintindex": 0,"texture": "#1"},
				"up": {"uv": [0, 0, 16, 16], "tintindex": 0,"texture": "#1"},
				"down": {"uv": [0, 0, 16, 16], "tintindex": 0,"texture": "#1"}
			}
		},
		{
			"from": [-6, 1.25, -15.25],
			"to": [-4, 3.25, -13.25],
			"rotation": {"angle": 0, "axis": "y", "origin": [0, -3, -10]},
			"faces": {
				"north": {"uv": [0, 0, 16, 16], "tintindex": 0,"texture": "#1"},
				"east": {"uv": [0, 0, 16, 16], "tintindex": 0,"texture": "#1"},
				"south": {"uv": [0, 0, 16, 16], "tintindex": 0,"texture": "#1"},
				"west": {"uv": [0, 0, 16, 16], "tintindex": 0,"texture": "#1"},
				"up": {"uv": [0, 0, 16, 16], "tintindex": 0,"texture": "#1"},
				"down": {"uv": [0, 0, 16, 16], "tintindex": 0,"texture": "#1"}
			}
		},
		{
			"from": [20, 1.25, -15.25],
			"to": [22, 3.25, -13.25],
			"rotation": {"angle": 0, "axis": "y", "origin": [0, -3, -10]},
			"faces": {
				"north": {"uv": [0, 0, 16, 16], "tintindex": 0,"texture": "#1"},
				"east": {"uv": [0, 0, 16, 16], "tintindex": 0,"texture": "#1"},
				"south": {"uv": [0, 0, 16, 16], "tintindex": 0,"texture": "#1"},
				"west": {"uv": [0, 0, 16, 16], "tintindex": 0,"texture": "#1"},
				"up": {"uv": [0, 0, 16, 16], "tintindex": 0,"texture": "#1"},
				"down": {"uv": [0, 0, 16, 16], "tintindex": 0,"texture": "#1"}
			}
		},
		{
			"from": [-6, 11.25, -11.25],
			"to": [-4, 13.25, -9.25],
			"rotation": {"angle": 0, "axis": "y", "origin": [0, -3, -10]},
			"faces": {
				"north": {"uv": [0, 0, 16, 16], "tintindex": 0,"texture": "#1"},
				"east": {"uv": [0, 0, 16, 16], "tintindex": 0,"texture": "#1"},
				"south": {"uv": [0, 0, 16, 16], "tintindex": 0,"texture": "#1"},
				"west": {"uv": [0, 0, 16, 16], "tintindex": 0,"texture": "#1"},
				"up": {"uv": [0, 0, 16, 16], "tintindex": 0,"texture": "#1"},
				"down": {"uv": [0, 0, 16, 16], "tintindex": 0,"texture": "#1"}
			}
		},
		{
			"from": [20, 11.25, -11.25],
			"to": [22, 13.25, -9.25],
			"rotation": {"angle": 0, "axis": "y", "origin": [0, -3, -10]},
			"faces": {
				"north": {"uv": [0, 0, 16, 16], "tintindex": 0,"texture": "#1"},
				"east": {"uv": [0, 0, 16, 16], "tintindex": 0,"texture": "#1"},
				"south": {"uv": [0, 0, 16, 16], "tintindex": 0,"texture": "#1"},
				"west": {"uv": [0, 0, 16, 16], "tintindex": 0,"texture": "#1"},
				"up": {"uv": [0, 0, 16, 16], "tintindex": 0,"texture": "#1"},
				"down": {"uv": [0, 0, 16, 16], "tintindex": 0,"texture": "#1"}
			}
		},
		{
			"from": [23.5, 3.25, -11.25],
			"to": [25.5, 5.25, -9.25],
			"rotation": {"angle": 0, "axis": "y", "origin": [0, -3, -10]},
			"faces": {
				"north": {"uv": [0, 0, 16, 16], "tintindex": 0,"texture": "#1"},
				"east": {"uv": [0, 0, 16, 16], "tintindex": 0,"texture": "#1"},
				"south": {"uv": [0, 0, 16, 16], "tintindex": 0,"texture": "#1"},
				"west": {"uv": [0, 0, 16, 16], "tintindex": 0,"texture": "#1"},
				"up": {"uv": [0, 0, 16, 16], "tintindex": 0,"texture": "#1"},
				"down": {"uv": [0, 0, 16, 16], "tintindex": 0,"texture": "#1"}
			}
		},
		{
			"from": [17.25, 3.25, -11.25],
			"to": [19.25, 5.25, -9.25],
			"rotation": {"angle": 0, "axis": "y", "origin": [0, -3, -10]},
			"faces": {
				"north": {"uv": [0, 0, 16, 16], "tintindex": 0,"texture": "#1"},
				"east": {"uv": [0, 0, 16, 16], "tintindex": 0,"texture": "#1"},
				"south": {"uv": [0, 0, 16, 16], "tintindex": 0,"texture": "#1"},
				"west": {"uv": [0, 0, 16, 16], "tintindex": 0,"texture": "#1"},
				"up": {"uv": [0, 0, 16, 16], "tintindex": 0,"texture": "#1"},
				"down": {"uv": [0, 0, 16, 16], "tintindex": 0,"texture": "#1"}
			}
		},
		{
			"from": [-9.5, 3.25, -11.25],
			"to": [-7.5, 5.25, -9.25],
			"rotation": {"angle": 0, "axis": "y", "origin": [0, -3, -10]},
			"faces": {
				"north": {"uv": [0, 0, 16, 16], "tintindex": 0,"texture": "#1"},
				"east": {"uv": [0, 0, 16, 16], "tintindex": 0,"texture": "#1"},
				"south": {"uv": [0, 0, 16, 16], "tintindex": 0,"texture": "#1"},
				"west": {"uv": [0, 0, 16, 16], "tintindex": 0,"texture": "#1"},
				"up": {"uv": [0, 0, 16, 16], "tintindex": 0,"texture": "#1"},
				"down": {"uv": [0, 0, 16, 16], "tintindex": 0,"texture": "#1"}
			}
		},
		{
			"from": [-3.25, 3.25, -11.25],
			"to": [-1.25, 5.25, -9.25],
			"rotation": {"angle": 0, "axis": "y", "origin": [0, -3, -10]},
			"faces": {
				"north": {"uv": [0, 0, 16, 16], "tintindex": 0,"texture": "#1"},
				"east": {"uv": [0, 0, 16, 16], "tintindex": 0,"texture": "#1"},
				"south": {"uv": [0, 0, 16, 16], "tintindex": 0,"texture": "#1"},
				"west": {"uv": [0, 0, 16, 16], "tintindex": 0,"texture": "#1"},
				"up": {"uv": [0, 0, 16, 16], "tintindex": 0,"texture": "#1"},
				"down": {"uv": [0, 0, 16, 16], "tintindex": 0,"texture": "#1"}
			}
		},
		{
			"from": [-2.97487, 10.64645, -10.75],
			"to": [-1.97487, 18.64645, -9.75],
			"rotation": {"angle": -45, "axis": "z", "origin": [-2.47487, 14.64645, -10.25]},
			"faces": {
				"north": {"uv": [0, 0, 8, 1], "rotation": 270, "tintindex": 0,"texture": "#4"},
				"east": {"uv": [0, 0, 8, 1], "rotation": 90, "tintindex": 0,"texture": "#4"},
				"south": {"uv": [0, 0, 8, 1], "rotation": 90, "tintindex": 0,"texture": "#4"},
				"west": {"uv": [0, 0, 8, 1], "rotation": 90, "tintindex": 0,"texture": "#4"},
				"up": {"uv": [0, 0, 1, 1], "rotation": 90, "tintindex": 0,"texture": "#4"},
				"down": {"uv": [0, 0, 1, 1], "rotation": 90, "tintindex": 0,"texture": "#4"}
			}
		},
		{
			"from": [-7.22565, 4.28471, -10.75],
			"to": [-6.22565, 12.28471, -10.75],
			"rotation": {"angle": -22.5, "axis": "z", "origin": [-6.72565, 8.28471, -10.25]},
			"faces": {
				"north": {"uv": [0, 0, 8, 1], "rotation": 270, "tintindex": 0,"texture": "#4"},
				"east": {"uv": [0, 0, 8, 1], "rotation": 90, "tintindex": 0,"texture": "#4"},
				"south": {"uv": [0, 0, 8, 1], "rotation": 90, "tintindex": 0,"texture": "#4"},
				"west": {"uv": [0, 0, 8, 1], "rotation": 90, "tintindex": 0,"texture": "#4"},
				"up": {"uv": [0, 0, 1, 1], "rotation": 90, "tintindex": 0,"texture": "#4"},
				"down": {"uv": [0, 0, 1, 1], "rotation": 90, "tintindex": 0,"texture": "#4"}
			}
		},
		{
			"from": [-4.16418, 4.6674, -10.75],
			"to": [-3.16418, 12.6674, -9.75],
			"rotation": {"angle": 22.5, "axis": "z", "origin": [-3.66418, 8.6674, -10.25]},
			"faces": {
				"north": {"uv": [0, 0, 8, 1], "rotation": 270, "tintindex": 0,"texture": "#4"},
				"east": {"uv": [0, 0, 8, 1], "rotation": 90, "tintindex": 0,"texture": "#4"},
				"south": {"uv": [0, 0, 8, 1], "rotation": 90, "tintindex": 0,"texture": "#4"},
				"west": {"uv": [0, 0, 8, 1], "rotation": 90, "tintindex": 0,"texture": "#4"},
				"up": {"uv": [0, 0, 1, 1], "rotation": 90, "tintindex": 0,"texture": "#4"},
				"down": {"uv": [0, 0, 1, 1], "rotation": 90, "tintindex": 0,"texture": "#4"}
			}
		},
		{
			"from": [22.22565, 4.28471, -10.75],
			"to": [23.22565, 12.28471, -9.75],
			"rotation": {"angle": 22.5, "axis": "z", "origin": [22.72565, 8.28471, -10.25]},
			"faces": {
				"north": {"uv": [0, 0, 8, 1], "rotation": 270, "tintindex": 0,"texture": "#4"},
				"east": {"uv": [0, 0, 8, 1], "rotation": 90, "tintindex": 0,"texture": "#4"},
				"south": {"uv": [0, 0, 8, 1], "rotation": 90, "tintindex": 0,"texture": "#4"},
				"west": {"uv": [0, 0, 8, 1], "rotation": 90, "tintindex": 0,"texture": "#4"},
				"up": {"uv": [0, 0, 1, 1], "rotation": 90, "tintindex": 0,"texture": "#4"},
				"down": {"uv": [0, 0, 1, 1], "rotation": 90, "tintindex": 0,"texture": "#4"}
			}
		},
		{
			"from": [19.16418, 4.6674, -10.75],
			"to": [20.16418, 12.6674, -9.75],
			"rotation": {"angle": -22.5, "axis": "z", "origin": [19.66418, 8.6674, -10.25]},
			"faces": {
				"north": {"uv": [0, 0, 8, 1], "rotation": 270, "tintindex": 0,"texture": "#4"},
				"east": {"uv": [0, 0, 8, 1], "rotation": 90, "tintindex": 0,"texture": "#4"},
				"south": {"uv": [0, 0, 8, 1], "rotation": 90, "tintindex": 0,"texture": "#4"},
				"west": {"uv": [0, 0, 8, 1], "rotation": 90, "tintindex": 0,"texture": "#4"},
				"up": {"uv": [0, 0, 1, 1], "rotation": 90, "tintindex": 0,"texture": "#4"},
				"down": {"uv": [0, 0, 1, 1], "rotation": 90, "tintindex": 0,"texture": "#4"}
			}
		},
		{
			"from": [20.65685, 1.28471, -12.31879],
			"to": [21.65685, 13.28471, -11.31879],
			"rotation": {"angle": 22.5, "axis": "x", "origin": [21.15685, 8.28471, -11.81879]},
			"faces": {
				"north": {"uv": [0, 0, 12, 1], "rotation": 270, "tintindex": 0,"texture": "#4"},
				"east": {"uv": [0, 0, 12, 1], "rotation": 90, "tintindex": 0,"texture": "#4"},
				"south": {"uv": [0, 0, 12, 1], "rotation": 90, "tintindex": 0,"texture": "#4"},
				"west": {"uv": [0, 0, 12, 1], "rotation": 90, "tintindex": 0,"texture": "#4"},
				"up": {"uv": [0, 0, 1, 1], "rotation": 90, "tintindex": 0,"texture": "#4"},
				"down": {"uv": [0, 0, 1, 1], "rotation": 90, "tintindex": 0,"texture": "#4"}
			}
		},
		{
			"from": [-5.73297, 0.90203, -12.31879],
			"to": [-4.73297, 12.90203, -11.31879],
			"rotation": {"angle": 22.5, "axis": "x", "origin": [28.76703, 7.90203, -11.81879]},
			"faces": {
				"north": {"uv": [0, 0, 12, 1], "rotation": 270, "tintindex": 0,"texture": "#4"},
				"east": {"uv": [0, 0, 12, 1], "rotation": 90, "tintindex": 0,"texture": "#4"},
				"south": {"uv": [0, 0, 12, 1], "rotation": 90, "tintindex": 0,"texture": "#4"},
				"west": {"uv": [0, 0, 12, 1], "rotation": 90, "tintindex": 0,"texture": "#4"},
				"up": {"uv": [0, 0, 1, 1], "rotation": 90, "tintindex": 0,"texture": "#4"},
				"down": {"uv": [0, 0, 1, 1], "rotation": 90, "tintindex": 0,"texture": "#4"}
			}
		},
		{
			"from": [14.47487, 14.14645, -10.75],
			"to": [22.47487, 15.14645, -9.75],
			"rotation": {"angle": -45, "axis": "z", "origin": [18.47487, 14.64645, -10.25]},
			"faces": {
				"north": {"uv": [0, 0, 8, 1], "rotation": 180, "tintindex": 0,"texture": "#4"},
				"east": {"uv": [0, 0, 1, 1], "rotation": 180, "tintindex": 0,"texture": "#4"},
				"south": {"uv": [0, 0, 8, 1], "rotation": 180, "tintindex": 0,"texture": "#4"},
				"west": {"uv": [0, 0, 1, 1], "rotation": 180, "tintindex": 0,"texture": "#4"},
				"up": {"uv": [0, 0, 8, 1], "rotation": 180, "tintindex": 0,"texture": "#4"},
				"down": {"uv": [0, 0, 8, 1], "rotation": 180, "tintindex": 0,"texture": "#4"}
			}
		}
	],
	"display": {
		"head": {
			"rotation": [0, -180, 0],
			"translation": [0, -30, -70],
			"scale": [4, 4, 4]
		}
	}
}