{
	"credit": "Made with Blockbench",
	"textures": {
		"0": "block/carved_pumpkin",
		"1": "block/pumpkin_top",
		"2": "block/pumpkin_side",
		"3": "block/polished_andesite",
		"4": "block/red_wool",
		"particle": "block/carved_pumpkin"
	},
	"elements": [
		{
			"from": [5, 3.75, 0.5],
			"to": [11, 9.75, 6.5],
			"rotation": {"angle": 0, "axis": "y", "origin": [5, 3.75, 6.5]},
			"faces": {
				"north": {"uv": [16, 0, 0, 16], "texture": "#2"},
				"east": {"uv": [16, 0, 0, 16], "texture": "#2"},
				"south": {"uv": [16, 0, 0, 16], "texture": "#0"},
				"west": {"uv": [16, 0, 0, 16], "texture": "#2"},
				"up": {"uv": [0, 16, 16, 0], "texture": "#1"},
				"down": {"uv": [0, 16, 16, 0], "texture": "#2"}
			}
		},
		{
			"from": [6, 2.75, 1.5],
			"to": [10, 4.75, 5.5],
			"rotation": {"angle": 0, "axis": "y", "origin": [6, 2.75, 5.5]},
			"faces": {
				"north": {"uv": [8, 0, 4, 2], "texture": "#3"},
				"east": {"uv": [8, 0, 4, 2], "texture": "#3"},
				"south": {"uv": [8, 0, 4, 2], "texture": "#3"},
				"west": {"uv": [8, 0, 4, 2], "texture": "#3"},
				"up": {"uv": [4, 4, 8, 0], "texture": "#3"},
				"down": {"uv": [4, 4, 8, 0], "texture": "#3"}
			}
		},
		{
			"from": [5, -2, 1],
			"to": [11, 3, 6],
			"rotation": {"angle": 0, "axis": "y", "origin": [5, -2, 6]},
			"faces": {
				"north": {"uv": [14, 6, 8, 11], "texture": "#3"},
				"east": {"uv": [11, 8, 6, 13], "texture": "#3"},
				"south": {"uv": [14, 6, 8, 11], "texture": "#3"},
				"west": {"uv": [11, 8, 6, 13], "texture": "#3"},
				"up": {"uv": [6, 7, 12, 2], "texture": "#3"},
				"down": {"uv": [6, 7, 12, 2], "texture": "#3"}
			}
		},
		{
			"from": [8.5, -10, 2],
			"to": [11.5, -7, 5],
			"rotation": {"angle": 0, "axis": "y", "origin": [8.5, -10, 5]},
			"faces": {
				"north": {"uv": [3, 0, 0, 3], "texture": "#2"},
				"east": {"uv": [3, 0, 0, 3], "texture": "#2"},
				"south": {"uv": [3, 0, 0, 3], "texture": "#2"},
				"west": {"uv": [3, 0, 0, 3], "texture": "#2"},
				"up": {"uv": [0, 3, 3, 0], "texture": "#2"},
				"down": {"uv": [0, 3, 3, 0], "texture": "#2"}
			}
		},
		{
			"from": [4.5, -10, 2],
			"to": [7.5, -7, 5],
			"rotation": {"angle": 0, "axis": "y", "origin": [6, -8.5, 3.5]},
			"faces": {
				"north": {"uv": [3, 0, 0, 3], "texture": "#2"},
				"east": {"uv": [3, 0, 0, 3], "texture": "#2"},
				"south": {"uv": [3, 0, 0, 3], "texture": "#2"},
				"west": {"uv": [3, 0, 0, 3], "texture": "#2"},
				"up": {"uv": [0, 3, 3, 0], "rotation": 180, "texture": "#2"},
				"down": {"uv": [0, 3, 3, 0], "rotation": 180, "texture": "#2"}
			}
		},
		{
			"from": [3.75, 1.5, 2],
			"to": [5.75, 3.5, 5],
			"rotation": {"angle": 0, "axis": "y", "origin": [3.75, 1.5, 5]},
			"faces": {
				"north": {"uv": [2, 0, 0, 2], "texture": "#3"},
				"east": {"uv": [3, 0, 0, 2], "texture": "#3"},
				"south": {"uv": [2, 0, 0, 2], "texture": "#3"},
				"west": {"uv": [3, 0, 0, 2], "texture": "#3"},
				"up": {"uv": [0, 3, 2, 0], "texture": "#3"},
				"down": {"uv": [0, 3, 2, 0], "texture": "#3"}
			}
		},
		{
			"from": [10.25, 1.5, 2],
			"to": [12.25, 3.5, 5],
			"rotation": {"angle": 0, "axis": "y", "origin": [13.25, 1.5, 5]},
			"faces": {
				"north": {"uv": [5, 0, 3, 2], "texture": "#3"},
				"east": {"uv": [6, 0, 3, 2], "texture": "#3"},
				"south": {"uv": [5, 0, 3, 2], "texture": "#3"},
				"west": {"uv": [6, 0, 3, 2], "texture": "#3"},
				"up": {"uv": [3, 3, 5, 0], "texture": "#3"},
				"down": {"uv": [3, 3, 5, 0], "texture": "#3"}
			}
		},
		{
			"from": [2.75, -4, 3],
			"to": [3.75, 3, 4],
			"rotation": {"angle": -22.5, "axis": "z", "origin": [3.25, -1.5, 3.5]},
			"faces": {
				"north": {"uv": [1, 0, 0, 7], "texture": "#2"},
				"east": {"uv": [1, 0, 0, 7], "texture": "#2"},
				"south": {"uv": [1, 0, 0, 7], "texture": "#2"},
				"west": {"uv": [1, 0, 0, 7], "texture": "#2"},
				"up": {"uv": [0, 1, 1, 0], "texture": "#2"},
				"down": {"uv": [0, 1, 1, 0], "texture": "#2"}
			}
		},
		{
			"from": [12.25, -4, 3],
			"to": [13.25, 3, 4],
			"rotation": {"angle": 22.5, "axis": "z", "origin": [12.75, -1.5, 3.5]},
			"faces": {
				"north": {"uv": [0, 0, 1, 7], "texture": "#2"},
				"east": {"uv": [0, 0, 1, 7], "texture": "#2"},
				"south": {"uv": [0, 0, 1, 7], "texture": "#2"},
				"west": {"uv": [0, 0, 1, 7], "texture": "#2"},
				"up": {"uv": [1, 1, 0, 0], "texture": "#2"},
				"down": {"uv": [1, 1, 0, 0], "texture": "#2"}
			}
		},
		{
			"from": [4.75, -4, 0.75],
			"to": [11.25, -1, 6.25],
			"rotation": {"angle": 0, "axis": "y", "origin": [4.75, -4, 7.25]},
			"faces": {
				"north": {"uv": [7.5, 0, 1, 3], "texture": "#3"},
				"east": {"uv": [7.5, 0, 1, 3], "texture": "#3"},
				"south": {"uv": [11.5, 0, 5, 3], "texture": "#3"},
				"west": {"uv": [11.5, 0, 5, 3], "texture": "#3"},
				"up": {"uv": [5, 6.5, 11.5, 0], "texture": "#3"},
				"down": {"uv": [4, 6.5, 10.5, 0], "texture": "#3"}
			}
		},
		{
			"from": [4, -9, 1.5],
			"to": [8, -4, 5.5],
			"rotation": {"angle": 45, "axis": "y", "origin": [6, -6.5, 3.5]},
			"faces": {
				"north": {"uv": [0, 0, 4, 5], "texture": "#3"},
				"east": {"uv": [0, 0, 4, 5], "texture": "#3"},
				"south": {"uv": [0, 0, 4, 5], "texture": "#3"},
				"west": {"uv": [0, 0, 4, 5], "texture": "#3"},
				"up": {"uv": [0, 0, 4, 4], "texture": "#3"},
				"down": {"uv": [0, 0, 4, 4], "texture": "#3"}
			}
		},
		{
			"from": [8, -9, 1.5],
			"to": [12, -4, 5.5],
			"rotation": {"angle": 45, "axis": "y", "origin": [10, -6.5, 3.5]},
			"faces": {
				"north": {"uv": [4, 0, 8, 5], "texture": "#3"},
				"east": {"uv": [4, 0, 8, 5], "texture": "#3"},
				"south": {"uv": [4, 0, 8, 5], "texture": "#3"},
				"west": {"uv": [4, 0, 8, 5], "texture": "#3"},
				"up": {"uv": [4, 0, 8, 4], "texture": "#3"},
				"down": {"uv": [4, 0, 8, 4], "texture": "#3"}
			}
		},
		{
			"from": [4, 4, 0],
			"to": [12, 10, 6],
			"rotation": {"angle": 0, "axis": "y", "origin": [4, 4, 0]},
			"faces": {
				"north": {"uv": [4, 0, 12, 6], "texture": "#3"},
				"east": {"uv": [5, 0, 11, 6], "texture": "#3"},
				"south": {"uv": [4, 0, 12, 6], "texture": "#3"},
				"west": {"uv": [4, 0, 10, 6], "texture": "#3"},
				"up": {"uv": [4, 0, 12, 6], "texture": "#3"},
				"down": {"uv": [4, 0, 12, 6], "texture": "#3"}
			}
		},
		{
			"from": [7, 8, 1.25],
			"to": [9, 12, 7.25],
			"rotation": {"angle": 0, "axis": "y", "origin": [7, 8, 1.25]},
			"faces": {
				"north": {"uv": [7, 0, 9, 4], "texture": "#3"},
				"east": {"uv": [7, 0, 13, 4], "texture": "#3"},
				"south": {"uv": [8, 0, 10, 4], "texture": "#3"},
				"west": {"uv": [5, 0, 11, 4], "texture": "#3"},
				"up": {"uv": [8, 0, 10, 6], "texture": "#3"},
				"down": {"uv": [6, 0, 8, 6], "texture": "#3"}
			}
		},
		{
			"from": [4.5, 9, 1],
			"to": [11.5, 11, 7],
			"rotation": {"angle": 0, "axis": "y", "origin": [4.5, 9, 1]},
			"faces": {
				"north": {"uv": [3, 0, 10, 2], "texture": "#3"},
				"east": {"uv": [4, 0, 10, 2], "texture": "#3"},
				"south": {"uv": [4, 0, 11, 2], "texture": "#3"},
				"west": {"uv": [4, 0, 10, 2], "texture": "#3"},
				"up": {"uv": [3, 0, 10, 6], "texture": "#3"},
				"down": {"uv": [3, 0, 10, 6], "texture": "#3"}
			}
		},
		{
			"from": [7.5, 11, 2],
			"to": [8.5, 13, 3],
			"rotation": {"angle": -22.5, "axis": "x", "origin": [8, 12, 2.5]},
			"faces": {
				"north": {"uv": [0, 0, 1, 2], "texture": "#3"},
				"east": {"uv": [0, 0, 1, 2], "texture": "#3"},
				"south": {"uv": [0, 0, 1, 2], "texture": "#3"},
				"west": {"uv": [0, 0, 1, 2], "texture": "#3"},
				"up": {"uv": [0, 0, 1, 1], "texture": "#3"},
				"down": {"uv": [0, 0, 1, 1], "texture": "#3"}
			}
		},
		{
			"from": [7, 12.15328, -0.4794],
			"to": [9, 13.15328, 2.5206],
			"rotation": {"angle": -22.5, "axis": "x", "origin": [8, 13.15328, 1.0206]},
			"faces": {
				"north": {"uv": [0, 0, 2, 2], "rotation": 180, "texture": "#4"},
				"east": {"uv": [0, 0, 2, 3], "rotation": 270, "texture": "#4"},
				"south": {"uv": [0, 0, 2, 2], "texture": "#4"},
				"west": {"uv": [0, 0, 2, 3], "rotation": 90, "texture": "#4"},
				"up": {"uv": [0, 0, 2, 3], "rotation": 180, "texture": "#4"},
				"down": {"uv": [0, 0, 2, 3], "texture": "#4"}
			}
		},
		{
			"from": [7, 13.35984, -0.23821],
			"to": [9, 14.35984, 1.76179],
			"rotation": {"angle": -22.5, "axis": "x", "origin": [8, 14.35984, 1.26179]},
			"faces": {
				"north": {"uv": [0, 0, 2, 2], "rotation": 180, "texture": "#4"},
				"east": {"uv": [0, 0, 2, 3], "rotation": 270, "texture": "#4"},
				"south": {"uv": [0, 0, 2, 2], "texture": "#4"},
				"west": {"uv": [0, 0, 2, 3], "rotation": 90, "texture": "#4"},
				"up": {"uv": [0, 0, 2, 3], "rotation": 180, "texture": "#4"},
				"down": {"uv": [0, 0, 2, 3], "texture": "#4"}
			}
		}
	],
	"display": {
		"gui": {
			"translation": [0, -23.5, 0]
		},
		"head": {
			"translation": [0, -33.75, 0]
		}
	}
}