{
	"credit": "Made with Blockbench",
	"textures": {
		"0": "block/carved_pumpkin",
		"1": "block/pumpkin_top",
		"2": "block/pumpkin_side",
		"3": "block/red_wool",
		"4": "block/blue_wool",
		"6": "block/stone",
		"7": "block/oak_planks",
		"9": "block/hay_block_side",
		"particle": "block/carved_pumpkin"
	},
	"elements": [
		{
			"from": [5, 3.75, 0.5],
			"to": [11, 9.75, 6.5],
			"rotation": {"angle": 0, "axis": "y", "origin": [5, 3.75, 6.5]},
			"faces": {
				"north": {"uv": [16, 0, 0, 16], "texture": "#2"},
				"east": {"uv": [16, 0, 0, 16], "texture": "#2"},
				"south": {"uv": [16, 0, 0, 16], "texture": "#0"},
				"west": {"uv": [16, 0, 0, 16], "texture": "#2"},
				"up": {"uv": [0, 16, 16, 0], "texture": "#1"},
				"down": {"uv": [0, 16, 16, 0], "texture": "#2"}
			}
		},
		{
			"from": [4.92, 10.64, 0.42],
			"to": [11.08, 12.4, 6.58],
			"rotation": {"angle": 0, "axis": "y", "origin": [4.92, 10.64, 6.58]},
			"faces": {
				"north": {"uv": [7, 0, 0, 2], "texture": "#9"},
				"east": {"uv": [7, 0, 0, 2], "texture": "#9"},
				"south": {"uv": [7, 0, 0, 2], "texture": "#9"},
				"west": {"uv": [7, 0, 0, 2], "texture": "#9"},
				"up": {"uv": [2, 11, 9, 4], "texture": "#9"},
				"down": {"uv": [0, 7, 7, 0], "texture": "#9"}
			}
		},
		{
			"from": [4.92, 9.89, 0.42],
			"to": [11.08, 10.65, 6.58],
			"rotation": {"angle": 0, "axis": "y", "origin": [4.92, 9.89, 6.58]},
			"faces": {
				"north": {"uv": [7, 0, 0, 2], "texture": "#3"},
				"east": {"uv": [7, 0, 0, 2], "texture": "#3"},
				"south": {"uv": [7, 0, 0, 2], "texture": "#3"},
				"west": {"uv": [7, 0, 0, 2], "texture": "#3"},
				"up": {"uv": [2, 11, 9, 4], "texture": "#3"},
				"down": {"uv": [0, 7, 7, 0], "texture": "#3"}
			}
		},
		{
			"from": [6, 2.75, 1.5],
			"to": [10, 4.75, 5.5],
			"rotation": {"angle": 0, "axis": "y", "origin": [6, 2.75, 5.5]},
			"faces": {
				"north": {"uv": [4, 0, 0, 2], "texture": "#2"},
				"east": {"uv": [4, 0, 0, 2], "texture": "#2"},
				"south": {"uv": [4, 0, 0, 2], "texture": "#2"},
				"west": {"uv": [4, 0, 0, 2], "texture": "#2"},
				"up": {"uv": [0, 4, 4, 0], "texture": "#2"},
				"down": {"uv": [0, 4, 4, 0], "texture": "#2"}
			}
		},
		{
			"from": [5.5, 1, 1.25],
			"to": [10.5, 3, 5.75],
			"rotation": {"angle": 0, "axis": "y", "origin": [5.5, 1, 6.25]},
			"faces": {
				"north": {"uv": [14, 6, 8, 8], "texture": "#3"},
				"east": {"uv": [11, 8, 6, 10], "texture": "#3"},
				"south": {"uv": [14, 6, 8, 8], "texture": "#3"},
				"west": {"uv": [11, 8, 6, 10], "texture": "#3"},
				"up": {"uv": [6, 7, 12, 2], "texture": "#3"},
				"down": {"uv": [6, 7, 12, 2], "texture": "#3"}
			}
		},
		{
			"from": [5, -4, 1],
			"to": [11, 1, 6],
			"rotation": {"angle": 0, "axis": "y", "origin": [5, -4, 6]},
			"faces": {
				"north": {"uv": [14, 6, 8, 11], "texture": "#4"},
				"east": {"uv": [11, 8, 6, 13], "texture": "#4"},
				"south": {"uv": [14, 6, 8, 11], "texture": "#4"},
				"west": {"uv": [11, 8, 6, 13], "texture": "#4"},
				"up": {"uv": [6, 7, 12, 2], "texture": "#4"},
				"down": {"uv": [6, 7, 12, 2], "texture": "#4"}
			}
		},
		{
			"from": [8.5, -10, 2],
			"to": [11.5, -7, 5],
			"rotation": {"angle": 0, "axis": "y", "origin": [8.5, -10, 5]},
			"faces": {
				"north": {"uv": [3, 0, 0, 3], "texture": "#2"},
				"east": {"uv": [3, 0, 0, 3], "texture": "#2"},
				"south": {"uv": [3, 0, 0, 3], "texture": "#2"},
				"west": {"uv": [3, 0, 0, 3], "texture": "#2"},
				"up": {"uv": [0, 3, 3, 0], "texture": "#2"},
				"down": {"uv": [0, 3, 3, 0], "texture": "#2"}
			}
		},
		{
			"from": [4.5, -10, 2],
			"to": [7.5, -7, 5],
			"rotation": {"angle": 0, "axis": "y", "origin": [6, -8.5, 3.5]},
			"faces": {
				"north": {"uv": [3, 0, 0, 3], "texture": "#2"},
				"east": {"uv": [3, 0, 0, 3], "texture": "#2"},
				"south": {"uv": [3, 0, 0, 3], "texture": "#2"},
				"west": {"uv": [3, 0, 0, 3], "texture": "#2"},
				"up": {"uv": [0, 3, 3, 0], "rotation": 180, "texture": "#2"},
				"down": {"uv": [0, 3, 3, 0], "rotation": 180, "texture": "#2"}
			}
		},
		{
			"from": [3.75, 1.4, 2],
			"to": [5.75, 3.4, 5],
			"rotation": {"angle": 0, "axis": "y", "origin": [3.75, 1.4, 5]},
			"faces": {
				"north": {"uv": [2, 0, 0, 2], "texture": "#3"},
				"east": {"uv": [3, 0, 0, 2], "texture": "#3"},
				"south": {"uv": [2, 0, 0, 2], "texture": "#3"},
				"west": {"uv": [3, 0, 0, 2], "texture": "#3"},
				"up": {"uv": [0, 3, 2, 0], "texture": "#3"},
				"down": {"uv": [0, 3, 2, 0], "texture": "#3"}
			}
		},
		{
			"from": [10.25, 1.4, 2],
			"to": [12.25, 3.4, 5],
			"rotation": {"angle": 0, "axis": "y", "origin": [13.25, 1.4, 5]},
			"faces": {
				"north": {"uv": [5, 0, 3, 2], "texture": "#3"},
				"east": {"uv": [6, 0, 3, 2], "texture": "#3"},
				"south": {"uv": [5, 0, 3, 2], "texture": "#3"},
				"west": {"uv": [6, 0, 3, 2], "texture": "#3"},
				"up": {"uv": [3, 3, 5, 0], "texture": "#3"},
				"down": {"uv": [3, 3, 5, 0], "texture": "#3"}
			}
		},
		{
			"from": [2.75, -4, 3],
			"to": [3.75, 3, 4],
			"rotation": {"angle": -22.5, "axis": "z", "origin": [3.25, -1.5, 3.5]},
			"faces": {
				"north": {"uv": [1, 0, 0, 7], "texture": "#2"},
				"east": {"uv": [1, 0, 0, 7], "texture": "#2"},
				"south": {"uv": [1, 0, 0, 7], "texture": "#2"},
				"west": {"uv": [1, 0, 0, 7], "texture": "#2"},
				"up": {"uv": [0, 1, 1, 0], "texture": "#2"},
				"down": {"uv": [0, 1, 1, 0], "texture": "#2"}
			}
		},
		{
			"from": [12.25, -4, 3],
			"to": [13.25, 3, 4],
			"rotation": {"angle": 22.5, "axis": "z", "origin": [12.75, -1.5, 3.5]},
			"faces": {
				"north": {"uv": [0, 0, 1, 7], "texture": "#2"},
				"east": {"uv": [0, 0, 1, 7], "texture": "#2"},
				"south": {"uv": [0, 0, 1, 7], "texture": "#2"},
				"west": {"uv": [0, 0, 1, 7], "texture": "#2"},
				"up": {"uv": [1, 1, 0, 0], "texture": "#2"},
				"down": {"uv": [1, 1, 0, 0], "texture": "#2"}
			}
		},
		{
			"from": [3, 9, -1],
			"to": [13, 10, 9],
			"rotation": {"angle": 0, "axis": "y", "origin": [8, 9.5, 4]},
			"faces": {
				"north": {"uv": [6, 2, 16, 3], "texture": "#9"},
				"east": {"uv": [6, 2, 16, 3], "texture": "#9"},
				"south": {"uv": [6, 2, 16, 3], "texture": "#9"},
				"west": {"uv": [6, 2, 16, 3], "texture": "#9"},
				"up": {"uv": [2, 11, 9, 4], "texture": "#9"},
				"down": {"uv": [2, 11, 9, 4], "texture": "#9"}
			}
		},
		{
			"from": [5, 1, 1],
			"to": [7, 3.5, 6],
			"rotation": {"angle": 0, "axis": "y", "origin": [5, 1, 1]},
			"faces": {
				"north": {"uv": [0, 0, 2, 2.5], "texture": "#4"},
				"east": {"uv": [0, 0, 5, 2.5], "texture": "#4"},
				"south": {"uv": [0, 0, 2, 2.5], "texture": "#4"},
				"west": {"uv": [0, 0, 5, 2.5], "texture": "#4"},
				"up": {"uv": [0, 0, 2, 5], "texture": "#4"},
				"down": {"uv": [0, 0, 2, 5], "texture": "#4"}
			}
		},
		{
			"from": [9, 1, 1],
			"to": [11, 3.5, 6],
			"rotation": {"angle": 0, "axis": "y", "origin": [9, 1, 1]},
			"faces": {
				"north": {"uv": [0, 0, 2, 2.5], "texture": "#4"},
				"east": {"uv": [0, 0, 5, 2.5], "texture": "#4"},
				"south": {"uv": [0, 0, 2, 2.5], "texture": "#4"},
				"west": {"uv": [0, 0, 5, 2.5], "texture": "#4"},
				"up": {"uv": [0, 0, 2, 5], "texture": "#4"},
				"down": {"uv": [0, 0, 2, 5], "texture": "#4"}
			}
		},
		{
			"from": [4.5, -7, 2],
			"to": [7.5, -4, 5],
			"rotation": {"angle": 0, "axis": "y", "origin": [4.5, -7, 2]},
			"faces": {
				"north": {"uv": [0, 0, 3, 3], "texture": "#4"},
				"east": {"uv": [0, 0, 3, 3], "texture": "#4"},
				"south": {"uv": [0, 0, 3, 3], "texture": "#4"},
				"west": {"uv": [0, 0, 3, 3], "texture": "#4"},
				"up": {"uv": [0, 0, 3, 3], "texture": "#4"},
				"down": {"uv": [0, 0, 3, 3], "texture": "#4"}
			}
		},
		{
			"from": [8.5, -7, 2],
			"to": [11.5, -4, 5],
			"rotation": {"angle": 0, "axis": "y", "origin": [8.5, -7, 2]},
			"faces": {
				"north": {"uv": [0, 0, 3, 3], "texture": "#4"},
				"east": {"uv": [0, 0, 3, 3], "texture": "#4"},
				"south": {"uv": [0, 0, 3, 3], "texture": "#4"},
				"west": {"uv": [0, 0, 3, 3], "texture": "#4"},
				"up": {"uv": [0, 0, 3, 3], "texture": "#4"},
				"down": {"uv": [0, 0, 3, 3], "texture": "#4"}
			}
		},
		{
			"from": [2, -10, 3.75],
			"to": [3, 2, 4.75],
			"rotation": {"angle": -22.5, "axis": "x", "origin": [2.5, -4, 4.25]},
			"faces": {
				"north": {"uv": [0, 0, 1, 12], "texture": "#7"},
				"east": {"uv": [0, 0, 1, 12], "texture": "#7"},
				"south": {"uv": [0, 0, 1, 12], "texture": "#7"},
				"west": {"uv": [0, 0, 1, 12], "texture": "#7"},
				"up": {"uv": [0, 0, 1, 1], "texture": "#7"},
				"down": {"uv": [0, 0, 1, 1], "texture": "#7"}
			}
		},
		{
			"from": [1, -9.5, 2.5],
			"to": [4, -8.5, 7.5],
			"rotation": {"angle": -22.5, "axis": "x", "origin": [3, -9, 4.5]},
			"faces": {
				"north": {"uv": [0, 0, 3, 1], "rotation": 180, "texture": "#6"},
				"east": {"uv": [0, 0, 5, 1], "rotation": 180, "texture": "#6"},
				"south": {"uv": [0, 0, 3, 1], "rotation": 180, "texture": "#6"},
				"west": {"uv": [0, 0, 5, 1], "rotation": 180, "texture": "#6"},
				"up": {"uv": [0, 0, 3, 5], "rotation": 180, "texture": "#6"},
				"down": {"uv": [0, 0, 3, 5], "rotation": 180, "texture": "#6"}
			}
		}
	],
	"display": {
		"gui": {
			"translation": [0, -23.5, 0]
		},
		"head": {
			"translation": [0, -33.75, 0]
		}
	}
}