{
	"credit": "Made with Blockbench",
	"textures": {
		"0": "block/carved_pumpkin",
		"1": "block/pumpkin_top",
		"2": "block/pumpkin_side",
		"3": "block/white_wool",
		"4": "block/black_wool",
		"6": "block/gray_wool",
		"particle": "block/carved_pumpkin"
	},
	"elements": [
		{
			"from": [5, 3.75, 0.5],
			"to": [11, 9.75, 6.5],
			"rotation": {"angle": 0, "axis": "y", "origin": [5, 3.75, 6.5]},
			"faces": {
				"north": {"uv": [16, 0, 0, 16], "texture": "#2"},
				"east": {"uv": [16, 0, 0, 16], "texture": "#2"},
				"south": {"uv": [16, 0, 0, 16], "texture": "#0"},
				"west": {"uv": [16, 0, 0, 16], "texture": "#2"},
				"up": {"uv": [0, 16, 16, 0], "texture": "#1"},
				"down": {"uv": [0, 16, 16, 0], "texture": "#2"}
			}
		},
		{
			"from": [6, 2.75, 1.5],
			"to": [10, 4.75, 5.5],
			"rotation": {"angle": 0, "axis": "y", "origin": [6, 2.75, 5.5]},
			"faces": {
				"north": {"uv": [4, 0, 0, 2], "texture": "#2"},
				"east": {"uv": [4, 0, 0, 2], "texture": "#2"},
				"south": {"uv": [4, 0, 0, 2], "texture": "#2"},
				"west": {"uv": [4, 0, 0, 2], "texture": "#2"},
				"up": {"uv": [0, 4, 4, 0], "texture": "#2"},
				"down": {"uv": [0, 4, 4, 0], "texture": "#2"}
			}
		},
		{
			"from": [5, -3.25, 1],
			"to": [11, 1.75, 6],
			"rotation": {"angle": 0, "axis": "y", "origin": [5, -3.25, 6]},
			"faces": {
				"north": {"uv": [14, 6, 8, 11], "texture": "#6"},
				"east": {"uv": [11, 8, 6, 13], "texture": "#6"},
				"south": {"uv": [14, 6, 8, 11], "texture": "#6"},
				"west": {"uv": [11, 8, 6, 13], "texture": "#6"},
				"up": {"uv": [6, 7, 12, 2], "texture": "#6"},
				"down": {"uv": [6, 7, 12, 2], "texture": "#6"}
			}
		},
		{
			"from": [8.5, -10, 2],
			"to": [11.5, -9, 5],
			"rotation": {"angle": 0, "axis": "y", "origin": [8.5, -10, 5]},
			"faces": {
				"north": {"uv": [3, 0, 0, 1], "texture": "#2"},
				"east": {"uv": [3, 0, 0, 1], "texture": "#2"},
				"south": {"uv": [3, 0, 0, 1], "texture": "#2"},
				"west": {"uv": [3, 0, 0, 1], "texture": "#2"},
				"up": {"uv": [0, 3, 3, 0], "texture": "#2"},
				"down": {"uv": [0, 3, 3, 0], "texture": "#2"}
			}
		},
		{
			"from": [4.5, -10, 2],
			"to": [7.5, -9, 5],
			"rotation": {"angle": 0, "axis": "y", "origin": [6, -8.5, 3.5]},
			"faces": {
				"north": {"uv": [3, 0, 0, 1], "texture": "#2"},
				"east": {"uv": [3, 0, 0, 1], "texture": "#2"},
				"south": {"uv": [3, 0, 0, 1], "texture": "#2"},
				"west": {"uv": [3, 0, 0, 1], "texture": "#2"},
				"up": {"uv": [0, 3, 3, 0], "rotation": 180, "texture": "#2"},
				"down": {"uv": [0, 3, 3, 0], "rotation": 180, "texture": "#2"}
			}
		},
		{
			"from": [11.35, -3.1, 2],
			"to": [13.35, 3.9, 5],
			"rotation": {"angle": 22.5, "axis": "z", "origin": [12.35, -0.1, 3.5]},
			"faces": {
				"north": {"uv": [5, 0, 3, 6], "texture": "#3"},
				"east": {"uv": [6, 0, 3, 6], "texture": "#3"},
				"south": {"uv": [5, 0, 3, 6], "texture": "#3"},
				"west": {"uv": [6, 0, 3, 6], "texture": "#3"},
				"up": {"uv": [3, 3, 5, 0], "texture": "#3"},
				"down": {"uv": [3, 3, 5, 0], "texture": "#3"}
			}
		},
		{
			"from": [2.75, -4, 3],
			"to": [3.75, 3, 4],
			"rotation": {"angle": -22.5, "axis": "z", "origin": [3.25, -1.5, 3.5]},
			"faces": {
				"north": {"uv": [1, 0, 0, 7], "texture": "#2"},
				"east": {"uv": [1, 0, 0, 7], "texture": "#2"},
				"south": {"uv": [1, 0, 0, 7], "texture": "#2"},
				"west": {"uv": [1, 0, 0, 7], "texture": "#2"},
				"up": {"uv": [0, 1, 1, 0], "texture": "#2"},
				"down": {"uv": [0, 1, 1, 0], "texture": "#2"}
			}
		},
		{
			"from": [12.25, -4, 3],
			"to": [13.25, 3, 4],
			"rotation": {"angle": 22.5, "axis": "z", "origin": [12.75, -1.5, 3.5]},
			"faces": {
				"north": {"uv": [0, 0, 1, 7], "texture": "#2"},
				"east": {"uv": [0, 0, 1, 7], "texture": "#2"},
				"south": {"uv": [0, 0, 1, 7], "texture": "#2"},
				"west": {"uv": [0, 0, 1, 7], "texture": "#2"},
				"up": {"uv": [1, 1, 0, 0], "texture": "#2"},
				"down": {"uv": [1, 1, 0, 0], "texture": "#2"}
			}
		},
		{
			"from": [4.75, -5.25, 1.25],
			"to": [11.25, -3.25, 5.75],
			"rotation": {"angle": 0, "axis": "y", "origin": [4.75, -5.25, 7.75]},
			"faces": {
				"north": {"uv": [6.5, 0, 0, 2], "texture": "#4"},
				"east": {"uv": [6.5, 0, 0, 2], "texture": "#4"},
				"south": {"uv": [6.5, 0, 0, 2], "texture": "#4"},
				"west": {"uv": [6.5, 0, 0, 2], "texture": "#4"},
				"up": {"uv": [0, 6.5, 6.5, 0], "texture": "#4"},
				"down": {"uv": [0, 6.5, 6.5, 0], "texture": "#4"}
			}
		},
		{
			"from": [4.5, -9, 2],
			"to": [7.5, -5, 5],
			"rotation": {"angle": 0, "axis": "y", "origin": [4.5, -9, 2]},
			"faces": {
				"north": {"uv": [0, 0, 3, 4], "texture": "#4"},
				"east": {"uv": [0, 0, 3, 4], "texture": "#4"},
				"south": {"uv": [0, 0, 3, 4], "texture": "#4"},
				"west": {"uv": [0, 0, 3, 4], "texture": "#4"},
				"up": {"uv": [0, 0, 3, 3], "texture": "#4"},
				"down": {"uv": [0, 0, 3, 3], "texture": "#4"}
			}
		},
		{
			"from": [8.5, -9, 2],
			"to": [11.5, -5, 5],
			"rotation": {"angle": 0, "axis": "y", "origin": [8.5, -9, 2]},
			"faces": {
				"north": {"uv": [0, 0, 3, 4], "texture": "#4"},
				"east": {"uv": [0, 0, 3, 4], "texture": "#4"},
				"south": {"uv": [0, 0, 3, 4], "texture": "#4"},
				"west": {"uv": [0, 0, 3, 4], "texture": "#4"},
				"up": {"uv": [0, 0, 3, 3], "texture": "#4"},
				"down": {"uv": [0, 0, 3, 3], "texture": "#4"}
			}
		},
		{
			"from": [6.5, 1.8, 1],
			"to": [9.5, 3.3, 6],
			"rotation": {"angle": 0, "axis": "y", "origin": [6.5, 1.8, 1]},
			"faces": {
				"north": {"uv": [0, 0, 3, 1.5], "texture": "#3"},
				"east": {"uv": [0, 0, 5, 1.5], "texture": "#3"},
				"south": {"uv": [0, 0, 3, 1.5], "texture": "#3"},
				"west": {"uv": [0, 0, 5, 1.5], "texture": "#3"},
				"up": {"uv": [0, 0, 3, 5], "texture": "#3"},
				"down": {"uv": [0, 0, 3, 5], "texture": "#3"}
			}
		},
		{
			"from": [5, 1.75, 1],
			"to": [6.5, 3.55, 6],
			"rotation": {"angle": 0, "axis": "y", "origin": [5, 1.75, 1]},
			"faces": {
				"north": {"uv": [0, 0, 1.5, 1.8], "texture": "#6"},
				"east": {"uv": [0, 0, 5, 1.8], "texture": "#6"},
				"south": {"uv": [0, 0, 1.5, 1.8], "texture": "#6"},
				"west": {"uv": [0, 0, 5, 1.8], "texture": "#6"},
				"up": {"uv": [0, 0, 1.5, 5], "texture": "#6"},
				"down": {"uv": [0, 0, 1.5, 5], "texture": "#6"}
			}
		},
		{
			"from": [9.5, 1.75, 1],
			"to": [11, 3.55, 6],
			"rotation": {"angle": 0, "axis": "y", "origin": [9.5, 1.75, 1]},
			"faces": {
				"north": {"uv": [0, 0, 1.5, 1.8], "texture": "#6"},
				"east": {"uv": [0, 0, 5, 1.8], "texture": "#6"},
				"south": {"uv": [0, 0, 1.5, 1.8], "texture": "#6"},
				"west": {"uv": [0, 0, 5, 1.8], "texture": "#6"},
				"up": {"uv": [0, 0, 1.5, 5], "texture": "#6"},
				"down": {"uv": [0, 0, 1.5, 5], "texture": "#6"}
			}
		},
		{
			"from": [2.65, -3.1, 2],
			"to": [4.65, 3.9, 5],
			"rotation": {"angle": -22.5, "axis": "z", "origin": [3.65, -0.1, 3.5]},
			"faces": {
				"north": {"uv": [3, 0, 5, 6], "texture": "#3"},
				"east": {"uv": [3, 0, 6, 6], "texture": "#3"},
				"south": {"uv": [3, 0, 5, 6], "texture": "#3"},
				"west": {"uv": [3, 0, 6, 6], "texture": "#3"},
				"up": {"uv": [5, 3, 3, 0], "texture": "#3"},
				"down": {"uv": [5, 3, 3, 0], "texture": "#3"}
			}
		},
		{
			"from": [7.5, 2.25, 5.25],
			"to": [8.5, 3.25, 6.25],
			"rotation": {"angle": 0, "axis": "y", "origin": [7.5, 2.25, 5.25]},
			"faces": {
				"north": {"uv": [0, 0, 1, 1], "texture": "#4"},
				"east": {"uv": [0, 0, 1, 1], "texture": "#4"},
				"south": {"uv": [0, 0, 1, 1], "texture": "#4"},
				"west": {"uv": [0, 0, 1, 1], "texture": "#4"},
				"up": {"uv": [0, 0, 1, 1], "texture": "#4"},
				"down": {"uv": [0, 0, 1, 1], "texture": "#4"}
			}
		},
		{
			"from": [8.3, 2.75, 5.15],
			"to": [9.3, 3.35, 6.15],
			"rotation": {"angle": 22.5, "axis": "z", "origin": [8.8, 3.15, 5.65]},
			"faces": {
				"north": {"uv": [0, 0, 1, 0.6], "texture": "#4"},
				"east": {"uv": [0, 0, 1, 0.6], "texture": "#4"},
				"south": {"uv": [0, 0, 1, 0.6], "texture": "#4"},
				"west": {"uv": [0, 0, 1, 0.6], "texture": "#4"},
				"up": {"uv": [0, 0, 1, 1], "texture": "#4"},
				"down": {"uv": [0, 0, 1, 1], "texture": "#4"}
			}
		},
		{
			"from": [8.33827, 2.00761, 5.15],
			"to": [9.33827, 2.60761, 6.15],
			"rotation": {"angle": -22.5, "axis": "z", "origin": [8.83827, 2.30761, 5.65]},
			"faces": {
				"north": {"uv": [0, 0, 1, 0.6], "texture": "#4"},
				"east": {"uv": [0, 0, 1, 0.6], "texture": "#4"},
				"south": {"uv": [0, 0, 1, 0.6], "texture": "#4"},
				"west": {"uv": [0, 0, 1, 0.6], "texture": "#4"},
				"up": {"uv": [0, 0, 1, 1], "texture": "#4"},
				"down": {"uv": [0, 0, 1, 1], "texture": "#4"}
			}
		},
		{
			"from": [6.7, 2.75, 5.15],
			"to": [7.7, 3.35, 6.15],
			"rotation": {"angle": -22.5, "axis": "z", "origin": [7.2, 3.15, 5.65]},
			"faces": {
				"north": {"uv": [1, 0, 0, 0.6], "texture": "#4"},
				"east": {"uv": [1, 0, 0, 0.6], "texture": "#4"},
				"south": {"uv": [1, 0, 0, 0.6], "texture": "#4"},
				"west": {"uv": [1, 0, 0, 0.6], "texture": "#4"},
				"up": {"uv": [1, 0, 0, 1], "texture": "#4"},
				"down": {"uv": [1, 0, 0, 1], "texture": "#4"}
			}
		},
		{
			"from": [6.66173, 2.00761, 5.15],
			"to": [7.66173, 2.60761, 6.15],
			"rotation": {"angle": 22.5, "axis": "z", "origin": [7.16173, 2.30761, 5.65]},
			"faces": {
				"north": {"uv": [1, 0, 0, 0.6], "texture": "#4"},
				"east": {"uv": [1, 0, 0, 0.6], "texture": "#4"},
				"south": {"uv": [1, 0, 0, 0.6], "texture": "#4"},
				"west": {"uv": [1, 0, 0, 0.6], "texture": "#4"},
				"up": {"uv": [1, 0, 0, 1], "texture": "#4"},
				"down": {"uv": [1, 0, 0, 1], "texture": "#4"}
			}
		}
	],
	"display": {
		"gui": {
			"translation": [0, -23.5, 0]
		},
		"head": {
			"translation": [0, -33.75, 0]
		}
	}
}