{
	"credit": "Made with Blockbench",
	"textures": {
		"0": "block/carved_pumpkin",
		"1": "block/pumpkin_top",
		"2": "block/pumpkin_side",
		"3": "block/white_wool",
		"4": "block/gold_block",
		"5": "block/diamond_block",
		"6": "block/red_wool",
		"7": "block/blue_wool",
		"particle": "block/carved_pumpkin"
	},
	"elements": [
		{
			"from": [5, 3.75, 0.5],
			"to": [11, 8.75, 6.5],
			"rotation": {"angle": 0, "axis": "y", "origin": [5, 3.75, 6.5]},
			"faces": {
				"north": {"uv": [16, 2, 0, 16], "texture": "#2"},
				"east": {"uv": [16, 2, 0, 16], "texture": "#2"},
				"south": {"uv": [16, 2, 0, 16], "texture": "#0"},
				"west": {"uv": [16, 2, 0, 16], "texture": "#2"},
				"up": {"uv": [0, 16, 16, 0], "texture": "#1"},
				"down": {"uv": [0, 16, 16, 0], "texture": "#2"}
			}
		},
		{
			"from": [6, 2.75, 1.5],
			"to": [10, 4.75, 5.5],
			"rotation": {"angle": 0, "axis": "y", "origin": [6, 2.75, 5.5]},
			"faces": {
				"north": {"uv": [4, 0, 0, 2], "texture": "#2"},
				"east": {"uv": [4, 0, 0, 2], "texture": "#2"},
				"south": {"uv": [4, 0, 0, 2], "texture": "#2"},
				"west": {"uv": [4, 0, 0, 2], "texture": "#2"},
				"up": {"uv": [0, 4, 4, 0], "texture": "#2"},
				"down": {"uv": [0, 4, 4, 0], "texture": "#2"}
			}
		},
		{
			"from": [5, -2, 1],
			"to": [11, 3, 6],
			"rotation": {"angle": 0, "axis": "y", "origin": [5, -2, 6]},
			"faces": {
				"north": {"uv": [14, 6, 8, 11], "texture": "#7"},
				"east": {"uv": [11, 8, 6, 13], "texture": "#7"},
				"south": {"uv": [14, 6, 8, 11], "texture": "#7"},
				"west": {"uv": [11, 8, 6, 13], "texture": "#7"},
				"up": {"uv": [6, 7, 12, 2], "texture": "#7"},
				"down": {"uv": [6, 7, 12, 2], "texture": "#7"}
			}
		},
		{
			"from": [8.5, -10, 2],
			"to": [11.5, -7, 5],
			"rotation": {"angle": 0, "axis": "y", "origin": [8.5, -10, 5]},
			"faces": {
				"north": {"uv": [3, 0, 0, 3], "texture": "#2"},
				"east": {"uv": [3, 0, 0, 3], "texture": "#2"},
				"south": {"uv": [3, 0, 0, 3], "texture": "#2"},
				"west": {"uv": [3, 0, 0, 3], "texture": "#2"},
				"up": {"uv": [0, 3, 3, 0], "texture": "#2"},
				"down": {"uv": [0, 3, 3, 0], "texture": "#2"}
			}
		},
		{
			"from": [4.5, -10, 2],
			"to": [7.5, -7, 5],
			"rotation": {"angle": 0, "axis": "y", "origin": [6, -8.5, 3.5]},
			"faces": {
				"north": {"uv": [3, 0, 0, 3], "texture": "#2"},
				"east": {"uv": [3, 0, 0, 3], "texture": "#2"},
				"south": {"uv": [3, 0, 0, 3], "texture": "#2"},
				"west": {"uv": [3, 0, 0, 3], "texture": "#2"},
				"up": {"uv": [0, 3, 3, 0], "rotation": 180, "texture": "#2"},
				"down": {"uv": [0, 3, 3, 0], "rotation": 180, "texture": "#2"}
			}
		},
		{
			"from": [4, -8, 0],
			"to": [12, -2, 7],
			"rotation": {"angle": 0, "axis": "y", "origin": [4, -8, 7]},
			"faces": {
				"north": {"uv": [8, 0, 0, 6], "texture": "#3"},
				"east": {"uv": [7, 0, 0, 6], "texture": "#3"},
				"south": {"uv": [8, 0, 0, 6], "texture": "#3"},
				"west": {"uv": [7, 0, 0, 6], "texture": "#3"},
				"up": {"uv": [0, 7, 8, 0], "texture": "#3"},
				"down": {"uv": [0, 7, 8, 0], "texture": "#3"}
			}
		},
		{
			"from": [3.75, 1.5, 2],
			"to": [5.75, 3.5, 5],
			"rotation": {"angle": 0, "axis": "y", "origin": [3.75, 1.5, 5]},
			"faces": {
				"north": {"uv": [2, 0, 0, 2], "texture": "#7"},
				"east": {"uv": [3, 0, 0, 2], "texture": "#7"},
				"south": {"uv": [2, 0, 0, 2], "texture": "#7"},
				"west": {"uv": [3, 0, 0, 2], "texture": "#7"},
				"up": {"uv": [0, 3, 2, 0], "texture": "#7"},
				"down": {"uv": [0, 3, 2, 0], "texture": "#7"}
			}
		},
		{
			"from": [10.25, 1.5, 2],
			"to": [12.25, 3.5, 5],
			"rotation": {"angle": 0, "axis": "y", "origin": [13.25, 1.5, 5]},
			"faces": {
				"north": {"uv": [5, 0, 3, 2], "texture": "#7"},
				"east": {"uv": [6, 0, 3, 2], "texture": "#7"},
				"south": {"uv": [5, 0, 3, 2], "texture": "#7"},
				"west": {"uv": [6, 0, 3, 2], "texture": "#7"},
				"up": {"uv": [3, 3, 5, 0], "texture": "#7"},
				"down": {"uv": [3, 3, 5, 0], "texture": "#7"}
			}
		},
		{
			"from": [2.75, -4, 3],
			"to": [3.75, 3, 4],
			"rotation": {"angle": -22.5, "axis": "z", "origin": [3.25, -1.5, 3.5]},
			"faces": {
				"north": {"uv": [1, 0, 0, 7], "texture": "#2"},
				"east": {"uv": [1, 0, 0, 7], "texture": "#2"},
				"south": {"uv": [1, 0, 0, 7], "texture": "#2"},
				"west": {"uv": [1, 0, 0, 7], "texture": "#2"},
				"up": {"uv": [0, 1, 1, 0], "texture": "#2"},
				"down": {"uv": [0, 1, 1, 0], "texture": "#2"}
			}
		},
		{
			"from": [12.25, -4, 3],
			"to": [13.25, 3, 4],
			"rotation": {"angle": 22.5, "axis": "z", "origin": [12.75, -1.5, 3.5]},
			"faces": {
				"north": {"uv": [0, 0, 1, 7], "texture": "#2"},
				"east": {"uv": [0, 0, 1, 7], "texture": "#2"},
				"south": {"uv": [0, 0, 1, 7], "texture": "#2"},
				"west": {"uv": [0, 0, 1, 7], "texture": "#2"},
				"up": {"uv": [1, 1, 0, 0], "texture": "#2"},
				"down": {"uv": [1, 1, 0, 0], "texture": "#2"}
			}
		},
		{
			"from": [4.75, -3.25, 0.25],
			"to": [11.25, -1.25, 6.75],
			"rotation": {"angle": 0, "axis": "y", "origin": [4.75, -3.25, 6.75]},
			"faces": {
				"north": {"uv": [6.5, 0, 0, 2], "texture": "#6"},
				"east": {"uv": [6.5, 0, 0, 2], "texture": "#6"},
				"south": {"uv": [6.5, 0, 0, 2], "texture": "#6"},
				"west": {"uv": [6.5, 0, 0, 2], "texture": "#6"},
				"up": {"uv": [0, 6.5, 6.5, 0], "texture": "#6"},
				"down": {"uv": [0, 6.5, 6.5, 0], "texture": "#6"}
			}
		},
		{
			"from": [7.75, -0.5, 5.25],
			"to": [8.75, 0.5, 6.25],
			"rotation": {"angle": 0, "axis": "z", "origin": [8.75, 0, 5.75]},
			"faces": {
				"north": {"uv": [0, 3, 1, 2], "rotation": 270, "texture": "#4"},
				"east": {"uv": [0, 2, 1, 1], "rotation": 270, "texture": "#4"},
				"south": {"uv": [0, 3, 1, 2], "rotation": 90, "texture": "#4"},
				"west": {"uv": [0, 2, 1, 1], "rotation": 270, "texture": "#4"},
				"up": {"uv": [1, 2, 0, 3], "rotation": 270, "texture": "#4"},
				"down": {"uv": [1, 2, 0, 3], "rotation": 270, "texture": "#4"}
			}
		},
		{
			"from": [5, 9.25, 0.5],
			"to": [11, 12.75, 6.5],
			"rotation": {"angle": 0, "axis": "y", "origin": [5, 9.25, 0.5]},
			"faces": {
				"north": {"uv": [0, 0, 6, 3.5], "texture": "#3"},
				"east": {"uv": [0, 0, 6, 3.5], "texture": "#3"},
				"south": {"uv": [0, 0, 6, 3.5], "texture": "#3"},
				"west": {"uv": [0, 0, 6, 3.5], "texture": "#3"},
				"up": {"uv": [0, 0, 6, 6], "texture": "#3"},
				"down": {"uv": [0, 0, 6, 6], "texture": "#3"}
			}
		},
		{
			"from": [5, 8.75, 0.5],
			"to": [11, 9.25, 6.5],
			"rotation": {"angle": 0, "axis": "y", "origin": [5, 8.75, 0.5]},
			"faces": {
				"north": {"uv": [0, 0, 6, 0.5], "texture": "#4"},
				"east": {"uv": [0, 0, 6, 0.5], "texture": "#4"},
				"south": {"uv": [0, 0, 6, 0.5], "texture": "#4"},
				"west": {"uv": [0, 0, 6, 0.5], "texture": "#4"},
				"up": {"uv": [0, 0, 6, 6], "texture": "#4"},
				"down": {"uv": [0, 0, 6, 6], "texture": "#4"}
			}
		},
		{
			"from": [7, 10, 4.75],
			"to": [9, 12, 6.75],
			"rotation": {"angle": 0, "axis": "y", "origin": [7, 10, 4.75]},
			"faces": {
				"north": {"uv": [2, 2, 4, 4], "texture": "#4"},
				"east": {"uv": [2, 2, 4, 4], "texture": "#4"},
				"south": {"uv": [2, 2, 4, 4], "texture": "#4"},
				"west": {"uv": [2, 2, 4, 4], "texture": "#4"},
				"up": {"uv": [2, 2, 4, 4], "texture": "#4"},
				"down": {"uv": [2, 2, 4, 4], "texture": "#4"}
			}
		},
		{
			"from": [7.25, 10.25, 4.85],
			"to": [8.75, 11.75, 6.85],
			"rotation": {"angle": 0, "axis": "y", "origin": [7.25, 10.25, 4.85]},
			"faces": {
				"north": {"uv": [2, 2, 4, 4], "texture": "#5"},
				"east": {"uv": [2, 2, 4, 4], "texture": "#5"},
				"south": {"uv": [2, 2, 4, 4], "texture": "#5"},
				"west": {"uv": [2, 2, 4, 4], "texture": "#5"},
				"up": {"uv": [2, 2, 4, 4], "texture": "#5"},
				"down": {"uv": [2, 2, 4, 4], "texture": "#5"}
			}
		},
		{
			"from": [7.75, 1.5, 5.25],
			"to": [8.75, 2.5, 6.25],
			"rotation": {"angle": 0, "axis": "y", "origin": [8.75, 2, 5.75]},
			"faces": {
				"north": {"uv": [0, 3, 1, 2], "rotation": 270, "texture": "#4"},
				"east": {"uv": [0, 2, 1, 1], "rotation": 270, "texture": "#4"},
				"south": {"uv": [0, 3, 1, 2], "rotation": 90, "texture": "#4"},
				"west": {"uv": [0, 2, 1, 1], "rotation": 270, "texture": "#4"},
				"up": {"uv": [1, 2, 0, 3], "rotation": 270, "texture": "#4"},
				"down": {"uv": [1, 2, 0, 3], "rotation": 270, "texture": "#4"}
			}
		}
	],
	"display": {
		"gui": {
			"translation": [0, -23.5, 0]
		},
		"head": {
			"translation": [0, -33.75, 0]
		}
	}
}