{
	"credit": "Made with Blockbench",
	"textures": {
		"0": "block/carved_pumpkin",
		"1": "block/pumpkin_top",
		"2": "block/pumpkin_side",
		"3": "block/oak_planks",
		"4": "block/anvil",
		"5": "block/brown_wool",
		"6": "block/white_wool",
		"7": "block/black_wool",
		"particle": "block/carved_pumpkin"
	},
	"elements": [
		{
			"from": [5, 3.75, 0.5],
			"to": [11, 9.75, 6.5],
			"rotation": {"angle": 0, "axis": "y", "origin": [5, 3.75, 6.5]},
			"faces": {
				"north": {"uv": [16, 0, 0, 16], "texture": "#2"},
				"east": {"uv": [16, 0, 0, 16], "texture": "#2"},
				"south": {"uv": [16, 0, 0, 16], "texture": "#0"},
				"west": {"uv": [16, 0, 0, 16], "texture": "#2"},
				"up": {"uv": [0, 16, 16, 0], "texture": "#1"},
				"down": {"uv": [0, 16, 16, 0], "texture": "#2"}
			}
		},
		{
			"from": [6, 2.75, 1.5],
			"to": [10, 4.75, 5.5],
			"rotation": {"angle": 0, "axis": "y", "origin": [6, 2.75, 5.5]},
			"faces": {
				"north": {"uv": [4, 0, 0, 2], "texture": "#2"},
				"east": {"uv": [4, 0, 0, 2], "texture": "#2"},
				"south": {"uv": [4, 0, 0, 2], "texture": "#2"},
				"west": {"uv": [4, 0, 0, 2], "texture": "#2"},
				"up": {"uv": [0, 4, 4, 0], "texture": "#2"},
				"down": {"uv": [0, 4, 4, 0], "texture": "#2"}
			}
		},
		{
			"from": [5.5, 1, 1.25],
			"to": [10.5, 3, 5.75],
			"rotation": {"angle": 0, "axis": "y", "origin": [5.5, 1, 6.25]},
			"faces": {
				"north": {"uv": [14, 6, 8, 8], "texture": "#6"},
				"east": {"uv": [11, 8, 6, 10], "texture": "#6"},
				"south": {"uv": [14, 6, 8, 8], "texture": "#6"},
				"west": {"uv": [11, 8, 6, 10], "texture": "#6"},
				"up": {"uv": [6, 7, 12, 2], "texture": "#6"},
				"down": {"uv": [6, 7, 12, 2], "texture": "#6"}
			}
		},
		{
			"from": [5, -4, 2],
			"to": [11, 1, 6],
			"rotation": {"angle": 0, "axis": "y", "origin": [5, -4, 7]},
			"faces": {
				"north": {"uv": [14, 6, 8, 11], "texture": "#5"},
				"east": {"uv": [11, 8, 6, 13], "texture": "#5"},
				"south": {"uv": [14, 6, 8, 11], "texture": "#5"},
				"west": {"uv": [11, 8, 6, 13], "texture": "#5"},
				"up": {"uv": [6, 7, 12, 2], "texture": "#5"},
				"down": {"uv": [6, 7, 12, 2], "texture": "#5"}
			}
		},
		{
			"from": [8.5, -10, 2],
			"to": [11.5, -9, 5],
			"rotation": {"angle": 0, "axis": "y", "origin": [8.5, -10, 5]},
			"faces": {
				"north": {"uv": [3, 0, 0, 1], "texture": "#2"},
				"east": {"uv": [3, 0, 0, 1], "texture": "#2"},
				"south": {"uv": [3, 0, 0, 1], "texture": "#2"},
				"west": {"uv": [3, 0, 0, 1], "texture": "#2"},
				"up": {"uv": [0, 3, 3, 0], "texture": "#2"},
				"down": {"uv": [0, 3, 3, 0], "texture": "#2"}
			}
		},
		{
			"from": [4.5, -10, 2],
			"to": [7.5, -9, 5],
			"rotation": {"angle": 0, "axis": "y", "origin": [6, -8.5, 3.5]},
			"faces": {
				"north": {"uv": [3, 0, 0, 1], "texture": "#2"},
				"east": {"uv": [3, 0, 0, 1], "texture": "#2"},
				"south": {"uv": [3, 0, 0, 1], "texture": "#2"},
				"west": {"uv": [3, 0, 0, 1], "texture": "#2"},
				"up": {"uv": [0, 3, 3, 0], "rotation": 180, "texture": "#2"},
				"down": {"uv": [0, 3, 3, 0], "rotation": 180, "texture": "#2"}
			}
		},
		{
			"from": [3, -2.6, 2],
			"to": [5, 3.4, 5],
			"rotation": {"angle": -22.5, "axis": "z", "origin": [4, 0.4, 3.5]},
			"faces": {
				"north": {"uv": [2, 0, 0, 6], "texture": "#6"},
				"east": {"uv": [3, 0, 0, 6], "texture": "#6"},
				"south": {"uv": [2, 0, 0, 6], "texture": "#6"},
				"west": {"uv": [3, 0, 0, 6], "texture": "#6"},
				"up": {"uv": [0, 3, 2, 0], "texture": "#6"},
				"down": {"uv": [0, 3, 2, 0], "texture": "#6"}
			}
		},
		{
			"from": [11, -2.6, 2],
			"to": [13, 3.4, 5],
			"rotation": {"angle": 22.5, "axis": "z", "origin": [12, 0.4, 3.5]},
			"faces": {
				"north": {"uv": [0, 0, 2, 6], "texture": "#6"},
				"east": {"uv": [0, 0, 3, 6], "texture": "#6"},
				"south": {"uv": [0, 0, 2, 6], "texture": "#6"},
				"west": {"uv": [0, 0, 3, 6], "texture": "#6"},
				"up": {"uv": [2, 3, 0, 0], "texture": "#6"},
				"down": {"uv": [2, 3, 0, 0], "texture": "#6"}
			}
		},
		{
			"from": [2.75, -4, 3],
			"to": [3.75, 3, 4],
			"rotation": {"angle": -22.5, "axis": "z", "origin": [3.25, -1.5, 3.5]},
			"faces": {
				"north": {"uv": [1, 0, 0, 7], "texture": "#2"},
				"east": {"uv": [1, 0, 0, 7], "texture": "#2"},
				"south": {"uv": [1, 0, 0, 7], "texture": "#2"},
				"west": {"uv": [1, 0, 0, 7], "texture": "#2"},
				"up": {"uv": [0, 1, 1, 0], "texture": "#2"},
				"down": {"uv": [0, 1, 1, 0], "texture": "#2"}
			}
		},
		{
			"from": [12.25, -4, 3],
			"to": [13.25, 3, 4],
			"rotation": {"angle": 22.5, "axis": "z", "origin": [12.75, -1.5, 3.5]},
			"faces": {
				"north": {"uv": [0, 0, 1, 7], "texture": "#2"},
				"east": {"uv": [0, 0, 1, 7], "texture": "#2"},
				"south": {"uv": [0, 0, 1, 7], "texture": "#2"},
				"west": {"uv": [0, 0, 1, 7], "texture": "#2"},
				"up": {"uv": [1, 1, 0, 0], "texture": "#2"},
				"down": {"uv": [1, 1, 0, 0], "texture": "#2"}
			}
		},
		{
			"from": [5, 1, 1],
			"to": [7, 3.5, 6],
			"rotation": {"angle": 0, "axis": "y", "origin": [5, 1, 1]},
			"faces": {
				"north": {"uv": [0, 0, 2, 2.5], "texture": "#5"},
				"east": {"uv": [0, 0, 5, 2.5], "texture": "#5"},
				"south": {"uv": [0, 0, 2, 2.5], "texture": "#5"},
				"west": {"uv": [0, 0, 5, 2.5], "texture": "#5"},
				"up": {"uv": [0, 0, 2, 5], "texture": "#5"},
				"down": {"uv": [0, 0, 2, 5], "texture": "#5"}
			}
		},
		{
			"from": [9, 1, 1],
			"to": [11, 3.5, 6],
			"rotation": {"angle": 0, "axis": "y", "origin": [9, 1, 1]},
			"faces": {
				"north": {"uv": [0, 0, 2, 2.5], "texture": "#5"},
				"east": {"uv": [0, 0, 5, 2.5], "texture": "#5"},
				"south": {"uv": [0, 0, 2, 2.5], "texture": "#5"},
				"west": {"uv": [0, 0, 5, 2.5], "texture": "#5"},
				"up": {"uv": [0, 0, 2, 5], "texture": "#5"},
				"down": {"uv": [0, 0, 2, 5], "texture": "#5"}
			}
		},
		{
			"from": [4.5, -9, 2],
			"to": [7.5, -4, 5],
			"rotation": {"angle": 0, "axis": "y", "origin": [4.5, -9, 2]},
			"faces": {
				"north": {"uv": [0, 0, 3, 5], "texture": "#7"},
				"east": {"uv": [0, 0, 3, 5], "texture": "#7"},
				"south": {"uv": [0, 0, 3, 5], "texture": "#7"},
				"west": {"uv": [0, 0, 3, 5], "texture": "#7"},
				"up": {"uv": [0, 0, 3, 3], "texture": "#7"},
				"down": {"uv": [0, 0, 3, 3], "texture": "#7"}
			}
		},
		{
			"from": [8.5, -9, 2],
			"to": [11.5, -4, 5],
			"rotation": {"angle": 0, "axis": "y", "origin": [8.5, -9, 2]},
			"faces": {
				"north": {"uv": [0, 0, 3, 5], "texture": "#7"},
				"east": {"uv": [0, 0, 3, 5], "texture": "#7"},
				"south": {"uv": [0, 0, 3, 5], "texture": "#7"},
				"west": {"uv": [0, 0, 3, 5], "texture": "#7"},
				"up": {"uv": [0, 0, 3, 3], "texture": "#7"},
				"down": {"uv": [0, 0, 3, 3], "texture": "#7"}
			}
		},
		{
			"from": [5, -3, 1],
			"to": [11, -2, 2],
			"rotation": {"angle": 0, "axis": "x", "origin": [5, -3, 1]},
			"faces": {
				"north": {"uv": [0, 0, 6, 1], "texture": "#6"},
				"east": {"uv": [0, 0, 1, 1], "texture": "#6"},
				"south": {"uv": [0, 0, 6, 1], "texture": "#6"},
				"west": {"uv": [0, 0, 1, 1], "texture": "#6"},
				"up": {"uv": [0, 0, 6, 1], "texture": "#6"},
				"down": {"uv": [0, 0, 6, 1], "texture": "#6"}
			}
		},
		{
			"from": [5, -4, 1],
			"to": [11, -3, 2],
			"rotation": {"angle": 0, "axis": "y", "origin": [5, -4, 1]},
			"faces": {
				"north": {"uv": [0, 0, 6, 1], "texture": "#7"},
				"east": {"uv": [0, 0, 1, 1], "texture": "#7"},
				"south": {"uv": [0, 0, 6, 1], "texture": "#7"},
				"west": {"uv": [0, 0, 1, 1], "texture": "#7"},
				"up": {"uv": [0, 0, 6, 1], "texture": "#7"},
				"down": {"uv": [0, 0, 6, 1], "texture": "#7"}
			}
		},
		{
			"from": [7, -1, 1],
			"to": [9, 1, 2],
			"rotation": {"angle": 0, "axis": "y", "origin": [7, -1, 1]},
			"faces": {
				"north": {"uv": [0, 0, 2, 2], "texture": "#6"},
				"east": {"uv": [0, 0, 1, 2], "texture": "#6"},
				"south": {"uv": [0, 0, 2, 2], "texture": "#6"},
				"west": {"uv": [0, 0, 1, 2], "texture": "#6"},
				"up": {"uv": [0, 0, 2, 1], "texture": "#6"},
				"down": {"uv": [0, 0, 2, 1], "texture": "#6"}
			}
		},
		{
			"from": [5, -1, 1],
			"to": [7, 1, 2],
			"rotation": {"angle": 0, "axis": "y", "origin": [5, -1, 1]},
			"faces": {
				"north": {"uv": [0, 0, 2, 2], "texture": "#5"},
				"east": {"uv": [0, 0, 1, 2], "texture": "#5"},
				"south": {"uv": [0, 0, 2, 2], "texture": "#5"},
				"west": {"uv": [0, 0, 1, 2], "texture": "#5"},
				"up": {"uv": [0, 0, 2, 1], "texture": "#5"},
				"down": {"uv": [0, 0, 2, 1], "texture": "#5"}
			}
		},
		{
			"from": [9, -1, 1],
			"to": [11, 1, 2],
			"rotation": {"angle": 0, "axis": "y", "origin": [9, -1, 1]},
			"faces": {
				"north": {"uv": [0, 0, 2, 2], "texture": "#5"},
				"east": {"uv": [0, 0, 1, 2], "texture": "#5"},
				"south": {"uv": [0, 0, 2, 2], "texture": "#5"},
				"west": {"uv": [0, 0, 1, 2], "texture": "#5"},
				"up": {"uv": [0, 0, 2, 1], "texture": "#5"},
				"down": {"uv": [0, 0, 2, 1], "texture": "#5"}
			}
		},
		{
			"from": [5, -2, 1],
			"to": [11, -1, 2],
			"rotation": {"angle": 0, "axis": "y", "origin": [5, -2, 1]},
			"faces": {
				"north": {"uv": [0, 0, 6, 1], "texture": "#5"},
				"east": {"uv": [0, 0, 1, 1], "texture": "#5"},
				"south": {"uv": [0, 0, 6, 1], "texture": "#5"},
				"west": {"uv": [0, 0, 1, 1], "texture": "#5"},
				"up": {"uv": [0, 0, 6, 1], "texture": "#5"},
				"down": {"uv": [0, 0, 6, 1], "texture": "#5"}
			}
		},
		{
			"from": [5, -9, 5],
			"to": [11, -4, 6],
			"rotation": {"angle": 0, "axis": "x", "origin": [8, -6.5, 5.5]},
			"faces": {
				"north": {"uv": [0, 0, 6, 5], "texture": "#5"},
				"east": {"uv": [0, 0, 1, 5], "texture": "#5"},
				"south": {"uv": [0, 0, 6, 5], "texture": "#5"},
				"west": {"uv": [0, 0, 1, 5], "texture": "#5"},
				"up": {"uv": [0, 0, 6, 1], "texture": "#5"},
				"down": {"uv": [0, 0, 6, 1], "texture": "#5"}
			}
		},
		{
			"from": [4.75, 8.5, 0.25],
			"to": [11.25, 10.5, 6.75],
			"rotation": {"angle": 0, "axis": "y", "origin": [4.75, 8.5, 0.25]},
			"faces": {
				"north": {"uv": [0, 0, 6.5, 2], "texture": "#7"},
				"east": {"uv": [0, 0, 6.5, 2], "texture": "#7"},
				"south": {"uv": [0, 0, 6.5, 2], "texture": "#7"},
				"west": {"uv": [0, 0, 6.5, 2], "texture": "#7"},
				"up": {"uv": [0, 0, 6.5, 6.5], "texture": "#7"},
				"down": {"uv": [0, 0, 6.5, 6.5], "texture": "#7"}
			}
		},
		{
			"from": [7.5, 8, 0],
			"to": [8.5, 9, 1],
			"rotation": {"angle": 0, "axis": "y", "origin": [7.5, 8, 0]},
			"faces": {
				"north": {"uv": [0, 0, 1, 1], "texture": "#7"},
				"east": {"uv": [0, 0, 1, 1], "texture": "#7"},
				"south": {"uv": [0, 0, 1, 1], "texture": "#7"},
				"west": {"uv": [0, 0, 1, 1], "texture": "#7"},
				"up": {"uv": [0, 0, 1, 1], "texture": "#7"},
				"down": {"uv": [0, 0, 1, 1], "texture": "#7"}
			}
		},
		{
			"from": [8.25, 7, 0.2],
			"to": [9.25, 9, 1.2],
			"rotation": {"angle": 45, "axis": "z", "origin": [8.75, 8, 0.7]},
			"faces": {
				"north": {"uv": [0, 0, 1, 2], "texture": "#7"},
				"east": {"uv": [0, 0, 1, 2], "texture": "#7"},
				"south": {"uv": [0, 0, 1, 2], "texture": "#7"},
				"west": {"uv": [0, 0, 1, 2], "texture": "#7"},
				"up": {"uv": [0, 0, 1, 1], "texture": "#7"},
				"down": {"uv": [0, 0, 1, 1], "texture": "#7"}
			}
		},
		{
			"from": [6.75, 7, 0.2],
			"to": [7.75, 9, 1.2],
			"rotation": {"angle": -45, "axis": "z", "origin": [7.25, 8, 0.7]},
			"faces": {
				"north": {"uv": [1, 0, 0, 2], "texture": "#7"},
				"east": {"uv": [1, 0, 0, 2], "texture": "#7"},
				"south": {"uv": [1, 0, 0, 2], "texture": "#7"},
				"west": {"uv": [1, 0, 0, 2], "texture": "#7"},
				"up": {"uv": [1, 0, 0, 1], "texture": "#7"},
				"down": {"uv": [1, 0, 0, 1], "texture": "#7"}
			}
		},
		{
			"from": [2.55, -4, 2],
			"to": [3.55, -3, 8],
			"rotation": {"angle": 22.5, "axis": "x", "origin": [3.05, -3.5, 4.5]},
			"faces": {
				"north": {"uv": [0, 0, 1, 1], "rotation": 180, "texture": "#3"},
				"east": {"uv": [0, 0, 1, 6], "rotation": 270, "texture": "#3"},
				"south": {"uv": [0, 0, 1, 1], "texture": "#3"},
				"west": {"uv": [0, 0, 1, 6], "rotation": 90, "texture": "#3"},
				"up": {"uv": [0, 0, 1, 6], "rotation": 180, "texture": "#3"},
				"down": {"uv": [0, 0, 1, 6], "texture": "#3"}
			}
		},
		{
			"from": [2, -5.85, 5.5],
			"to": [4, -2.85, 7.5],
			"rotation": {"angle": 22.5, "axis": "x", "origin": [3, -4.35, 6.5]},
			"faces": {
				"north": {"uv": [0, 0, 2, 3], "texture": "#4"},
				"east": {"uv": [0, 0, 2, 3], "texture": "#4"},
				"south": {"uv": [0, 0, 2, 3], "texture": "#4"},
				"west": {"uv": [0, 0, 2, 3], "texture": "#4"},
				"up": {"uv": [0, 0, 2, 2], "texture": "#4"},
				"down": {"uv": [0, 0, 2, 2], "texture": "#4"}
			}
		}
	],
	"display": {
		"gui": {
			"translation": [0, -23.5, 0]
		},
		"head": {
			"translation": [0, -33.75, 0]
		}
	}
}