{
	"format_version": "1.21.6",
	"credit": "Made with Blockbench",
	"textures": {
		"1": "item/custom/character/oldman4",
		"2": "block/white_wool",
		"4": "block/purple_wool",
		"5": "block/red_wool",
		"6": "block/gold_block",
		"7": "block/diamond_block",
		"8": "block/blue_wool",
		"9": "block/brown_wool",
		"particle": "block/white_wool"
	},
	"elements": [
		{
			"name": "head",
			"from": [4.4, 12.1, -0.1],
			"to": [11.6, 19.3, 7.1],
			"rotation": {"angle": 0, "axis": "y", "origin": [0.8, -0.95, 0.8]},
			"faces": {
				"north": {"uv": [6, 2, 8, 4], "texture": "#1"},
				"east": {"uv": [4, 2, 6, 4], "texture": "#1"},
				"south": {"uv": [2, 2, 4, 4], "texture": "#1"},
				"west": {"uv": [0, 2, 2, 4], "texture": "#1"},
				"up": {"uv": [4, 2, 2, 0], "rotation": 180, "texture": "#1"},
				"down": {"uv": [6, 0, 4, 2], "rotation": 180, "texture": "#1"}
			}
		},
		{
			"name": "body",
			"from": [4.4, 1.3, 1.7],
			"to": [11.6, 12.1, 5.3],
			"rotation": {"angle": 0, "axis": "y", "origin": [0.8, -0.95, 0.8]},
			"faces": {
				"north": {"uv": [8, 5, 10, 8], "texture": "#2"},
				"east": {"uv": [7, 5, 8, 8], "texture": "#2"},
				"south": {"uv": [5, 5, 7, 8], "texture": "#2"},
				"west": {"uv": [4, 5, 5, 8], "texture": "#2"},
				"up": {"uv": [7, 5, 5, 4], "rotation": 180, "texture": "#2"},
				"down": {"uv": [9, 4, 7, 5], "rotation": 180, "texture": "#2"}
			}
		},
		{
			"name": "right_arm",
			"from": [1.7, 1.3, 1.7],
			"to": [4.4, 12.1, 5.3],
			"rotation": {"angle": 0, "axis": "y", "origin": [0.8, -0.95, 0.8]},
			"faces": {
				"north": {"uv": [12.75, 5, 13.5, 8], "texture": "#1"},
				"east": {"uv": [11.75, 5, 12.75, 8], "texture": "#1"},
				"south": {"uv": [11, 5, 11.75, 8], "texture": "#1"},
				"west": {"uv": [10, 5, 11, 8], "texture": "#1"},
				"up": {"uv": [11.75, 5, 11, 4], "rotation": 180, "texture": "#1"},
				"down": {"uv": [12.5, 4, 11.75, 5], "rotation": 180, "texture": "#1"}
			}
		},
		{
			"name": "left_arm",
			"from": [11.6, 1.3, 1.7],
			"to": [14.3, 12.1, 5.3],
			"rotation": {"angle": 0, "axis": "y", "origin": [0.8, -0.95, 0.8]},
			"faces": {
				"north": {"uv": [10.75, 13, 11.5, 16], "texture": "#1"},
				"east": {"uv": [9.75, 13, 10.75, 16], "texture": "#1"},
				"south": {"uv": [9, 13, 9.75, 16], "texture": "#1"},
				"west": {"uv": [8, 13, 9, 16], "texture": "#1"},
				"up": {"uv": [9.75, 13, 9, 12], "rotation": 180, "texture": "#1"},
				"down": {"uv": [10.5, 12, 9.75, 13], "rotation": 180, "texture": "#1"}
			}
		},
		{
			"name": "right_leg",
			"from": [8, -9.5, 1.7],
			"to": [11.6, 1.3, 5.3],
			"rotation": {"angle": 0, "axis": "y", "origin": [0.8, -0.95, 0.8]},
			"faces": {
				"north": {"uv": [7, 13, 8, 16], "texture": "#1"},
				"east": {"uv": [6, 13, 7, 16], "texture": "#1"},
				"south": {"uv": [5, 13, 6, 16], "texture": "#1"},
				"west": {"uv": [4, 13, 5, 16], "texture": "#1"},
				"up": {"uv": [6, 13, 5, 12], "rotation": 180, "texture": "#1"},
				"down": {"uv": [7, 12, 6, 13], "rotation": 180, "texture": "#1"}
			}
		},
		{
			"name": "left_leg",
			"from": [4.4, -9.5, 1.7],
			"to": [8, 1.3, 5.3],
			"rotation": {"angle": 0, "axis": "y", "origin": [0.8, -0.95, 0.8]},
			"faces": {
				"north": {"uv": [3, 5, 4, 8], "texture": "#1"},
				"east": {"uv": [2, 5, 3, 8], "texture": "#1"},
				"south": {"uv": [1, 5, 2, 8], "texture": "#1"},
				"west": {"uv": [0, 5, 1, 8], "texture": "#1"},
				"up": {"uv": [2, 5, 1, 4], "rotation": 180, "texture": "#1"},
				"down": {"uv": [3, 4, 2, 5], "rotation": 180, "texture": "#1"}
			}
		},
		{
			"from": [4.25, -9, 1.5],
			"to": [11.75, 1, 5.5],
			"rotation": {"angle": 0, "axis": "y", "origin": [4.25, -9, 1.5]},
			"faces": {
				"north": {"uv": [0, 0, 7.5, 10], "texture": "#8"},
				"east": {"uv": [0, 0, 4, 10], "texture": "#8"},
				"south": {"uv": [0, 0, 7.5, 10], "texture": "#8"},
				"west": {"uv": [0, 0, 4, 10], "texture": "#8"},
				"up": {"uv": [0, 0, 7.5, 4], "texture": "#8"},
				"down": {"uv": [0, 0, 7.5, 4], "texture": "#8"}
			}
		},
		{
			"from": [4.25, -10, 1.5],
			"to": [11.75, -9, 5.5],
			"rotation": {"angle": 0, "axis": "y", "origin": [4.25, -10, 1.5]},
			"faces": {
				"north": {"uv": [0, 0, 7.5, 1], "texture": "#9"},
				"east": {"uv": [0, 0, 4, 1], "texture": "#9"},
				"south": {"uv": [0, 0, 7.5, 1], "texture": "#9"},
				"west": {"uv": [0, 0, 4, 1], "texture": "#9"},
				"up": {"uv": [0, 0, 7.5, 4], "texture": "#9"},
				"down": {"uv": [0, 0, 7.5, 4], "texture": "#9"}
			}
		},
		{
			"from": [6, 1, 3.5],
			"to": [10, 4, 5.5],
			"rotation": {"angle": 0, "axis": "y", "origin": [6, 1, 3.5]},
			"faces": {
				"north": {"uv": [0, 0, 4, 3], "texture": "#5"},
				"east": {"uv": [0, 0, 2, 3], "texture": "#5"},
				"south": {"uv": [0, 0, 4, 3], "texture": "#5"},
				"west": {"uv": [0, 0, 2, 3], "texture": "#5"},
				"up": {"uv": [0, 0, 4, 2], "texture": "#5"},
				"down": {"uv": [0, 0, 4, 2], "texture": "#5"}
			}
		},
		{
			"from": [4, -1, 1.25],
			"to": [6, 12.5, 5.75],
			"rotation": {"angle": 0, "axis": "y", "origin": [4, -1, 1.25]},
			"faces": {
				"north": {"uv": [0, 0, 2, 13.5], "texture": "#4"},
				"east": {"uv": [0, 0, 4.5, 13.5], "texture": "#4"},
				"south": {"uv": [0, 0, 2, 13.5], "texture": "#4"},
				"west": {"uv": [0, 0, 4.5, 13.5], "texture": "#4"},
				"up": {"uv": [0, 0, 2, 4.5], "texture": "#4"},
				"down": {"uv": [0, 0, 2, 4.5], "texture": "#4"}
			}
		},
		{
			"from": [6, -2, 1.25],
			"to": [10, 12.5, 4.75],
			"rotation": {"angle": 0, "axis": "y", "origin": [6, -2, 1.25]},
			"faces": {
				"north": {"uv": [12, 1.5, 16, 16], "texture": "#4"},
				"east": {"uv": [9, 1.5, 12.5, 16], "texture": "#4"},
				"south": {"uv": [9, 1.5, 13, 16], "texture": "#4"},
				"west": {"uv": [8, 1.5, 11.5, 16], "texture": "#4"},
				"up": {"uv": [5, 8, 9, 11.5], "texture": "#4"},
				"down": {"uv": [5, 11, 9, 14.5], "texture": "#4"}
			}
		},
		{
			"from": [10, -1, 1.25],
			"to": [12, 12.5, 5.75],
			"rotation": {"angle": 0, "axis": "y", "origin": [10, -1, 1.25]},
			"faces": {
				"north": {"uv": [0, 0, 2, 13.5], "texture": "#4"},
				"east": {"uv": [0, 0, 4.5, 13.5], "texture": "#4"},
				"south": {"uv": [0, 0, 2, 13.5], "texture": "#4"},
				"west": {"uv": [0, 0, 4.5, 13.5], "texture": "#4"},
				"up": {"uv": [0, 0, 2, 4.5], "texture": "#4"},
				"down": {"uv": [0, 0, 2, 4.5], "texture": "#4"}
			}
		},
		{
			"from": [12, 3, 1.5],
			"to": [14.5, 12.5, 5.5],
			"rotation": {"angle": 0, "axis": "y", "origin": [12, 3, 1.5]},
			"faces": {
				"north": {"uv": [0, 0, 2.5, 9.5], "texture": "#2"},
				"east": {"uv": [0, 0, 4, 9.5], "texture": "#2"},
				"south": {"uv": [0, 0, 2.5, 9.5], "texture": "#2"},
				"west": {"uv": [0, 0, 4, 9.5], "texture": "#2"},
				"up": {"uv": [0, 0, 2.5, 4], "texture": "#2"},
				"down": {"uv": [0, 0, 2.5, 4], "texture": "#2"}
			}
		},
		{
			"from": [1.5, 3, 1.5],
			"to": [4, 12.5, 5.5],
			"rotation": {"angle": 0, "axis": "y", "origin": [1.5, 3, 1.5]},
			"faces": {
				"north": {"uv": [0, 0, 2.5, 9.5], "texture": "#2"},
				"east": {"uv": [0, 0, 4, 9.5], "texture": "#2"},
				"south": {"uv": [0, 0, 2.5, 9.5], "texture": "#2"},
				"west": {"uv": [0, 0, 4, 9.5], "texture": "#2"},
				"up": {"uv": [0, 0, 2.5, 4], "texture": "#2"},
				"down": {"uv": [0, 0, 2.5, 4], "texture": "#2"}
			}
		},
		{
			"from": [3.75, 16, -0.25],
			"to": [8.75, 20, 7.25],
			"rotation": {"angle": 22.5, "axis": "z", "origin": [5.75, 18, 3.5]},
			"faces": {
				"north": {"uv": [0, 0, 5, 4], "texture": "#2"},
				"east": {"uv": [0, 0, 7.5, 4], "texture": "#2"},
				"south": {"uv": [0, 0, 5, 4], "texture": "#2"},
				"west": {"uv": [0, 0, 7.5, 4], "texture": "#2"},
				"up": {"uv": [0, 0, 5, 7.5], "texture": "#2"},
				"down": {"uv": [0, 0, 5, 7.5], "texture": "#2"}
			}
		},
		{
			"from": [7.5, 16.75, -0.5],
			"to": [12.5, 20.75, 7.5],
			"rotation": {"angle": -22.5, "axis": "z", "origin": [9.5, 18.75, 3.25]},
			"faces": {
				"north": {"uv": [4, 0, 9, 4], "texture": "#2"},
				"east": {"uv": [7.5, 0, 15.5, 4], "texture": "#2"},
				"south": {"uv": [4, 0, 9, 4], "texture": "#2"},
				"west": {"uv": [7.5, 0, 15.5, 4], "texture": "#2"},
				"up": {"uv": [4, 0, 9, 8], "texture": "#2"},
				"down": {"uv": [4, 0, 9, 8], "texture": "#2"}
			}
		},
		{
			"from": [7, 17.25, 5.75],
			"to": [9, 19.25, 7.75],
			"rotation": {"angle": 0, "axis": "y", "origin": [7, 17.25, 5.75]},
			"faces": {
				"north": {"uv": [5, 4, 7, 6], "texture": "#6"},
				"east": {"uv": [5, 4, 7, 6], "texture": "#6"},
				"south": {"uv": [4, 3, 6, 5], "texture": "#6"},
				"west": {"uv": [5, 4, 7, 6], "texture": "#6"},
				"up": {"uv": [5, 3, 7, 5], "texture": "#6"},
				"down": {"uv": [4, 3, 6, 5], "texture": "#6"}
			}
		},
		{
			"from": [7.5, 17.75, 6.85],
			"to": [8.5, 18.75, 7.85],
			"rotation": {"angle": 45, "axis": "z", "origin": [8, 18.25, 7.35]},
			"faces": {
				"north": {"uv": [5, 4, 7, 6], "texture": "#7"},
				"east": {"uv": [5, 4, 7, 6], "texture": "#7"},
				"south": {"uv": [4, 3, 6, 5], "texture": "#7"},
				"west": {"uv": [5, 4, 7, 6], "texture": "#7"},
				"up": {"uv": [5, 3, 7, 5], "texture": "#7"},
				"down": {"uv": [4, 3, 6, 5], "texture": "#7"}
			}
		}
	],
	"display": {
		"head": {
			"translation": [0, -29, 0],
			"scale": [1.6, 1.6, 1.6]
		}
	},
	"groups": [
		{
			"name": "alex",
			"origin": [8, 8, 8],
			"color": 0,
			"children": [0, 1, 2, 3, 4, 5, 6, 7]
		},
		8,
		9,
		10,
		11,
		12,
		13,
		14,
		15,
		16,
		17
	]
}