{
	"format_version": "1.21.6",
	"credit": "Made with Blockbench",
	"textures": {
		"1": "item/custom/character/badguy3",
		"4": "block/black_wool",
		"5": "block/brown_wool",
		"6": "block/gray_wool",
		"7": "block/red_wool",
		"9": "block/blue_wool",
		"10": "block/anvil",
		"11": "block/oak_planks",
		"particle": "block/white_wool"
	},
	"elements": [
		{
			"name": "head",
			"from": [4.4, 12.1, -0.1],
			"to": [11.6, 19.3, 7.1],
			"rotation": {"angle": 0, "axis": "y", "origin": [0.8, -0.95, 0.8]},
			"faces": {
				"north": {"uv": [6, 2, 8, 4], "texture": "#1"},
				"east": {"uv": [4, 2, 6, 4], "texture": "#1"},
				"south": {"uv": [2, 2, 4, 4], "texture": "#1"},
				"west": {"uv": [0, 2, 2, 4], "texture": "#1"},
				"up": {"uv": [4, 2, 2, 0], "rotation": 180, "texture": "#1"},
				"down": {"uv": [6, 0, 4, 2], "rotation": 180, "texture": "#1"}
			}
		},
		{
			"name": "right_arm",
			"from": [1.7, 1.3, 1.7],
			"to": [4.4, 12.1, 5.3],
			"rotation": {"angle": 0, "axis": "y", "origin": [0.8, -0.95, 0.8]},
			"faces": {
				"north": {"uv": [12.75, 5, 13.5, 8], "texture": "#4"},
				"east": {"uv": [11.75, 5, 12.75, 8], "texture": "#4"},
				"south": {"uv": [11, 5, 11.75, 8], "texture": "#4"},
				"west": {"uv": [10, 5, 11, 8], "texture": "#4"},
				"up": {"uv": [11.75, 5, 11, 4], "rotation": 180, "texture": "#4"},
				"down": {"uv": [12.5, 4, 11.75, 5], "rotation": 180, "texture": "#4"}
			}
		},
		{
			"name": "left_arm",
			"from": [11.6, 1.3, 1.7],
			"to": [14.3, 12.1, 5.3],
			"rotation": {"angle": 0, "axis": "y", "origin": [0.8, -0.95, 0.8]},
			"faces": {
				"north": {"uv": [10.75, 13, 11.5, 16], "texture": "#4"},
				"east": {"uv": [9.75, 13, 10.75, 16], "texture": "#4"},
				"south": {"uv": [9, 13, 9.75, 16], "texture": "#4"},
				"west": {"uv": [8, 13, 9, 16], "texture": "#4"},
				"up": {"uv": [9.75, 13, 9, 12], "rotation": 180, "texture": "#4"},
				"down": {"uv": [10.5, 12, 9.75, 13], "rotation": 180, "texture": "#4"}
			}
		},
		{
			"name": "right_leg",
			"from": [8, -9.5, 1.7],
			"to": [11.6, 1.3, 5.3],
			"rotation": {"angle": 0, "axis": "y", "origin": [0.8, -0.95, 0.8]},
			"faces": {
				"north": {"uv": [7, 13, 8, 16], "texture": "#1"},
				"east": {"uv": [6, 13, 7, 16], "texture": "#1"},
				"south": {"uv": [5, 13, 6, 16], "texture": "#1"},
				"west": {"uv": [4, 13, 5, 16], "texture": "#1"},
				"up": {"uv": [6, 13, 5, 12], "rotation": 180, "texture": "#1"},
				"down": {"uv": [7, 12, 6, 13], "rotation": 180, "texture": "#1"}
			}
		},
		{
			"name": "left_leg",
			"from": [4.4, -9.5, 1.7],
			"to": [8, 1.3, 5.3],
			"rotation": {"angle": 0, "axis": "y", "origin": [0.8, -0.95, 0.8]},
			"faces": {
				"north": {"uv": [3, 5, 4, 8], "texture": "#1"},
				"east": {"uv": [2, 5, 3, 8], "texture": "#1"},
				"south": {"uv": [1, 5, 2, 8], "texture": "#1"},
				"west": {"uv": [0, 5, 1, 8], "texture": "#1"},
				"up": {"uv": [2, 5, 1, 4], "rotation": 180, "texture": "#1"},
				"down": {"uv": [3, 4, 2, 5], "rotation": 180, "texture": "#1"}
			}
		},
		{
			"from": [4.25, -10, 1.5],
			"to": [11.75, -9, 5.5],
			"rotation": {"angle": 0, "axis": "y", "origin": [4.25, -10, 1.5]},
			"faces": {
				"north": {"uv": [0, 0, 7.5, 1], "texture": "#4"},
				"east": {"uv": [0, 0, 4, 1], "texture": "#4"},
				"south": {"uv": [0, 0, 7.5, 1], "texture": "#4"},
				"west": {"uv": [0, 0, 4, 1], "texture": "#4"},
				"up": {"uv": [0, 0, 7.5, 4], "texture": "#4"},
				"down": {"uv": [0, 0, 7.5, 4], "texture": "#4"}
			}
		},
		{
			"from": [11.5, 5, 1.65],
			"to": [14.5, 12.5, 5.4],
			"rotation": {"angle": 0, "axis": "y", "origin": [11.5, 5, 1.65]},
			"faces": {
				"north": {"uv": [0, 0, 3, 7.5], "texture": "#7"},
				"east": {"uv": [0, 0, 3.75, 7.5], "texture": "#7"},
				"south": {"uv": [0, 0, 3, 7.5], "texture": "#7"},
				"west": {"uv": [0, 0, 3.75, 7.5], "texture": "#7"},
				"up": {"uv": [0, 0, 3, 3.75], "texture": "#7"},
				"down": {"uv": [0, 0, 3, 3.75], "texture": "#7"}
			}
		},
		{
			"from": [11.5, 0.5, 1.65],
			"to": [14.5, 4, 5.4],
			"rotation": {"angle": 0, "axis": "y", "origin": [11.5, 0.5, 1.65]},
			"faces": {
				"north": {"uv": [0, 0, 3, 3.5], "texture": "#6"},
				"east": {"uv": [0, 0, 3.75, 3.5], "texture": "#6"},
				"south": {"uv": [0, 0, 3, 3.5], "texture": "#6"},
				"west": {"uv": [0, 0, 3.75, 3.5], "texture": "#6"},
				"up": {"uv": [0, 0, 3, 3.75], "texture": "#6"},
				"down": {"uv": [0, 0, 3, 3.75], "texture": "#6"}
			}
		},
		{
			"from": [1.5, 0.5, 1.65],
			"to": [4.5, 4, 5.4],
			"rotation": {"angle": 0, "axis": "y", "origin": [1.5, 0.5, 1.65]},
			"faces": {
				"north": {"uv": [0, 0, 3, 3.5], "texture": "#6"},
				"east": {"uv": [0, 0, 3.75, 3.5], "texture": "#6"},
				"south": {"uv": [0, 0, 3, 3.5], "texture": "#6"},
				"west": {"uv": [0, 0, 3.75, 3.5], "texture": "#6"},
				"up": {"uv": [0, 0, 3, 3.75], "texture": "#6"},
				"down": {"uv": [0, 0, 3, 3.75], "texture": "#6"}
			}
		},
		{
			"from": [1.5, 5, 1.65],
			"to": [4.5, 12.5, 5.4],
			"rotation": {"angle": 0, "axis": "y", "origin": [1.5, 5, 1.65]},
			"faces": {
				"north": {"uv": [0, 0, 3, 7.5], "texture": "#7"},
				"east": {"uv": [0, 0, 3.75, 7.5], "texture": "#7"},
				"south": {"uv": [0, 0, 3, 7.5], "texture": "#7"},
				"west": {"uv": [0, 0, 3.75, 7.5], "texture": "#7"},
				"up": {"uv": [0, 0, 3, 3.75], "texture": "#7"},
				"down": {"uv": [0, 0, 3, 3.75], "texture": "#7"}
			}
		},
		{
			"from": [4, -9, 1],
			"to": [8, 2, 6],
			"rotation": {"angle": 0, "axis": "y", "origin": [4, -9, 1]},
			"faces": {
				"north": {"uv": [0, 0, 4, 11], "texture": "#9"},
				"east": {"uv": [0, 0, 5, 11], "texture": "#9"},
				"south": {"uv": [0, 0, 4, 11], "texture": "#9"},
				"west": {"uv": [0, 0, 5, 11], "texture": "#9"},
				"up": {"uv": [0, 0, 4, 5], "texture": "#9"},
				"down": {"uv": [0, 0, 4, 5], "texture": "#9"}
			}
		},
		{
			"from": [8, -9, 1],
			"to": [12, 2, 6],
			"rotation": {"angle": 0, "axis": "y", "origin": [8, -9, 1]},
			"faces": {
				"north": {"uv": [0, 0, 4, 11], "texture": "#9"},
				"east": {"uv": [0, 0, 5, 11], "texture": "#9"},
				"south": {"uv": [0, 0, 4, 11], "texture": "#9"},
				"west": {"uv": [0, 0, 5, 11], "texture": "#9"},
				"up": {"uv": [0, 0, 4, 5], "texture": "#9"},
				"down": {"uv": [0, 0, 4, 5], "texture": "#9"}
			}
		},
		{
			"from": [10, 2, 1],
			"to": [12, 12, 6],
			"rotation": {"angle": 0, "axis": "y", "origin": [10, 2, 1]},
			"faces": {
				"north": {"uv": [0, 0, 2, 10], "texture": "#7"},
				"east": {"uv": [0, 0, 5, 10], "texture": "#7"},
				"south": {"uv": [0, 0, 2, 10], "texture": "#7"},
				"west": {"uv": [0, 0, 5, 10], "texture": "#7"},
				"up": {"uv": [0, 0, 2, 5], "texture": "#7"},
				"down": {"uv": [0, 0, 2, 5], "texture": "#7"}
			}
		},
		{
			"from": [4, 2, 1],
			"to": [6, 12, 6],
			"rotation": {"angle": 0, "axis": "y", "origin": [4, 2, 1]},
			"faces": {
				"north": {"uv": [0, 0, 2, 10], "texture": "#7"},
				"east": {"uv": [0, 0, 5, 10], "texture": "#7"},
				"south": {"uv": [0, 0, 2, 10], "texture": "#7"},
				"west": {"uv": [0, 0, 5, 10], "texture": "#7"},
				"up": {"uv": [0, 0, 2, 5], "texture": "#7"},
				"down": {"uv": [0, 0, 2, 5], "texture": "#7"}
			}
		},
		{
			"from": [6, 2, 1],
			"to": [10, 13, 6],
			"rotation": {"angle": 0, "axis": "y", "origin": [6, 2, 1]},
			"faces": {
				"north": {"uv": [0, 0, 4, 11], "texture": "#7"},
				"east": {"uv": [0, 0, 5, 11], "texture": "#7"},
				"south": {"uv": [0, 0, 4, 11], "texture": "#7"},
				"west": {"uv": [0, 0, 5, 11], "texture": "#7"},
				"up": {"uv": [0, 0, 4, 5], "texture": "#7"},
				"down": {"uv": [0, 0, 4, 5], "texture": "#7"}
			}
		},
		{
			"from": [3.5, -7, 2.25],
			"to": [12.5, 4, 6.25],
			"rotation": {"angle": 0, "axis": "y", "origin": [3.5, -7, 2.25]},
			"faces": {
				"north": {"uv": [0, 0, 9, 11], "texture": "#5"},
				"east": {"uv": [0, 0, 4, 11], "texture": "#5"},
				"south": {"uv": [0, 0, 9, 11], "texture": "#5"},
				"west": {"uv": [0, 0, 4, 11], "texture": "#5"},
				"up": {"uv": [0, 0, 9, 4], "texture": "#4"},
				"down": {"uv": [0, 0, 9, 4], "texture": "#5"}
			}
		},
		{
			"from": [4.5, 4, 4.25],
			"to": [11.5, 11, 6.25],
			"rotation": {"angle": 0, "axis": "y", "origin": [4.5, 4, 4.25]},
			"faces": {
				"north": {"uv": [0, 0, 7, 7], "texture": "#5"},
				"east": {"uv": [0, 0, 2, 7], "texture": "#4"},
				"south": {"uv": [0, 0, 7, 7], "texture": "#5"},
				"west": {"uv": [0, 0, 2, 7], "texture": "#4"},
				"up": {"uv": [0, 0, 7, 2], "texture": "#4"},
				"down": {"uv": [0, 0, 7, 2], "texture": "#5"}
			}
		},
		{
			"from": [3.75, 2, 0.75],
			"to": [12.25, 3, 2.75],
			"rotation": {"angle": 0, "axis": "y", "origin": [3.75, 2, 0.75]},
			"faces": {
				"north": {"uv": [0, 0, 8.5, 1], "texture": "#5"},
				"east": {"uv": [0, 0, 2, 1], "texture": "#5"},
				"south": {"uv": [0, 0, 8.5, 1], "texture": "#5"},
				"west": {"uv": [0, 0, 2, 1], "texture": "#5"},
				"up": {"uv": [0, 0, 8.5, 2], "texture": "#5"},
				"down": {"uv": [0, 0, 8.5, 2], "texture": "#5"}
			}
		},
		{
			"from": [5.25, 9.5, 5.5],
			"to": [6.25, 10.5, 6.5],
			"rotation": {"angle": 0, "axis": "y", "origin": [5.25, 9.5, 5.5]},
			"faces": {
				"north": {"uv": [0, 0, 1, 1], "texture": "#6"},
				"east": {"uv": [0, 0, 1, 1], "texture": "#6"},
				"south": {"uv": [0, 0, 1, 1], "texture": "#6"},
				"west": {"uv": [0, 0, 1, 1], "texture": "#6"},
				"up": {"uv": [0, 0, 1, 1], "texture": "#6"},
				"down": {"uv": [0, 0, 1, 1], "texture": "#6"}
			}
		},
		{
			"from": [10, 9.5, 5.5],
			"to": [11, 10.5, 6.5],
			"rotation": {"angle": 0, "axis": "y", "origin": [10, 9.5, 5.5]},
			"faces": {
				"north": {"uv": [0, 0, 1, 1], "texture": "#6"},
				"east": {"uv": [0, 0, 1, 1], "texture": "#6"},
				"south": {"uv": [0, 0, 1, 1], "texture": "#6"},
				"west": {"uv": [0, 0, 1, 1], "texture": "#6"},
				"up": {"uv": [0, 0, 1, 1], "texture": "#6"},
				"down": {"uv": [0, 0, 1, 1], "texture": "#6"}
			}
		},
		{
			"from": [5, 11, 0.5],
			"to": [6, 13, 6.5],
			"rotation": {"angle": 0, "axis": "y", "origin": [5, 11, 0.5]},
			"faces": {
				"north": {"uv": [0, 0, 1, 2], "texture": "#5"},
				"east": {"uv": [0, 0, 6, 2], "texture": "#5"},
				"south": {"uv": [0, 0, 1, 2], "texture": "#5"},
				"west": {"uv": [0, 0, 6, 2], "texture": "#5"},
				"up": {"uv": [0, 0, 1, 6], "texture": "#5"},
				"down": {"uv": [0, 0, 1, 6], "texture": "#5"}
			}
		},
		{
			"from": [10, 11, 0.5],
			"to": [11, 13, 6.5],
			"rotation": {"angle": 0, "axis": "y", "origin": [10, 11, 0.5]},
			"faces": {
				"north": {"uv": [0, 0, 1, 2], "texture": "#5"},
				"east": {"uv": [0, 0, 6, 2], "texture": "#5"},
				"south": {"uv": [0, 0, 1, 2], "texture": "#5"},
				"west": {"uv": [0, 0, 6, 2], "texture": "#5"},
				"up": {"uv": [0, 0, 1, 6], "texture": "#5"},
				"down": {"uv": [0, 0, 1, 6], "texture": "#5"}
			}
		},
		{
			"from": [6, 11, 0.5],
			"to": [10, 13, 2.5],
			"rotation": {"angle": 0, "axis": "y", "origin": [6, 11, 0.5]},
			"faces": {
				"north": {"uv": [0, 0, 4, 2], "texture": "#5"},
				"east": {"uv": [0, 0, 2, 2], "texture": "#5"},
				"south": {"uv": [0, 0, 4, 2], "texture": "#5"},
				"west": {"uv": [0, 0, 2, 2], "texture": "#5"},
				"up": {"uv": [0, 0, 4, 2], "texture": "#5"},
				"down": {"uv": [0, 0, 4, 2], "texture": "#5"}
			}
		},
		{
			"from": [2.5, 2, 4],
			"to": [3.5, 3, 9],
			"rotation": {"angle": 0, "axis": "y", "origin": [2.5, 2, 4]},
			"faces": {
				"north": {"uv": [0, 0, 1, 1], "texture": "#11"},
				"east": {"uv": [0, 0, 5, 1], "texture": "#11"},
				"south": {"uv": [0, 0, 1, 1], "texture": "#11"},
				"west": {"uv": [0, 0, 5, 1], "texture": "#11"},
				"up": {"uv": [0, 0, 1, 5], "texture": "#11"},
				"down": {"uv": [0, 0, 1, 5], "texture": "#11"}
			}
		},
		{
			"from": [2, 1, 6.75],
			"to": [4, 4, 8.75],
			"rotation": {"angle": 0, "axis": "y", "origin": [2, 1, 6.75]},
			"faces": {
				"north": {"uv": [0, 0, 2, 3], "texture": "#10"},
				"east": {"uv": [0, 0, 2, 3], "texture": "#10"},
				"south": {"uv": [0, 0, 2, 3], "texture": "#10"},
				"west": {"uv": [0, 0, 2, 3], "texture": "#10"},
				"up": {"uv": [0, 0, 2, 2], "texture": "#10"},
				"down": {"uv": [0, 0, 2, 2], "texture": "#10"}
			}
		}
	],
	"display": {
		"head": {
			"translation": [0, -29, 0],
			"scale": [1.6, 1.6, 1.6]
		}
	},
	"groups": [
		{
			"name": "alex",
			"origin": [8, 8, 8],
			"color": 0,
			"children": [0, 1, 2, 3, 4, 5, 6, 7, 8, 9]
		},
		10,
		11,
		12,
		13,
		14,
		15,
		16,
		17,
		18,
		19,
		20,
		21,
		22,
		23,
		24
	]
}