{
	"format_version": "1.21.6",
	"credit": "Made with Blockbench",
	"textures": {
		"1": "item/custom/character/oldwoman3",
		"3": "block/light_gray_wool",
		"4": "block/gray_wool",
		"9": "block/black_wool",
		"particle": "block/light_gray_wool"
	},
	"elements": [
		{
			"name": "head",
			"from": [4.4, 12.1, -0.1],
			"to": [11.6, 19.3, 7.1],
			"rotation": {"angle": 0, "axis": "y", "origin": [0.8, -0.95, 0.8]},
			"faces": {
				"north": {"uv": [6, 2, 8, 4], "texture": "#1"},
				"east": {"uv": [4, 2, 6, 4], "texture": "#1"},
				"south": {"uv": [2, 2, 4, 4], "texture": "#1"},
				"west": {"uv": [0, 2, 2, 4], "texture": "#1"},
				"up": {"uv": [4, 2, 2, 0], "rotation": 180, "texture": "#1"},
				"down": {"uv": [6, 0, 4, 2], "rotation": 180, "texture": "#1"}
			}
		},
		{
			"name": "right_arm",
			"from": [1.7, 1.3, 1.7],
			"to": [4.4, 12.1, 5.3],
			"rotation": {"angle": 0, "axis": "y", "origin": [0.8, -0.95, 0.8]},
			"faces": {
				"north": {"uv": [12.75, 5, 13.5, 8], "texture": "#1"},
				"east": {"uv": [11.75, 5, 12.75, 8], "texture": "#1"},
				"south": {"uv": [11, 5, 11.75, 8], "texture": "#1"},
				"west": {"uv": [10, 5, 11, 8], "texture": "#1"},
				"up": {"uv": [11.75, 5, 11, 4], "rotation": 180, "texture": "#1"},
				"down": {"uv": [12.5, 4, 11.75, 5], "rotation": 180, "texture": "#1"}
			}
		},
		{
			"name": "left_arm",
			"from": [11.6, 1.3, 1.7],
			"to": [14.3, 12.1, 5.3],
			"rotation": {"angle": 0, "axis": "y", "origin": [0.8, -0.95, 0.8]},
			"faces": {
				"north": {"uv": [10.75, 13, 11.5, 16], "texture": "#1"},
				"east": {"uv": [9.75, 13, 10.75, 16], "texture": "#1"},
				"south": {"uv": [9, 13, 9.75, 16], "texture": "#1"},
				"west": {"uv": [8, 13, 9, 16], "texture": "#1"},
				"up": {"uv": [9.75, 13, 9, 12], "rotation": 180, "texture": "#1"},
				"down": {"uv": [10.5, 12, 9.75, 13], "rotation": 180, "texture": "#1"}
			}
		},
		{
			"name": "right_leg",
			"from": [8, -9.5, 1.7],
			"to": [11.6, 1.3, 5.3],
			"rotation": {"angle": 0, "axis": "y", "origin": [0.8, -0.95, 0.8]},
			"faces": {
				"north": {"uv": [7, 13, 8, 16], "texture": "#1"},
				"east": {"uv": [6, 13, 7, 16], "texture": "#1"},
				"south": {"uv": [5, 13, 6, 16], "texture": "#1"},
				"west": {"uv": [4, 13, 5, 16], "texture": "#1"},
				"up": {"uv": [6, 13, 5, 12], "rotation": 180, "texture": "#1"},
				"down": {"uv": [7, 12, 6, 13], "rotation": 180, "texture": "#1"}
			}
		},
		{
			"name": "left_leg",
			"from": [4.4, -9.5, 1.7],
			"to": [8, 1.3, 5.3],
			"rotation": {"angle": 0, "axis": "y", "origin": [0.8, -0.95, 0.8]},
			"faces": {
				"north": {"uv": [3, 5, 4, 8], "texture": "#1"},
				"east": {"uv": [2, 5, 3, 8], "texture": "#1"},
				"south": {"uv": [1, 5, 2, 8], "texture": "#1"},
				"west": {"uv": [0, 5, 1, 8], "texture": "#1"},
				"up": {"uv": [2, 5, 1, 4], "rotation": 180, "texture": "#1"},
				"down": {"uv": [3, 4, 2, 5], "rotation": 180, "texture": "#1"}
			}
		},
		{
			"from": [4.25, -9, 1.5],
			"to": [11.75, 1, 5.5],
			"rotation": {"angle": 0, "axis": "y", "origin": [4.25, -9, 1.5]},
			"faces": {
				"north": {"uv": [0, 0, 7.5, 10], "texture": "#4"},
				"east": {"uv": [0, 0, 4, 10], "texture": "#4"},
				"south": {"uv": [0, 0, 7.5, 10], "texture": "#4"},
				"west": {"uv": [0, 0, 4, 10], "texture": "#4"},
				"up": {"uv": [0, 0, 7.5, 4], "texture": "#4"},
				"down": {"uv": [0, 0, 7.5, 4], "texture": "#4"}
			}
		},
		{
			"from": [4.25, -10, 1.5],
			"to": [11.75, -9, 5.5],
			"rotation": {"angle": 0, "axis": "y", "origin": [4.25, -10, 1.5]},
			"faces": {
				"north": {"uv": [0, 0, 7.5, 1], "texture": "#9"},
				"east": {"uv": [0, 0, 4, 1], "texture": "#9"},
				"south": {"uv": [0, 0, 7.5, 1], "texture": "#9"},
				"west": {"uv": [0, 0, 4, 1], "texture": "#9"},
				"up": {"uv": [0, 0, 7.5, 4], "texture": "#9"},
				"down": {"uv": [0, 0, 7.5, 4], "texture": "#9"}
			}
		},
		{
			"from": [6, 13.75, 5.2],
			"to": [10, 15.75, 7.2],
			"rotation": {"angle": 0, "axis": "y", "origin": [6, 13.75, 5.2]},
			"faces": {
				"north": {"uv": [0, 0, 4, 2], "texture": "#9"},
				"east": {"uv": [0, 0, 2, 2], "texture": "#9"},
				"south": {"uv": [0, 0, 4, 2], "texture": "#9"},
				"west": {"uv": [0, 0, 2, 2], "texture": "#9"},
				"up": {"uv": [0, 0, 4, 2], "texture": "#9"},
				"down": {"uv": [0, 0, 4, 2], "texture": "#9"}
			}
		},
		{
			"from": [4, -8, 1.25],
			"to": [6, 12.5, 5.75],
			"rotation": {"angle": 0, "axis": "y", "origin": [4, -8, 1.25]},
			"faces": {
				"north": {"uv": [0, 0, 2, 16], "texture": "#4"},
				"east": {"uv": [0, 0, 4.5, 16], "texture": "#4"},
				"south": {"uv": [0, 0, 2, 16], "texture": "#4"},
				"west": {"uv": [0, 0, 4.5, 16], "texture": "#4"},
				"up": {"uv": [0, 0, 2, 4.5], "texture": "#4"},
				"down": {"uv": [0, 0, 2, 4.5], "texture": "#4"}
			}
		},
		{
			"from": [10, -8, 1.25],
			"to": [12, 12.5, 5.75],
			"rotation": {"angle": 0, "axis": "y", "origin": [10, -8, 1.25]},
			"faces": {
				"north": {"uv": [0, 0, 2, 16], "texture": "#4"},
				"east": {"uv": [0, 0, 4.5, 16], "texture": "#4"},
				"south": {"uv": [0, 0, 2, 16], "texture": "#4"},
				"west": {"uv": [0, 0, 4.5, 16], "texture": "#4"},
				"up": {"uv": [0, 0, 2, 4.5], "texture": "#4"},
				"down": {"uv": [0, 0, 2, 4.5], "texture": "#4"}
			}
		},
		{
			"from": [6, -8, 1.25],
			"to": [10, 2.5, 5.75],
			"rotation": {"angle": 0, "axis": "y", "origin": [6, -8, 1.25]},
			"faces": {
				"north": {"uv": [0, 0, 4, 10.5], "texture": "#4"},
				"east": {"uv": [0, 0, 4.5, 10.5], "texture": "#4"},
				"south": {"uv": [0, 0, 4, 10.5], "texture": "#3"},
				"west": {"uv": [0, 0, 4.5, 10.5], "texture": "#4"},
				"up": {"uv": [0, 0, 4, 4.5], "texture": "#4"},
				"down": {"uv": [0, 0, 4, 4.5], "texture": "#4"}
			}
		},
		{
			"from": [6, 2.5, 1.25],
			"to": [10, 4, 5.75],
			"rotation": {"angle": 0, "axis": "y", "origin": [6, 2.5, 1.25]},
			"faces": {
				"north": {"uv": [0, 0, 4, 1.5], "texture": "#4"},
				"east": {"uv": [0, 0, 4.5, 1.5], "texture": "#9"},
				"south": {"uv": [0, 0, 4, 1.5], "texture": "#9"},
				"west": {"uv": [0, 0, 4.5, 1.5], "texture": "#9"},
				"up": {"uv": [0, 0, 4, 4.5], "texture": "#9"},
				"down": {"uv": [0, 0, 4, 4.5], "texture": "#9"}
			}
		},
		{
			"from": [6, 4, 1.25],
			"to": [10, 12.5, 5.75],
			"rotation": {"angle": 0, "axis": "y", "origin": [6, 4, 1.25]},
			"faces": {
				"north": {"uv": [0, 0, 4, 8.5], "texture": "#4"},
				"east": {"uv": [0, 0, 4.5, 8.5], "texture": "#4"},
				"south": {"uv": [0, 0, 4, 8.5], "texture": "#3"},
				"west": {"uv": [0, 0, 4.5, 8.5], "texture": "#4"},
				"up": {"uv": [0, 0, 4, 4.5], "texture": "#4"},
				"down": {"uv": [0, 0, 4, 4.5], "texture": "#4"}
			}
		},
		{
			"from": [12, 3, 1.5],
			"to": [14.5, 12.5, 5.5],
			"rotation": {"angle": 0, "axis": "y", "origin": [12, 3, 1.5]},
			"faces": {
				"north": {"uv": [0, 0, 2.5, 9.5], "texture": "#4"},
				"east": {"uv": [0, 0, 4, 9.5], "texture": "#4"},
				"south": {"uv": [0, 0, 2.5, 9.5], "texture": "#4"},
				"west": {"uv": [0, 0, 4, 9.5], "texture": "#4"},
				"up": {"uv": [0, 0, 2.5, 4], "texture": "#4"},
				"down": {"uv": [0, 0, 2.5, 4], "texture": "#4"}
			}
		},
		{
			"from": [1.5, 3, 1.5],
			"to": [4, 12.5, 5.5],
			"rotation": {"angle": 0, "axis": "y", "origin": [1.5, 3, 1.5]},
			"faces": {
				"north": {"uv": [0, 0, 2.5, 9.5], "texture": "#4"},
				"east": {"uv": [0, 0, 4, 9.5], "texture": "#4"},
				"south": {"uv": [0, 0, 2.5, 9.5], "texture": "#4"},
				"west": {"uv": [0, 0, 4, 9.5], "texture": "#4"},
				"up": {"uv": [0, 0, 2.5, 4], "texture": "#4"},
				"down": {"uv": [0, 0, 2.5, 4], "texture": "#4"}
			}
		},
		{
			"from": [10, 11.9, -0.5],
			"to": [12, 19.4, 7.5],
			"rotation": {"angle": 0, "axis": "y", "origin": [10, 11.9, -0.5]},
			"faces": {
				"north": {"uv": [0, 0, 2, 7.5], "texture": "#4"},
				"east": {"uv": [0, 0, 8, 7.5], "texture": "#4"},
				"south": {"uv": [0, 0, 2, 7.5], "texture": "#4"},
				"west": {"uv": [0, 0, 8, 7.5], "texture": "#4"},
				"up": {"uv": [0, 0, 2, 8], "texture": "#4"},
				"down": {"uv": [0, 0, 2, 8], "texture": "#4"}
			}
		},
		{
			"from": [4, 11.9, -0.5],
			"to": [6, 19.4, 7.5],
			"rotation": {"angle": 0, "axis": "y", "origin": [4, 11.9, -0.5]},
			"faces": {
				"north": {"uv": [0, 0, 2, 7.5], "texture": "#4"},
				"east": {"uv": [0, 0, 8, 7.5], "texture": "#4"},
				"south": {"uv": [0, 0, 2, 7.5], "texture": "#4"},
				"west": {"uv": [0, 0, 8, 7.5], "texture": "#4"},
				"up": {"uv": [0, 0, 2, 8], "texture": "#4"},
				"down": {"uv": [0, 0, 2, 8], "texture": "#4"}
			}
		},
		{
			"from": [6, 13.5, -0.5],
			"to": [7, 20, 7.5],
			"rotation": {"angle": 0, "axis": "y", "origin": [6, 13.5, -0.5]},
			"faces": {
				"north": {"uv": [0, 0, 1, 6.5], "texture": "#4"},
				"east": {"uv": [0, 0, 8, 6.5], "texture": "#4"},
				"south": {"uv": [0, 0, 1, 6.5], "texture": "#4"},
				"west": {"uv": [0, 0, 8, 6.5], "texture": "#4"},
				"up": {"uv": [0, 0, 1, 8], "texture": "#4"},
				"down": {"uv": [0, 0, 1, 8], "texture": "#4"}
			}
		},
		{
			"from": [7, 14.5, -0.5],
			"to": [9, 20.5, 7.5],
			"rotation": {"angle": 0, "axis": "y", "origin": [7, 14.5, -0.5]},
			"faces": {
				"north": {"uv": [0, 0, 2, 6], "texture": "#4"},
				"east": {"uv": [0, 0, 8, 6], "texture": "#4"},
				"south": {"uv": [0, 0, 2, 6], "texture": "#4"},
				"west": {"uv": [0, 0, 8, 6], "texture": "#4"},
				"up": {"uv": [0, 0, 2, 8], "texture": "#4"},
				"down": {"uv": [0, 0, 2, 8], "texture": "#4"}
			}
		},
		{
			"from": [9, 13.5, -0.5],
			"to": [10, 20, 7.5],
			"rotation": {"angle": 0, "axis": "y", "origin": [9, 13.5, -0.5]},
			"faces": {
				"north": {"uv": [0, 0, 1, 6.5], "texture": "#4"},
				"east": {"uv": [0, 0, 8, 6.5], "texture": "#4"},
				"south": {"uv": [0, 0, 1, 6.5], "texture": "#4"},
				"west": {"uv": [0, 0, 8, 6.5], "texture": "#4"},
				"up": {"uv": [0, 0, 1, 8], "texture": "#4"},
				"down": {"uv": [0, 0, 1, 8], "texture": "#4"}
			}
		},
		{
			"from": [5, 11, -0.75],
			"to": [11, 18, 1.25],
			"rotation": {"angle": 0, "axis": "y", "origin": [5, 11, -0.75]},
			"faces": {
				"north": {"uv": [0, 0, 6, 7], "texture": "#4"},
				"east": {"uv": [0, 0, 2, 7], "texture": "#4"},
				"south": {"uv": [0, 0, 6, 7], "texture": "#4"},
				"west": {"uv": [0, 0, 2, 7], "texture": "#4"},
				"up": {"uv": [0, 0, 6, 2], "texture": "#4"},
				"down": {"uv": [0, 0, 6, 2], "texture": "#4"}
			}
		}
	],
	"display": {
		"head": {
			"translation": [0, -29, 0],
			"scale": [1.6, 1.6, 1.6]
		}
	},
	"groups": [
		{
			"name": "alex",
			"origin": [8, 8, 8],
			"color": 0,
			"children": [0, 1, 2, 3, 4, 5, 6, 7]
		},
		8,
		9,
		10,
		11,
		12,
		13,
		14,
		15,
		16,
		17,
		18,
		19,
		20
	]
}