{
	"format_version": "1.21.6",
	"credit": "Made with Blockbench",
	"textures": {
		"0": "item/custom/boss/boss26/boss26",
		"1": "block/light_gray_wool",
		"2": "block/gray_wool",
		"3": "block/bamboo_planks",
		"4": "block/black_wool",
		"5": "block/purple_glazed_terracotta",
		"6": "block/black_terracotta",
		"7": "block/black_concrete",
		"particle": "item/custom/boss/boss26/boss26"
	},
	"elements": [
		{
			"name": "head",
			"from": [4, 14, -2],
			"to": [12, 22, 6],
			"rotation": {"angle": 0, "axis": "y", "origin": [16, -9.5, 10]},
			"faces": {
				"north": {"uv": [6, 2, 8, 4], "texture": "#0"},
				"east": {"uv": [4, 2, 6, 4], "texture": "#0"},
				"south": {"uv": [2, 2, 4, 4], "texture": "#0"},
				"west": {"uv": [0, 2, 2, 4], "texture": "#0"},
				"up": {"uv": [2, 0, 4, 2], "texture": "#0"},
				"down": {"uv": [4, 2, 6, 0], "texture": "#0"}
			}
		},
		{
			"name": "body",
			"from": [4, 2, 0],
			"to": [12, 14, 4],
			"rotation": {"angle": 0, "axis": "y", "origin": [16, -9.5, 10]},
			"faces": {
				"north": {"uv": [8, 5, 10, 8], "texture": "#0"},
				"east": {"uv": [7, 5, 8, 7.98], "texture": "#0"},
				"south": {"uv": [5, 5, 7, 7.98], "texture": "#0"},
				"west": {"uv": [4, 5, 5, 8], "texture": "#0"},
				"up": {"uv": [5, 4, 7, 5], "texture": "#0"},
				"down": {"uv": [7, 5, 9, 4], "texture": "#0"}
			}
		},
		{
			"name": "left_arm",
			"from": [0, 2, 0],
			"to": [4, 14, 4],
			"rotation": {"angle": 0, "axis": "y", "origin": [16, -9.5, 10]},
			"faces": {
				"north": {"uv": [13, 5, 14, 8], "texture": "#0"},
				"east": {"uv": [12, 5, 13, 8], "texture": "#0"},
				"south": {"uv": [11, 5, 12, 8], "texture": "#0"},
				"west": {"uv": [10, 5, 11, 8], "texture": "#0"},
				"up": {"uv": [11, 4, 12, 5], "texture": "#0"},
				"down": {"uv": [12, 5, 13, 4], "texture": "#0"}
			}
		},
		{
			"name": "right_arm",
			"from": [12, 2, 0],
			"to": [16, 14, 4],
			"rotation": {"angle": 0, "axis": "y", "origin": [16, -9.5, 10]},
			"faces": {
				"north": {"uv": [11, 13, 12, 16], "texture": "#0"},
				"east": {"uv": [10, 13, 11, 16], "texture": "#0"},
				"south": {"uv": [9, 13, 10, 16], "texture": "#0"},
				"west": {"uv": [8, 13, 9, 16], "texture": "#0"},
				"up": {"uv": [9, 12, 10, 13], "texture": "#0"},
				"down": {"uv": [10, 13, 11, 12], "texture": "#0"}
			}
		},
		{
			"from": [3, -9.5, -0.5],
			"to": [8, 2, 4.5],
			"rotation": {"angle": 0, "axis": "y", "origin": [8, -9.5, 4.5]},
			"faces": {
				"north": {"uv": [0, 0, 5, 11.5], "texture": "#1"},
				"east": {"uv": [0, 0, 5, 11.5], "texture": "#1"},
				"south": {"uv": [0, 0, 5, 11.5], "texture": "#1"},
				"west": {"uv": [0, 0, 5, 11.5], "texture": "#1"},
				"up": {"uv": [5, 5, 0, 0], "texture": "#1"},
				"down": {"uv": [5, 5, 0, 0], "texture": "#1"}
			}
		},
		{
			"from": [8, -9.5, -0.5],
			"to": [13, 2, 4.5],
			"rotation": {"angle": 0, "axis": "y", "origin": [8, -9.5, 4.5]},
			"faces": {
				"north": {"uv": [5, 0, 0, 11.5], "texture": "#1"},
				"east": {"uv": [5, 0, 0, 11.5], "texture": "#1"},
				"south": {"uv": [5, 0, 0, 11.5], "texture": "#1"},
				"west": {"uv": [5, 0, 0, 11.5], "texture": "#1"},
				"up": {"uv": [0, 5, 5, 0], "texture": "#1"},
				"down": {"uv": [0, 5, 5, 0], "texture": "#1"}
			}
		},
		{
			"from": [2.5, 1.25, -0.55],
			"to": [13.5, 4.25, 4.75],
			"rotation": {"angle": 0, "axis": "y", "origin": [13.5, 1.25, 4.75]},
			"faces": {
				"north": {"uv": [0, 0, 11, 3], "texture": "#1"},
				"east": {"uv": [0, 0, 5.3, 3], "texture": "#1"},
				"south": {"uv": [0, 0, 11, 3], "texture": "#1"},
				"west": {"uv": [0, 0, 5.3, 3], "texture": "#1"},
				"up": {"uv": [11, 5.3, 0, 0], "texture": "#1"},
				"down": {"uv": [11, 5.3, 0, 0], "texture": "#1"}
			}
		},
		{
			"from": [2, -9.5, 0.5],
			"to": [3, -3.5, 3.5],
			"rotation": {"angle": 0, "axis": "y", "origin": [3, -9.5, 3.5]},
			"faces": {
				"north": {"uv": [0, 0, 1, 6], "texture": "#1"},
				"east": {"uv": [0, 0, 3, 6], "texture": "#1"},
				"south": {"uv": [0, 0, 1, 6], "texture": "#1"},
				"west": {"uv": [0, 0, 3, 6], "texture": "#1"},
				"up": {"uv": [1, 3, 0, 0], "texture": "#1"},
				"down": {"uv": [1, 3, 0, 0], "texture": "#1"}
			}
		},
		{
			"from": [13, -9.5, 0.5],
			"to": [14, -3.5, 3.5],
			"rotation": {"angle": 0, "axis": "y", "origin": [14, -9.5, 3.5]},
			"faces": {
				"north": {"uv": [0, 0, 1, 6], "texture": "#1"},
				"east": {"uv": [0, 0, 3, 6], "texture": "#1"},
				"south": {"uv": [0, 0, 1, 6], "texture": "#1"},
				"west": {"uv": [0, 0, 3, 6], "texture": "#1"},
				"up": {"uv": [1, 3, 0, 0], "texture": "#1"},
				"down": {"uv": [1, 3, 0, 0], "texture": "#1"}
			}
		},
		{
			"from": [9, -9.5, -1],
			"to": [12, -3.5, 5],
			"rotation": {"angle": 0, "axis": "y", "origin": [12, -9.5, 5]},
			"faces": {
				"north": {"uv": [0, 0, 3, 6], "texture": "#1"},
				"east": {"uv": [0, 0, 6, 6], "texture": "#1"},
				"south": {"uv": [0, 0, 3, 6], "texture": "#1"},
				"west": {"uv": [0, 0, 6, 6], "texture": "#1"},
				"up": {"uv": [3, 6, 0, 0], "texture": "#1"},
				"down": {"uv": [3, 6, 0, 0], "texture": "#1"}
			}
		},
		{
			"from": [4, -9.5, -1],
			"to": [7, -3.5, 5],
			"rotation": {"angle": 0, "axis": "y", "origin": [7, -9.5, 5]},
			"faces": {
				"north": {"uv": [0, 0, 3, 6], "texture": "#1"},
				"east": {"uv": [0, 0, 6, 6], "texture": "#1"},
				"south": {"uv": [0, 0, 3, 6], "texture": "#1"},
				"west": {"uv": [0, 0, 6, 6], "texture": "#1"},
				"up": {"uv": [3, 6, 0, 0], "texture": "#1"},
				"down": {"uv": [3, 6, 0, 0], "texture": "#1"}
			}
		},
		{
			"from": [9, -9.75, 0],
			"to": [12, -7.75, 4],
			"rotation": {"angle": 0, "axis": "y", "origin": [12, -9.75, 4]},
			"faces": {
				"north": {"uv": [0, 0, 3, 2], "texture": "#3"},
				"east": {"uv": [0, 0, 4, 2], "texture": "#3"},
				"south": {"uv": [0, 0, 3, 2], "texture": "#3"},
				"west": {"uv": [0, 0, 4, 2], "texture": "#3"},
				"up": {"uv": [3, 4, 0, 0], "texture": "#3"},
				"down": {"uv": [3, 4, 0, 0], "texture": "#3"}
			}
		},
		{
			"from": [4, -9.75, 0],
			"to": [7, -7.75, 4],
			"rotation": {"angle": 0, "axis": "y", "origin": [7, -9.75, 4]},
			"faces": {
				"north": {"uv": [0, 0, 3, 2], "texture": "#3"},
				"east": {"uv": [0, 0, 4, 2], "texture": "#3"},
				"south": {"uv": [0, 0, 3, 2], "texture": "#3"},
				"west": {"uv": [0, 0, 4, 2], "texture": "#3"},
				"up": {"uv": [3, 4, 0, 0], "texture": "#3"},
				"down": {"uv": [3, 4, 0, 0], "texture": "#3"}
			}
		},
		{
			"from": [8.25, 1.5, 0.75],
			"to": [12.25, 12.5, 4.5],
			"rotation": {"angle": 0, "axis": "y", "origin": [12.25, 1.5, 4.5]},
			"faces": {
				"north": {"uv": [0, 0, 4, 11], "texture": "#2"},
				"east": {"uv": [0, 0, 3.75, 11], "texture": "#2"},
				"south": {"uv": [0, 0, 4, 11], "texture": "#2"},
				"west": {"uv": [0, 0, 3.75, 11], "texture": "#4"},
				"up": {"uv": [4, 3.75, 0, 0], "texture": "#4"},
				"down": {"uv": [4, 3.75, 0, 0], "texture": "#2"}
			}
		},
		{
			"from": [3.25, 1.5, 0.55],
			"to": [6.25, 14.25, 4.3],
			"rotation": {"angle": 0, "axis": "y", "origin": [6.25, 1.5, 4.3]},
			"faces": {
				"north": {"uv": [0, 0, 3, 12.75], "texture": "#2"},
				"east": {"uv": [0, 0, 3.75, 12.75], "texture": "#2"},
				"south": {"uv": [0, 0, 3, 12.75], "texture": "#2"},
				"west": {"uv": [0, 0, 3.75, 12.75], "texture": "#2"},
				"up": {"uv": [3, 3.75, 0, 0], "texture": "#2"},
				"down": {"uv": [3, 3.75, 0, 0], "texture": "#2"}
			}
		},
		{
			"from": [6.25, 1.5, 0.55],
			"to": [7.25, 12.5, 4.3],
			"rotation": {"angle": 0, "axis": "y", "origin": [7.25, 1.5, 4.3]},
			"faces": {
				"north": {"uv": [0, 0, 1, 11], "texture": "#2"},
				"east": {"uv": [0, 0, 3.75, 11], "texture": "#2"},
				"south": {"uv": [0, 0, 1, 11], "texture": "#2"},
				"west": {"uv": [0, 0, 3.75, 11], "texture": "#2"},
				"up": {"uv": [1, 3.75, 0, 0], "texture": "#2"},
				"down": {"uv": [1, 3.75, 0, 0], "texture": "#2"}
			}
		},
		{
			"from": [7.25, 1.5, 0.75],
			"to": [8.25, 11.5, 4.5],
			"rotation": {"angle": 0, "axis": "y", "origin": [8.25, 1.5, 4.5]},
			"faces": {
				"north": {"uv": [0, 0, 1, 10], "texture": "#2"},
				"east": {"uv": [0, 0, 3.75, 10], "texture": "#2"},
				"south": {"uv": [0, 0, 1, 10], "texture": "#2"},
				"west": {"uv": [0, 0, 3.75, 10], "texture": "#4"},
				"up": {"uv": [1, 3.75, 0, 0], "texture": "#4"},
				"down": {"uv": [1, 3.75, 0, 0], "texture": "#2"}
			}
		},
		{
			"from": [6.25, 1.5, 0.75],
			"to": [7.25, 9.5, 4.5],
			"rotation": {"angle": 0, "axis": "y", "origin": [7.25, 1.5, 4.5]},
			"faces": {
				"north": {"uv": [0, 0, 1, 8], "texture": "#2"},
				"east": {"uv": [0, 0, 3.75, 8], "texture": "#2"},
				"south": {"uv": [0, 0, 1, 8], "texture": "#2"},
				"west": {"uv": [0, 0, 3.75, 8], "texture": "#4"},
				"up": {"uv": [1, 3.75, 0, 0], "texture": "#4"},
				"down": {"uv": [1, 3.75, 0, 0], "texture": "#2"}
			}
		},
		{
			"from": [5.25, 1.5, 0.75],
			"to": [6.25, 7.5, 4.5],
			"rotation": {"angle": 0, "axis": "y", "origin": [6.25, 1.5, 4.5]},
			"faces": {
				"north": {"uv": [0, 0, 1, 6], "texture": "#2"},
				"east": {"uv": [0, 0, 3.75, 6], "texture": "#2"},
				"south": {"uv": [0, 0, 1, 6], "texture": "#2"},
				"west": {"uv": [0, 0, 3.75, 6], "texture": "#4"},
				"up": {"uv": [1, 3.75, 0, 0], "texture": "#4"},
				"down": {"uv": [1, 3.75, 0, 0], "texture": "#2"}
			}
		},
		{
			"from": [4.25, 1.5, 0.75],
			"to": [5.25, 5.5, 4.5],
			"rotation": {"angle": 0, "axis": "y", "origin": [5.25, 1.5, 4.5]},
			"faces": {
				"north": {"uv": [0, 0, 1, 4], "texture": "#2"},
				"east": {"uv": [0, 0, 3.75, 4], "texture": "#2"},
				"south": {"uv": [0, 0, 1, 4], "texture": "#2"},
				"west": {"uv": [0, 0, 3.75, 4], "texture": "#4"},
				"up": {"uv": [1, 3.75, 0, 0], "texture": "#4"},
				"down": {"uv": [1, 3.75, 0, 0], "texture": "#2"}
			}
		},
		{
			"from": [3.25, 1.5, 0.75],
			"to": [4.25, 4.5, 4.5],
			"rotation": {"angle": 0, "axis": "y", "origin": [4.25, 1.5, 4.5]},
			"faces": {
				"north": {"uv": [0, 0, 1, 3], "texture": "#2"},
				"east": {"uv": [0, 0, 3.75, 3], "texture": "#2"},
				"south": {"uv": [0, 0, 1, 3], "texture": "#2"},
				"west": {"uv": [0, 0, 3.75, 3], "texture": "#2"},
				"up": {"uv": [1, 3.75, 0, 0], "texture": "#4"},
				"down": {"uv": [1, 3.75, 0, 0], "texture": "#2"}
			}
		},
		{
			"from": [3.25, 1.5, -0.25],
			"to": [12.25, 14.25, 0.75],
			"rotation": {"angle": 0, "axis": "y", "origin": [12.25, 1.5, 0.75]},
			"faces": {
				"north": {"uv": [0, 0, 9, 12.75], "texture": "#2"},
				"east": {"uv": [0, 0, 1, 12.75], "texture": "#2"},
				"south": {"uv": [0, 0, 9, 12.75], "texture": "#2"},
				"west": {"uv": [0, 0, 1, 12.75], "texture": "#2"},
				"up": {"uv": [9, 1, 0, 0], "texture": "#2"},
				"down": {"uv": [9, 1, 0, 0], "texture": "#2"}
			}
		},
		{
			"from": [9.25, 12.5, 0.75],
			"to": [12.25, 14.25, 4.5],
			"rotation": {"angle": 0, "axis": "y", "origin": [12.25, 12.5, 4.5]},
			"faces": {
				"north": {"uv": [0, 0, 3, 1.75], "texture": "#2"},
				"east": {"uv": [0, 0, 3.75, 1.75], "texture": "#2"},
				"south": {"uv": [0, 0, 3, 1.75], "texture": "#2"},
				"west": {"uv": [0, 0, 3.75, 1.75], "texture": "#4"},
				"up": {"uv": [3, 3.75, 0, 0], "texture": "#2"},
				"down": {"uv": [3, 3.75, 0, 0], "texture": "#2"}
			}
		},
		{
			"from": [11.5, 3.5, -1.5],
			"to": [16.5, 8.5, 4.5],
			"rotation": {"angle": 0, "axis": "y", "origin": [16.5, 3.5, 4.5]},
			"faces": {
				"north": {"uv": [0, 0, 5, 5], "texture": "#2"},
				"east": {"uv": [0, 0, 6, 5], "texture": "#2"},
				"south": {"uv": [0, 0, 5, 5], "texture": "#2"},
				"west": {"uv": [0, 0, 6, 5], "texture": "#2"},
				"up": {"uv": [5, 6, 0, 0], "texture": "#2"},
				"down": {"uv": [5, 6, 0, 0], "texture": "#2"}
			}
		},
		{
			"from": [12.1, 8.5, -0.5],
			"to": [16.1, 14.5, 4.5],
			"rotation": {"angle": 0, "axis": "y", "origin": [16.1, 8.5, 4.5]},
			"faces": {
				"north": {"uv": [0, 0, 4, 6], "texture": "#2"},
				"east": {"uv": [0, 0, 5, 6], "texture": "#2"},
				"south": {"uv": [0, 0, 4, 6], "texture": "#2"},
				"west": {"uv": [0, 0, 5, 6], "texture": "#2"},
				"up": {"uv": [4, 5, 0, 0], "texture": "#2"},
				"down": {"uv": [4, 5, 0, 0], "texture": "#2"}
			}
		},
		{
			"from": [-0.5, 3.5, -1.5],
			"to": [4.5, 8.5, 4.5],
			"rotation": {"angle": 0, "axis": "y", "origin": [-0.5, 3.5, 4.5]},
			"faces": {
				"north": {"uv": [5, 0, 0, 5], "texture": "#2"},
				"east": {"uv": [6, 0, 0, 5], "texture": "#2"},
				"south": {"uv": [5, 0, 0, 5], "texture": "#2"},
				"west": {"uv": [6, 0, 0, 5], "texture": "#2"},
				"up": {"uv": [0, 6, 5, 0], "texture": "#2"},
				"down": {"uv": [0, 6, 5, 0], "texture": "#2"}
			}
		},
		{
			"from": [-0.1, 8.5, -0.5],
			"to": [3.9, 14.5, 4.5],
			"rotation": {"angle": 0, "axis": "y", "origin": [-0.1, 8.5, 4.5]},
			"faces": {
				"north": {"uv": [4, 0, 0, 6], "texture": "#2"},
				"east": {"uv": [5, 0, 0, 6], "texture": "#2"},
				"south": {"uv": [4, 0, 0, 6], "texture": "#2"},
				"west": {"uv": [5, 0, 0, 6], "texture": "#2"},
				"up": {"uv": [0, 5, 4, 0], "texture": "#2"},
				"down": {"uv": [0, 5, 4, 0], "texture": "#2"}
			}
		},
		{
			"from": [13, -2, -5.5],
			"to": [14, 0, 6.5],
			"rotation": {"angle": -45, "axis": "x", "origin": [13.5, -1, 0.5]},
			"faces": {
				"north": {"uv": [0, 0, 1, 2], "texture": "#6"},
				"east": {"uv": [0, 0, 2, 12], "rotation": 270, "texture": "#6"},
				"south": {"uv": [0, 0, 1, 2], "rotation": 180, "texture": "#6"},
				"west": {"uv": [0, 0, 2, 12], "rotation": 90, "texture": "#6"},
				"up": {"uv": [1, 12, 0, 0], "texture": "#6"},
				"down": {"uv": [1, 12, 0, 0], "rotation": 180, "texture": "#6"}
			}
		},
		{
			"from": [13, 0.82843, 5.32843],
			"to": [14, 2.82843, 9.32843],
			"rotation": {"angle": -45, "axis": "x", "origin": [13.5, 1.82843, 3.32843]},
			"faces": {
				"north": {"uv": [0, 0, 1, 2], "texture": "#5"},
				"east": {"uv": [0, 0, 2, 4], "rotation": 270, "texture": "#5"},
				"south": {"uv": [0, 0, 1, 2], "rotation": 180, "texture": "#5"},
				"west": {"uv": [0, 0, 2, 4], "rotation": 90, "texture": "#5"},
				"up": {"uv": [1, 4, 0, 0], "texture": "#5"},
				"down": {"uv": [1, 4, 0, 0], "rotation": 180, "texture": "#5"}
			}
		},
		{
			"from": [12.5, -1.92157, 6.57843],
			"to": [14.5, 1.07843, 7.57843],
			"rotation": {"angle": -45, "axis": "x", "origin": [14, -0.92157, 1.57843]},
			"faces": {
				"north": {"uv": [0, 0, 2, 3], "texture": "#7"},
				"east": {"uv": [0, 0, 3, 1], "rotation": 270, "texture": "#7"},
				"south": {"uv": [0, 0, 2, 3], "rotation": 180, "texture": "#7"},
				"west": {"uv": [0, 0, 3, 1], "rotation": 90, "texture": "#7"},
				"up": {"uv": [2, 1, 0, 0], "texture": "#7"},
				"down": {"uv": [2, 1, 0, 0], "rotation": 180, "texture": "#7"}
			}
		}
	],
	"groups": [
		{
			"name": "steve",
			"origin": [8, 8, 8],
			"color": 0,
			"children": [0, 1, 2, 3, 4, 5, 6]
		},
		7,
		8,
		9,
		10,
		11,
		12,
		13,
		14,
		15,
		16,
		17,
		18,
		19,
		20,
		21,
		22,
		23,
		24,
		25,
		26,
		27,
		28,
		29
	]
}