{
	"format_version": "1.21.6",
	"credit": "Made with Blockbench",
	"textures": {
		"1": "item/custom/character/man3",
		"3": "block/white_wool",
		"4": "block/black_wool",
		"5": "block/brown_wool",
		"6": "block/gray_wool",
		"7": "block/red_wool",
		"particle": "block/white_wool"
	},
	"elements": [
		{
			"name": "head",
			"from": [4.4, 12.1, -0.1],
			"to": [11.6, 19.3, 7.1],
			"rotation": {"angle": 0, "axis": "y", "origin": [0.8, -0.95, 0.8]},
			"faces": {
				"north": {"uv": [6, 2, 8, 4], "texture": "#1"},
				"east": {"uv": [4, 2, 6, 4], "texture": "#1"},
				"south": {"uv": [2, 2, 4, 4], "texture": "#1"},
				"west": {"uv": [0, 2, 2, 4], "texture": "#1"},
				"up": {"uv": [4, 2, 2, 0], "rotation": 180, "texture": "#1"},
				"down": {"uv": [6, 0, 4, 2], "rotation": 180, "texture": "#1"}
			}
		},
		{
			"name": "right_arm",
			"from": [1.7, 1.3, 1.7],
			"to": [4.4, 12.1, 5.3],
			"rotation": {"angle": 0, "axis": "y", "origin": [0.8, -0.95, 0.8]},
			"faces": {
				"north": {"uv": [12.75, 5, 13.5, 8], "texture": "#1"},
				"east": {"uv": [11.75, 5, 12.75, 8], "texture": "#1"},
				"south": {"uv": [11, 5, 11.75, 8], "texture": "#1"},
				"west": {"uv": [10, 5, 11, 8], "texture": "#1"},
				"up": {"uv": [11.75, 5, 11, 4], "rotation": 180, "texture": "#1"},
				"down": {"uv": [12.5, 4, 11.75, 5], "rotation": 180, "texture": "#1"}
			}
		},
		{
			"name": "left_arm",
			"from": [11.6, 1.3, 1.7],
			"to": [14.3, 12.1, 5.3],
			"rotation": {"angle": 0, "axis": "y", "origin": [0.8, -0.95, 0.8]},
			"faces": {
				"north": {"uv": [10.75, 13, 11.5, 16], "texture": "#1"},
				"east": {"uv": [9.75, 13, 10.75, 16], "texture": "#1"},
				"south": {"uv": [9, 13, 9.75, 16], "texture": "#1"},
				"west": {"uv": [8, 13, 9, 16], "texture": "#1"},
				"up": {"uv": [9.75, 13, 9, 12], "rotation": 180, "texture": "#1"},
				"down": {"uv": [10.5, 12, 9.75, 13], "rotation": 180, "texture": "#1"}
			}
		},
		{
			"name": "right_leg",
			"from": [8, -9.5, 1.7],
			"to": [11.6, 1.3, 5.3],
			"rotation": {"angle": 0, "axis": "y", "origin": [0.8, -0.95, 0.8]},
			"faces": {
				"north": {"uv": [7, 13, 8, 16], "texture": "#1"},
				"east": {"uv": [6, 13, 7, 16], "texture": "#1"},
				"south": {"uv": [5, 13, 6, 16], "texture": "#1"},
				"west": {"uv": [4, 13, 5, 16], "texture": "#1"},
				"up": {"uv": [6, 13, 5, 12], "rotation": 180, "texture": "#1"},
				"down": {"uv": [7, 12, 6, 13], "rotation": 180, "texture": "#1"}
			}
		},
		{
			"name": "left_leg",
			"from": [4.4, -9.5, 1.7],
			"to": [8, 1.3, 5.3],
			"rotation": {"angle": 0, "axis": "y", "origin": [0.8, -0.95, 0.8]},
			"faces": {
				"north": {"uv": [3, 5, 4, 8], "texture": "#1"},
				"east": {"uv": [2, 5, 3, 8], "texture": "#1"},
				"south": {"uv": [1, 5, 2, 8], "texture": "#1"},
				"west": {"uv": [0, 5, 1, 8], "texture": "#1"},
				"up": {"uv": [2, 5, 1, 4], "rotation": 180, "texture": "#1"},
				"down": {"uv": [3, 4, 2, 5], "rotation": 180, "texture": "#1"}
			}
		},
		{
			"from": [4.25, -9, 1.5],
			"to": [11.75, 2, 5.5],
			"rotation": {"angle": 0, "axis": "y", "origin": [4.25, -9, 1.5]},
			"faces": {
				"north": {"uv": [0, 0, 7.5, 10], "texture": "#5"},
				"east": {"uv": [0, 0, 4, 10], "texture": "#5"},
				"south": {"uv": [0, 0, 7.5, 10], "texture": "#5"},
				"west": {"uv": [0, 0, 4, 10], "texture": "#5"},
				"up": {"uv": [0, 0, 7.5, 4], "texture": "#5"},
				"down": {"uv": [0, 0, 7.5, 4], "texture": "#5"}
			}
		},
		{
			"from": [4.25, -10, 1.5],
			"to": [11.75, -9, 5.5],
			"rotation": {"angle": 0, "axis": "y", "origin": [4.25, -10, 1.5]},
			"faces": {
				"north": {"uv": [0, 0, 7.5, 1], "texture": "#4"},
				"east": {"uv": [0, 0, 4, 1], "texture": "#4"},
				"south": {"uv": [0, 0, 7.5, 1], "texture": "#4"},
				"west": {"uv": [0, 0, 4, 1], "texture": "#4"},
				"up": {"uv": [0, 0, 7.5, 4], "texture": "#4"},
				"down": {"uv": [0, 0, 7.5, 4], "texture": "#4"}
			}
		},
		{
			"from": [11.75, 3, 1.5],
			"to": [14.75, 5, 5.5],
			"rotation": {"angle": 0, "axis": "y", "origin": [11.75, 3, 1.5]},
			"faces": {
				"north": {"uv": [0, 0, 3, 2], "texture": "#3"},
				"east": {"uv": [0, 0, 4, 2], "texture": "#3"},
				"south": {"uv": [0, 0, 3, 2], "texture": "#3"},
				"west": {"uv": [0, 0, 4, 2], "texture": "#3"},
				"up": {"uv": [0, 0, 3, 4], "texture": "#3"},
				"down": {"uv": [0, 0, 3, 4], "texture": "#3"}
			}
		},
		{
			"from": [14.1, 3.5, 3],
			"to": [15.1, 4.5, 4],
			"rotation": {"angle": 0, "axis": "y", "origin": [14.1, 3.5, 3]},
			"faces": {
				"north": {"uv": [0, 0, 1, 1], "texture": "#4"},
				"east": {"uv": [0, 0, 1, 1], "texture": "#4"},
				"south": {"uv": [0, 0, 1, 1], "texture": "#4"},
				"west": {"uv": [0, 0, 1, 1], "texture": "#4"},
				"up": {"uv": [0, 0, 1, 1], "texture": "#4"},
				"down": {"uv": [0, 0, 1, 1], "texture": "#4"}
			}
		},
		{
			"from": [1.25, 3, 1.5],
			"to": [4.25, 5, 5.5],
			"rotation": {"angle": 0, "axis": "y", "origin": [5.25, 3, 1.5]},
			"faces": {
				"north": {"uv": [4, 0, 7, 2], "texture": "#3"},
				"east": {"uv": [4, 0, 8, 2], "texture": "#3"},
				"south": {"uv": [4, 0, 7, 2], "texture": "#3"},
				"west": {"uv": [4, 0, 8, 2], "texture": "#3"},
				"up": {"uv": [4, 0, 7, 4], "texture": "#3"},
				"down": {"uv": [4, 0, 7, 4], "texture": "#3"}
			}
		},
		{
			"from": [0.9, 3.5, 3],
			"to": [1.9, 4.5, 4],
			"rotation": {"angle": 0, "axis": "y", "origin": [1.9, 3.5, 3]},
			"faces": {
				"north": {"uv": [1, 0, 0, 1], "texture": "#4"},
				"east": {"uv": [1, 0, 0, 1], "texture": "#4"},
				"south": {"uv": [1, 0, 0, 1], "texture": "#4"},
				"west": {"uv": [1, 0, 0, 1], "texture": "#4"},
				"up": {"uv": [1, 0, 0, 1], "texture": "#4"},
				"down": {"uv": [1, 0, 0, 1], "texture": "#4"}
			}
		},
		{
			"from": [11.75, 5, 1.65],
			"to": [14.75, 12.5, 5.4],
			"rotation": {"angle": 0, "axis": "y", "origin": [11.75, 5, 1.65]},
			"faces": {
				"north": {"uv": [0, 0, 3, 7.5], "texture": "#3"},
				"east": {"uv": [0, 0, 3.75, 7.5], "texture": "#3"},
				"south": {"uv": [0, 0, 3, 7.5], "texture": "#3"},
				"west": {"uv": [0, 0, 3.75, 7.5], "texture": "#3"},
				"up": {"uv": [0, 0, 3, 3.75], "texture": "#3"},
				"down": {"uv": [0, 0, 3, 3.75], "texture": "#3"}
			}
		},
		{
			"from": [1.25, 5, 1.65],
			"to": [4.25, 12.5, 5.4],
			"rotation": {"angle": 0, "axis": "y", "origin": [1.25, 5, 1.65]},
			"faces": {
				"north": {"uv": [0, 0, 3, 7.5], "texture": "#3"},
				"east": {"uv": [0, 0, 3.75, 7.5], "texture": "#3"},
				"south": {"uv": [0, 0, 3, 7.5], "texture": "#3"},
				"west": {"uv": [0, 0, 3.75, 7.5], "texture": "#3"},
				"up": {"uv": [0, 0, 3, 3.75], "texture": "#3"},
				"down": {"uv": [0, 0, 3, 3.75], "texture": "#3"}
			}
		},
		{
			"from": [6, 10, 1.5],
			"to": [10, 13, 5.5],
			"rotation": {"angle": 0, "axis": "y", "origin": [6, 10, 1.5]},
			"faces": {
				"north": {"uv": [0, 0, 4, 3], "texture": "#3"},
				"east": {"uv": [0, 0, 4, 3], "texture": "#3"},
				"south": {"uv": [0, 0, 4, 3], "texture": "#3"},
				"west": {"uv": [0, 0, 4, 3], "texture": "#3"},
				"up": {"uv": [0, 0, 4, 4], "texture": "#3"},
				"down": {"uv": [0, 0, 4, 4], "texture": "#3"}
			}
		},
		{
			"from": [10, 10, 1.5],
			"to": [11.75, 12, 5.5],
			"rotation": {"angle": 0, "axis": "y", "origin": [10, 10, 1.5]},
			"faces": {
				"north": {"uv": [0, 0, 1.75, 2], "texture": "#6"},
				"east": {"uv": [0, 0, 4, 2], "texture": "#6"},
				"south": {"uv": [0, 0, 1.75, 2], "texture": "#6"},
				"west": {"uv": [0, 0, 4, 2], "texture": "#6"},
				"up": {"uv": [0, 0, 1.75, 4], "texture": "#6"},
				"down": {"uv": [0, 0, 1.75, 4], "texture": "#6"}
			}
		},
		{
			"from": [4.25, 10, 1.5],
			"to": [6, 12, 5.5],
			"rotation": {"angle": 0, "axis": "y", "origin": [4.25, 10, 1.5]},
			"faces": {
				"north": {"uv": [0, 0, 1.75, 2], "texture": "#6"},
				"east": {"uv": [0, 0, 4, 2], "texture": "#6"},
				"south": {"uv": [0, 0, 1.75, 2], "texture": "#6"},
				"west": {"uv": [0, 0, 4, 2], "texture": "#6"},
				"up": {"uv": [0, 0, 1.75, 4], "texture": "#6"},
				"down": {"uv": [0, 0, 1.75, 4], "texture": "#6"}
			}
		},
		{
			"from": [4.25, 2, 1.5],
			"to": [11.75, 10, 5.5],
			"rotation": {"angle": 0, "axis": "y", "origin": [4.25, 2, 1.5]},
			"faces": {
				"north": {"uv": [0, 0, 7.5, 8], "texture": "#6"},
				"east": {"uv": [0, 0, 4, 8], "texture": "#6"},
				"south": {"uv": [0, 0, 7.5, 8], "texture": "#6"},
				"west": {"uv": [0, 0, 4, 8], "texture": "#6"},
				"up": {"uv": [0, 0, 7.5, 4], "texture": "#6"},
				"down": {"uv": [0, 0, 7.5, 4], "texture": "#6"}
			}
		},
		{
			"from": [8.5, 10.25, 4.7],
			"to": [10, 11.75, 5.7],
			"rotation": {"angle": 0, "axis": "y", "origin": [8.5, 10.25, 4.7]},
			"faces": {
				"north": {"uv": [0, 0, 1.5, 1.5], "texture": "#7"},
				"east": {"uv": [0, 0, 1, 1.5], "texture": "#7"},
				"south": {"uv": [0, 0, 1.5, 1.5], "texture": "#7"},
				"west": {"uv": [0, 0, 1, 1.5], "texture": "#7"},
				"up": {"uv": [0, 0, 1.5, 1], "texture": "#7"},
				"down": {"uv": [0, 0, 1.5, 1], "texture": "#7"}
			}
		},
		{
			"from": [6, 10.25, 4.7],
			"to": [7.5, 11.75, 5.7],
			"rotation": {"angle": 0, "axis": "y", "origin": [6, 10.25, 4.7]},
			"faces": {
				"north": {"uv": [0, 0, 1.5, 1.5], "texture": "#7"},
				"east": {"uv": [0, 0, 1, 1.5], "texture": "#7"},
				"south": {"uv": [0, 0, 1.5, 1.5], "texture": "#7"},
				"west": {"uv": [0, 0, 1, 1.5], "texture": "#7"},
				"up": {"uv": [0, 0, 1.5, 1], "texture": "#7"},
				"down": {"uv": [0, 0, 1.5, 1], "texture": "#7"}
			}
		},
		{
			"from": [7.5, 10.5, 4.6],
			"to": [8.5, 11.5, 5.6],
			"rotation": {"angle": 0, "axis": "y", "origin": [7.5, 10.5, 4.6]},
			"faces": {
				"north": {"uv": [0, 0, 1, 1], "texture": "#7"},
				"east": {"uv": [0, 0, 1, 1], "texture": "#7"},
				"south": {"uv": [0, 0, 1, 1], "texture": "#7"},
				"west": {"uv": [0, 0, 1, 1], "texture": "#7"},
				"up": {"uv": [0, 0, 1, 1], "texture": "#7"},
				"down": {"uv": [0, 0, 1, 1], "texture": "#7"}
			}
		}
	],
	"display": {
		"head": {
			"translation": [0, -29, 0],
			"scale": [1.6, 1.6, 1.6]
		}
	},
	"groups": [
		{
			"name": "alex",
			"origin": [8, 8, 8],
			"color": 0,
			"children": [0, 1, 2, 3, 4, 5, 6, 7, 8, 9, 10, 11, 12, 13, 14, 15, 16]
		},
		17,
		18,
		19
	]
}