{
	"format_version": "1.21.6",
	"credit": "Made with Blockbench",
	"textures": {
		"1": "item/custom/character/oldman2",
		"3": "block/white_wool",
		"4": "block/black_wool",
		"8": "block/brown_terracotta",
		"particle": "block/white_wool"
	},
	"elements": [
		{
			"name": "head",
			"from": [4.4, 12.1, -0.1],
			"to": [11.6, 19.3, 7.1],
			"rotation": {"angle": 0, "axis": "y", "origin": [0.8, -0.95, 0.8]},
			"faces": {
				"north": {"uv": [6, 2, 8, 4], "texture": "#1"},
				"east": {"uv": [4, 2, 6, 4], "texture": "#1"},
				"south": {"uv": [2, 2, 4, 4], "texture": "#1"},
				"west": {"uv": [0, 2, 2, 4], "texture": "#1"},
				"up": {"uv": [4, 2, 2, 0], "rotation": 180, "texture": "#1"},
				"down": {"uv": [6, 0, 4, 2], "rotation": 180, "texture": "#1"}
			}
		},
		{
			"name": "right_arm",
			"from": [1.7, 1.3, 1.7],
			"to": [4.4, 12.1, 5.3],
			"rotation": {"angle": 0, "axis": "y", "origin": [0.8, -0.95, 0.8]},
			"faces": {
				"north": {"uv": [12.75, 5, 13.5, 8], "texture": "#1"},
				"east": {"uv": [11.75, 5, 12.75, 8], "texture": "#1"},
				"south": {"uv": [11, 5, 11.75, 8], "texture": "#1"},
				"west": {"uv": [10, 5, 11, 8], "texture": "#1"},
				"up": {"uv": [11.75, 5, 11, 4], "rotation": 180, "texture": "#1"},
				"down": {"uv": [12.5, 4, 11.75, 5], "rotation": 180, "texture": "#1"}
			}
		},
		{
			"name": "left_arm",
			"from": [11.6, 1.3, 1.7],
			"to": [14.3, 12.1, 5.3],
			"rotation": {"angle": 0, "axis": "y", "origin": [0.8, -0.95, 0.8]},
			"faces": {
				"north": {"uv": [10.75, 13, 11.5, 16], "texture": "#1"},
				"east": {"uv": [9.75, 13, 10.75, 16], "texture": "#1"},
				"south": {"uv": [9, 13, 9.75, 16], "texture": "#1"},
				"west": {"uv": [8, 13, 9, 16], "texture": "#1"},
				"up": {"uv": [9.75, 13, 9, 12], "rotation": 180, "texture": "#1"},
				"down": {"uv": [10.5, 12, 9.75, 13], "rotation": 180, "texture": "#1"}
			}
		},
		{
			"name": "right_leg",
			"from": [8, -9.5, 1.7],
			"to": [11.6, 1.3, 5.3],
			"rotation": {"angle": 0, "axis": "y", "origin": [0.8, -0.95, 0.8]},
			"faces": {
				"north": {"uv": [7, 13, 8, 16], "texture": "#1"},
				"east": {"uv": [6, 13, 7, 16], "texture": "#1"},
				"south": {"uv": [5, 13, 6, 16], "texture": "#1"},
				"west": {"uv": [4, 13, 5, 16], "texture": "#1"},
				"up": {"uv": [6, 13, 5, 12], "rotation": 180, "texture": "#1"},
				"down": {"uv": [7, 12, 6, 13], "rotation": 180, "texture": "#1"}
			}
		},
		{
			"name": "left_leg",
			"from": [4.4, -9.5, 1.7],
			"to": [8, 1.3, 5.3],
			"rotation": {"angle": 0, "axis": "y", "origin": [0.8, -0.95, 0.8]},
			"faces": {
				"north": {"uv": [3, 5, 4, 8], "texture": "#1"},
				"east": {"uv": [2, 5, 3, 8], "texture": "#1"},
				"south": {"uv": [1, 5, 2, 8], "texture": "#1"},
				"west": {"uv": [0, 5, 1, 8], "texture": "#1"},
				"up": {"uv": [2, 5, 1, 4], "rotation": 180, "texture": "#1"},
				"down": {"uv": [3, 4, 2, 5], "rotation": 180, "texture": "#1"}
			}
		},
		{
			"from": [4.25, -10, 1.5],
			"to": [11.75, -9, 5.5],
			"rotation": {"angle": 0, "axis": "y", "origin": [4.25, -10, 1.5]},
			"faces": {
				"north": {"uv": [0, 0, 7.5, 1], "texture": "#4"},
				"east": {"uv": [0, 0, 4, 1], "texture": "#4"},
				"south": {"uv": [0, 0, 7.5, 1], "texture": "#4"},
				"west": {"uv": [0, 0, 4, 1], "texture": "#4"},
				"up": {"uv": [0, 0, 7.5, 4], "texture": "#4"},
				"down": {"uv": [0, 0, 7.5, 4], "texture": "#4"}
			}
		},
		{
			"from": [11.5, 5, 1.65],
			"to": [14.5, 12.5, 5.4],
			"rotation": {"angle": 0, "axis": "y", "origin": [11.5, 5, 1.65]},
			"faces": {
				"north": {"uv": [0, 0, 3, 7.5], "texture": "#3"},
				"east": {"uv": [0, 0, 3.75, 7.5], "texture": "#3"},
				"south": {"uv": [0, 0, 3, 7.5], "texture": "#3"},
				"west": {"uv": [0, 0, 3.75, 7.5], "texture": "#3"},
				"up": {"uv": [0, 0, 3, 3.75], "texture": "#3"},
				"down": {"uv": [0, 0, 3, 3.75], "texture": "#3"}
			}
		},
		{
			"from": [1.5, 5, 1.65],
			"to": [4.5, 12.5, 5.4],
			"rotation": {"angle": 0, "axis": "y", "origin": [1.5, 5, 1.65]},
			"faces": {
				"north": {"uv": [0, 0, 3, 7.5], "texture": "#3"},
				"east": {"uv": [0, 0, 3.75, 7.5], "texture": "#3"},
				"south": {"uv": [0, 0, 3, 7.5], "texture": "#3"},
				"west": {"uv": [0, 0, 3.75, 7.5], "texture": "#3"},
				"up": {"uv": [0, 0, 3, 3.75], "texture": "#3"},
				"down": {"uv": [0, 0, 3, 3.75], "texture": "#3"}
			}
		},
		{
			"from": [12, 2, 1],
			"to": [15, 6, 6],
			"rotation": {"angle": 0, "axis": "y", "origin": [12, 2, 1]},
			"faces": {
				"north": {"uv": [0, 0, 3, 4], "texture": "#3"},
				"east": {"uv": [0, 0, 5, 4], "texture": "#3"},
				"south": {"uv": [0, 0, 3, 4], "texture": "#3"},
				"west": {"uv": [0, 0, 5, 4], "texture": "#3"},
				"up": {"uv": [0, 0, 3, 5], "texture": "#3"},
				"down": {"uv": [0, 0, 3, 5], "texture": "#3"}
			}
		},
		{
			"from": [1, 2, 1],
			"to": [4, 6, 6],
			"rotation": {"angle": 0, "axis": "y", "origin": [1, 2, 1]},
			"faces": {
				"north": {"uv": [0, 0, 3, 4], "texture": "#3"},
				"east": {"uv": [0, 0, 5, 4], "texture": "#3"},
				"south": {"uv": [0, 0, 3, 4], "texture": "#3"},
				"west": {"uv": [0, 0, 5, 4], "texture": "#3"},
				"up": {"uv": [0, 0, 3, 5], "texture": "#3"},
				"down": {"uv": [0, 0, 3, 5], "texture": "#3"}
			}
		},
		{
			"from": [4, -9, 1],
			"to": [6, 2, 6],
			"rotation": {"angle": 0, "axis": "y", "origin": [4, -9, 1]},
			"faces": {
				"north": {"uv": [0, 0, 2, 11], "texture": "#3"},
				"east": {"uv": [0, 0, 5, 11], "texture": "#3"},
				"south": {"uv": [0, 0, 2, 11], "texture": "#3"},
				"west": {"uv": [0, 0, 5, 11], "texture": "#3"},
				"up": {"uv": [0, 0, 2, 5], "texture": "#3"},
				"down": {"uv": [0, 0, 2, 5], "texture": "#4"}
			}
		},
		{
			"from": [10, -9, 1],
			"to": [12, 2, 6],
			"rotation": {"angle": 0, "axis": "y", "origin": [10, -9, 1]},
			"faces": {
				"north": {"uv": [0, 0, 2, 11], "texture": "#3"},
				"east": {"uv": [0, 0, 5, 11], "texture": "#3"},
				"south": {"uv": [0, 0, 2, 11], "texture": "#3"},
				"west": {"uv": [0, 0, 5, 11], "texture": "#3"},
				"up": {"uv": [0, 0, 2, 5], "texture": "#3"},
				"down": {"uv": [0, 0, 2, 5], "texture": "#4"}
			}
		},
		{
			"from": [10, 2, 1],
			"to": [12, 12, 6],
			"rotation": {"angle": 0, "axis": "y", "origin": [10, 2, 1]},
			"faces": {
				"north": {"uv": [0, 0, 2, 10], "texture": "#3"},
				"east": {"uv": [0, 0, 5, 10], "texture": "#3"},
				"south": {"uv": [0, 0, 2, 10], "texture": "#3"},
				"west": {"uv": [0, 0, 5, 10], "texture": "#3"},
				"up": {"uv": [0, 0, 2, 5], "texture": "#3"},
				"down": {"uv": [0, 0, 2, 5], "texture": "#3"}
			}
		},
		{
			"from": [4, 2, 1],
			"to": [6, 12, 6],
			"rotation": {"angle": 0, "axis": "y", "origin": [4, 2, 1]},
			"faces": {
				"north": {"uv": [0, 0, 2, 10], "texture": "#3"},
				"east": {"uv": [0, 0, 5, 10], "texture": "#3"},
				"south": {"uv": [0, 0, 2, 10], "texture": "#3"},
				"west": {"uv": [0, 0, 5, 10], "texture": "#3"},
				"up": {"uv": [0, 0, 2, 5], "texture": "#3"},
				"down": {"uv": [0, 0, 2, 5], "texture": "#3"}
			}
		},
		{
			"from": [6, -9, 1],
			"to": [10, 2, 6],
			"rotation": {"angle": 0, "axis": "y", "origin": [6, -9, 1]},
			"faces": {
				"north": {"uv": [0, 0, 4, 11], "texture": "#3"},
				"east": {"uv": [0, 0, 5, 11], "texture": "#3"},
				"south": {"uv": [0, 0, 4, 11], "texture": "#4"},
				"west": {"uv": [0, 0, 5, 11], "texture": "#3"},
				"up": {"uv": [0, 0, 4, 5], "texture": "#3"},
				"down": {"uv": [0, 0, 4, 5], "texture": "#4"}
			}
		},
		{
			"from": [6, 2, 1],
			"to": [10, 13, 6],
			"rotation": {"angle": 0, "axis": "y", "origin": [6, 2, 1]},
			"faces": {
				"north": {"uv": [0, 0, 4, 11], "texture": "#3"},
				"east": {"uv": [0, 0, 5, 11], "texture": "#3"},
				"south": {"uv": [0, 0, 4, 11], "texture": "#4"},
				"west": {"uv": [0, 0, 5, 11], "texture": "#3"},
				"up": {"uv": [0, 0, 4, 5], "texture": "#3"},
				"down": {"uv": [0, 0, 4, 5], "texture": "#3"}
			}
		},
		{
			"from": [2, 1, 5],
			"to": [2.5, 4, 9],
			"rotation": {"angle": 0, "axis": "y", "origin": [2, 1, 5]},
			"faces": {
				"north": {"uv": [0, 0, 0.5, 3], "texture": "#8"},
				"east": {"uv": [0, 0, 4, 3], "texture": "#8"},
				"south": {"uv": [0, 0, 0.5, 3], "texture": "#8"},
				"west": {"uv": [0, 0, 4, 3], "texture": "#8"},
				"up": {"uv": [0, 0, 0.5, 4], "texture": "#8"},
				"down": {"uv": [0, 0, 0.5, 4], "texture": "#8"}
			}
		},
		{
			"from": [2.5, 0.75, 5.25],
			"to": [3.25, 3.75, 8.75],
			"rotation": {"angle": 0, "axis": "y", "origin": [2.5, 0.75, 5.25]},
			"faces": {
				"north": {"uv": [0, 0, 0.75, 3], "texture": "#3"},
				"east": {"uv": [0, 0, 3.5, 3], "texture": "#3"},
				"south": {"uv": [0, 0, 0.75, 3], "texture": "#3"},
				"west": {"uv": [0, 0, 3.5, 3], "texture": "#3"},
				"up": {"uv": [0, 0, 0.75, 3.5], "texture": "#3"},
				"down": {"uv": [0, 0, 0.75, 3.5], "texture": "#3"}
			}
		},
		{
			"from": [3.25, 1, 5],
			"to": [3.75, 4, 9],
			"rotation": {"angle": 0, "axis": "y", "origin": [3.25, 1, 5]},
			"faces": {
				"north": {"uv": [0, 0, 0.5, 3], "texture": "#8"},
				"east": {"uv": [0, 0, 4, 3], "texture": "#8"},
				"south": {"uv": [0, 0, 0.5, 3], "texture": "#8"},
				"west": {"uv": [0, 0, 4, 3], "texture": "#8"},
				"up": {"uv": [0, 0, 0.5, 4], "texture": "#8"},
				"down": {"uv": [0, 0, 0.5, 4], "texture": "#8"}
			}
		},
		{
			"from": [2.1, 0.5, 5],
			"to": [3.5, 1, 9],
			"rotation": {"angle": 0, "axis": "y", "origin": [2.1, 0.5, 5]},
			"faces": {
				"north": {"uv": [0, 0, 1.4, 0.5], "texture": "#8"},
				"east": {"uv": [0, 0, 4, 0.5], "texture": "#8"},
				"south": {"uv": [0, 0, 1.4, 0.5], "texture": "#8"},
				"west": {"uv": [0, 0, 4, 0.5], "texture": "#8"},
				"up": {"uv": [0, 0, 1.4, 4], "texture": "#8"},
				"down": {"uv": [0, 0, 1.4, 4], "texture": "#8"}
			}
		}
	],
	"display": {
		"head": {
			"translation": [0, -29, 0],
			"scale": [1.6, 1.6, 1.6]
		}
	},
	"groups": [
		{
			"name": "alex",
			"origin": [8, 8, 8],
			"color": 0,
			"children": [0, 1, 2, 3, 4, 5, 6, 7]
		},
		8,
		9,
		10,
		11,
		12,
		13,
		14,
		15,
		16,
		17,
		18,
		19
	]
}