{
	"format_version": "1.21.6",
	"credit": "Made with Blockbench",
	"textures": {
		"0": "item/custom/character/oldwoman2",
		"3": "block/blue_wool",
		"4": "block/yellow_wool",
		"5": "block/purple_wool",
		"6": "block/spruce_door_top",
		"particle": "item/custom/character/oldwoman2"
	},
	"elements": [
		{
			"name": "head",
			"from": [4.4, 10.85, 4.9],
			"to": [11.6, 18.05, 12.1],
			"rotation": {"angle": 0, "axis": "x", "origin": [8, 5.175, 6.18347]},
			"faces": {
				"north": {"uv": [6, 2, 8, 4], "texture": "#0"},
				"east": {"uv": [4, 2, 6, 4], "texture": "#0"},
				"south": {"uv": [2, 2, 4, 4], "texture": "#0"},
				"west": {"uv": [0, 2, 2, 4], "texture": "#0"},
				"up": {"uv": [4, 2, 2, 0], "rotation": 180, "texture": "#0"},
				"down": {"uv": [6, 0, 4, 2], "rotation": 180, "texture": "#0"}
			}
		},
		{
			"name": "body",
			"from": [4.4, 0.18982, 4.01306],
			"to": [11.6, 10.98982, 7.61306],
			"rotation": {"angle": 22.5, "axis": "x", "origin": [8, 5.175, 6.18347]},
			"faces": {
				"north": {"uv": [8, 5, 10, 8], "texture": "#0"},
				"east": {"uv": [7, 5, 8, 8], "texture": "#0"},
				"south": {"uv": [5, 5, 7, 8], "texture": "#0"},
				"west": {"uv": [4, 5, 5, 8], "texture": "#0"},
				"up": {"uv": [7, 5, 5, 4], "rotation": 180, "texture": "#0"},
				"down": {"uv": [9, 4, 7, 5], "rotation": 180, "texture": "#0"}
			}
		},
		{
			"name": "right_arm",
			"from": [1.7, 0.05593, 2.68523],
			"to": [4.4, 10.85593, 6.28523],
			"rotation": {"angle": 22.5, "axis": "x", "origin": [8, 5.175, 6.18347]},
			"faces": {
				"north": {"uv": [12.75, 5, 13.5, 8], "texture": "#0"},
				"east": {"uv": [11.75, 5, 12.75, 8], "texture": "#0"},
				"south": {"uv": [11, 5, 11.75, 8], "texture": "#0"},
				"west": {"uv": [10, 5, 11, 8], "texture": "#0"},
				"up": {"uv": [11.75, 5, 11, 4], "rotation": 180, "texture": "#0"},
				"down": {"uv": [12.5, 4, 11.75, 5], "rotation": 180, "texture": "#0"}
			}
		},
		{
			"name": "left_arm",
			"from": [11.6, 1.64972, 3.23615],
			"to": [14.3, 12.44972, 6.83615],
			"rotation": {"angle": 22.5, "axis": "x", "origin": [8, 7.175, 2.18347]},
			"faces": {
				"north": {"uv": [10.75, 13, 11.5, 16], "texture": "#0"},
				"east": {"uv": [9.75, 13, 10.75, 16], "texture": "#0"},
				"south": {"uv": [9, 13, 9.75, 16], "texture": "#0"},
				"west": {"uv": [8, 13, 9, 16], "texture": "#0"},
				"up": {"uv": [9.75, 13, 9, 12], "rotation": 180, "texture": "#0"},
				"down": {"uv": [10.5, 12, 9.75, 13], "rotation": 180, "texture": "#0"}
			}
		},
		{
			"name": "right_leg",
			"from": [8, -9.5, 1.7],
			"to": [11.6, 1.3, 5.3],
			"rotation": {"angle": 0, "axis": "x", "origin": [8, 5.175, 6.18347]},
			"faces": {
				"north": {"uv": [7, 13, 8, 16], "texture": "#0"},
				"east": {"uv": [6, 13, 7, 16], "texture": "#0"},
				"south": {"uv": [5, 13, 6, 16], "texture": "#0"},
				"west": {"uv": [4, 13, 5, 16], "texture": "#0"},
				"up": {"uv": [6, 13, 5, 12], "rotation": 180, "texture": "#0"},
				"down": {"uv": [7, 12, 6, 13], "rotation": 180, "texture": "#0"}
			}
		},
		{
			"name": "left_leg",
			"from": [4.4, -9.5, 1.7],
			"to": [8, 1.3, 5.3],
			"rotation": {"angle": 0, "axis": "x", "origin": [8, 5.175, 6.18347]},
			"faces": {
				"north": {"uv": [3, 5, 4, 8], "texture": "#0"},
				"east": {"uv": [2, 5, 3, 8], "texture": "#0"},
				"south": {"uv": [1, 5, 2, 8], "texture": "#0"},
				"west": {"uv": [0, 5, 1, 8], "texture": "#0"},
				"up": {"uv": [2, 5, 1, 4], "rotation": 180, "texture": "#0"},
				"down": {"uv": [3, 4, 2, 5], "rotation": 180, "texture": "#0"}
			}
		},
		{
			"from": [1.45, 1.30645, 2.43784],
			"to": [4.45, 11.30645, 6.43784],
			"rotation": {"angle": 22.5, "axis": "x", "origin": [8, 5.175, 6.18347]},
			"faces": {
				"north": {"uv": [0, 0, 3, 10], "texture": "#5"},
				"east": {"uv": [0, 0, 4, 10], "texture": "#5"},
				"south": {"uv": [0, 0, 3, 10], "texture": "#5"},
				"west": {"uv": [0, 0, 4, 10], "texture": "#5"},
				"up": {"uv": [0, 0, 3, 4], "texture": "#5"},
				"down": {"uv": [0, 0, 3, 4], "texture": "#3"}
			}
		},
		{
			"from": [11.55, 2.57359, 3.21884],
			"to": [14.55, 12.57359, 7.21884],
			"rotation": {"angle": 22.5, "axis": "x", "origin": [8, 7.175, 2.18347]},
			"faces": {
				"north": {"uv": [0, 0, 3, 10], "texture": "#5"},
				"east": {"uv": [0, 0, 4, 10], "texture": "#5"},
				"south": {"uv": [0, 0, 3, 10], "texture": "#5"},
				"west": {"uv": [0, 0, 4, 10], "texture": "#5"},
				"up": {"uv": [0, 0, 3, 4], "texture": "#5"},
				"down": {"uv": [0, 0, 3, 4], "texture": "#3"}
			}
		},
		{
			"from": [4, -9.75, 1.25],
			"to": [12, -7.75, 6.25],
			"rotation": {"angle": 0, "axis": "y", "origin": [4, -9.75, 1.25]},
			"faces": {
				"north": {"uv": [0, 0, 8, 2], "texture": "#6"},
				"east": {"uv": [0, 0, 5, 2], "texture": "#6"},
				"south": {"uv": [0, 0, 8, 2], "texture": "#6"},
				"west": {"uv": [0, 0, 5, 2], "texture": "#6"},
				"up": {"uv": [0, 0, 8, 5], "texture": "#6"},
				"down": {"uv": [0, 0, 8, 5], "texture": "#6"}
			}
		},
		{
			"from": [4, -7.75, 1.25],
			"to": [6, 1.25, 6.25],
			"rotation": {"angle": 0, "axis": "y", "origin": [4, -7.75, 1.25]},
			"faces": {
				"north": {"uv": [0, 0, 2, 9], "texture": "#5"},
				"east": {"uv": [0, 0, 5, 9], "texture": "#5"},
				"south": {"uv": [0, 0, 2, 9], "texture": "#5"},
				"west": {"uv": [0, 0, 5, 9], "texture": "#5"},
				"up": {"uv": [0, 0, 2, 5], "texture": "#5"},
				"down": {"uv": [0, 0, 2, 5], "texture": "#5"}
			}
		},
		{
			"from": [10, -7.75, 1.25],
			"to": [12, 1.25, 6.25],
			"rotation": {"angle": 0, "axis": "y", "origin": [10, -7.75, 1.25]},
			"faces": {
				"north": {"uv": [0, 0, 2, 9], "texture": "#5"},
				"east": {"uv": [0, 0, 5, 9], "texture": "#5"},
				"south": {"uv": [0, 0, 2, 9], "texture": "#5"},
				"west": {"uv": [0, 0, 5, 9], "texture": "#5"},
				"up": {"uv": [0, 0, 2, 5], "texture": "#5"},
				"down": {"uv": [0, 0, 2, 5], "texture": "#5"}
			}
		},
		{
			"from": [6, -7.75, 1.25],
			"to": [10, 1.25, 6.25],
			"rotation": {"angle": 0, "axis": "y", "origin": [6, -7.75, 1.25]},
			"faces": {
				"north": {"uv": [0, 0, 4, 9], "texture": "#5"},
				"east": {"uv": [0, 0, 5, 9], "texture": "#5"},
				"south": {"uv": [0, 0, 4, 9], "texture": "#3"},
				"west": {"uv": [0, 0, 5, 9], "texture": "#5"},
				"up": {"uv": [0, 0, 4, 5], "texture": "#3"},
				"down": {"uv": [0, 0, 4, 5], "texture": "#3"}
			}
		},
		{
			"from": [3.75, 1.25, 1.25],
			"to": [12.25, 3.25, 6.25],
			"rotation": {"angle": 22.5, "axis": "x", "origin": [3.75, 1.25, 1.25]},
			"faces": {
				"north": {"uv": [0, 0, 8.5, 2], "texture": "#4"},
				"east": {"uv": [0, 0, 5, 2], "texture": "#4"},
				"south": {"uv": [0, 0, 8.5, 2], "texture": "#4"},
				"west": {"uv": [0, 0, 5, 2], "texture": "#4"},
				"up": {"uv": [0, 0, 8.5, 5], "texture": "#4"},
				"down": {"uv": [0, 0, 8.5, 5], "texture": "#4"}
			}
		},
		{
			"from": [4, 3.09776, 2.01537],
			"to": [6, 13.09776, 7.01537],
			"rotation": {"angle": 22.5, "axis": "x", "origin": [4, 3.09776, 2.01537]},
			"faces": {
				"north": {"uv": [0, 0, 2, 10], "texture": "#5"},
				"east": {"uv": [0, 0, 5, 10], "texture": "#5"},
				"south": {"uv": [0, 0, 2, 10], "texture": "#5"},
				"west": {"uv": [0, 0, 5, 10], "texture": "#5"},
				"up": {"uv": [0, 0, 2, 5], "texture": "#5"},
				"down": {"uv": [0, 0, 2, 5], "texture": "#5"}
			}
		},
		{
			"from": [10, 3.09776, 2.01537],
			"to": [12, 13.09776, 7.01537],
			"rotation": {"angle": 22.5, "axis": "x", "origin": [10, 3.09776, 2.01537]},
			"faces": {
				"north": {"uv": [0, 0, 2, 10], "texture": "#5"},
				"east": {"uv": [0, 0, 5, 10], "texture": "#5"},
				"south": {"uv": [0, 0, 2, 10], "texture": "#5"},
				"west": {"uv": [0, 0, 5, 10], "texture": "#5"},
				"up": {"uv": [0, 0, 2, 5], "texture": "#5"},
				"down": {"uv": [0, 0, 2, 5], "texture": "#5"}
			}
		},
		{
			"from": [6, 3.09776, 2.01537],
			"to": [10, 13.09776, 7.01537],
			"rotation": {"angle": 22.5, "axis": "x", "origin": [6, 3.09776, 2.01537]},
			"faces": {
				"north": {"uv": [0, 0, 4, 10], "texture": "#5"},
				"east": {"uv": [0, 0, 5, 10], "texture": "#5"},
				"south": {"uv": [0, 0, 4, 10], "texture": "#3"},
				"west": {"uv": [0, 0, 5, 10], "texture": "#5"},
				"up": {"uv": [0, 0, 4, 5], "texture": "#3"},
				"down": {"uv": [0, 0, 4, 5], "texture": "#3"}
			}
		},
		{
			"from": [10.15, -2.75, 2],
			"to": [12.15, 1.25, 4],
			"rotation": {"angle": 0, "axis": "y", "origin": [10.15, -2.75, 2]},
			"faces": {
				"north": {"uv": [0, 0, 2, 4], "texture": "#4"},
				"east": {"uv": [0, 0, 2, 4], "texture": "#4"},
				"south": {"uv": [0, 0, 2, 4], "texture": "#4"},
				"west": {"uv": [0, 0, 2, 4], "texture": "#4"},
				"up": {"uv": [0, 0, 2, 2], "texture": "#4"},
				"down": {"uv": [0, 0, 2, 2], "texture": "#4"}
			}
		}
	],
	"display": {
		"head": {
			"translation": [0, -29, 0],
			"scale": [1.6, 1.6, 1.6]
		}
	},
	"groups": [
		{
			"name": "alex",
			"origin": [8, 8, 8],
			"color": 0,
			"children": [0, 1, 2, 3, 4, 5, 6, 7]
		},
		8,
		9,
		10,
		11,
		12,
		13,
		14,
		15,
		16
	]
}