{
    "providers": [
        {
            "type": "bitmap",
            "file": "minecraft:item/emerald.png",
            "ascent": 9,
            "height": 12,
            "chars": [
                "\uF000"
            ]
        },{
            "type": "bitmap",
            "file": "minecraft:block/emerald_block.png",
            "ascent": 9,
            "height": 12,
            "chars": [
                "\uF001"
            ]
        },{
            "type": "bitmap",
            "file": "minecraft:item/custom/system/green_coin.png",
            "ascent": 9,
            "height": 12,
            "chars": [
                "\uF002"
            ]
        },{
            "type": "bitmap",
            "file": "minecraft:item/sweet_berries.png",
            "ascent": 9,
            "height": 12,
            "chars": [
                "\uF003"
            ]
        },{
            "type": "bitmap",
            "file": "minecraft:item/melon_slice.png",
            "ascent": 9,
            "height": 12,
            "chars": [
                "\uF004"
            ]
        },{
            "type": "bitmap",
            "file": "minecraft:item/custom/system/creeper.png",
            "ascent": 9,
            "height": 12,
            "chars": [
                "\uF005"
            ]
        },{
            "type": "bitmap",
            "file": "minecraft:item/golden_apple.png",
            "ascent": 9,
            "height": 12,
            "chars": [
                "\uF006"
            ]
        },{
            "type": "bitmap",
            "file": "minecraft:item/diamond.png",
            "ascent": 9,
            "height": 12,
            "chars": [
                "\uF007"
            ]
        },{
            "type": "bitmap",
            "file": "minecraft:item/custom/system/craft1.png",
            "ascent": 8,
            "height": 42,
            "chars": [
                "\uF008"
            ]
        },{
            "type": "bitmap",
            "file": "minecraft:item/custom/system/craft2.png",
            "ascent": 8,
            "height": 42,
            "chars": [
                "\uF009"
            ]
        },{
            "type": "bitmap",
            "file": "minecraft:item/custom/system/craft3.png",
            "ascent": 8,
            "height": 42,
            "chars": [
                "\uF00A"
            ]
        }
    ]
}