{
	"credit": "Made with Blockbench",
	"textures": {
		"0": "item/custom/boss/boss5/body",
		"particle": "item/custom/boss/boss5/body"
	},
	"elements": [
		{
			"name": "body",
			"from": [4, 11.5, 6],
			"to": [12, 23.5, 10],
			"faces": {
				"north": {"uv": [5, 5, 7, 8], "tintindex": 0,"texture": "#0"},
				"east": {"uv": [4, 5, 5, 8], "tintindex": 0,"texture": "#0"},
				"south": {"uv": [8, 5, 10, 8], "tintindex": 0,"texture": "#0"},
				"west": {"uv": [7, 5, 8, 8], "tintindex": 0,"texture": "#0"},
				"up": {"uv": [7, 5, 5, 4], "tintindex": 0,"texture": "#0"},
				"down": {"uv": [9, 4, 7, 5], "tintindex": 0,"texture": "#0"}
			}
		},
		{
			"name": "body_2nd_layer",
			"from": [3.96, 10.7302, 5.4649],
			"to": [12.04, 23.8703, 10.5149],
			"rotation": {"angle": 0, "axis": "y", "origin": [8, 7.68, 8]},
			"faces": {
				"north": {"uv": [5, 9, 7, 12], "tintindex": 0,"texture": "#0"},
				"east": {"uv": [4, 9, 5, 12], "tintindex": 0,"texture": "#0"},
				"south": {"uv": [8, 9, 10, 12], "tintindex": 0,"texture": "#0"},
				"west": {"uv": [7, 9, 8, 12], "tintindex": 0,"texture": "#0"},
				"up": {"uv": [7, 9, 5, 8], "tintindex": 0,"texture": "#0"},
				"down": {"uv": [9, 8, 7, 9], "tintindex": 0,"texture": "#0"}
			}
		}
	],
	"display": {
		"head": {
			"translation": [0, -10.75, 0],
			"scale": [1.6, 1.6, 1.6]
		}
	},
	"groups": [
		{
			"name": "alex",
			"origin": [8, 8, 8],
			"children": [0, 1]
		}
	]
}