{
	"credit": "Made with Blockbench",
	"textures": {
		"0": "block/soul_fire_0",
		"particle": "block/soul_fire_0"
	},
	"elements": [
		{
			"from": [-12, 5.8, 8],
			"to": [28, 26.6, 8.25],
			"rotation": {"angle": 0, "axis": "y", "origin": [8, 16.2, 8.125]},
			"faces": {
				"north": {"uv": [0, 0, 16, 16], "tintindex": 0,"texture": "#0"},
				"east": {"uv": [0, 0, 0.1, 16], "tintindex": 0,"texture": "#0"},
				"south": {"uv": [0, 0, 16, 16], "tintindex": 0,"texture": "#0"},
				"west": {"uv": [0, 0, 0.1, 16], "tintindex": 0,"texture": "#0"},
				"up": {"uv": [0, 0, 16, 0.1], "tintindex": 0,"texture": "#0"},
				"down": {"uv": [0, 0, 16, 0.1], "tintindex": 0,"texture": "#0"}
			}
		},
		{
			"from": [-12, -15.04333, 7.96668],
			"to": [28, 5.75667, 8.21667],
			"rotation": {"angle": 0, "axis": "x", "origin": [8, -3.25667, 8.10832]},
			"faces": {
				"north": {"uv": [0, 0, 16, 16], "rotation": 180, "tintindex": 0,"texture": "#0"},
				"east": {"uv": [0, 0, 0.1, 16], "rotation": 180, "tintindex": 0,"texture": "#0"},
				"south": {"uv": [0, 0, 16, 16], "rotation": 180, "tintindex": 0,"texture": "#0"},
				"west": {"uv": [0, 0, 0.1, 16], "rotation": 180, "tintindex": 0,"texture": "#0"},
				"up": {"uv": [0, 0, 16, 0.1], "tintindex": 0,"texture": "#0"},
				"down": {"uv": [0, 0, 16, 0.1], "tintindex": 0,"texture": "#0"}
			}
		},
		{
			"from": [7.875, 5.8, -11.875],
			"to": [8.125, 26.6, 28.125],
			"rotation": {"angle": 0, "axis": "y", "origin": [8, 16.2, 8.125]},
			"faces": {
				"north": {"uv": [0, 0, 0.1, 16], "tintindex": 0,"texture": "#0"},
				"east": {"uv": [0, 0, 16, 16], "tintindex": 0,"texture": "#0"},
				"south": {"uv": [0, 0, 0.1, 16], "tintindex": 0,"texture": "#0"},
				"west": {"uv": [0, 0, 16, 16], "tintindex": 0,"texture": "#0"},
				"up": {"uv": [0, 0, 16, 0.1], "rotation": 270, "tintindex": 0,"texture": "#0"},
				"down": {"uv": [0, 0, 16, 0.1], "rotation": 90, "tintindex": 0,"texture": "#0"}
			}
		},
		{
			"from": [7.875, -15.04333, -11.90833],
			"to": [8.125, 5.75667, 28.09168],
			"rotation": {"angle": 0, "axis": "x", "origin": [8, -3.25667, 8.10832]},
			"faces": {
				"north": {"uv": [0, 0, 0.1, 16], "rotation": 180, "tintindex": 0,"texture": "#0"},
				"east": {"uv": [0, 0, 16, 16], "rotation": 180, "tintindex": 0,"texture": "#0"},
				"south": {"uv": [0, 0, 0.1, 16], "rotation": 180, "tintindex": 0,"texture": "#0"},
				"west": {"uv": [0, 0, 16, 16], "rotation": 180, "tintindex": 0,"texture": "#0"},
				"up": {"uv": [0, 0, 16, 0.1], "rotation": 90, "tintindex": 0,"texture": "#0"},
				"down": {"uv": [0, 0, 16, 0.1], "rotation": 270, "tintindex": 0,"texture": "#0"}
			}
		},
		{
			"from": [-8.1, 5.8, -7.9],
			"to": [-7.9, 22.44, 24.1],
			"rotation": {"angle": 0, "axis": "y", "origin": [8, 14.12, 8.1]},
			"faces": {
				"north": {"uv": [0, 0, 0.1, 16], "tintindex": 0,"texture": "#0"},
				"east": {"uv": [0, 0, 16, 16], "tintindex": 0,"texture": "#0"},
				"south": {"uv": [0, 0, 0.1, 16], "tintindex": 0,"texture": "#0"},
				"west": {"uv": [0, 0, 16, 16], "tintindex": 0,"texture": "#0"},
				"up": {"uv": [0, 0, 16, 0.1], "rotation": 270, "tintindex": 0,"texture": "#0"},
				"down": {"uv": [0, 0, 16, 0.1], "rotation": 90, "tintindex": 0,"texture": "#0"}
			}
		},
		{
			"from": [-8.1, -10.88333, -7.88332],
			"to": [-7.9, 5.75667, 24.11667],
			"rotation": {"angle": 0, "axis": "x", "origin": [8, -3.25667, 8.10832]},
			"faces": {
				"north": {"uv": [0, 0, 0.1, 16], "rotation": 180, "tintindex": 0,"texture": "#0"},
				"east": {"uv": [0, 0, 16, 16], "rotation": 180, "tintindex": 0,"texture": "#0"},
				"south": {"uv": [0, 0, 0.1, 16], "rotation": 180, "tintindex": 0,"texture": "#0"},
				"west": {"uv": [0, 0, 16, 16], "rotation": 180, "tintindex": 0,"texture": "#0"},
				"up": {"uv": [0, 0, 16, 0.1], "rotation": 90, "tintindex": 0,"texture": "#0"},
				"down": {"uv": [0, 0, 16, 0.1], "rotation": 270, "tintindex": 0,"texture": "#0"}
			}
		},
		{
			"from": [-8, 5.8, 24],
			"to": [24, 22.44, 24.2],
			"rotation": {"angle": 0, "axis": "y", "origin": [8, 14.12, 8.1]},
			"faces": {
				"north": {"uv": [0, 0, 16, 16], "tintindex": 0,"texture": "#0"},
				"east": {"uv": [0, 0, 0.1, 16], "tintindex": 0,"texture": "#0"},
				"south": {"uv": [0, 0, 16, 16], "tintindex": 0,"texture": "#0"},
				"west": {"uv": [0, 0, 0.1, 16], "tintindex": 0,"texture": "#0"},
				"up": {"uv": [0, 0, 16, 0.1], "rotation": 180, "tintindex": 0,"texture": "#0"},
				"down": {"uv": [0, 0, 16, 0.1], "rotation": 180, "tintindex": 0,"texture": "#0"}
			}
		},
		{
			"from": [-8, -10.88333, -7.98332],
			"to": [24, 5.75667, -7.78333],
			"rotation": {"angle": 0, "axis": "x", "origin": [8, -3.25667, 8.10832]},
			"faces": {
				"north": {"uv": [0, 0, 16, 16], "rotation": 180, "tintindex": 0,"texture": "#0"},
				"east": {"uv": [0, 0, 0.1, 16], "rotation": 180, "tintindex": 0,"texture": "#0"},
				"south": {"uv": [0, 0, 16, 16], "rotation": 180, "tintindex": 0,"texture": "#0"},
				"west": {"uv": [0, 0, 0.1, 16], "rotation": 180, "tintindex": 0,"texture": "#0"},
				"up": {"uv": [0, 0, 16, 0.1], "rotation": 180, "tintindex": 0,"texture": "#0"},
				"down": {"uv": [0, 0, 16, 0.1], "rotation": 180, "tintindex": 0,"texture": "#0"}
			}
		},
		{
			"from": [23.9, 5.8, -7.9],
			"to": [24.1, 22.44, 24.1],
			"rotation": {"angle": 0, "axis": "y", "origin": [8, 14.12, 8.1]},
			"faces": {
				"north": {"uv": [0, 0, 0.1, 16], "tintindex": 0,"texture": "#0"},
				"east": {"uv": [0, 0, 16, 16], "tintindex": 0,"texture": "#0"},
				"south": {"uv": [0, 0, 0.1, 16], "tintindex": 0,"texture": "#0"},
				"west": {"uv": [0, 0, 16, 16], "tintindex": 0,"texture": "#0"},
				"up": {"uv": [0, 0, 16, 0.1], "rotation": 270, "tintindex": 0,"texture": "#0"},
				"down": {"uv": [0, 0, 16, 0.1], "rotation": 90, "tintindex": 0,"texture": "#0"}
			}
		},
		{
			"from": [23.9, -10.88333, -7.88332],
			"to": [24.1, 5.75667, 24.11667],
			"rotation": {"angle": 0, "axis": "x", "origin": [8, -3.25667, 8.10832]},
			"faces": {
				"north": {"uv": [0, 0, 0.1, 16], "rotation": 180, "tintindex": 0,"texture": "#0"},
				"east": {"uv": [0, 0, 16, 16], "rotation": 180, "tintindex": 0,"texture": "#0"},
				"south": {"uv": [0, 0, 0.1, 16], "rotation": 180, "tintindex": 0,"texture": "#0"},
				"west": {"uv": [0, 0, 16, 16], "rotation": 180, "tintindex": 0,"texture": "#0"},
				"up": {"uv": [0, 0, 16, 0.1], "rotation": 90, "tintindex": 0,"texture": "#0"},
				"down": {"uv": [0, 0, 16, 0.1], "rotation": 270, "tintindex": 0,"texture": "#0"}
			}
		},
		{
			"from": [-8, 5.8, -8],
			"to": [24, 22.44, -7.8],
			"rotation": {"angle": 0, "axis": "y", "origin": [8, 14.12, 8.1]},
			"faces": {
				"north": {"uv": [0, 0, 16, 16], "tintindex": 0,"texture": "#0"},
				"east": {"uv": [0, 0, 0.1, 16], "tintindex": 0,"texture": "#0"},
				"south": {"uv": [0, 0, 16, 16], "tintindex": 0,"texture": "#0"},
				"west": {"uv": [0, 0, 0.1, 16], "tintindex": 0,"texture": "#0"},
				"up": {"uv": [0, 0, 16, 0.1], "rotation": 180, "tintindex": 0,"texture": "#0"},
				"down": {"uv": [0, 0, 16, 0.1], "rotation": 180, "tintindex": 0,"texture": "#0"}
			}
		},
		{
			"from": [-8, -10.88333, 24.01668],
			"to": [24, 5.75667, 24.21668],
			"rotation": {"angle": 0, "axis": "x", "origin": [8, -3.25667, 8.10832]},
			"faces": {
				"north": {"uv": [0, 0, 16, 16], "rotation": 180, "tintindex": 0,"texture": "#0"},
				"east": {"uv": [0, 0, 0.1, 16], "rotation": 180, "tintindex": 0,"texture": "#0"},
				"south": {"uv": [0, 0, 16, 16], "rotation": 180, "tintindex": 0,"texture": "#0"},
				"west": {"uv": [0, 0, 0.1, 16], "rotation": 180, "tintindex": 0,"texture": "#0"},
				"up": {"uv": [0, 0, 16, 0.1], "rotation": 180, "tintindex": 0,"texture": "#0"},
				"down": {"uv": [0, 0, 16, 0.1], "rotation": 180, "tintindex": 0,"texture": "#0"}
			}
		}
	],
	"display": {
		"ground": {
			"rotation": [-1, 0, 0]
		},
		"head": {
			"translation": [0, 8.75, 0],
			"scale": [4, 4, 4]
		}
	}
}