{
	"credit": "Made with Blockbench",
	"textures": {
		"0": "block/crimson_stem",
		"1": "block/black_concrete",
		"3": "block/tuff",
		"particle": "block/crimson_stem"
	},
	"elements": [
		{
			"from": [3, 0, -15],
			"to": [13, 5, -2],
			"rotation": {"angle": 0, "axis": "y", "origin": [8, 0.5, -14.5]},
			"faces": {
				"north": {"uv": [0, 0, 10, 5], "tintindex": 0,"texture": "#1"},
				"east": {"uv": [0, 0, 13, 5], "tintindex": 0,"texture": "#1"},
				"south": {"uv": [0, 0, 10, 5], "tintindex": 0,"texture": "#1"},
				"west": {"uv": [0, 0, 13, 5], "tintindex": 0,"texture": "#1"},
				"up": {"uv": [0, 0, 10, 13], "tintindex": 0,"texture": "#1"},
				"down": {"uv": [0, 0, 10, 13], "tintindex": 0,"texture": "#1"}
			}
		},
		{
			"from": [1, -2.25, -13],
			"to": [15, 4.75, 1],
			"rotation": {"angle": 0, "axis": "y", "origin": [9, 5.75, -5]},
			"faces": {
				"north": {"uv": [0, 0, 14, 7], "tintindex": 0,"texture": "#1"},
				"east": {"uv": [0, 0, 14, 7], "tintindex": 0,"texture": "#1"},
				"south": {"uv": [0, 0, 14, 7], "tintindex": 0,"texture": "#1"},
				"west": {"uv": [0, 0, 14, 7], "tintindex": 0,"texture": "#1"},
				"up": {"uv": [0, 0, 14, 14], "tintindex": 0,"texture": "#1"},
				"down": {"uv": [0, 0, 14, 14], "tintindex": 0,"texture": "#1"}
			}
		},
		{
			"from": [2, -2.25, 1],
			"to": [14, 4.75, 10],
			"rotation": {"angle": 0, "axis": "y", "origin": [10, 5.75, 9]},
			"faces": {
				"north": {"uv": [0, 0, 14, 7], "tintindex": 0,"texture": "#1"},
				"east": {"uv": [0, 0, 14, 7], "tintindex": 0,"texture": "#1"},
				"south": {"uv": [0, 0, 14, 7], "tintindex": 0,"texture": "#1"},
				"west": {"uv": [0, 0, 14, 7], "tintindex": 0,"texture": "#1"},
				"up": {"uv": [0, 0, 14, 14], "tintindex": 0,"texture": "#1"},
				"down": {"uv": [0, 0, 14, 14], "tintindex": 0,"texture": "#1"}
			}
		},
		{
			"from": [6, -4, -14],
			"to": [10, 1, -12],
			"rotation": {"angle": -45, "axis": "x", "origin": [7.5, -1.5, -13.5]},
			"faces": {
				"north": {"uv": [0, 0, 4, 5], "rotation": 180, "tintindex": 0,"texture": "#3"},
				"east": {"uv": [0, 0, 5, 2], "rotation": 270, "tintindex": 0,"texture": "#3"},
				"south": {"uv": [0, 0, 4, 5], "tintindex": 0,"texture": "#3"},
				"west": {"uv": [0, 0, 5, 2], "rotation": 90, "tintindex": 0,"texture": "#3"},
				"up": {"uv": [0, 0, 4, 2], "rotation": 180, "tintindex": 0,"texture": "#3"},
				"down": {"uv": [0, 0, 4, 2], "tintindex": 0,"texture": "#3"}
			}
		},
		{
			"from": [3, -4, -12],
			"to": [13, -2, 0],
			"rotation": {"angle": 0, "axis": "y", "origin": [3.5, -3.5, -11.5]},
			"faces": {
				"north": {"uv": [0, 0, 10, 2], "tintindex": 0,"texture": "#3"},
				"east": {"uv": [0, 0, 12, 2], "tintindex": 0,"texture": "#3"},
				"south": {"uv": [0, 0, 10, 2], "tintindex": 0,"texture": "#3"},
				"west": {"uv": [0, 0, 12, 2], "tintindex": 0,"texture": "#3"},
				"up": {"uv": [14, 0, 24, 12], "tintindex": 0,"texture": "#3"},
				"down": {"uv": [0, 0, 10, 12], "tintindex": 0,"texture": "#3"}
			}
		},
		{
			"from": [4, -4, 0],
			"to": [12, -2, 10],
			"rotation": {"angle": 0, "axis": "y", "origin": [4.5, -3.5, 0.5]},
			"faces": {
				"north": {"uv": [0, 0, 8, 2], "tintindex": 0,"texture": "#3"},
				"east": {"uv": [0, 0, 10, 2], "tintindex": 0,"texture": "#3"},
				"south": {"uv": [0, 0, 8, 2], "tintindex": 0,"texture": "#3"},
				"west": {"uv": [0, 0, 10, 2], "tintindex": 0,"texture": "#3"},
				"up": {"uv": [8, 0, 16, 10], "tintindex": 0,"texture": "#3"},
				"down": {"uv": [8, 0, 16, 10], "tintindex": 0,"texture": "#3"}
			}
		},
		{
			"from": [4.5, 5, -15],
			"to": [11.5, 7, 1],
			"rotation": {"angle": 0, "axis": "y", "origin": [5, 5.5, -14.5]},
			"faces": {
				"north": {"uv": [0, 0, 5, 2], "tintindex": 0,"texture": "#1"},
				"east": {"uv": [0, 0, 16, 2], "tintindex": 0,"texture": "#1"},
				"south": {"uv": [0, 0, 5, 2], "tintindex": 0,"texture": "#1"},
				"west": {"uv": [0, 0, 16, 2], "tintindex": 0,"texture": "#1"},
				"up": {"uv": [0, 0, 5, 16], "tintindex": 0,"texture": "#1"},
				"down": {"uv": [0, 0, 5, 16], "tintindex": 0,"texture": "#1"}
			}
		},
		{
			"from": [4.5, 5, 1],
			"to": [11.5, 7, 10],
			"rotation": {"angle": 0, "axis": "y", "origin": [5, 5.5, 1.5]},
			"faces": {
				"north": {"uv": [0, 0, 5, 2], "tintindex": 0,"texture": "#1"},
				"east": {"uv": [0, 0, 16, 2], "tintindex": 0,"texture": "#1"},
				"south": {"uv": [0, 0, 5, 2], "tintindex": 0,"texture": "#1"},
				"west": {"uv": [0, 0, 16, 2], "tintindex": 0,"texture": "#1"},
				"up": {"uv": [0, 0, 5, 16], "tintindex": 0,"texture": "#1"},
				"down": {"uv": [0, 0, 5, 16], "tintindex": 0,"texture": "#1"}
			}
		},
		{
			"from": [4, 5, -15],
			"to": [5, 6, 10],
			"rotation": {"angle": 0, "axis": "x", "origin": [4.5, 5.5, -14.5]},
			"faces": {
				"north": {"uv": [0, 0, 1, 1], "tintindex": 0,"texture": "#0"},
				"east": {"uv": [0, 0, 16, 1], "tintindex": 0,"texture": "#0"},
				"south": {"uv": [0, 0, 1, 1], "tintindex": 0,"texture": "#0"},
				"west": {"uv": [0, 0, 16, 1], "tintindex": 0,"texture": "#0"},
				"up": {"uv": [0, 0, 1, 16], "tintindex": 0,"texture": "#0"},
				"down": {"uv": [0, 0, 1, 16], "tintindex": 0,"texture": "#0"}
			}
		},
		{
			"from": [11, 5, -15],
			"to": [12, 6, 10],
			"rotation": {"angle": 0, "axis": "x", "origin": [11.5, 5.5, -14.5]},
			"faces": {
				"north": {"uv": [0, 0, 1, 1], "tintindex": 0,"texture": "#0"},
				"east": {"uv": [0, 0, 16, 1], "tintindex": 0,"texture": "#0"},
				"south": {"uv": [0, 0, 1, 1], "tintindex": 0,"texture": "#0"},
				"west": {"uv": [0, 0, 16, 1], "tintindex": 0,"texture": "#0"},
				"up": {"uv": [0, 0, 1, 16], "tintindex": 0,"texture": "#0"},
				"down": {"uv": [0, 0, 1, 16], "tintindex": 0,"texture": "#0"}
			}
		},
		{
			"from": [13.33416, 5, -15.26538],
			"to": [14.33416, 6, -3.26538],
			"rotation": {"angle": 22.5, "axis": "y", "origin": [13.83416, 5.5, -9.26538]},
			"faces": {
				"north": {"uv": [0, 0, 1, 1], "tintindex": 0,"texture": "#0"},
				"east": {"uv": [0, 0, 12, 1], "tintindex": 0,"texture": "#0"},
				"south": {"uv": [0, 0, 1, 1], "tintindex": 0,"texture": "#0"},
				"west": {"uv": [0, 0, 12, 1], "tintindex": 0,"texture": "#0"},
				"up": {"uv": [0, 0, 1, 12], "tintindex": 0,"texture": "#0"},
				"down": {"uv": [0, 0, 1, 12], "tintindex": 0,"texture": "#0"}
			}
		},
		{
			"from": [1.66584, 5, -15.26538],
			"to": [2.66584, 6, -3.26538],
			"rotation": {"angle": -22.5, "axis": "y", "origin": [2.16584, 5.5, -9.26538]},
			"faces": {
				"north": {"uv": [0, 0, 1, 1], "tintindex": 0,"texture": "#0"},
				"east": {"uv": [0, 0, 12, 1], "tintindex": 0,"texture": "#0"},
				"south": {"uv": [0, 0, 1, 1], "tintindex": 0,"texture": "#0"},
				"west": {"uv": [0, 0, 12, 1], "tintindex": 0,"texture": "#0"},
				"up": {"uv": [0, 0, 1, 12], "tintindex": 0,"texture": "#0"},
				"down": {"uv": [0, 0, 1, 12], "tintindex": 0,"texture": "#0"}
			}
		},
		{
			"from": [7.5, 6, 1],
			"to": [9.5, 8, 10],
			"rotation": {"angle": 45, "axis": "z", "origin": [8.5, 7, 3.5]},
			"faces": {
				"north": {"uv": [0, 0, 2, 2], "tintindex": 0,"texture": "#0"},
				"east": {"uv": [0, 0, 16, 2], "tintindex": 0,"texture": "#0"},
				"south": {"uv": [0, 0, 2, 2], "tintindex": 0,"texture": "#0"},
				"west": {"uv": [0, 0, 16, 2], "tintindex": 0,"texture": "#0"},
				"up": {"uv": [0, 0, 2, 16], "tintindex": 0,"texture": "#0"},
				"down": {"uv": [0, 0, 2, 16], "tintindex": 0,"texture": "#0"}
			}
		},
		{
			"from": [7, 6, -14],
			"to": [9, 8, 2],
			"rotation": {"angle": 45, "axis": "z", "origin": [8, 7, -6]},
			"faces": {
				"north": {"uv": [0, 0, 2, 2], "tintindex": 0,"texture": "#0"},
				"east": {"uv": [0, 0, 16, 2], "tintindex": 0,"texture": "#0"},
				"south": {"uv": [0, 0, 2, 2], "tintindex": 0,"texture": "#0"},
				"west": {"uv": [0, 0, 16, 2], "tintindex": 0,"texture": "#0"},
				"up": {"uv": [0, 0, 2, 16], "tintindex": 0,"texture": "#0"},
				"down": {"uv": [0, 0, 2, 16], "tintindex": 0,"texture": "#0"}
			}
		},
		{
			"from": [5, 5, -13],
			"to": [7, 9, -11],
			"rotation": {"angle": 45, "axis": "x", "origin": [6, 7, -12]},
			"faces": {
				"north": {"uv": [0, 0, 2, 4], "tintindex": 0,"texture": "#0"},
				"east": {"uv": [0, 0, 2, 4], "tintindex": 0,"texture": "#0"},
				"south": {"uv": [0, 0, 2, 4], "tintindex": 0,"texture": "#0"},
				"west": {"uv": [0, 0, 2, 4], "tintindex": 0,"texture": "#0"},
				"up": {"uv": [0, 0, 2, 2], "tintindex": 0,"texture": "#0"},
				"down": {"uv": [0, 0, 2, 2], "tintindex": 0,"texture": "#0"}
			}
		},
		{
			"from": [5, 5, -9],
			"to": [7, 9, -7],
			"rotation": {"angle": 45, "axis": "x", "origin": [6, 7, -8]},
			"faces": {
				"north": {"uv": [0, 0, 2, 4], "tintindex": 0,"texture": "#0"},
				"east": {"uv": [0, 0, 2, 4], "tintindex": 0,"texture": "#0"},
				"south": {"uv": [0, 0, 2, 4], "tintindex": 0,"texture": "#0"},
				"west": {"uv": [0, 0, 2, 4], "tintindex": 0,"texture": "#0"},
				"up": {"uv": [0, 0, 2, 2], "tintindex": 0,"texture": "#0"},
				"down": {"uv": [0, 0, 2, 2], "tintindex": 0,"texture": "#0"}
			}
		},
		{
			"from": [5, 5, -5],
			"to": [7, 9, -3],
			"rotation": {"angle": 45, "axis": "x", "origin": [6, 7, -4]},
			"faces": {
				"north": {"uv": [0, 0, 2, 4], "tintindex": 0,"texture": "#0"},
				"east": {"uv": [0, 0, 2, 4], "tintindex": 0,"texture": "#0"},
				"south": {"uv": [0, 0, 2, 4], "tintindex": 0,"texture": "#0"},
				"west": {"uv": [0, 0, 2, 4], "tintindex": 0,"texture": "#0"},
				"up": {"uv": [0, 0, 2, 2], "tintindex": 0,"texture": "#0"},
				"down": {"uv": [0, 0, 2, 2], "tintindex": 0,"texture": "#0"}
			}
		},
		{
			"from": [5, 5, -1.5],
			"to": [7, 9, 0.5],
			"rotation": {"angle": 45, "axis": "x", "origin": [6, 7, -0.5]},
			"faces": {
				"north": {"uv": [0, 0, 2, 4], "tintindex": 0,"texture": "#0"},
				"east": {"uv": [0, 0, 2, 4], "tintindex": 0,"texture": "#0"},
				"south": {"uv": [0, 0, 2, 4], "tintindex": 0,"texture": "#0"},
				"west": {"uv": [0, 0, 2, 4], "tintindex": 0,"texture": "#0"},
				"up": {"uv": [0, 0, 2, 2], "tintindex": 0,"texture": "#0"},
				"down": {"uv": [0, 0, 2, 2], "tintindex": 0,"texture": "#0"}
			}
		},
		{
			"from": [5, 5, 5.5],
			"to": [7, 9, 7.5],
			"rotation": {"angle": 45, "axis": "x", "origin": [6, 7, 6.5]},
			"faces": {
				"north": {"uv": [0, 0, 2, 4], "tintindex": 0,"texture": "#0"},
				"east": {"uv": [0, 0, 2, 4], "tintindex": 0,"texture": "#0"},
				"south": {"uv": [0, 0, 2, 4], "tintindex": 0,"texture": "#0"},
				"west": {"uv": [0, 0, 2, 4], "tintindex": 0,"texture": "#0"},
				"up": {"uv": [0, 0, 2, 2], "tintindex": 0,"texture": "#0"},
				"down": {"uv": [0, 0, 2, 2], "tintindex": 0,"texture": "#0"}
			}
		},
		{
			"from": [5, 5, 2],
			"to": [7, 9, 4],
			"rotation": {"angle": 45, "axis": "x", "origin": [6, 7, 3]},
			"faces": {
				"north": {"uv": [0, 0, 2, 4], "tintindex": 0,"texture": "#0"},
				"east": {"uv": [0, 0, 2, 4], "tintindex": 0,"texture": "#0"},
				"south": {"uv": [0, 0, 2, 4], "tintindex": 0,"texture": "#0"},
				"west": {"uv": [0, 0, 2, 4], "tintindex": 0,"texture": "#0"},
				"up": {"uv": [0, 0, 2, 2], "tintindex": 0,"texture": "#0"},
				"down": {"uv": [0, 0, 2, 2], "tintindex": 0,"texture": "#0"}
			}
		},
		{
			"from": [9.25, 5, -13],
			"to": [11.25, 9, -11],
			"rotation": {"angle": 45, "axis": "x", "origin": [10.25, 7, -12]},
			"faces": {
				"north": {"uv": [0, 0, 2, 4], "tintindex": 0,"texture": "#0"},
				"east": {"uv": [0, 0, 2, 4], "tintindex": 0,"texture": "#0"},
				"south": {"uv": [0, 0, 2, 4], "tintindex": 0,"texture": "#0"},
				"west": {"uv": [0, 0, 2, 4], "tintindex": 0,"texture": "#0"},
				"up": {"uv": [0, 0, 2, 2], "tintindex": 0,"texture": "#0"},
				"down": {"uv": [0, 0, 2, 2], "tintindex": 0,"texture": "#0"}
			}
		},
		{
			"from": [9.25, 5, -9],
			"to": [11.25, 9, -7],
			"rotation": {"angle": 45, "axis": "x", "origin": [10.25, 7, -8]},
			"faces": {
				"north": {"uv": [0, 0, 2, 4], "tintindex": 0,"texture": "#0"},
				"east": {"uv": [0, 0, 2, 4], "tintindex": 0,"texture": "#0"},
				"south": {"uv": [0, 0, 2, 4], "tintindex": 0,"texture": "#0"},
				"west": {"uv": [0, 0, 2, 4], "tintindex": 0,"texture": "#0"},
				"up": {"uv": [0, 0, 2, 2], "tintindex": 0,"texture": "#0"},
				"down": {"uv": [0, 0, 2, 2], "tintindex": 0,"texture": "#0"}
			}
		},
		{
			"from": [9.25, 5, -5],
			"to": [11.25, 9, -3],
			"rotation": {"angle": 45, "axis": "x", "origin": [10.25, 7, -4]},
			"faces": {
				"north": {"uv": [0, 0, 2, 4], "tintindex": 0,"texture": "#0"},
				"east": {"uv": [0, 0, 2, 4], "tintindex": 0,"texture": "#0"},
				"south": {"uv": [0, 0, 2, 4], "tintindex": 0,"texture": "#0"},
				"west": {"uv": [0, 0, 2, 4], "tintindex": 0,"texture": "#0"},
				"up": {"uv": [0, 0, 2, 2], "tintindex": 0,"texture": "#0"},
				"down": {"uv": [0, 0, 2, 2], "tintindex": 0,"texture": "#0"}
			}
		},
		{
			"from": [9.25, 5, -1.5],
			"to": [11.25, 9, 0.5],
			"rotation": {"angle": 45, "axis": "x", "origin": [10.25, 7, -0.5]},
			"faces": {
				"north": {"uv": [0, 0, 2, 4], "tintindex": 0,"texture": "#0"},
				"east": {"uv": [0, 0, 2, 4], "tintindex": 0,"texture": "#0"},
				"south": {"uv": [0, 0, 2, 4], "tintindex": 0,"texture": "#0"},
				"west": {"uv": [0, 0, 2, 4], "tintindex": 0,"texture": "#0"},
				"up": {"uv": [0, 0, 2, 2], "tintindex": 0,"texture": "#0"},
				"down": {"uv": [0, 0, 2, 2], "tintindex": 0,"texture": "#0"}
			}
		},
		{
			"from": [9.25, 5, 5.5],
			"to": [11.25, 9, 7.5],
			"rotation": {"angle": 45, "axis": "x", "origin": [10.25, 7, 6.5]},
			"faces": {
				"north": {"uv": [0, 0, 2, 4], "tintindex": 0,"texture": "#0"},
				"east": {"uv": [0, 0, 2, 4], "tintindex": 0,"texture": "#0"},
				"south": {"uv": [0, 0, 2, 4], "tintindex": 0,"texture": "#0"},
				"west": {"uv": [0, 0, 2, 4], "tintindex": 0,"texture": "#0"},
				"up": {"uv": [0, 0, 2, 2], "tintindex": 0,"texture": "#0"},
				"down": {"uv": [0, 0, 2, 2], "tintindex": 0,"texture": "#0"}
			}
		},
		{
			"from": [9.25, 5, 2],
			"to": [11.25, 9, 4],
			"rotation": {"angle": 45, "axis": "x", "origin": [10.25, 7, 3]},
			"faces": {
				"north": {"uv": [0, 0, 2, 4], "tintindex": 0,"texture": "#0"},
				"east": {"uv": [0, 0, 2, 4], "tintindex": 0,"texture": "#0"},
				"south": {"uv": [0, 0, 2, 4], "tintindex": 0,"texture": "#0"},
				"west": {"uv": [0, 0, 2, 4], "tintindex": 0,"texture": "#0"},
				"up": {"uv": [0, 0, 2, 2], "tintindex": 0,"texture": "#0"},
				"down": {"uv": [0, 0, 2, 2], "tintindex": 0,"texture": "#0"}
			}
		},
		{
			"from": [-1, -1.25, -14],
			"to": [17, 5.75, -6],
			"rotation": {"angle": 0, "axis": "y", "origin": [7, 0.75, -12]},
			"faces": {
				"north": {"uv": [0, 0, 16, 7], "tintindex": 0,"texture": "#1"},
				"east": {"uv": [0, 0, 8, 7], "tintindex": 0,"texture": "#1"},
				"south": {"uv": [0, 0, 16, 7], "tintindex": 0,"texture": "#1"},
				"west": {"uv": [0, 0, 8, 7], "tintindex": 0,"texture": "#1"},
				"up": {"uv": [0, 0, 16, 8], "tintindex": 0,"texture": "#1"},
				"down": {"uv": [0, 0, 16, 8], "tintindex": 0,"texture": "#1"}
			}
		}
	],
	"display": {
		"head": {
			"translation": [0, 28.5, 24.75],
			"scale": [4, 4, 4]
		}
	}
}