{
	"credit": "Made with Blockbench",
	"textures": {
		"0": "block/crimson_stem",
		"1": "block/black_concrete_powder",
		"2": "block/campfire_fire",
		"particle": "block/crimson_stem"
	},
	"elements": [
		{
			"from": [7, 1.93222, -2.83671],
			"to": [9, 3.93222, 4.16329],
			"rotation": {"angle": 0, "axis": "x", "origin": [8, 2.55566, 1.41127]},
			"faces": {
				"north": {"uv": [0, 0, 2, 2], "tintindex": 0,"texture": "#0"},
				"east": {"uv": [0, 0, 7, 2], "tintindex": 0,"texture": "#0"},
				"south": {"uv": [0, 0, 2, 2], "tintindex": 0,"texture": "#0"},
				"west": {"uv": [0, 0, 7, 2], "tintindex": 0,"texture": "#0"},
				"up": {"uv": [0, 0, 2, 7], "tintindex": 0,"texture": "#0"},
				"down": {"uv": [0, 0, 2, 7], "tintindex": 0,"texture": "#0"}
			}
		},
		{
			"from": [7, 2.83834, 3.83834],
			"to": [9, 9.83834, 5.83834],
			"rotation": {"angle": 22.5, "axis": "x", "origin": [8, 7.33834, 4.83834]},
			"faces": {
				"north": {"uv": [0, 0, 2, 7], "rotation": 180, "tintindex": 0,"texture": "#0"},
				"east": {"uv": [0, 0, 7, 2], "rotation": 90, "tintindex": 0,"texture": "#0"},
				"south": {"uv": [0, 0, 2, 7], "tintindex": 0,"texture": "#0"},
				"west": {"uv": [0, 0, 7, 2], "rotation": 270, "tintindex": 0,"texture": "#0"},
				"up": {"uv": [0, 0, 2, 2], "tintindex": 0,"texture": "#0"},
				"down": {"uv": [0, 0, 2, 2], "rotation": 180, "tintindex": 0,"texture": "#0"}
			}
		},
		{
			"from": [5, 2.34595, 2.57477],
			"to": [11, 4.34595, 7.57477],
			"rotation": {"angle": 0, "axis": "y", "origin": [7, 3.34595, 4.57477]},
			"faces": {
				"north": {"uv": [0, 0, 6, 2], "tintindex": 0,"texture": "#1"},
				"east": {"uv": [0, 0, 5, 2], "tintindex": 0,"texture": "#1"},
				"south": {"uv": [0, 0, 6, 2], "tintindex": 0,"texture": "#1"},
				"west": {"uv": [0, 0, 5, 2], "tintindex": 0,"texture": "#1"},
				"up": {"uv": [0, 0, 6, 5], "tintindex": 0,"texture": "#1"},
				"down": {"uv": [0, 0, 6, 5], "tintindex": 0,"texture": "#1"}
			}
		},
		{
			"from": [5.5, 1.1791, -2.84075],
			"to": [10.5, 3.1791, 3.15925],
			"rotation": {"angle": 0, "axis": "x", "origin": [8.5, 2.55566, 1.41127]},
			"faces": {
				"north": {"uv": [0, 0, 5, 2], "tintindex": 0,"texture": "#1"},
				"east": {"uv": [0, 0, 6, 2], "tintindex": 0,"texture": "#1"},
				"south": {"uv": [0, 0, 5, 2], "tintindex": 0,"texture": "#1"},
				"west": {"uv": [0, 0, 6, 2], "tintindex": 0,"texture": "#1"},
				"up": {"uv": [0, 0, 5, 6], "tintindex": 0,"texture": "#1"},
				"down": {"uv": [0, 0, 5, 6], "tintindex": 0,"texture": "#1"}
			}
		},
		{
			"from": [6, 4.4, 4],
			"to": [7, 5.4, 5],
			"rotation": {"angle": 45, "axis": "y", "origin": [6.5, 4.9, 4.5]},
			"faces": {
				"north": {"uv": [7, 4, 8, 5], "tintindex": 0,"texture": "#2"},
				"east": {"uv": [7, 4, 8, 5], "tintindex": 0,"texture": "#2"},
				"south": {"uv": [7, 4, 8, 5], "tintindex": 0,"texture": "#2"},
				"west": {"uv": [7, 4, 8, 5], "tintindex": 0,"texture": "#2"},
				"up": {"uv": [7, 4, 8, 5], "tintindex": 0,"texture": "#2"},
				"down": {"uv": [7, 4, 8, 5], "tintindex": 0,"texture": "#2"}
			}
		},
		{
			"from": [9, 4.4, 4],
			"to": [10, 5.4, 5],
			"rotation": {"angle": 45, "axis": "y", "origin": [9.5, 4.9, 4.5]},
			"faces": {
				"north": {"uv": [7, 4, 8, 5], "tintindex": 0,"texture": "#2"},
				"east": {"uv": [7, 4, 8, 5], "tintindex": 0,"texture": "#2"},
				"south": {"uv": [7, 4, 8, 5], "tintindex": 0,"texture": "#2"},
				"west": {"uv": [7, 4, 8, 5], "tintindex": 0,"texture": "#2"},
				"up": {"uv": [7, 4, 8, 5], "tintindex": 0,"texture": "#2"},
				"down": {"uv": [7, 4, 8, 5], "tintindex": 0,"texture": "#2"}
			}
		},
		{
			"from": [3.81389, 3.09595, 2.53775],
			"to": [4.81389, 4.09595, 8.53775],
			"rotation": {"angle": -22.5, "axis": "y", "origin": [4.31389, 3.59595, 5.53775]},
			"faces": {
				"north": {"uv": [0, 0, 1, 1], "rotation": 270, "tintindex": 0,"texture": "#0"},
				"east": {"uv": [0, 0, 1, 6], "rotation": 270, "tintindex": 0,"texture": "#0"},
				"south": {"uv": [0, 0, 1, 1], "rotation": 270, "tintindex": 0,"texture": "#0"},
				"west": {"uv": [0, 0, 1, 6], "rotation": 90, "tintindex": 0,"texture": "#0"},
				"up": {"uv": [12, 7, 13, 13], "rotation": 180, "tintindex": 0,"texture": "#0"},
				"down": {"uv": [12, 7, 13, 13], "tintindex": 0,"texture": "#0"}
			}
		},
		{
			"from": [3.81389, 2.09595, 4.53775],
			"to": [4.81389, 3.09595, 10.53775],
			"rotation": {"angle": -22.5, "axis": "y", "origin": [4.31389, 2.59595, 7.53775]},
			"faces": {
				"north": {"uv": [0, 0, 1, 1], "rotation": 270, "tintindex": 0,"texture": "#0"},
				"east": {"uv": [0, 0, 1, 6], "rotation": 270, "tintindex": 0,"texture": "#0"},
				"south": {"uv": [0, 0, 1, 1], "rotation": 270, "tintindex": 0,"texture": "#0"},
				"west": {"uv": [0, 0, 1, 6], "rotation": 90, "tintindex": 0,"texture": "#0"},
				"up": {"uv": [12, 7, 13, 13], "rotation": 180, "tintindex": 0,"texture": "#0"},
				"down": {"uv": [12, 7, 13, 13], "tintindex": 0,"texture": "#0"}
			}
		},
		{
			"from": [3.81389, 1.09595, 5.53775],
			"to": [4.81389, 2.09595, 11.53775],
			"rotation": {"angle": -22.5, "axis": "y", "origin": [4.31389, 1.59595, 8.53775]},
			"faces": {
				"north": {"uv": [0, 0, 1, 1], "rotation": 270, "tintindex": 0,"texture": "#0"},
				"east": {"uv": [0, 0, 1, 6], "rotation": 270, "tintindex": 0,"texture": "#0"},
				"south": {"uv": [0, 0, 1, 1], "rotation": 270, "tintindex": 0,"texture": "#0"},
				"west": {"uv": [0, 0, 1, 6], "rotation": 90, "tintindex": 0,"texture": "#0"},
				"up": {"uv": [12, 7, 13, 13], "rotation": 180, "tintindex": 0,"texture": "#0"},
				"down": {"uv": [12, 7, 13, 13], "tintindex": 0,"texture": "#0"}
			}
		},
		{
			"from": [3.81389, 4.09595, 4.53775],
			"to": [4.81389, 5.09595, 10.53775],
			"rotation": {"angle": -22.5, "axis": "y", "origin": [4.31389, 4.59595, 7.53775]},
			"faces": {
				"north": {"uv": [0, 0, 1, 1], "rotation": 270, "tintindex": 0,"texture": "#0"},
				"east": {"uv": [0, 0, 1, 6], "rotation": 270, "tintindex": 0,"texture": "#0"},
				"south": {"uv": [0, 0, 1, 1], "rotation": 270, "tintindex": 0,"texture": "#0"},
				"west": {"uv": [0, 0, 1, 6], "rotation": 90, "tintindex": 0,"texture": "#0"},
				"up": {"uv": [12, 7, 13, 13], "rotation": 180, "tintindex": 0,"texture": "#0"},
				"down": {"uv": [12, 7, 13, 13], "tintindex": 0,"texture": "#0"}
			}
		},
		{
			"from": [3.81389, 5.09595, 5.53775],
			"to": [4.81389, 6.09595, 11.53775],
			"rotation": {"angle": -22.5, "axis": "y", "origin": [4.31389, 5.59595, 8.53775]},
			"faces": {
				"north": {"uv": [0, 0, 1, 1], "rotation": 270, "tintindex": 0,"texture": "#0"},
				"east": {"uv": [0, 0, 1, 6], "rotation": 270, "tintindex": 0,"texture": "#0"},
				"south": {"uv": [0, 0, 1, 1], "rotation": 270, "tintindex": 0,"texture": "#0"},
				"west": {"uv": [0, 0, 1, 6], "rotation": 90, "tintindex": 0,"texture": "#0"},
				"up": {"uv": [12, 7, 13, 13], "rotation": 180, "tintindex": 0,"texture": "#0"},
				"down": {"uv": [12, 7, 13, 13], "tintindex": 0,"texture": "#0"}
			}
		},
		{
			"from": [4.81389, 6.09595, 6.53775],
			"to": [5.81389, 7.09595, 12.53775],
			"rotation": {"angle": -22.5, "axis": "x", "origin": [5.31389, 6.59595, 9.53775]},
			"faces": {
				"north": {"uv": [0, 0, 1, 1], "rotation": 270, "tintindex": 0,"texture": "#0"},
				"east": {"uv": [0, 0, 1, 6], "rotation": 270, "tintindex": 0,"texture": "#0"},
				"south": {"uv": [0, 0, 1, 1], "rotation": 270, "tintindex": 0,"texture": "#0"},
				"west": {"uv": [0, 0, 1, 6], "rotation": 90, "tintindex": 0,"texture": "#0"},
				"up": {"uv": [12, 7, 13, 13], "rotation": 180, "tintindex": 0,"texture": "#0"},
				"down": {"uv": [12, 7, 13, 13], "tintindex": 0,"texture": "#0"}
			}
		},
		{
			"from": [4.81389, 0.09595, 4.53775],
			"to": [5.81389, 1.09595, 10.53775],
			"rotation": {"angle": 22.5, "axis": "x", "origin": [8, 0.59595, 7.53775]},
			"faces": {
				"north": {"uv": [0, 0, 1, 1], "rotation": 270, "tintindex": 0,"texture": "#0"},
				"east": {"uv": [0, 0, 1, 6], "rotation": 270, "tintindex": 0,"texture": "#0"},
				"south": {"uv": [0, 0, 1, 1], "rotation": 270, "tintindex": 0,"texture": "#0"},
				"west": {"uv": [0, 0, 1, 6], "rotation": 90, "tintindex": 0,"texture": "#0"},
				"up": {"uv": [12, 7, 13, 13], "rotation": 180, "tintindex": 0,"texture": "#0"},
				"down": {"uv": [12, 7, 13, 13], "tintindex": 0,"texture": "#0"}
			}
		},
		{
			"from": [5.81389, 6.09595, 4.53775],
			"to": [6.81389, 7.09595, 10.53775],
			"rotation": {"angle": -22.5, "axis": "x", "origin": [6.31389, 6.59595, 7.53775]},
			"faces": {
				"north": {"uv": [0, 0, 1, 1], "rotation": 270, "tintindex": 0,"texture": "#0"},
				"east": {"uv": [0, 0, 1, 6], "rotation": 270, "tintindex": 0,"texture": "#0"},
				"south": {"uv": [0, 0, 1, 1], "rotation": 270, "tintindex": 0,"texture": "#0"},
				"west": {"uv": [0, 0, 1, 6], "rotation": 90, "tintindex": 0,"texture": "#0"},
				"up": {"uv": [12, 7, 13, 13], "rotation": 180, "tintindex": 0,"texture": "#0"},
				"down": {"uv": [12, 7, 13, 13], "tintindex": 0,"texture": "#0"}
			}
		},
		{
			"from": [9.11389, 6.09595, 4.53775],
			"to": [10.11389, 7.09595, 10.53775],
			"rotation": {"angle": -22.5, "axis": "x", "origin": [9.61389, 6.59595, 7.53775]},
			"faces": {
				"north": {"uv": [0, 0, 1, 1], "rotation": 270, "tintindex": 0,"texture": "#0"},
				"east": {"uv": [0, 0, 1, 6], "rotation": 270, "tintindex": 0,"texture": "#0"},
				"south": {"uv": [0, 0, 1, 1], "rotation": 270, "tintindex": 0,"texture": "#0"},
				"west": {"uv": [0, 0, 1, 6], "rotation": 90, "tintindex": 0,"texture": "#0"},
				"up": {"uv": [12, 7, 13, 13], "rotation": 180, "tintindex": 0,"texture": "#0"},
				"down": {"uv": [12, 7, 13, 13], "tintindex": 0,"texture": "#0"}
			}
		},
		{
			"from": [11.18611, 3.09595, 2.53775],
			"to": [12.18611, 4.09595, 8.53775],
			"rotation": {"angle": 22.5, "axis": "y", "origin": [11.68611, 3.59595, 5.53775]},
			"faces": {
				"north": {"uv": [0, 0, 1, 1], "rotation": 270, "tintindex": 0,"texture": "#0"},
				"east": {"uv": [0, 0, 1, 6], "rotation": 270, "tintindex": 0,"texture": "#0"},
				"south": {"uv": [0, 0, 1, 1], "rotation": 270, "tintindex": 0,"texture": "#0"},
				"west": {"uv": [0, 0, 1, 6], "rotation": 90, "tintindex": 0,"texture": "#0"},
				"up": {"uv": [12, 7, 13, 13], "rotation": 180, "tintindex": 0,"texture": "#0"},
				"down": {"uv": [12, 7, 13, 13], "tintindex": 0,"texture": "#0"}
			}
		},
		{
			"from": [11.18611, 2.09595, 4.53775],
			"to": [12.18611, 3.09595, 10.53775],
			"rotation": {"angle": 22.5, "axis": "y", "origin": [11.68611, 2.59595, 7.53775]},
			"faces": {
				"north": {"uv": [0, 0, 1, 1], "rotation": 270, "tintindex": 0,"texture": "#0"},
				"east": {"uv": [0, 0, 1, 6], "rotation": 270, "tintindex": 0,"texture": "#0"},
				"south": {"uv": [0, 0, 1, 1], "rotation": 270, "tintindex": 0,"texture": "#0"},
				"west": {"uv": [0, 0, 1, 6], "rotation": 90, "tintindex": 0,"texture": "#0"},
				"up": {"uv": [12, 7, 13, 13], "rotation": 180, "tintindex": 0,"texture": "#0"},
				"down": {"uv": [12, 7, 13, 13], "tintindex": 0,"texture": "#0"}
			}
		},
		{
			"from": [11.18611, 1.09595, 5.53775],
			"to": [12.18611, 2.09595, 11.53775],
			"rotation": {"angle": 22.5, "axis": "y", "origin": [11.68611, 1.59595, 8.53775]},
			"faces": {
				"north": {"uv": [0, 0, 1, 1], "rotation": 270, "tintindex": 0,"texture": "#0"},
				"east": {"uv": [0, 0, 1, 6], "rotation": 270, "tintindex": 0,"texture": "#0"},
				"south": {"uv": [0, 0, 1, 1], "rotation": 270, "tintindex": 0,"texture": "#0"},
				"west": {"uv": [0, 0, 1, 6], "rotation": 90, "tintindex": 0,"texture": "#0"},
				"up": {"uv": [12, 7, 13, 13], "rotation": 180, "tintindex": 0,"texture": "#0"},
				"down": {"uv": [12, 7, 13, 13], "tintindex": 0,"texture": "#0"}
			}
		},
		{
			"from": [11.18611, 4.09595, 4.53775],
			"to": [12.18611, 5.09595, 10.53775],
			"rotation": {"angle": 22.5, "axis": "y", "origin": [11.68611, 4.59595, 7.53775]},
			"faces": {
				"north": {"uv": [0, 0, 1, 1], "rotation": 270, "tintindex": 0,"texture": "#0"},
				"east": {"uv": [0, 0, 1, 6], "rotation": 270, "tintindex": 0,"texture": "#0"},
				"south": {"uv": [0, 0, 1, 1], "rotation": 270, "tintindex": 0,"texture": "#0"},
				"west": {"uv": [0, 0, 1, 6], "rotation": 90, "tintindex": 0,"texture": "#0"},
				"up": {"uv": [12, 7, 13, 13], "rotation": 180, "tintindex": 0,"texture": "#0"},
				"down": {"uv": [12, 7, 13, 13], "tintindex": 0,"texture": "#0"}
			}
		},
		{
			"from": [11.18611, 5.09595, 5.53775],
			"to": [12.18611, 6.09595, 11.53775],
			"rotation": {"angle": 22.5, "axis": "y", "origin": [11.68611, 5.59595, 8.53775]},
			"faces": {
				"north": {"uv": [0, 0, 1, 1], "rotation": 270, "tintindex": 0,"texture": "#0"},
				"east": {"uv": [0, 0, 1, 6], "rotation": 270, "tintindex": 0,"texture": "#0"},
				"south": {"uv": [0, 0, 1, 1], "rotation": 270, "tintindex": 0,"texture": "#0"},
				"west": {"uv": [0, 0, 1, 6], "rotation": 90, "tintindex": 0,"texture": "#0"},
				"up": {"uv": [12, 7, 13, 13], "rotation": 180, "tintindex": 0,"texture": "#0"},
				"down": {"uv": [12, 7, 13, 13], "tintindex": 0,"texture": "#0"}
			}
		},
		{
			"from": [10.18611, 6.09595, 6.53775],
			"to": [11.18611, 7.09595, 12.53775],
			"rotation": {"angle": -22.5, "axis": "x", "origin": [10.68611, 6.59595, 9.53775]},
			"faces": {
				"north": {"uv": [0, 0, 1, 1], "rotation": 270, "tintindex": 0,"texture": "#0"},
				"east": {"uv": [0, 0, 1, 6], "rotation": 270, "tintindex": 0,"texture": "#0"},
				"south": {"uv": [0, 0, 1, 1], "rotation": 270, "tintindex": 0,"texture": "#0"},
				"west": {"uv": [0, 0, 1, 6], "rotation": 90, "tintindex": 0,"texture": "#0"},
				"up": {"uv": [12, 7, 13, 13], "rotation": 180, "tintindex": 0,"texture": "#0"},
				"down": {"uv": [12, 7, 13, 13], "tintindex": 0,"texture": "#0"}
			}
		},
		{
			"from": [10.18611, 0.09595, 4.53775],
			"to": [11.18611, 1.09595, 10.53775],
			"rotation": {"angle": 22.5, "axis": "x", "origin": [8, 0.59595, 7.53775]},
			"faces": {
				"north": {"uv": [0, 0, 1, 1], "rotation": 270, "tintindex": 0,"texture": "#0"},
				"east": {"uv": [0, 0, 1, 6], "rotation": 270, "tintindex": 0,"texture": "#0"},
				"south": {"uv": [0, 0, 1, 1], "rotation": 270, "tintindex": 0,"texture": "#0"},
				"west": {"uv": [0, 0, 1, 6], "rotation": 90, "tintindex": 0,"texture": "#0"},
				"up": {"uv": [12, 7, 13, 13], "rotation": 180, "tintindex": 0,"texture": "#0"},
				"down": {"uv": [12, 7, 13, 13], "tintindex": 0,"texture": "#0"}
			}
		},
		{
			"from": [5.5, 3, 5],
			"to": [10.5, 7, 9],
			"rotation": {"angle": 0, "axis": "y", "origin": [6, 3.5, 5.5]},
			"faces": {
				"north": {"uv": [0, 0, 5, 4], "tintindex": 0,"texture": "#1"},
				"east": {"uv": [0, 0, 4, 4], "tintindex": 0,"texture": "#1"},
				"south": {"uv": [0, 0, 5, 4], "tintindex": 0,"texture": "#1"},
				"west": {"uv": [0, 0, 4, 4], "tintindex": 0,"texture": "#1"},
				"up": {"uv": [0, 0, 5, 4], "tintindex": 0,"texture": "#1"},
				"down": {"uv": [0, 0, 5, 4], "tintindex": 0,"texture": "#1"}
			}
		},
		{
			"from": [6, 2.8, 2],
			"to": [10, 3.8, 3],
			"rotation": {"angle": 0, "axis": "y", "origin": [6.5, 3.3, 2.5]},
			"faces": {
				"north": {"uv": [0, 0, 4, 1], "tintindex": 0,"texture": "#1"},
				"east": {"uv": [0, 0, 1, 1], "tintindex": 0,"texture": "#1"},
				"south": {"uv": [0, 0, 4, 1], "tintindex": 0,"texture": "#1"},
				"west": {"uv": [0, 0, 1, 1], "tintindex": 0,"texture": "#1"},
				"up": {"uv": [0, 0, 4, 1], "tintindex": 0,"texture": "#1"},
				"down": {"uv": [0, 0, 4, 1], "tintindex": 0,"texture": "#1"}
			}
		},
		{
			"from": [6, 0, 3],
			"to": [10, 4, 12],
			"rotation": {"angle": 0, "axis": "y", "origin": [8, 2, 6.5]},
			"faces": {
				"north": {"uv": [0, 0, 4, 4], "tintindex": 0,"texture": "#1"},
				"east": {"uv": [0, 0, 9, 4], "tintindex": 0,"texture": "#1"},
				"south": {"uv": [0, 0, 4, 4], "tintindex": 0,"texture": "#1"},
				"west": {"uv": [0, 0, 9, 4], "tintindex": 0,"texture": "#1"},
				"up": {"uv": [0, 0, 4, 9], "tintindex": 0,"texture": "#1"},
				"down": {"uv": [0, 0, 4, 9], "tintindex": 0,"texture": "#1"}
			}
		},
		{
			"from": [7, 3, 9],
			"to": [9, 5, 11],
			"rotation": {"angle": 0, "axis": "y", "origin": [7.5, 3.5, 9.5]},
			"faces": {
				"north": {"uv": [0, 0, 2, 2], "tintindex": 0,"texture": "#1"},
				"east": {"uv": [0, 0, 2, 2], "tintindex": 0,"texture": "#1"},
				"south": {"uv": [0, 0, 2, 2], "tintindex": 0,"texture": "#1"},
				"west": {"uv": [0, 0, 2, 2], "tintindex": 0,"texture": "#1"},
				"up": {"uv": [0, 0, 2, 2], "tintindex": 0,"texture": "#1"},
				"down": {"uv": [0, 0, 2, 2], "tintindex": 0,"texture": "#1"}
			}
		},
		{
			"from": [6, 1, 1],
			"to": [10, 2, 2],
			"rotation": {"angle": 45, "axis": "x", "origin": [6.5, 1.5, 1.5]},
			"faces": {
				"north": {"uv": [12, 7, 13, 13], "tintindex": 0,"texture": "#0"},
				"east": {"uv": [12, 7, 13, 13], "tintindex": 0,"texture": "#0"},
				"south": {"uv": [12, 7, 13, 13], "tintindex": 0,"texture": "#0"},
				"west": {"uv": [10, 6, 11, 7], "tintindex": 0,"texture": "#0"},
				"up": {"uv": [12, 7, 13, 13], "tintindex": 0,"texture": "#0"},
				"down": {"uv": [12, 7, 13, 13], "tintindex": 0,"texture": "#0"}
			}
		},
		{
			"from": [6, 1, 0],
			"to": [10, 2, 1],
			"rotation": {"angle": 45, "axis": "x", "origin": [6.5, 1.5, 0.5]},
			"faces": {
				"north": {"uv": [12, 7, 13, 13], "tintindex": 0,"texture": "#0"},
				"east": {"uv": [12, 7, 13, 13], "tintindex": 0,"texture": "#0"},
				"south": {"uv": [12, 7, 13, 13], "tintindex": 0,"texture": "#0"},
				"west": {"uv": [10, 6, 11, 7], "tintindex": 0,"texture": "#0"},
				"up": {"uv": [12, 7, 13, 13], "tintindex": 0,"texture": "#0"},
				"down": {"uv": [12, 7, 13, 13], "tintindex": 0,"texture": "#0"}
			}
		},
		{
			"from": [6, 1, -1],
			"to": [10, 2, 0],
			"rotation": {"angle": 45, "axis": "x", "origin": [6.5, 1.5, -0.5]},
			"faces": {
				"north": {"uv": [12, 7, 13, 13], "tintindex": 0,"texture": "#0"},
				"east": {"uv": [12, 7, 13, 13], "tintindex": 0,"texture": "#0"},
				"south": {"uv": [12, 7, 13, 13], "tintindex": 0,"texture": "#0"},
				"west": {"uv": [10, 6, 11, 7], "tintindex": 0,"texture": "#0"},
				"up": {"uv": [12, 7, 13, 13], "tintindex": 0,"texture": "#0"},
				"down": {"uv": [12, 7, 13, 13], "tintindex": 0,"texture": "#0"}
			}
		},
		{
			"from": [6, 1, -2],
			"to": [10, 2, -1],
			"rotation": {"angle": 45, "axis": "x", "origin": [6.5, 1.5, -1.5]},
			"faces": {
				"north": {"uv": [12, 7, 13, 13], "tintindex": 0,"texture": "#0"},
				"east": {"uv": [12, 7, 13, 13], "tintindex": 0,"texture": "#0"},
				"south": {"uv": [12, 7, 13, 13], "tintindex": 0,"texture": "#0"},
				"west": {"uv": [10, 6, 11, 7], "tintindex": 0,"texture": "#0"},
				"up": {"uv": [12, 7, 13, 13], "tintindex": 0,"texture": "#0"},
				"down": {"uv": [12, 7, 13, 13], "tintindex": 0,"texture": "#0"}
			}
		}
	],
	"display": {
		"head": {
			"translation": [0, 22, -7.25],
			"scale": [4, 4, 4]
		}
	}
}