{
	"credit": "Made with Blockbench",
	"textures": {
		"0": "block/soul_fire_0",
		"particle": "block/soul_fire_0"
	},
	"elements": [
		{
			"from": [0, 0, 8],
			"to": [16, 16, 8.1],
			"rotation": {"angle": 0, "axis": "y", "origin": [8, 8, 8.05]},
			"faces": {
				"north": {"uv": [0, 0, 16, 16], "tintindex": 0,"texture": "#0"},
				"east": {"uv": [0, 0, 0.1, 16], "tintindex": 0,"texture": "#0"},
				"south": {"uv": [0, 0, 16, 16], "tintindex": 0,"texture": "#0"},
				"west": {"uv": [0, 0, 0.1, 16], "tintindex": 0,"texture": "#0"},
				"up": {"uv": [0, 0, 16, 0.1], "tintindex": 0,"texture": "#0"},
				"down": {"uv": [0, 0, 16, 0.1], "tintindex": 0,"texture": "#0"}
			}
		},
		{
			"from": [7.95, 0, 0.05],
			"to": [8.05, 16, 16.05],
			"rotation": {"angle": 0, "axis": "y", "origin": [8, 8, 8.05]},
			"faces": {
				"north": {"uv": [0, 0, 0.1, 16], "tintindex": 0,"texture": "#0"},
				"east": {"uv": [0, 0, 16, 16], "tintindex": 0,"texture": "#0"},
				"south": {"uv": [0, 0, 0.1, 16], "tintindex": 0,"texture": "#0"},
				"west": {"uv": [0, 0, 16, 16], "tintindex": 0,"texture": "#0"},
				"up": {"uv": [0, 0, 16, 0.1], "rotation": 270, "tintindex": 0,"texture": "#0"},
				"down": {"uv": [0, 0, 16, 0.1], "rotation": 90, "tintindex": 0,"texture": "#0"}
			}
		},
		{
			"from": [1.56, 0, 1.64],
			"to": [1.64, 12.8, 14.44],
			"rotation": {"angle": 0, "axis": "y", "origin": [8, 6.4, 8.04]},
			"faces": {
				"north": {"uv": [0, 0, 0.1, 16], "tintindex": 0,"texture": "#0"},
				"east": {"uv": [0, 0, 16, 16], "tintindex": 0,"texture": "#0"},
				"south": {"uv": [0, 0, 0.1, 16], "tintindex": 0,"texture": "#0"},
				"west": {"uv": [0, 0, 16, 16], "tintindex": 0,"texture": "#0"},
				"up": {"uv": [0, 0, 16, 0.1], "rotation": 270, "tintindex": 0,"texture": "#0"},
				"down": {"uv": [0, 0, 16, 0.1], "rotation": 90, "tintindex": 0,"texture": "#0"}
			}
		},
		{
			"from": [1.6, 0, 14.4],
			"to": [14.4, 12.8, 14.48],
			"rotation": {"angle": 0, "axis": "y", "origin": [8, 6.4, 8.04]},
			"faces": {
				"north": {"uv": [0, 0, 16, 16], "tintindex": 0,"texture": "#0"},
				"east": {"uv": [0, 0, 0.1, 16], "tintindex": 0,"texture": "#0"},
				"south": {"uv": [0, 0, 16, 16], "tintindex": 0,"texture": "#0"},
				"west": {"uv": [0, 0, 0.1, 16], "tintindex": 0,"texture": "#0"},
				"up": {"uv": [0, 0, 16, 0.1], "rotation": 180, "tintindex": 0,"texture": "#0"},
				"down": {"uv": [0, 0, 16, 0.1], "rotation": 180, "tintindex": 0,"texture": "#0"}
			}
		},
		{
			"from": [14.36, 0, 1.64],
			"to": [14.44, 12.8, 14.44],
			"rotation": {"angle": 0, "axis": "y", "origin": [8, 6.4, 8.04]},
			"faces": {
				"north": {"uv": [0, 0, 0.1, 16], "tintindex": 0,"texture": "#0"},
				"east": {"uv": [0, 0, 16, 16], "tintindex": 0,"texture": "#0"},
				"south": {"uv": [0, 0, 0.1, 16], "tintindex": 0,"texture": "#0"},
				"west": {"uv": [0, 0, 16, 16], "tintindex": 0,"texture": "#0"},
				"up": {"uv": [0, 0, 16, 0.1], "rotation": 270, "tintindex": 0,"texture": "#0"},
				"down": {"uv": [0, 0, 16, 0.1], "rotation": 90, "tintindex": 0,"texture": "#0"}
			}
		},
		{
			"from": [1.6, 0, 1.6],
			"to": [14.4, 12.8, 1.68],
			"rotation": {"angle": 0, "axis": "y", "origin": [8, 6.4, 8.04]},
			"faces": {
				"north": {"uv": [0, 0, 16, 16], "tintindex": 0,"texture": "#0"},
				"east": {"uv": [0, 0, 0.1, 16], "tintindex": 0,"texture": "#0"},
				"south": {"uv": [0, 0, 16, 16], "tintindex": 0,"texture": "#0"},
				"west": {"uv": [0, 0, 0.1, 16], "tintindex": 0,"texture": "#0"},
				"up": {"uv": [0, 0, 16, 0.1], "rotation": 180, "tintindex": 0,"texture": "#0"},
				"down": {"uv": [0, 0, 16, 0.1], "rotation": 180, "tintindex": 0,"texture": "#0"}
			}
		}
	],
	"display": {
		"head": {
			"translation": [0, -32.5, 0],
			"scale": [1.5, 1.5, 1.5]
		}
	}
}