{
	"credit": "Made with Blockbench",
	"textures": {
		"0": "block/crimson_stem",
		"1": "block/black_concrete_powder",
		"particle": "block/crimson_stem"
	},
	"elements": [
		{
			"from": [6, -0.5709, -2.84075],
			"to": [10, 1.4291, 3.15925],
			"rotation": {"angle": 0, "axis": "x", "origin": [9, 0.80566, 1.41127]},
			"faces": {
				"north": {"uv": [0, 0, 4, 2], "tintindex": 0,"texture": "#1"},
				"east": {"uv": [0, 0, 6, 2], "tintindex": 0,"texture": "#1"},
				"south": {"uv": [0, 0, 4, 2], "tintindex": 0,"texture": "#1"},
				"west": {"uv": [0, 0, 6, 2], "tintindex": 0,"texture": "#1"},
				"up": {"uv": [0, 0, 4, 6], "tintindex": 0,"texture": "#1"},
				"down": {"uv": [0, 0, 4, 6], "tintindex": 0,"texture": "#1"}
			}
		},
		{
			"from": [6.5, 1, 1],
			"to": [9.5, 2, 2],
			"rotation": {"angle": 45, "axis": "x", "origin": [7, 1.5, 1.5]},
			"faces": {
				"north": {"uv": [12, 7, 13, 13], "tintindex": 0,"texture": "#0"},
				"east": {"uv": [12, 7, 13, 13], "tintindex": 0,"texture": "#0"},
				"south": {"uv": [12, 7, 13, 13], "tintindex": 0,"texture": "#0"},
				"west": {"uv": [10, 6, 11, 7], "tintindex": 0,"texture": "#0"},
				"up": {"uv": [12, 7, 13, 13], "tintindex": 0,"texture": "#0"},
				"down": {"uv": [12, 7, 13, 13], "tintindex": 0,"texture": "#0"}
			}
		},
		{
			"from": [6.5, 1, 0],
			"to": [9.5, 2, 1],
			"rotation": {"angle": 45, "axis": "x", "origin": [7, 1.5, 0.5]},
			"faces": {
				"north": {"uv": [12, 7, 13, 13], "tintindex": 0,"texture": "#0"},
				"east": {"uv": [12, 7, 13, 13], "tintindex": 0,"texture": "#0"},
				"south": {"uv": [12, 7, 13, 13], "tintindex": 0,"texture": "#0"},
				"west": {"uv": [10, 6, 11, 7], "tintindex": 0,"texture": "#0"},
				"up": {"uv": [12, 7, 13, 13], "tintindex": 0,"texture": "#0"},
				"down": {"uv": [12, 7, 13, 13], "tintindex": 0,"texture": "#0"}
			}
		},
		{
			"from": [6.5, 1, -1],
			"to": [9.5, 2, 0],
			"rotation": {"angle": 45, "axis": "x", "origin": [7, 1.5, -0.5]},
			"faces": {
				"north": {"uv": [12, 7, 13, 13], "tintindex": 0,"texture": "#0"},
				"east": {"uv": [12, 7, 13, 13], "tintindex": 0,"texture": "#0"},
				"south": {"uv": [12, 7, 13, 13], "tintindex": 0,"texture": "#0"},
				"west": {"uv": [10, 6, 11, 7], "tintindex": 0,"texture": "#0"},
				"up": {"uv": [12, 7, 13, 13], "tintindex": 0,"texture": "#0"},
				"down": {"uv": [12, 7, 13, 13], "tintindex": 0,"texture": "#0"}
			}
		},
		{
			"from": [6.5, 1, -2],
			"to": [9.5, 2, -1],
			"rotation": {"angle": 45, "axis": "x", "origin": [7, 1.5, -1.5]},
			"faces": {
				"north": {"uv": [12, 7, 13, 13], "tintindex": 0,"texture": "#0"},
				"east": {"uv": [12, 7, 13, 13], "tintindex": 0,"texture": "#0"},
				"south": {"uv": [12, 7, 13, 13], "tintindex": 0,"texture": "#0"},
				"west": {"uv": [10, 6, 11, 7], "tintindex": 0,"texture": "#0"},
				"up": {"uv": [12, 7, 13, 13], "tintindex": 0,"texture": "#0"},
				"down": {"uv": [12, 7, 13, 13], "tintindex": 0,"texture": "#0"}
			}
		}
	],
	"display": {
		"head": {
			"translation": [0, 26, 21],
			"scale": [4, 4, 4]
		}
	}
}