{
	"credit": "Made with Blockbench",
	"textures": {
		"0": "block/crimson_stem",
		"1": "block/black_concrete_powder",
		"3": "block/tuff",
		"particle": "block/crimson_stem"
	},
	"elements": [
		{
			"from": [7, -9.39116, 3.25432],
			"to": [9, 2.60884, 5.25432],
			"rotation": {"angle": 0, "axis": "x", "origin": [8.2, -5.83485, 5.65758]},
			"faces": {
				"north": {"uv": [0, 0, 2, 12], "tintindex": 0,"texture": "#1"},
				"east": {"uv": [0, 0, 2, 12], "tintindex": 0,"texture": "#1"},
				"south": {"uv": [0, 0, 2, 12], "tintindex": 0,"texture": "#1"},
				"west": {"uv": [0, 0, 2, 12], "tintindex": 0,"texture": "#1"},
				"up": {"uv": [0, 0, 2, 2], "tintindex": 0,"texture": "#1"},
				"down": {"uv": [0, 0, 2, 2], "tintindex": 0,"texture": "#1"}
			}
		},
		{
			"from": [7.5, -10.40495, 2.62739],
			"to": [8.5, -8.40495, 3.62739],
			"rotation": {"angle": 0, "axis": "x", "origin": [8.2, -5.83485, 3.65758]},
			"faces": {
				"north": {"uv": [2, 1, 3, 3], "rotation": 180, "tintindex": 0,"texture": "#0"},
				"east": {"uv": [2, 1, 3, 3], "rotation": 180, "tintindex": 0,"texture": "#0"},
				"south": {"uv": [2, 1, 3, 3], "rotation": 180, "tintindex": 0,"texture": "#0"},
				"west": {"uv": [2, 1, 3, 3], "rotation": 180, "tintindex": 0,"texture": "#0"},
				"up": {"uv": [2, 2, 3, 3], "tintindex": 0,"texture": "#0"},
				"down": {"uv": [0, 0, 1, 1], "tintindex": 0,"texture": "#0"}
			}
		},
		{
			"from": [7.5, -12.13749, 2.28277],
			"to": [8.5, -10.13749, 3.28277],
			"rotation": {"angle": 22.5, "axis": "x", "origin": [8, -11.13749, 2.78277]},
			"faces": {
				"north": {"uv": [2, 1, 3, 3], "tintindex": 0,"texture": "#0"},
				"east": {"uv": [2, 1, 3, 3], "tintindex": 0,"texture": "#0"},
				"south": {"uv": [2, 1, 3, 3], "tintindex": 0,"texture": "#0"},
				"west": {"uv": [2, 1, 3, 3], "tintindex": 0,"texture": "#0"},
				"up": {"uv": [0, 0, 1, 1], "tintindex": 0,"texture": "#0"},
				"down": {"uv": [2, 2, 3, 3], "tintindex": 0,"texture": "#0"}
			}
		},
		{
			"from": [8.25, -2.80982, -1.14092],
			"to": [8.75, 2.19018, 4.85908],
			"rotation": {"angle": 0, "axis": "y", "origin": [8.5, -2.80982, 1.60908]},
			"faces": {
				"north": {"uv": [0, 0, 0.5, 5], "tintindex": 0,"texture": "#3"},
				"east": {"uv": [0, 0, 6, 5], "tintindex": 0,"texture": "#3"},
				"south": {"uv": [0, 0, 0.5, 5], "tintindex": 0,"texture": "#3"},
				"west": {"uv": [0, 0, 6, 5], "tintindex": 0,"texture": "#3"},
				"up": {"uv": [0, 0, 0.5, 6], "rotation": 180, "tintindex": 0,"texture": "#3"},
				"down": {"uv": [0, 0, 0.5, 6], "rotation": 180, "tintindex": 0,"texture": "#3"}
			}
		},
		{
			"from": [8.25, -7.80982, 0.85908],
			"to": [8.75, -2.80982, 3.85908],
			"rotation": {"angle": 0, "axis": "y", "origin": [8.5, -2.80982, 2.60908]},
			"faces": {
				"north": {"uv": [0, 0, 0.5, 5], "tintindex": 0,"texture": "#3"},
				"east": {"uv": [0, 0, 3, 5], "tintindex": 0,"texture": "#3"},
				"south": {"uv": [0, 0, 0.5, 5], "tintindex": 0,"texture": "#3"},
				"west": {"uv": [0, 0, 3, 5], "tintindex": 0,"texture": "#3"},
				"up": {"uv": [0, 0, 0.5, 3], "rotation": 180, "tintindex": 0,"texture": "#3"},
				"down": {"uv": [0, 0, 0.5, 3], "rotation": 180, "tintindex": 0,"texture": "#3"}
			}
		}
	],
	"display": {
		"head": {
			"rotation": [0, -90, -90],
			"translation": [-15, -4, 20],
			"scale": [4, 4, 4]
		}
	}
}