{
	"credit": "Made with Blockbench",
	"textures": {
		"0": "block/crimson_stem",
		"1": "block/black_concrete_powder",
		"3": "block/tuff",
		"particle": "block/crimson_stem"
	},
	"elements": [
		{
			"from": [7, -6, 0],
			"to": [9, 6, 2],
			"rotation": {"angle": 0, "axis": "y", "origin": [8.25, -1, 4.375]},
			"faces": {
				"north": {"uv": [0, 0, 2, 12], "tintindex": 0,"texture": "#1"},
				"east": {"uv": [0, 0, 2, 12], "tintindex": 0,"texture": "#1"},
				"south": {"uv": [0, 0, 2, 12], "tintindex": 0,"texture": "#1"},
				"west": {"uv": [0, 0, 2, 12], "tintindex": 0,"texture": "#1"},
				"up": {"uv": [0, 0, 2, 2], "tintindex": 0,"texture": "#1"},
				"down": {"uv": [0, 0, 2, 2], "tintindex": 0,"texture": "#1"}
			}
		},
		{
			"from": [8.5, -7.855, 1.94927],
			"to": [9.5, -5.855, 2.94927],
			"rotation": {"angle": -45, "axis": "x", "origin": [8, -6.79304, 1.61934]},
			"faces": {
				"north": {"uv": [3, 1, 2, 3], "tintindex": 0,"texture": "#0"},
				"east": {"uv": [3, 1, 2, 3], "tintindex": 0,"texture": "#0"},
				"south": {"uv": [3, 1, 2, 3], "tintindex": 0,"texture": "#0"},
				"west": {"uv": [3, 1, 2, 3], "tintindex": 0,"texture": "#0"},
				"up": {"uv": [0, 1, 1, 0], "tintindex": 0,"texture": "#0"},
				"down": {"uv": [2, 3, 3, 2], "tintindex": 0,"texture": "#0"}
			}
		},
		{
			"from": [6.5, -7.855, 1.94927],
			"to": [7.5, -5.855, 2.94927],
			"rotation": {"angle": -45, "axis": "x", "origin": [8, -6.79304, 1.61934]},
			"faces": {
				"north": {"uv": [3, 1, 2, 3], "tintindex": 0,"texture": "#0"},
				"east": {"uv": [3, 1, 2, 3], "tintindex": 0,"texture": "#0"},
				"south": {"uv": [3, 1, 2, 3], "tintindex": 0,"texture": "#0"},
				"west": {"uv": [3, 1, 2, 3], "tintindex": 0,"texture": "#0"},
				"up": {"uv": [0, 1, 1, 0], "tintindex": 0,"texture": "#0"},
				"down": {"uv": [2, 3, 3, 2], "tintindex": 0,"texture": "#0"}
			}
		},
		{
			"from": [6.5, -7.97074, 2.1094],
			"to": [7.5, -5.97074, 3.1094],
			"rotation": {"angle": 22.5, "axis": "x", "origin": [8, -6.79304, 1.61934]},
			"faces": {
				"north": {"uv": [3, 1, 2, 3], "rotation": 180, "tintindex": 0,"texture": "#0"},
				"east": {"uv": [3, 1, 2, 3], "rotation": 180, "tintindex": 0,"texture": "#0"},
				"south": {"uv": [3, 1, 2, 3], "rotation": 180, "tintindex": 0,"texture": "#0"},
				"west": {"uv": [3, 1, 2, 3], "rotation": 180, "tintindex": 0,"texture": "#0"},
				"up": {"uv": [2, 3, 3, 2], "tintindex": 0,"texture": "#0"},
				"down": {"uv": [0, 1, 1, 0], "tintindex": 0,"texture": "#0"}
			}
		},
		{
			"from": [8.5, -7.97074, 2.1094],
			"to": [9.5, -5.97074, 3.1094],
			"rotation": {"angle": 22.5, "axis": "x", "origin": [8, -6.79304, 1.61934]},
			"faces": {
				"north": {"uv": [3, 1, 2, 3], "rotation": 180, "tintindex": 0,"texture": "#0"},
				"east": {"uv": [3, 1, 2, 3], "rotation": 180, "tintindex": 0,"texture": "#0"},
				"south": {"uv": [3, 1, 2, 3], "rotation": 180, "tintindex": 0,"texture": "#0"},
				"west": {"uv": [3, 1, 2, 3], "rotation": 180, "tintindex": 0,"texture": "#0"},
				"up": {"uv": [2, 3, 3, 2], "tintindex": 0,"texture": "#0"},
				"down": {"uv": [0, 1, 1, 0], "tintindex": 0,"texture": "#0"}
			}
		},
		{
			"from": [7.5, -7.68805, -0.55317],
			"to": [8.5, -5.68805, 0.44683],
			"rotation": {"angle": -22.5, "axis": "x", "origin": [8, -6.79304, 1.61934]},
			"faces": {
				"north": {"uv": [3, 1, 2, 3], "rotation": 180, "tintindex": 0,"texture": "#0"},
				"east": {"uv": [3, 1, 2, 3], "rotation": 180, "tintindex": 0,"texture": "#0"},
				"south": {"uv": [3, 1, 2, 3], "rotation": 180, "tintindex": 0,"texture": "#0"},
				"west": {"uv": [3, 1, 2, 3], "rotation": 180, "tintindex": 0,"texture": "#0"},
				"up": {"uv": [2, 3, 3, 2], "tintindex": 0,"texture": "#0"},
				"down": {"uv": [0, 1, 1, 0], "tintindex": 0,"texture": "#0"}
			}
		},
		{
			"from": [7.5, -8.37732, -0.23292],
			"to": [8.5, -6.37732, 0.76708],
			"rotation": {"angle": 45, "axis": "x", "origin": [8, -6.79304, 1.61934]},
			"faces": {
				"north": {"uv": [3, 1, 2, 3], "tintindex": 0,"texture": "#0"},
				"east": {"uv": [3, 1, 2, 3], "tintindex": 0,"texture": "#0"},
				"south": {"uv": [3, 1, 2, 3], "tintindex": 0,"texture": "#0"},
				"west": {"uv": [3, 1, 2, 3], "tintindex": 0,"texture": "#0"},
				"up": {"uv": [0, 1, 1, 0], "tintindex": 0,"texture": "#0"},
				"down": {"uv": [2, 3, 3, 2], "tintindex": 0,"texture": "#0"}
			}
		},
		{
			"from": [7.75, 0, -8],
			"to": [8.25, 6, 0],
			"rotation": {"angle": 0, "axis": "y", "origin": [8, -1.33333, -3.5]},
			"faces": {
				"north": {"uv": [0, 0, 0.5, 6], "tintindex": 0,"texture": "#3"},
				"east": {"uv": [0, 0, 8, 6], "tintindex": 0,"texture": "#3"},
				"south": {"uv": [0, 0, 0.5, 6], "tintindex": 0,"texture": "#3"},
				"west": {"uv": [0, 0, 8, 6], "tintindex": 0,"texture": "#3"},
				"up": {"uv": [0, 0, 0.5, 8], "rotation": 180, "tintindex": 0,"texture": "#3"},
				"down": {"uv": [0, 0, 0.5, 8], "rotation": 180, "tintindex": 0,"texture": "#3"}
			}
		},
		{
			"from": [7.75, -4, -7],
			"to": [8.25, 0, 0],
			"rotation": {"angle": 0, "axis": "y", "origin": [8, -1.33333, -3.5]},
			"faces": {
				"north": {"uv": [0, 0, 0.5, 4], "tintindex": 0,"texture": "#3"},
				"east": {"uv": [0, 0, 7, 4], "tintindex": 0,"texture": "#3"},
				"south": {"uv": [0, 0, 0.5, 4], "tintindex": 0,"texture": "#3"},
				"west": {"uv": [0, 0, 7, 4], "tintindex": 0,"texture": "#3"},
				"up": {"uv": [0, 0, 0.5, 7], "rotation": 180, "tintindex": 0,"texture": "#3"},
				"down": {"uv": [0, 0, 0.5, 7], "rotation": 180, "tintindex": 0,"texture": "#3"}
			}
		},
		{
			"from": [7.75, -6, -6],
			"to": [8.25, -4, 0],
			"rotation": {"angle": 0, "axis": "y", "origin": [8, -1.33333, -3.5]},
			"faces": {
				"north": {"uv": [0, 0, 0.5, 2], "tintindex": 0,"texture": "#3"},
				"east": {"uv": [0, 0, 6, 2], "tintindex": 0,"texture": "#3"},
				"south": {"uv": [0, 0, 0.5, 2], "tintindex": 0,"texture": "#3"},
				"west": {"uv": [0, 0, 6, 2], "tintindex": 0,"texture": "#3"},
				"up": {"uv": [0, 0, 0.5, 6], "rotation": 180, "tintindex": 0,"texture": "#3"},
				"down": {"uv": [0, 0, 0.5, 6], "rotation": 180, "tintindex": 0,"texture": "#3"}
			}
		}
	],
	"display": {
		"head": {
			"rotation": [0, -90, -90],
			"translation": [-28.5, -5.25, 4.75],
			"scale": [4, 4, 4]
		}
	}
}