{
	"credit": "Made with Blockbench",
	"textures": {
		"0": "item/custom/boss/boss5/body",
		"particle": "item/custom/boss/boss5/body"
	},
	"elements": [
		{
			"name": "left_leg",
			"from": [8, -0.5, 6],
			"to": [12, 11.5, 10],
			"faces": {
				"north": {"uv": [1, 5, 2, 8], "tintindex": 0,"texture": "#0"},
				"east": {"uv": [0, 5, 1, 8], "tintindex": 0,"texture": "#0"},
				"south": {"uv": [3, 5, 4, 8], "tintindex": 0,"texture": "#0"},
				"west": {"uv": [2, 5, 3, 8], "tintindex": 0,"texture": "#0"},
				"up": {"uv": [2, 5, 1, 4], "tintindex": 0,"texture": "#0"},
				"down": {"uv": [3, 4, 2, 5], "tintindex": 0,"texture": "#0"}
			}
		},
		{
			"name": "right_leg_2nd_layer",
			"from": [7.5, -1, 5.5],
			"to": [12.5, 12, 10.5],
			"faces": {
				"north": {"uv": [1, 9, 2, 12], "tintindex": 0,"texture": "#0"},
				"east": {"uv": [0, 9, 1, 12], "tintindex": 0,"texture": "#0"},
				"south": {"uv": [3, 9, 4, 12], "tintindex": 0,"texture": "#0"},
				"west": {"uv": [0, 9, 1, 12], "tintindex": 0,"texture": "#0"},
				"up": {"uv": [2, 9, 1, 8], "tintindex": 0,"texture": "#0"},
				"down": {"uv": [3, 8, 2, 9], "tintindex": 0,"texture": "#0"}
			}
		}
	],
	"display": {
		"head": {
			"translation": [-4, -12.75, 0],
			"scale": [1.6, 1.6, 1.6]
		}
	},
	"groups": [
		{
			"name": "alex",
			"origin": [8, 8, 8],
			"children": [0, 1]
		}
	]
}