{
	"credit": "Made with Blockbench",
	"textures": {
		"0": "block/crimson_stem",
		"1": "block/black_concrete_powder",
		"3": "block/tuff",
		"particle": "block/crimson_stem"
	},
	"elements": [
		{
			"from": [7, -6, 0],
			"to": [9, 6, 2],
			"rotation": {"angle": 0, "axis": "y", "origin": [8.25, -1, 4.375]},
			"faces": {
				"north": {"uv": [0, 0, 2, 12], "tintindex": 0,"texture": "#1"},
				"east": {"uv": [0, 0, 2, 12], "tintindex": 0,"texture": "#1"},
				"south": {"uv": [0, 0, 2, 12], "tintindex": 0,"texture": "#1"},
				"west": {"uv": [0, 0, 2, 12], "tintindex": 0,"texture": "#1"},
				"up": {"uv": [0, 0, 2, 2], "tintindex": 0,"texture": "#1"},
				"down": {"uv": [0, 0, 2, 2], "tintindex": 0,"texture": "#1"}
			}
		},
		{
			"from": [8.5, -8.30607, 1.15721],
			"to": [9.5, -6.30607, 2.15721],
			"rotation": {"angle": 45, "axis": "x", "origin": [8.1, -4.47583, 1.9784]},
			"faces": {
				"north": {"uv": [2, 1, 3, 3], "tintindex": 0,"texture": "#0"},
				"east": {"uv": [2, 1, 3, 3], "tintindex": 0,"texture": "#0"},
				"south": {"uv": [2, 1, 3, 3], "tintindex": 0,"texture": "#0"},
				"west": {"uv": [2, 1, 3, 3], "tintindex": 0,"texture": "#0"},
				"up": {"uv": [0, 0, 1, 1], "tintindex": 0,"texture": "#0"},
				"down": {"uv": [2, 2, 3, 3], "tintindex": 0,"texture": "#0"}
			}
		},
		{
			"from": [6.5, -8.30607, 1.15721],
			"to": [7.5, -6.30607, 2.15721],
			"rotation": {"angle": 45, "axis": "x", "origin": [8.1, -4.47583, 1.9784]},
			"faces": {
				"north": {"uv": [2, 1, 3, 3], "tintindex": 0,"texture": "#0"},
				"east": {"uv": [2, 1, 3, 3], "tintindex": 0,"texture": "#0"},
				"south": {"uv": [2, 1, 3, 3], "tintindex": 0,"texture": "#0"},
				"west": {"uv": [2, 1, 3, 3], "tintindex": 0,"texture": "#0"},
				"up": {"uv": [0, 0, 1, 1], "tintindex": 0,"texture": "#0"},
				"down": {"uv": [2, 2, 3, 3], "tintindex": 0,"texture": "#0"}
			}
		},
		{
			"from": [6.5, -7.18292, -1.87454],
			"to": [7.5, -5.18292, -0.87454],
			"rotation": {"angle": -22.5, "axis": "x", "origin": [8.1, -4.47583, 1.9784]},
			"faces": {
				"north": {"uv": [2, 1, 3, 3], "rotation": 180, "tintindex": 0,"texture": "#0"},
				"east": {"uv": [2, 1, 3, 3], "rotation": 180, "tintindex": 0,"texture": "#0"},
				"south": {"uv": [2, 1, 3, 3], "rotation": 180, "tintindex": 0,"texture": "#0"},
				"west": {"uv": [2, 1, 3, 3], "rotation": 180, "tintindex": 0,"texture": "#0"},
				"up": {"uv": [2, 2, 3, 3], "tintindex": 0,"texture": "#0"},
				"down": {"uv": [0, 0, 1, 1], "tintindex": 0,"texture": "#0"}
			}
		},
		{
			"from": [8.5, -7.18292, -1.87454],
			"to": [9.5, -5.18292, -0.87454],
			"rotation": {"angle": -22.5, "axis": "x", "origin": [8.1, -4.47583, 1.9784]},
			"faces": {
				"north": {"uv": [2, 1, 3, 3], "rotation": 180, "tintindex": 0,"texture": "#0"},
				"east": {"uv": [2, 1, 3, 3], "rotation": 180, "tintindex": 0,"texture": "#0"},
				"south": {"uv": [2, 1, 3, 3], "rotation": 180, "tintindex": 0,"texture": "#0"},
				"west": {"uv": [2, 1, 3, 3], "rotation": 180, "tintindex": 0,"texture": "#0"},
				"up": {"uv": [2, 2, 3, 3], "tintindex": 0,"texture": "#0"},
				"down": {"uv": [0, 0, 1, 1], "tintindex": 0,"texture": "#0"}
			}
		},
		{
			"from": [7.5, -8.12309, 2.56156],
			"to": [8.5, -6.12309, 3.56156],
			"rotation": {"angle": 22.5, "axis": "x", "origin": [8.1, -4.47583, 1.9784]},
			"faces": {
				"north": {"uv": [2, 1, 3, 3], "rotation": 180, "tintindex": 0,"texture": "#0"},
				"east": {"uv": [2, 1, 3, 3], "rotation": 180, "tintindex": 0,"texture": "#0"},
				"south": {"uv": [2, 1, 3, 3], "rotation": 180, "tintindex": 0,"texture": "#0"},
				"west": {"uv": [2, 1, 3, 3], "rotation": 180, "tintindex": 0,"texture": "#0"},
				"up": {"uv": [2, 2, 3, 3], "tintindex": 0,"texture": "#0"},
				"down": {"uv": [0, 0, 1, 1], "tintindex": 0,"texture": "#0"}
			}
		},
		{
			"from": [7.5, -6.56886, 0.06237],
			"to": [8.5, -4.56886, 1.06237],
			"rotation": {"angle": -45, "axis": "x", "origin": [8.1, -4.47583, 1.9784]},
			"faces": {
				"north": {"uv": [2, 1, 3, 3], "tintindex": 0,"texture": "#0"},
				"east": {"uv": [2, 1, 3, 3], "tintindex": 0,"texture": "#0"},
				"south": {"uv": [2, 1, 3, 3], "tintindex": 0,"texture": "#0"},
				"west": {"uv": [2, 1, 3, 3], "tintindex": 0,"texture": "#0"},
				"up": {"uv": [0, 0, 1, 1], "tintindex": 0,"texture": "#0"},
				"down": {"uv": [2, 2, 3, 3], "tintindex": 0,"texture": "#0"}
			}
		},
		{
			"from": [7.75, 0, 2],
			"to": [8.25, 6, 10],
			"rotation": {"angle": 0, "axis": "y", "origin": [8.33333, -1.33333, 5.5]},
			"faces": {
				"north": {"uv": [0, 0, 0.5, 6], "tintindex": 0,"texture": "#3"},
				"east": {"uv": [0, 0, 8, 6], "tintindex": 0,"texture": "#3"},
				"south": {"uv": [0, 0, 0.5, 6], "tintindex": 0,"texture": "#3"},
				"west": {"uv": [0, 0, 8, 6], "tintindex": 0,"texture": "#3"},
				"up": {"uv": [0, 0, 0.5, 8], "tintindex": 0,"texture": "#3"},
				"down": {"uv": [0, 0, 0.5, 8], "tintindex": 0,"texture": "#3"}
			}
		},
		{
			"from": [7.75, -4, 2],
			"to": [8.25, 0, 9],
			"rotation": {"angle": 0, "axis": "y", "origin": [7.83333, -1.33333, 5.5]},
			"faces": {
				"north": {"uv": [0, 0, 0.5, 4], "tintindex": 0,"texture": "#3"},
				"east": {"uv": [0, 0, 7, 4], "tintindex": 0,"texture": "#3"},
				"south": {"uv": [0, 0, 0.5, 4], "tintindex": 0,"texture": "#3"},
				"west": {"uv": [0, 0, 7, 4], "tintindex": 0,"texture": "#3"},
				"up": {"uv": [0, 0, 0.5, 7], "tintindex": 0,"texture": "#3"},
				"down": {"uv": [0, 0, 0.5, 7], "tintindex": 0,"texture": "#3"}
			}
		},
		{
			"from": [7.75, -6, 2],
			"to": [8.25, -4, 8],
			"rotation": {"angle": 0, "axis": "y", "origin": [7.83333, -1.33333, 5.5]},
			"faces": {
				"north": {"uv": [0, 0, 0.5, 2], "tintindex": 0,"texture": "#3"},
				"east": {"uv": [0, 0, 6, 2], "tintindex": 0,"texture": "#3"},
				"south": {"uv": [0, 0, 0.5, 2], "tintindex": 0,"texture": "#3"},
				"west": {"uv": [0, 0, 6, 2], "tintindex": 0,"texture": "#3"},
				"up": {"uv": [0, 0, 0.5, 6], "tintindex": 0,"texture": "#3"},
				"down": {"uv": [0, 0, 0.5, 6], "tintindex": 0,"texture": "#3"}
			}
		}
	],
	"display": {
		"head": {
			"rotation": [0, -90, -90],
			"translation": [-28.5, -5.25, 4.75],
			"scale": [4, 4, 4]
		}
	}
}