{
	"credit": "Made with Blockbench",
	"textures": {
		"0": "item/custom/boss/boss5/body",
		"particle": "item/custom/boss/boss5/body"
	},
	"elements": [
		{
			"name": "right_leg",
			"from": [4, -0.5, 6],
			"to": [8, 11.5, 10],
			"faces": {
				"north": {"uv": [5, 13, 6, 16], "tintindex": 0,"texture": "#0"},
				"east": {"uv": [4, 13, 5, 16], "tintindex": 0,"texture": "#0"},
				"south": {"uv": [7, 13, 8, 16], "tintindex": 0,"texture": "#0"},
				"west": {"uv": [6, 13, 7, 16], "tintindex": 0,"texture": "#0"},
				"up": {"uv": [6, 13, 5, 12], "tintindex": 0,"texture": "#0"},
				"down": {"uv": [7, 12, 6, 13], "tintindex": 0,"texture": "#0"}
			}
		},
		{
			"name": "left_leg_2nd_layer",
			"from": [3.5, -1, 5.5],
			"to": [8.5, 12, 10.5],
			"faces": {
				"north": {"uv": [1, 13, 2, 16], "tintindex": 0,"texture": "#0"},
				"east": {"uv": [0, 13, 1, 16], "tintindex": 0,"texture": "#0"},
				"south": {"uv": [3, 13, 4, 16], "tintindex": 0,"texture": "#0"},
				"west": {"uv": [2, 13, 3, 16], "tintindex": 0,"texture": "#0"},
				"up": {"uv": [2, 13, 1, 12], "tintindex": 0,"texture": "#0"},
				"down": {"uv": [3, 12, 2, 13], "tintindex": 0,"texture": "#0"}
			}
		}
	],
	"display": {
		"head": {
			"translation": [3.75, -12.75, 0],
			"scale": [1.6, 1.6, 1.6]
		}
	},
	"groups": [
		{
			"name": "alex",
			"origin": [8, 8, 8],
			"children": [0, 1]
		}
	]
}