{
	"credit": "Made with Blockbench",
	"textures": {
		"0": "block/crimson_stem",
		"1": "block/black_concrete",
		"3": "block/tuff",
		"particle": "block/crimson_stem"
	},
	"elements": [
		{
			"from": [3, -2.25, 3],
			"to": [13, 4.75, 11],
			"rotation": {"angle": 0, "axis": "y", "origin": [8, 1.25, 7]},
			"faces": {
				"north": {"uv": [0, 0, 14, 7], "tintindex": 0,"texture": "#1"},
				"east": {"uv": [0, 0, 14, 7], "tintindex": 0,"texture": "#1"},
				"south": {"uv": [0, 0, 14, 7], "tintindex": 0,"texture": "#1"},
				"west": {"uv": [0, 0, 14, 7], "tintindex": 0,"texture": "#1"},
				"up": {"uv": [0, 0, 14, 14], "tintindex": 0,"texture": "#1"},
				"down": {"uv": [0, 0, 14, 14], "tintindex": 0,"texture": "#1"}
			}
		},
		{
			"from": [4, -1.25, 11],
			"to": [12, 4.75, 20],
			"rotation": {"angle": 0, "axis": "y", "origin": [9, 2.25, 15]},
			"faces": {
				"north": {"uv": [0, 0, 14, 7], "tintindex": 0,"texture": "#1"},
				"east": {"uv": [0, 0, 14, 7], "tintindex": 0,"texture": "#1"},
				"south": {"uv": [0, 0, 14, 7], "tintindex": 0,"texture": "#1"},
				"west": {"uv": [0, 0, 14, 7], "tintindex": 0,"texture": "#1"},
				"up": {"uv": [0, 0, 14, 14], "tintindex": 0,"texture": "#1"},
				"down": {"uv": [0, 0, 14, 14], "tintindex": 0,"texture": "#1"}
			}
		},
		{
			"from": [4, -3.25, 3],
			"to": [12, -2.25, 11],
			"rotation": {"angle": 0, "axis": "y", "origin": [4.5, -2.75, 3.5]},
			"faces": {
				"north": {"uv": [0, 0, 10, 2], "tintindex": 0,"texture": "#3"},
				"east": {"uv": [0, 0, 12, 2], "tintindex": 0,"texture": "#3"},
				"south": {"uv": [0, 0, 10, 2], "tintindex": 0,"texture": "#3"},
				"west": {"uv": [0, 0, 12, 2], "tintindex": 0,"texture": "#3"},
				"up": {"uv": [14, 0, 16, 12], "tintindex": 0,"texture": "#3"},
				"down": {"uv": [14, 0, 16, 12], "tintindex": 0,"texture": "#3"}
			}
		},
		{
			"from": [5, -2.25, 11],
			"to": [11, -1.25, 20],
			"rotation": {"angle": 0, "axis": "y", "origin": [5.5, -1.75, 11.5]},
			"faces": {
				"north": {"uv": [0, 0, 10, 2], "tintindex": 0,"texture": "#3"},
				"east": {"uv": [0, 0, 12, 2], "tintindex": 0,"texture": "#3"},
				"south": {"uv": [0, 0, 10, 2], "tintindex": 0,"texture": "#3"},
				"west": {"uv": [0, 0, 12, 2], "tintindex": 0,"texture": "#3"},
				"up": {"uv": [14, 0, 16, 12], "tintindex": 0,"texture": "#3"},
				"down": {"uv": [14, 0, 16, 12], "tintindex": 0,"texture": "#3"}
			}
		},
		{
			"from": [4.5, 4.25, 3],
			"to": [11.5, 6.25, 20],
			"rotation": {"angle": 0, "axis": "y", "origin": [5, 4.75, 3.5]},
			"faces": {
				"north": {"uv": [0, 0, 5, 2], "tintindex": 0,"texture": "#1"},
				"east": {"uv": [0, 0, 16, 2], "tintindex": 0,"texture": "#1"},
				"south": {"uv": [0, 0, 5, 2], "tintindex": 0,"texture": "#1"},
				"west": {"uv": [0, 0, 16, 2], "tintindex": 0,"texture": "#1"},
				"up": {"uv": [0, 0, 5, 16], "tintindex": 0,"texture": "#1"},
				"down": {"uv": [0, 0, 5, 16], "tintindex": 0,"texture": "#1"}
			}
		},
		{
			"from": [7, 5.25, 3],
			"to": [9, 7.25, 20],
			"rotation": {"angle": 45, "axis": "z", "origin": [8, 6.25, 11.5]},
			"faces": {
				"north": {"uv": [0, 0, 2, 2], "tintindex": 0,"texture": "#0"},
				"east": {"uv": [0, 0, 16, 2], "tintindex": 0,"texture": "#0"},
				"south": {"uv": [0, 0, 2, 2], "tintindex": 0,"texture": "#0"},
				"west": {"uv": [0, 0, 16, 2], "tintindex": 0,"texture": "#0"},
				"up": {"uv": [0, 0, 2, 16], "tintindex": 0,"texture": "#0"},
				"down": {"uv": [0, 0, 2, 16], "tintindex": 0,"texture": "#0"}
			}
		},
		{
			"from": [5.5, 4, 4],
			"to": [7.5, 8, 6],
			"rotation": {"angle": 45, "axis": "x", "origin": [6.5, 6, 5]},
			"faces": {
				"north": {"uv": [0, 0, 2, 4], "tintindex": 0,"texture": "#0"},
				"east": {"uv": [0, 0, 2, 4], "tintindex": 0,"texture": "#0"},
				"south": {"uv": [0, 0, 2, 4], "tintindex": 0,"texture": "#0"},
				"west": {"uv": [0, 0, 2, 4], "tintindex": 0,"texture": "#0"},
				"up": {"uv": [0, 0, 2, 2], "tintindex": 0,"texture": "#0"},
				"down": {"uv": [0, 0, 2, 2], "tintindex": 0,"texture": "#0"}
			}
		},
		{
			"from": [5.5, 4, 7],
			"to": [7.5, 8, 9],
			"rotation": {"angle": 45, "axis": "x", "origin": [6.5, 6, 8]},
			"faces": {
				"north": {"uv": [0, 0, 2, 4], "tintindex": 0,"texture": "#0"},
				"east": {"uv": [0, 0, 2, 4], "tintindex": 0,"texture": "#0"},
				"south": {"uv": [0, 0, 2, 4], "tintindex": 0,"texture": "#0"},
				"west": {"uv": [0, 0, 2, 4], "tintindex": 0,"texture": "#0"},
				"up": {"uv": [0, 0, 2, 2], "tintindex": 0,"texture": "#0"},
				"down": {"uv": [0, 0, 2, 2], "tintindex": 0,"texture": "#0"}
			}
		},
		{
			"from": [5.5, 4, 11],
			"to": [7.5, 8, 13],
			"rotation": {"angle": 45, "axis": "x", "origin": [6.5, 6, 12]},
			"faces": {
				"north": {"uv": [0, 0, 2, 4], "tintindex": 0,"texture": "#0"},
				"east": {"uv": [0, 0, 2, 4], "tintindex": 0,"texture": "#0"},
				"south": {"uv": [0, 0, 2, 4], "tintindex": 0,"texture": "#0"},
				"west": {"uv": [0, 0, 2, 4], "tintindex": 0,"texture": "#0"},
				"up": {"uv": [0, 0, 2, 2], "tintindex": 0,"texture": "#0"},
				"down": {"uv": [0, 0, 2, 2], "tintindex": 0,"texture": "#0"}
			}
		},
		{
			"from": [5.5, 4, 15],
			"to": [7.5, 8, 17],
			"rotation": {"angle": 45, "axis": "x", "origin": [6.5, 6, 16]},
			"faces": {
				"north": {"uv": [0, 0, 2, 4], "tintindex": 0,"texture": "#0"},
				"east": {"uv": [0, 0, 2, 4], "tintindex": 0,"texture": "#0"},
				"south": {"uv": [0, 0, 2, 4], "tintindex": 0,"texture": "#0"},
				"west": {"uv": [0, 0, 2, 4], "tintindex": 0,"texture": "#0"},
				"up": {"uv": [0, 0, 2, 2], "tintindex": 0,"texture": "#0"},
				"down": {"uv": [0, 0, 2, 2], "tintindex": 0,"texture": "#0"}
			}
		},
		{
			"from": [8.5, 4, 4],
			"to": [10.5, 8, 6],
			"rotation": {"angle": 45, "axis": "x", "origin": [9.5, 6, 5]},
			"faces": {
				"north": {"uv": [0, 0, 2, 4], "tintindex": 0,"texture": "#0"},
				"east": {"uv": [0, 0, 2, 4], "tintindex": 0,"texture": "#0"},
				"south": {"uv": [0, 0, 2, 4], "tintindex": 0,"texture": "#0"},
				"west": {"uv": [0, 0, 2, 4], "tintindex": 0,"texture": "#0"},
				"up": {"uv": [0, 0, 2, 2], "tintindex": 0,"texture": "#0"},
				"down": {"uv": [0, 0, 2, 2], "tintindex": 0,"texture": "#0"}
			}
		},
		{
			"from": [8.5, 4, 7],
			"to": [10.5, 8, 9],
			"rotation": {"angle": 45, "axis": "x", "origin": [9.5, 6, 8]},
			"faces": {
				"north": {"uv": [0, 0, 2, 4], "tintindex": 0,"texture": "#0"},
				"east": {"uv": [0, 0, 2, 4], "tintindex": 0,"texture": "#0"},
				"south": {"uv": [0, 0, 2, 4], "tintindex": 0,"texture": "#0"},
				"west": {"uv": [0, 0, 2, 4], "tintindex": 0,"texture": "#0"},
				"up": {"uv": [0, 0, 2, 2], "tintindex": 0,"texture": "#0"},
				"down": {"uv": [0, 0, 2, 2], "tintindex": 0,"texture": "#0"}
			}
		},
		{
			"from": [8.5, 4, 11],
			"to": [10.5, 8, 13],
			"rotation": {"angle": 45, "axis": "x", "origin": [9.5, 6, 12]},
			"faces": {
				"north": {"uv": [0, 0, 2, 4], "tintindex": 0,"texture": "#0"},
				"east": {"uv": [0, 0, 2, 4], "tintindex": 0,"texture": "#0"},
				"south": {"uv": [0, 0, 2, 4], "tintindex": 0,"texture": "#0"},
				"west": {"uv": [0, 0, 2, 4], "tintindex": 0,"texture": "#0"},
				"up": {"uv": [0, 0, 2, 2], "tintindex": 0,"texture": "#0"},
				"down": {"uv": [0, 0, 2, 2], "tintindex": 0,"texture": "#0"}
			}
		},
		{
			"from": [8.5, 4, 15],
			"to": [10.5, 8, 17],
			"rotation": {"angle": 45, "axis": "x", "origin": [9.5, 6, 16]},
			"faces": {
				"north": {"uv": [0, 0, 2, 4], "tintindex": 0,"texture": "#0"},
				"east": {"uv": [0, 0, 2, 4], "tintindex": 0,"texture": "#0"},
				"south": {"uv": [0, 0, 2, 4], "tintindex": 0,"texture": "#0"},
				"west": {"uv": [0, 0, 2, 4], "tintindex": 0,"texture": "#0"},
				"up": {"uv": [0, 0, 2, 2], "tintindex": 0,"texture": "#0"},
				"down": {"uv": [0, 0, 2, 2], "tintindex": 0,"texture": "#0"}
			}
		}
	],
	"display": {
		"head": {
			"rotation": [0, -180, 0],
			"translation": [0, 28.5, -19.5],
			"scale": [4, 4, 4]
		}
	}
}