{
	"credit": "Made with Blockbench",
	"textures": {
		"0": "item/custom/boss/boss5/body",
		"particle": "item/custom/boss/boss5/body"
	},
	"elements": [
		{
			"name": "head",
			"from": [4, 23.5, 4],
			"to": [12, 31.5, 12],
			"faces": {
				"north": {"uv": [2, 2, 4, 4], "tintindex": 0,"texture": "#0"},
				"east": {"uv": [0, 2, 2, 4], "tintindex": 0,"texture": "#0"},
				"south": {"uv": [6, 2, 8, 4], "tintindex": 0,"texture": "#0"},
				"west": {"uv": [4, 2, 6, 4], "tintindex": 0,"texture": "#0"},
				"up": {"uv": [4, 2, 2, 0], "tintindex": 0,"texture": "#0"},
				"down": {"uv": [6, 0, 4, 2], "tintindex": 0,"texture": "#0"}
			}
		},
		{
			"name": "head_2nd_layer",
			"from": [3.5, 23, 3.5],
			"to": [12.5, 32, 12.5],
			"faces": {
				"north": {"uv": [10, 2, 12, 4], "tintindex": 0,"texture": "#0"},
				"east": {"uv": [8, 2, 10, 4], "tintindex": 0,"texture": "#0"},
				"south": {"uv": [14, 2, 16, 4], "tintindex": 0,"texture": "#0"},
				"west": {"uv": [12, 2, 14, 4], "tintindex": 0,"texture": "#0"},
				"up": {"uv": [12, 2, 10, 0], "tintindex": 0,"texture": "#0"},
				"down": {"uv": [14, 0, 12, 2], "tintindex": 0,"texture": "#0"}
			}
		}
	],
	"display": {
		"head": {
			"translation": [0, -31.25, 0],
			"scale": [1.6, 1.6, 1.6]
		}
	},
	"groups": [
		{
			"name": "alex",
			"origin": [8, 8, 8],
			"children": [0, 1]
		}
	]
}