{
	"credit": "Made with Blockbench",
	"textures": {
		"0": "block/crimson_stem",
		"1": "block/black_concrete",
		"3": "block/tuff",
		"particle": "block/crimson_stem"
	},
	"elements": [
		{
			"from": [4.55, 0.515, 3.62],
			"to": [11.15, 5.135, 8.9],
			"rotation": {"angle": 0, "axis": "y", "origin": [7.839, 4.9465, 12.125]},
			"faces": {
				"north": {"uv": [0, 0, 14, 7], "tintindex": 0,"texture": "#1"},
				"east": {"uv": [0, 0, 14, 7], "tintindex": 0,"texture": "#1"},
				"south": {"uv": [0, 0, 14, 7], "tintindex": 0,"texture": "#1"},
				"west": {"uv": [0, 0, 14, 7], "tintindex": 0,"texture": "#1"},
				"up": {"uv": [0, 0, 14, 14], "tintindex": 0,"texture": "#1"},
				"down": {"uv": [0, 0, 14, 14], "tintindex": 0,"texture": "#1"}
			}
		},
		{
			"from": [5.21, 1.175, 8.9],
			"to": [10.49, 5.135, 14.84],
			"rotation": {"angle": 0, "axis": "y", "origin": [7.839, 4.9465, 12.125]},
			"faces": {
				"north": {"uv": [0, 0, 14, 7], "tintindex": 0,"texture": "#1"},
				"east": {"uv": [0, 0, 14, 7], "tintindex": 0,"texture": "#1"},
				"south": {"uv": [0, 0, 14, 7], "tintindex": 0,"texture": "#1"},
				"west": {"uv": [0, 0, 14, 7], "tintindex": 0,"texture": "#1"},
				"up": {"uv": [0, 0, 14, 14], "tintindex": 0,"texture": "#1"},
				"down": {"uv": [0, 0, 14, 14], "tintindex": 0,"texture": "#1"}
			}
		},
		{
			"from": [6.21, 2.175, 14.9],
			"to": [9.49, 6.135, 22.84],
			"rotation": {"angle": 0, "axis": "y", "origin": [7.839, 4.9465, 12.125]},
			"faces": {
				"north": {"uv": [0, 0, 14, 7], "tintindex": 0,"texture": "#1"},
				"east": {"uv": [0, 0, 14, 7], "tintindex": 0,"texture": "#1"},
				"south": {"uv": [0, 0, 14, 7], "tintindex": 0,"texture": "#1"},
				"west": {"uv": [0, 0, 14, 7], "tintindex": 0,"texture": "#1"},
				"up": {"uv": [0, 0, 14, 14], "tintindex": 0,"texture": "#1"},
				"down": {"uv": [0, 0, 14, 14], "tintindex": 0,"texture": "#1"}
			}
		},
		{
			"from": [7.21, 3.175, 22.9],
			"to": [8.49, 6.135, 26.84],
			"rotation": {"angle": 0, "axis": "y", "origin": [7.839, 4.9465, 12.125]},
			"faces": {
				"north": {"uv": [0, 0, 14, 7], "tintindex": 0,"texture": "#1"},
				"east": {"uv": [0, 0, 14, 7], "tintindex": 0,"texture": "#1"},
				"south": {"uv": [0, 0, 14, 7], "tintindex": 0,"texture": "#1"},
				"west": {"uv": [0, 0, 14, 7], "tintindex": 0,"texture": "#1"},
				"up": {"uv": [0, 0, 14, 14], "tintindex": 0,"texture": "#1"},
				"down": {"uv": [0, 0, 14, 14], "tintindex": 0,"texture": "#1"}
			}
		},
		{
			"from": [5.21, -0.145, 3.62],
			"to": [10.49, 0.515, 8.9],
			"rotation": {"angle": 0, "axis": "y", "origin": [7.839, 4.9465, 12.125]},
			"faces": {
				"north": {"uv": [0, 0, 10, 2], "tintindex": 0,"texture": "#3"},
				"east": {"uv": [0, 0, 12, 2], "tintindex": 0,"texture": "#3"},
				"south": {"uv": [0, 0, 10, 2], "tintindex": 0,"texture": "#3"},
				"west": {"uv": [0, 0, 12, 2], "tintindex": 0,"texture": "#3"},
				"up": {"uv": [14, 0, 16, 12], "tintindex": 0,"texture": "#3"},
				"down": {"uv": [14, 0, 16, 12], "tintindex": 0,"texture": "#3"}
			}
		},
		{
			"from": [5.87, 0.515, 8.9],
			"to": [9.83, 1.175, 14.84],
			"rotation": {"angle": 0, "axis": "y", "origin": [7.839, 4.9465, 12.125]},
			"faces": {
				"north": {"uv": [0, 0, 10, 2], "tintindex": 0,"texture": "#3"},
				"east": {"uv": [0, 0, 12, 2], "tintindex": 0,"texture": "#3"},
				"south": {"uv": [0, 0, 10, 2], "tintindex": 0,"texture": "#3"},
				"west": {"uv": [0, 0, 12, 2], "tintindex": 0,"texture": "#3"},
				"up": {"uv": [14, 0, 16, 12], "tintindex": 0,"texture": "#3"},
				"down": {"uv": [14, 0, 16, 12], "tintindex": 0,"texture": "#3"}
			}
		},
		{
			"from": [5.54, 4.805, 3.62],
			"to": [10.16, 6.125, 14.84],
			"rotation": {"angle": 0, "axis": "y", "origin": [7.839, 4.9465, 12.125]},
			"faces": {
				"north": {"uv": [0, 0, 5, 2], "tintindex": 0,"texture": "#1"},
				"east": {"uv": [0, 0, 16, 2], "tintindex": 0,"texture": "#1"},
				"south": {"uv": [0, 0, 5, 2], "tintindex": 0,"texture": "#1"},
				"west": {"uv": [0, 0, 16, 2], "tintindex": 0,"texture": "#1"},
				"up": {"uv": [0, 0, 5, 16], "tintindex": 0,"texture": "#1"},
				"down": {"uv": [0, 0, 5, 16], "tintindex": 0,"texture": "#1"}
			}
		},
		{
			"from": [8.00596, 5.12619, 3.62],
			"to": [9.32596, 6.44619, 22.84],
			"rotation": {"angle": 45, "axis": "z", "origin": [7.839, 4.9465, 12.125]},
			"faces": {
				"north": {"uv": [0, 0, 2, 2], "tintindex": 0,"texture": "#0"},
				"east": {"uv": [0, 0, 16, 2], "tintindex": 0,"texture": "#0"},
				"south": {"uv": [0, 0, 2, 2], "tintindex": 0,"texture": "#0"},
				"west": {"uv": [0, 0, 16, 2], "tintindex": 0,"texture": "#0"},
				"up": {"uv": [0, 0, 2, 16], "tintindex": 0,"texture": "#0"},
				"down": {"uv": [0, 0, 2, 16], "tintindex": 0,"texture": "#0"}
			}
		},
		{
			"from": [6.18, -0.73741, 5.66779],
			"to": [7.5, 1.90259, 6.98779],
			"rotation": {"angle": 45, "axis": "x", "origin": [7.839, 4.9465, 12.125]},
			"faces": {
				"north": {"uv": [0, 0, 2, 4], "tintindex": 0,"texture": "#0"},
				"east": {"uv": [0, 0, 2, 4], "tintindex": 0,"texture": "#0"},
				"south": {"uv": [0, 0, 2, 4], "tintindex": 0,"texture": "#0"},
				"west": {"uv": [0, 0, 2, 4], "tintindex": 0,"texture": "#0"},
				"up": {"uv": [0, 0, 2, 2], "tintindex": 0,"texture": "#0"},
				"down": {"uv": [0, 0, 2, 2], "tintindex": 0,"texture": "#0"}
			}
		},
		{
			"from": [6.18, 0.66266, 7.06786],
			"to": [7.5, 3.30266, 8.38786],
			"rotation": {"angle": 45, "axis": "x", "origin": [7.839, 4.9465, 12.125]},
			"faces": {
				"north": {"uv": [0, 0, 2, 4], "tintindex": 0,"texture": "#0"},
				"east": {"uv": [0, 0, 2, 4], "tintindex": 0,"texture": "#0"},
				"south": {"uv": [0, 0, 2, 4], "tintindex": 0,"texture": "#0"},
				"west": {"uv": [0, 0, 2, 4], "tintindex": 0,"texture": "#0"},
				"up": {"uv": [0, 0, 2, 2], "tintindex": 0,"texture": "#0"},
				"down": {"uv": [0, 0, 2, 2], "tintindex": 0,"texture": "#0"}
			}
		},
		{
			"from": [6.18, 2.52942, 8.93462],
			"to": [7.5, 5.16942, 10.25462],
			"rotation": {"angle": 45, "axis": "x", "origin": [7.839, 4.9465, 12.125]},
			"faces": {
				"north": {"uv": [0, 0, 2, 4], "tintindex": 0,"texture": "#0"},
				"east": {"uv": [0, 0, 2, 4], "tintindex": 0,"texture": "#0"},
				"south": {"uv": [0, 0, 2, 4], "tintindex": 0,"texture": "#0"},
				"west": {"uv": [0, 0, 2, 4], "tintindex": 0,"texture": "#0"},
				"up": {"uv": [0, 0, 2, 2], "tintindex": 0,"texture": "#0"},
				"down": {"uv": [0, 0, 2, 2], "tintindex": 0,"texture": "#0"}
			}
		},
		{
			"from": [6.18, 4.39619, 10.80138],
			"to": [7.5, 7.03619, 12.12138],
			"rotation": {"angle": 45, "axis": "x", "origin": [7.839, 4.9465, 12.125]},
			"faces": {
				"north": {"uv": [0, 0, 2, 4], "tintindex": 0,"texture": "#0"},
				"east": {"uv": [0, 0, 2, 4], "tintindex": 0,"texture": "#0"},
				"south": {"uv": [0, 0, 2, 4], "tintindex": 0,"texture": "#0"},
				"west": {"uv": [0, 0, 2, 4], "tintindex": 0,"texture": "#0"},
				"up": {"uv": [0, 0, 2, 2], "tintindex": 0,"texture": "#0"},
				"down": {"uv": [0, 0, 2, 2], "tintindex": 0,"texture": "#0"}
			}
		},
		{
			"from": [7.18, 6.51751, 12.9227],
			"to": [8.5, 9.15751, 14.2427],
			"rotation": {"angle": 45, "axis": "x", "origin": [7.839, 4.9465, 12.125]},
			"faces": {
				"north": {"uv": [0, 0, 2, 4], "tintindex": 0,"texture": "#0"},
				"east": {"uv": [0, 0, 2, 4], "tintindex": 0,"texture": "#0"},
				"south": {"uv": [0, 0, 2, 4], "tintindex": 0,"texture": "#0"},
				"west": {"uv": [0, 0, 2, 4], "tintindex": 0,"texture": "#0"},
				"up": {"uv": [0, 0, 2, 2], "tintindex": 0,"texture": "#0"},
				"down": {"uv": [0, 0, 2, 2], "tintindex": 0,"texture": "#0"}
			}
		},
		{
			"from": [7.18, 7.93172, 14.33691],
			"to": [8.5, 10.57172, 15.65691],
			"rotation": {"angle": 45, "axis": "x", "origin": [7.839, 4.9465, 12.125]},
			"faces": {
				"north": {"uv": [0, 0, 2, 4], "tintindex": 0,"texture": "#0"},
				"east": {"uv": [0, 0, 2, 4], "tintindex": 0,"texture": "#0"},
				"south": {"uv": [0, 0, 2, 4], "tintindex": 0,"texture": "#0"},
				"west": {"uv": [0, 0, 2, 4], "tintindex": 0,"texture": "#0"},
				"up": {"uv": [0, 0, 2, 2], "tintindex": 0,"texture": "#0"},
				"down": {"uv": [0, 0, 2, 2], "tintindex": 0,"texture": "#0"}
			}
		},
		{
			"from": [7.18, 9.34593, 15.75113],
			"to": [8.5, 11.98593, 17.07113],
			"rotation": {"angle": 45, "axis": "x", "origin": [7.839, 4.9465, 12.125]},
			"faces": {
				"north": {"uv": [0, 0, 2, 4], "tintindex": 0,"texture": "#0"},
				"east": {"uv": [0, 0, 2, 4], "tintindex": 0,"texture": "#0"},
				"south": {"uv": [0, 0, 2, 4], "tintindex": 0,"texture": "#0"},
				"west": {"uv": [0, 0, 2, 4], "tintindex": 0,"texture": "#0"},
				"up": {"uv": [0, 0, 2, 2], "tintindex": 0,"texture": "#0"},
				"down": {"uv": [0, 0, 2, 2], "tintindex": 0,"texture": "#0"}
			}
		},
		{
			"from": [7.18, 10.76015, 17.16534],
			"to": [8.5, 13.40015, 18.48534],
			"rotation": {"angle": 45, "axis": "x", "origin": [7.839, 4.9465, 12.125]},
			"faces": {
				"north": {"uv": [0, 0, 2, 4], "tintindex": 0,"texture": "#0"},
				"east": {"uv": [0, 0, 2, 4], "tintindex": 0,"texture": "#0"},
				"south": {"uv": [0, 0, 2, 4], "tintindex": 0,"texture": "#0"},
				"west": {"uv": [0, 0, 2, 4], "tintindex": 0,"texture": "#0"},
				"up": {"uv": [0, 0, 2, 2], "tintindex": 0,"texture": "#0"},
				"down": {"uv": [0, 0, 2, 2], "tintindex": 0,"texture": "#0"}
			}
		},
		{
			"from": [8.16, -0.73741, 5.66779],
			"to": [9.48, 1.90259, 6.98779],
			"rotation": {"angle": 45, "axis": "x", "origin": [7.839, 4.9465, 12.125]},
			"faces": {
				"north": {"uv": [0, 0, 2, 4], "tintindex": 0,"texture": "#0"},
				"east": {"uv": [0, 0, 2, 4], "tintindex": 0,"texture": "#0"},
				"south": {"uv": [0, 0, 2, 4], "tintindex": 0,"texture": "#0"},
				"west": {"uv": [0, 0, 2, 4], "tintindex": 0,"texture": "#0"},
				"up": {"uv": [0, 0, 2, 2], "tintindex": 0,"texture": "#0"},
				"down": {"uv": [0, 0, 2, 2], "tintindex": 0,"texture": "#0"}
			}
		},
		{
			"from": [8.16, 0.66266, 7.06786],
			"to": [9.48, 3.30266, 8.38786],
			"rotation": {"angle": 45, "axis": "x", "origin": [7.839, 4.9465, 12.125]},
			"faces": {
				"north": {"uv": [0, 0, 2, 4], "tintindex": 0,"texture": "#0"},
				"east": {"uv": [0, 0, 2, 4], "tintindex": 0,"texture": "#0"},
				"south": {"uv": [0, 0, 2, 4], "tintindex": 0,"texture": "#0"},
				"west": {"uv": [0, 0, 2, 4], "tintindex": 0,"texture": "#0"},
				"up": {"uv": [0, 0, 2, 2], "tintindex": 0,"texture": "#0"},
				"down": {"uv": [0, 0, 2, 2], "tintindex": 0,"texture": "#0"}
			}
		},
		{
			"from": [8.16, 2.52942, 8.93462],
			"to": [9.48, 5.16942, 10.25462],
			"rotation": {"angle": 45, "axis": "x", "origin": [7.839, 4.9465, 12.125]},
			"faces": {
				"north": {"uv": [0, 0, 2, 4], "tintindex": 0,"texture": "#0"},
				"east": {"uv": [0, 0, 2, 4], "tintindex": 0,"texture": "#0"},
				"south": {"uv": [0, 0, 2, 4], "tintindex": 0,"texture": "#0"},
				"west": {"uv": [0, 0, 2, 4], "tintindex": 0,"texture": "#0"},
				"up": {"uv": [0, 0, 2, 2], "tintindex": 0,"texture": "#0"},
				"down": {"uv": [0, 0, 2, 2], "tintindex": 0,"texture": "#0"}
			}
		},
		{
			"from": [8.16, 4.39619, 10.80138],
			"to": [9.48, 7.03619, 12.12138],
			"rotation": {"angle": 45, "axis": "x", "origin": [7.839, 4.9465, 12.125]},
			"faces": {
				"north": {"uv": [0, 0, 2, 4], "tintindex": 0,"texture": "#0"},
				"east": {"uv": [0, 0, 2, 4], "tintindex": 0,"texture": "#0"},
				"south": {"uv": [0, 0, 2, 4], "tintindex": 0,"texture": "#0"},
				"west": {"uv": [0, 0, 2, 4], "tintindex": 0,"texture": "#0"},
				"up": {"uv": [0, 0, 2, 2], "tintindex": 0,"texture": "#0"},
				"down": {"uv": [0, 0, 2, 2], "tintindex": 0,"texture": "#0"}
			}
		}
	],
	"display": {
		"head": {
			"rotation": [0, -180, 0],
			"translation": [0, 28.5, -19.5],
			"scale": [4, 4, 4]
		}
	}
}