{
	"credit": "Made with Blockbench",
	"textures": {
		"0": "block/crimson_stem",
		"1": "block/black_concrete",
		"particle": "block/crimson_stem"
	},
	"elements": [
		{
			"from": [8.75, -3.5, -2.20711],
			"to": [9.75, -1.5, 0.79289],
			"rotation": {"angle": -22.5, "axis": "x", "origin": [9.25, -3, -0.70711]},
			"faces": {
				"north": {"uv": [0, 0, 2, 2], "rotation": 180, "tintindex": 0,"texture": "#0"},
				"east": {"uv": [0, 0, 2, 4], "rotation": 270, "tintindex": 0,"texture": "#0"},
				"south": {"uv": [0, 0, 2, 2], "tintindex": 0,"texture": "#0"},
				"west": {"uv": [0, 0, 2, 4], "rotation": 90, "tintindex": 0,"texture": "#0"},
				"up": {"uv": [0, 0, 2, 4], "rotation": 180, "tintindex": 0,"texture": "#0"},
				"down": {"uv": [0, 0, 2, 4], "tintindex": 0,"texture": "#0"}
			}
		},
		{
			"from": [7, -3.5, -2.20711],
			"to": [8, -1.5, 0.79289],
			"rotation": {"angle": -22.5, "axis": "x", "origin": [7.5, -3, -0.70711]},
			"faces": {
				"north": {"uv": [0, 0, 2, 2], "rotation": 180, "tintindex": 0,"texture": "#0"},
				"east": {"uv": [0, 0, 2, 4], "rotation": 270, "tintindex": 0,"texture": "#0"},
				"south": {"uv": [0, 0, 2, 2], "tintindex": 0,"texture": "#0"},
				"west": {"uv": [0, 0, 2, 4], "rotation": 90, "tintindex": 0,"texture": "#0"},
				"up": {"uv": [0, 0, 2, 4], "rotation": 180, "tintindex": 0,"texture": "#0"},
				"down": {"uv": [0, 0, 2, 4], "tintindex": 0,"texture": "#0"}
			}
		},
		{
			"from": [7, -3.5, 11.79289],
			"to": [8, -1.5, 14.79289],
			"rotation": {"angle": 22.5, "axis": "x", "origin": [7.5, -3, 13.29289]},
			"faces": {
				"north": {"uv": [0, 0, 2, 2], "rotation": 180, "tintindex": 0,"texture": "#0"},
				"east": {"uv": [0, 0, 2, 4], "rotation": 90, "tintindex": 0,"texture": "#0"},
				"south": {"uv": [0, 0, 2, 2], "tintindex": 0,"texture": "#0"},
				"west": {"uv": [0, 0, 2, 4], "rotation": 270, "tintindex": 0,"texture": "#0"},
				"up": {"uv": [0, 0, 2, 4], "tintindex": 0,"texture": "#0"},
				"down": {"uv": [0, 0, 2, 4], "rotation": 180, "tintindex": 0,"texture": "#0"}
			}
		},
		{
			"from": [5.25, -3.5, -2.20711],
			"to": [6.25, -1.5, 0.79289],
			"rotation": {"angle": -22.5, "axis": "x", "origin": [5.75, -3, -0.70711]},
			"faces": {
				"north": {"uv": [0, 0, 2, 2], "rotation": 180, "tintindex": 0,"texture": "#0"},
				"east": {"uv": [0, 0, 2, 4], "rotation": 270, "tintindex": 0,"texture": "#0"},
				"south": {"uv": [0, 0, 2, 2], "tintindex": 0,"texture": "#0"},
				"west": {"uv": [0, 0, 2, 4], "rotation": 90, "tintindex": 0,"texture": "#0"},
				"up": {"uv": [0, 0, 2, 4], "rotation": 180, "tintindex": 0,"texture": "#0"},
				"down": {"uv": [0, 0, 2, 4], "tintindex": 0,"texture": "#0"}
			}
		},
		{
			"from": [5, 9, -2],
			"to": [10, 16, 5],
			"rotation": {"angle": 0, "axis": "y", "origin": [5.5, 9.5, -1.5]},
			"faces": {
				"north": {"uv": [0, 0, 5, 7], "tintindex": 0,"texture": "#1"},
				"east": {"uv": [0, 0, 7, 7], "tintindex": 0,"texture": "#1"},
				"south": {"uv": [0, 0, 5, 7], "tintindex": 0,"texture": "#1"},
				"west": {"uv": [0, 0, 7, 7], "tintindex": 0,"texture": "#1"},
				"up": {"uv": [0, 0, 5, 7], "tintindex": 0,"texture": "#1"},
				"down": {"uv": [0, 0, 5, 7], "tintindex": 0,"texture": "#1"}
			}
		},
		{
			"from": [4.5, 14, -3],
			"to": [10.5, 24, 7],
			"rotation": {"angle": 45, "axis": "x", "origin": [7.5, 19, 2]},
			"faces": {
				"north": {"uv": [0, 0, 6, 10], "tintindex": 0,"texture": "#1"},
				"east": {"uv": [0, 0, 10, 10], "tintindex": 0,"texture": "#1"},
				"south": {"uv": [0, 0, 6, 10], "tintindex": 0,"texture": "#1"},
				"west": {"uv": [0, 0, 10, 10], "tintindex": 0,"texture": "#1"},
				"up": {"uv": [0, 0, 6, 10], "tintindex": 0,"texture": "#1"},
				"down": {"uv": [0, 0, 6, 10], "tintindex": 0,"texture": "#1"}
			}
		},
		{
			"from": [5.5, -0.76745, 3.14178],
			"to": [9.5, 11.23255, 9.14178],
			"rotation": {"angle": -22.5, "axis": "x", "origin": [8, 4.23255, 6.14178]},
			"faces": {
				"north": {"uv": [0, 0, 4, 12], "tintindex": 0,"texture": "#1"},
				"east": {"uv": [0, 0, 6, 12], "tintindex": 0,"texture": "#1"},
				"south": {"uv": [0, 0, 4, 12], "tintindex": 0,"texture": "#1"},
				"west": {"uv": [0, 0, 6, 12], "tintindex": 0,"texture": "#1"},
				"up": {"uv": [0, 0, 4, 6], "tintindex": 0,"texture": "#1"},
				"down": {"uv": [0, 0, 4, 6], "tintindex": 0,"texture": "#1"}
			}
		},
		{
			"from": [5, -3.76745, -0.85822],
			"to": [10, 0.23255, 7.14178],
			"rotation": {"angle": 0, "axis": "x", "origin": [7.5, 1.23255, 2.14178]},
			"faces": {
				"north": {"uv": [0, 0, 5, 4], "tintindex": 0,"texture": "#1"},
				"east": {"uv": [0, 0, 8, 4], "tintindex": 0,"texture": "#1"},
				"south": {"uv": [0, 0, 5, 4], "tintindex": 0,"texture": "#1"},
				"west": {"uv": [0, 0, 8, 4], "tintindex": 0,"texture": "#1"},
				"up": {"uv": [0, 0, 5, 8], "tintindex": 0,"texture": "#1"},
				"down": {"uv": [0, 0, 5, 8], "tintindex": 0,"texture": "#1"}
			}
		},
		{
			"from": [6, -2.76745, 7.14178],
			"to": [9, 0.23255, 13.14178],
			"rotation": {"angle": 22.5, "axis": "x", "origin": [8, -1.26745, 10.14178]},
			"faces": {
				"north": {"uv": [0, 0, 3, 3], "tintindex": 0,"texture": "#1"},
				"east": {"uv": [0, 0, 6, 3], "tintindex": 0,"texture": "#1"},
				"south": {"uv": [0, 0, 3, 3], "tintindex": 0,"texture": "#1"},
				"west": {"uv": [0, 0, 6, 3], "tintindex": 0,"texture": "#1"},
				"up": {"uv": [0, 0, 3, 6], "tintindex": 0,"texture": "#1"},
				"down": {"uv": [0, 0, 3, 6], "tintindex": 0,"texture": "#1"}
			}
		}
	],
	"display": {
		"head": {
			"translation": [2, -54.5, 24.75],
			"scale": [4, 4, 4]
		}
	}
}