{
	"format_version": "1.21.6",
	"credit": "Made with Blockbench",
	"textures": {
		"3": "block/lava_still",
		"4": "block/campfire_fire",
		"5": "block/blackstone_top",
		"particle": "block/lava_flow"
	},
	"elements": [
		{
			"from": [4.98062, 2.83768, -7.74758],
			"to": [11.30062, 5.20768, -1.42758],
			"rotation": {"angle": 22.5, "axis": "x", "origin": [8.14062, 4.41768, -4.58758]},
			"faces": {
				"north": {"uv": [0, 0, 1.5, 4], "rotation": 90, "tintindex": 0,"texture": "#3"},
				"east": {"uv": [0, 0, 1.5, 4], "rotation": 270, "tintindex": 0,"texture": "#3"},
				"south": {"uv": [0, 0, 1.5, 4], "rotation": 270, "tintindex": 0,"texture": "#3"},
				"west": {"uv": [0, 0, 1.5, 4], "rotation": 270, "tintindex": 0,"texture": "#3"},
				"up": {"uv": [0, 0, 4, 4], "rotation": 270, "tintindex": 0,"texture": "#3"},
				"down": {"uv": [0, 0, 4, 4], "rotation": 270, "tintindex": 0,"texture": "#3"}
			}
		},
		{
			"from": [10.51062, 2.44268, -9.32758],
			"to": [12.09062, 4.02268, -6.16758],
			"rotation": {"angle": -22.5, "axis": "y", "origin": [10.51062, 2.44268, -6.16758]},
			"faces": {
				"north": {"uv": [0, 0, 1, 1], "tintindex": 0,"texture": "#3"},
				"east": {"uv": [0, 0, 2, 1], "tintindex": 0,"texture": "#3"},
				"south": {"uv": [0, 0, 1, 1], "tintindex": 0,"texture": "#3"},
				"west": {"uv": [0, 0, 2, 1], "tintindex": 0,"texture": "#3"},
				"up": {"uv": [0, 0, 2, 1], "rotation": 270, "tintindex": 0,"texture": "#3"},
				"down": {"uv": [0, 0, 2, 1], "rotation": 90, "tintindex": 0,"texture": "#3"}
			}
		},
		{
			"from": [11.59963, 2.60068, -11.6424],
			"to": [13.17963, 4.18068, -8.4824],
			"rotation": {"angle": 0, "axis": "y", "origin": [11.59963, 2.60068, -8.4824]},
			"faces": {
				"north": {"uv": [0, 0, 1, 1], "tintindex": 0,"texture": "#3"},
				"east": {"uv": [0, 0, 2, 1], "tintindex": 0,"texture": "#3"},
				"south": {"uv": [0, 0, 1, 1], "tintindex": 0,"texture": "#3"},
				"west": {"uv": [0, 0, 2, 1], "tintindex": 0,"texture": "#3"},
				"up": {"uv": [0, 0, 2, 1], "rotation": 270, "tintindex": 0,"texture": "#3"},
				"down": {"uv": [0, 0, 2, 1], "rotation": 90, "tintindex": 0,"texture": "#3"}
			}
		},
		{
			"from": [9.56262, 4.71669, -10.4574],
			"to": [11.14262, 6.29669, -7.2974],
			"rotation": {"angle": 22.5, "axis": "x", "origin": [9.56262, 4.71669, -7.2974]},
			"faces": {
				"north": {"uv": [0, 0, 1, 1], "tintindex": 0,"texture": "#3"},
				"east": {"uv": [0, 0, 2, 1], "tintindex": 0,"texture": "#3"},
				"south": {"uv": [0, 0, 1, 1], "tintindex": 0,"texture": "#3"},
				"west": {"uv": [0, 0, 2, 1], "tintindex": 0,"texture": "#3"},
				"up": {"uv": [0, 0, 2, 1], "rotation": 270, "tintindex": 0,"texture": "#3"},
				"down": {"uv": [0, 0, 2, 1], "rotation": 90, "tintindex": 0,"texture": "#3"}
			}
		},
		{
			"from": [7.35062, 4.71669, -10.4574],
			"to": [8.93062, 6.29669, -7.2974],
			"rotation": {"angle": 22.5, "axis": "x", "origin": [7.35062, 4.71669, -7.2974]},
			"faces": {
				"north": {"uv": [0, 0, 1, 1], "tintindex": 0,"texture": "#3"},
				"east": {"uv": [0, 0, 2, 1], "tintindex": 0,"texture": "#3"},
				"south": {"uv": [0, 0, 1, 1], "tintindex": 0,"texture": "#3"},
				"west": {"uv": [0, 0, 2, 1], "tintindex": 0,"texture": "#3"},
				"up": {"uv": [0, 0, 2, 1], "rotation": 270, "tintindex": 0,"texture": "#3"},
				"down": {"uv": [0, 0, 2, 1], "rotation": 90, "tintindex": 0,"texture": "#3"}
			}
		},
		{
			"from": [5.21762, 4.71669, -10.4574],
			"to": [6.79762, 6.29669, -7.2974],
			"rotation": {"angle": 22.5, "axis": "x", "origin": [5.21762, 4.71669, -7.2974]},
			"faces": {
				"north": {"uv": [0, 0, 1, 1], "tintindex": 0,"texture": "#3"},
				"east": {"uv": [0, 0, 2, 1], "tintindex": 0,"texture": "#3"},
				"south": {"uv": [0, 0, 1, 1], "tintindex": 0,"texture": "#3"},
				"west": {"uv": [0, 0, 2, 1], "tintindex": 0,"texture": "#3"},
				"up": {"uv": [0, 0, 2, 1], "rotation": 270, "tintindex": 0,"texture": "#3"},
				"down": {"uv": [0, 0, 2, 1], "rotation": 90, "tintindex": 0,"texture": "#3"}
			}
		},
		{
			"from": [7.19262, 5.92597, -12.16757],
			"to": [8.77262, 7.50597, -9.00757],
			"rotation": {"angle": -22.5, "axis": "x", "origin": [7.19262, 5.92597, -9.00757]},
			"faces": {
				"north": {"uv": [0, 0, 1, 1], "tintindex": 0,"texture": "#3"},
				"east": {"uv": [0, 0, 2, 1], "tintindex": 0,"texture": "#3"},
				"south": {"uv": [0, 0, 1, 1], "tintindex": 0,"texture": "#3"},
				"west": {"uv": [0, 0, 2, 1], "tintindex": 0,"texture": "#3"},
				"up": {"uv": [0, 0, 2, 1], "rotation": 270, "tintindex": 0,"texture": "#3"},
				"down": {"uv": [0, 0, 2, 1], "rotation": 90, "tintindex": 0,"texture": "#3"}
			}
		},
		{
			"from": [9.40462, 5.92597, -12.16757],
			"to": [10.98462, 7.50597, -9.00757],
			"rotation": {"angle": -22.5, "axis": "x", "origin": [9.40462, 5.92597, -9.00757]},
			"faces": {
				"north": {"uv": [0, 0, 1, 1], "tintindex": 0,"texture": "#3"},
				"east": {"uv": [0, 0, 2, 1], "tintindex": 0,"texture": "#3"},
				"south": {"uv": [0, 0, 1, 1], "tintindex": 0,"texture": "#3"},
				"west": {"uv": [0, 0, 2, 1], "tintindex": 0,"texture": "#3"},
				"up": {"uv": [0, 0, 2, 1], "rotation": 270, "tintindex": 0,"texture": "#3"},
				"down": {"uv": [0, 0, 2, 1], "rotation": 90, "tintindex": 0,"texture": "#3"}
			}
		},
		{
			"from": [5.05962, 5.92597, -12.16757],
			"to": [6.63962, 7.50597, -9.00757],
			"rotation": {"angle": -22.5, "axis": "x", "origin": [5.05962, 5.92597, -9.00757]},
			"faces": {
				"north": {"uv": [0, 0, 1, 1], "tintindex": 0,"texture": "#3"},
				"east": {"uv": [0, 0, 2, 1], "tintindex": 0,"texture": "#3"},
				"south": {"uv": [0, 0, 1, 1], "tintindex": 0,"texture": "#3"},
				"west": {"uv": [0, 0, 2, 1], "tintindex": 0,"texture": "#3"},
				"up": {"uv": [0, 0, 2, 1], "rotation": 270, "tintindex": 0,"texture": "#3"},
				"down": {"uv": [0, 0, 2, 1], "rotation": 90, "tintindex": 0,"texture": "#3"}
			}
		},
		{
			"from": [7, 12.44473, 12.89891],
			"to": [7.012, 23.24473, 22.49891],
			"rotation": {"angle": 25, "axis": "x", "origin": [7.006, 16.04473, 15.89891]},
			"faces": {
				"north": {"uv": [0, 0, 0.01, 5], "tintindex": 0,"texture": "#4"},
				"east": {"uv": [0, 0, 16, 16], "tintindex": 0,"texture": "#4"},
				"south": {"uv": [0, 0, 0.01, 5], "tintindex": 0,"texture": "#4"},
				"west": {"uv": [0, 0, 16, 16], "tintindex": 0,"texture": "#4"},
				"up": {"uv": [0, 0, 0.01, 5], "tintindex": 0,"texture": "#4"},
				"down": {"uv": [0, 0, 0.01, 5], "tintindex": 0,"texture": "#4"}
			}
		},
		{
			"from": [5.5, 6.5, 11.5],
			"to": [9.5, 14.5, 19.5],
			"rotation": {"angle": 45, "axis": "x", "origin": [7.5, 10.5, 15.5]},
			"faces": {
				"north": {"uv": [0, 0, 4, 8], "tintindex": 0,"texture": "#5"},
				"east": {"uv": [0, 0, 8, 8], "tintindex": 0,"texture": "#5"},
				"south": {"uv": [0, 0, 4, 8], "tintindex": 0,"texture": "#5"},
				"west": {"uv": [0, 0, 8, 8], "tintindex": 0,"texture": "#5"},
				"up": {"uv": [0, 0, 4, 8], "tintindex": 0,"texture": "#5"},
				"down": {"uv": [0, 0, 4, 8], "tintindex": 0,"texture": "#5"}
			}
		},
		{
			"from": [7, 1, 6],
			"to": [10, 4, 16],
			"rotation": {"angle": -42.5, "axis": "x", "origin": [7, 4, 6]},
			"faces": {
				"north": {"uv": [0, 0, 3, 3], "rotation": 180, "tintindex": 0,"texture": "#particle"},
				"east": {"uv": [0, 0, 3, 10], "rotation": 270, "tintindex": 0,"texture": "#particle"},
				"south": {"uv": [0, 0, 3, 3], "tintindex": 0,"texture": "#particle"},
				"west": {"uv": [0, 0, 3, 10], "rotation": 90, "tintindex": 0,"texture": "#particle"},
				"up": {"uv": [0, 0, 3, 10], "rotation": 180, "tintindex": 0,"texture": "#particle"},
				"down": {"uv": [0, 0, 3, 10], "tintindex": 0,"texture": "#particle"}
			}
		},
		{
			"from": [5.5, 0.75, -2],
			"to": [10.5, 4.75, 9],
			"rotation": {"angle": 0, "axis": "y", "origin": [8, 3.25, 3.5]},
			"faces": {
				"north": {"uv": [0, 0, 5, 4], "rotation": 180, "tintindex": 0,"texture": "#5"},
				"east": {"uv": [0, 0, 4, 11], "rotation": 270, "tintindex": 0,"texture": "#5"},
				"south": {"uv": [0, 0, 5, 4], "tintindex": 0,"texture": "#5"},
				"west": {"uv": [0, 0, 4, 11], "rotation": 90, "tintindex": 0,"texture": "#5"},
				"up": {"uv": [0, 0, 5, 11], "rotation": 180, "tintindex": 0,"texture": "#5"},
				"down": {"uv": [0, 0, 5, 11], "tintindex": 0,"texture": "#5"}
			}
		}
	],
	"display": {
		"head": {
			"translation": [0, -10.25, -29.75],
			"scale": [4, 4, 4]
		}
	},
	"groups": [
		{
			"name": "steve",
			"origin": [8, 8, 8],
			"color": 0,
			"children": [0, 1, 2, 3, 4, 5, 6, 7, 8]
		},
		9,
		10,
		11,
		12
	]
}