{
	"format_version": "1.21.6",
	"credit": "Made with Blockbench",
	"textures": {
		"3": "block/lava_still",
		"4": "block/campfire_fire",
		"5": "block/blackstone_top",
		"particle": "block/lava_flow"
	},
	"elements": [
		{
			"from": [-7.01938, 2.83768, -7.74758],
			"to": [-0.69938, 5.20768, -1.42758],
			"rotation": {"angle": 22.5, "axis": "x", "origin": [-3.85938, 4.41768, -4.58758]},
			"faces": {
				"north": {"uv": [0, 0, 1.5, 4], "rotation": 90, "texture": "#3"},
				"east": {"uv": [0, 0, 1.5, 4], "rotation": 270, "texture": "#3"},
				"south": {"uv": [0, 0, 1.5, 4], "rotation": 270, "texture": "#3"},
				"west": {"uv": [0, 0, 1.5, 4], "rotation": 270, "texture": "#3"},
				"up": {"uv": [0, 0, 4, 4], "rotation": 270, "texture": "#3"},
				"down": {"uv": [0, 0, 4, 4], "rotation": 270, "texture": "#3"}
			}
		},
		{
			"from": [-1.48938, 2.44268, -9.32758],
			"to": [0.09062, 4.02268, -6.16758],
			"rotation": {"angle": -22.5, "axis": "y", "origin": [-1.48938, 2.44268, -6.16758]},
			"faces": {
				"north": {"uv": [0, 0, 1, 1], "texture": "#3"},
				"east": {"uv": [0, 0, 2, 1], "texture": "#3"},
				"south": {"uv": [0, 0, 1, 1], "texture": "#3"},
				"west": {"uv": [0, 0, 2, 1], "texture": "#3"},
				"up": {"uv": [0, 0, 2, 1], "rotation": 270, "texture": "#3"},
				"down": {"uv": [0, 0, 2, 1], "rotation": 90, "texture": "#3"}
			}
		},
		{
			"from": [-0.40037, 2.60068, -11.6424],
			"to": [1.17963, 4.18068, -8.4824],
			"rotation": {"angle": 0, "axis": "z", "origin": [-0.40037, 2.60068, -8.4824]},
			"faces": {
				"north": {"uv": [0, 0, 1, 1], "texture": "#3"},
				"east": {"uv": [0, 0, 2, 1], "texture": "#3"},
				"south": {"uv": [0, 0, 1, 1], "texture": "#3"},
				"west": {"uv": [0, 0, 2, 1], "texture": "#3"},
				"up": {"uv": [0, 0, 2, 1], "rotation": 270, "texture": "#3"},
				"down": {"uv": [0, 0, 2, 1], "rotation": 90, "texture": "#3"}
			}
		},
		{
			"from": [-2.43738, 4.71669, -10.4574],
			"to": [-0.85738, 6.29669, -7.2974],
			"rotation": {"angle": 22.5, "axis": "x", "origin": [-2.43738, 4.71669, -7.2974]},
			"faces": {
				"north": {"uv": [0, 0, 1, 1], "texture": "#3"},
				"east": {"uv": [0, 0, 2, 1], "texture": "#3"},
				"south": {"uv": [0, 0, 1, 1], "texture": "#3"},
				"west": {"uv": [0, 0, 2, 1], "texture": "#3"},
				"up": {"uv": [0, 0, 2, 1], "rotation": 270, "texture": "#3"},
				"down": {"uv": [0, 0, 2, 1], "rotation": 90, "texture": "#3"}
			}
		},
		{
			"from": [-4.64938, 4.71669, -10.4574],
			"to": [-3.06938, 6.29669, -7.2974],
			"rotation": {"angle": 22.5, "axis": "x", "origin": [-4.64938, 4.71669, -7.2974]},
			"faces": {
				"north": {"uv": [0, 0, 1, 1], "texture": "#3"},
				"east": {"uv": [0, 0, 2, 1], "texture": "#3"},
				"south": {"uv": [0, 0, 1, 1], "texture": "#3"},
				"west": {"uv": [0, 0, 2, 1], "texture": "#3"},
				"up": {"uv": [0, 0, 2, 1], "rotation": 270, "texture": "#3"},
				"down": {"uv": [0, 0, 2, 1], "rotation": 90, "texture": "#3"}
			}
		},
		{
			"from": [-6.78238, 4.71669, -10.4574],
			"to": [-5.20238, 6.29669, -7.2974],
			"rotation": {"angle": 22.5, "axis": "x", "origin": [-6.78238, 4.71669, -7.2974]},
			"faces": {
				"north": {"uv": [0, 0, 1, 1], "texture": "#3"},
				"east": {"uv": [0, 0, 2, 1], "texture": "#3"},
				"south": {"uv": [0, 0, 1, 1], "texture": "#3"},
				"west": {"uv": [0, 0, 2, 1], "texture": "#3"},
				"up": {"uv": [0, 0, 2, 1], "rotation": 270, "texture": "#3"},
				"down": {"uv": [0, 0, 2, 1], "rotation": 90, "texture": "#3"}
			}
		},
		{
			"from": [-4.80738, 5.92597, -12.16757],
			"to": [-3.22738, 7.50597, -9.00757],
			"rotation": {"angle": -22.5, "axis": "x", "origin": [-4.80738, 5.92597, -9.00757]},
			"faces": {
				"north": {"uv": [0, 0, 1, 1], "texture": "#3"},
				"east": {"uv": [0, 0, 2, 1], "texture": "#3"},
				"south": {"uv": [0, 0, 1, 1], "texture": "#3"},
				"west": {"uv": [0, 0, 2, 1], "texture": "#3"},
				"up": {"uv": [0, 0, 2, 1], "rotation": 270, "texture": "#3"},
				"down": {"uv": [0, 0, 2, 1], "rotation": 90, "texture": "#3"}
			}
		},
		{
			"from": [-2.59538, 5.92597, -12.16757],
			"to": [-1.01538, 7.50597, -9.00757],
			"rotation": {"angle": -22.5, "axis": "x", "origin": [-2.59538, 5.92597, -9.00757]},
			"faces": {
				"north": {"uv": [0, 0, 1, 1], "texture": "#3"},
				"east": {"uv": [0, 0, 2, 1], "texture": "#3"},
				"south": {"uv": [0, 0, 1, 1], "texture": "#3"},
				"west": {"uv": [0, 0, 2, 1], "texture": "#3"},
				"up": {"uv": [0, 0, 2, 1], "rotation": 270, "texture": "#3"},
				"down": {"uv": [0, 0, 2, 1], "rotation": 90, "texture": "#3"}
			}
		},
		{
			"from": [-6.94038, 5.92597, -12.16757],
			"to": [-5.36038, 7.50597, -9.00757],
			"rotation": {"angle": -22.5, "axis": "x", "origin": [-6.94038, 5.92597, -9.00757]},
			"faces": {
				"north": {"uv": [0, 0, 1, 1], "texture": "#3"},
				"east": {"uv": [0, 0, 2, 1], "texture": "#3"},
				"south": {"uv": [0, 0, 1, 1], "texture": "#3"},
				"west": {"uv": [0, 0, 2, 1], "texture": "#3"},
				"up": {"uv": [0, 0, 2, 1], "rotation": 270, "texture": "#3"},
				"down": {"uv": [0, 0, 2, 1], "rotation": 90, "texture": "#3"}
			}
		},
		{
			"from": [16.69938, 2.83768, -7.74758],
			"to": [23.01938, 5.20768, -1.42758],
			"rotation": {"angle": 22.5, "axis": "x", "origin": [19.85938, 4.41768, -4.58758]},
			"faces": {
				"north": {"uv": [0, 4, 1.5, 0], "rotation": 90, "texture": "#3"},
				"east": {"uv": [0, 4, 1.5, 0], "rotation": 270, "texture": "#3"},
				"south": {"uv": [0, 4, 1.5, 0], "rotation": 270, "texture": "#3"},
				"west": {"uv": [0, 4, 1.5, 0], "rotation": 270, "texture": "#3"},
				"up": {"uv": [0, 4, 4, 0], "rotation": 270, "texture": "#3"},
				"down": {"uv": [0, 4, 4, 0], "rotation": 270, "texture": "#3"}
			}
		},
		{
			"from": [15.90938, 2.44268, -9.32758],
			"to": [17.48938, 4.02268, -6.16758],
			"rotation": {"angle": 22.5, "axis": "y", "origin": [17.48938, 2.44268, -6.16758]},
			"faces": {
				"north": {"uv": [1, 0, 0, 1], "texture": "#3"},
				"east": {"uv": [2, 0, 0, 1], "texture": "#3"},
				"south": {"uv": [1, 0, 0, 1], "texture": "#3"},
				"west": {"uv": [2, 0, 0, 1], "texture": "#3"},
				"up": {"uv": [0, 1, 2, 0], "rotation": 270, "texture": "#3"},
				"down": {"uv": [0, 1, 2, 0], "rotation": 90, "texture": "#3"}
			}
		},
		{
			"from": [14.82037, 2.60068, -11.6424],
			"to": [16.40037, 4.18068, -8.4824],
			"rotation": {"angle": 0, "axis": "z", "origin": [16.40037, 2.60068, -8.4824]},
			"faces": {
				"north": {"uv": [1, 0, 0, 1], "texture": "#3"},
				"east": {"uv": [2, 0, 0, 1], "texture": "#3"},
				"south": {"uv": [1, 0, 0, 1], "texture": "#3"},
				"west": {"uv": [2, 0, 0, 1], "texture": "#3"},
				"up": {"uv": [0, 1, 2, 0], "rotation": 270, "texture": "#3"},
				"down": {"uv": [0, 1, 2, 0], "rotation": 90, "texture": "#3"}
			}
		},
		{
			"from": [16.85738, 4.71669, -10.4574],
			"to": [18.43738, 6.29669, -7.2974],
			"rotation": {"angle": 22.5, "axis": "x", "origin": [18.43738, 4.71669, -7.2974]},
			"faces": {
				"north": {"uv": [1, 0, 0, 1], "texture": "#3"},
				"east": {"uv": [2, 0, 0, 1], "texture": "#3"},
				"south": {"uv": [1, 0, 0, 1], "texture": "#3"},
				"west": {"uv": [2, 0, 0, 1], "texture": "#3"},
				"up": {"uv": [0, 1, 2, 0], "rotation": 270, "texture": "#3"},
				"down": {"uv": [0, 1, 2, 0], "rotation": 90, "texture": "#3"}
			}
		},
		{
			"from": [19.06938, 4.71669, -10.4574],
			"to": [20.64938, 6.29669, -7.2974],
			"rotation": {"angle": 22.5, "axis": "x", "origin": [20.64938, 4.71669, -7.2974]},
			"faces": {
				"north": {"uv": [1, 0, 0, 1], "texture": "#3"},
				"east": {"uv": [2, 0, 0, 1], "texture": "#3"},
				"south": {"uv": [1, 0, 0, 1], "texture": "#3"},
				"west": {"uv": [2, 0, 0, 1], "texture": "#3"},
				"up": {"uv": [0, 1, 2, 0], "rotation": 270, "texture": "#3"},
				"down": {"uv": [0, 1, 2, 0], "rotation": 90, "texture": "#3"}
			}
		},
		{
			"from": [21.20238, 4.71669, -10.4574],
			"to": [22.78238, 6.29669, -7.2974],
			"rotation": {"angle": 22.5, "axis": "x", "origin": [22.78238, 4.71669, -7.2974]},
			"faces": {
				"north": {"uv": [1, 0, 0, 1], "texture": "#3"},
				"east": {"uv": [2, 0, 0, 1], "texture": "#3"},
				"south": {"uv": [1, 0, 0, 1], "texture": "#3"},
				"west": {"uv": [2, 0, 0, 1], "texture": "#3"},
				"up": {"uv": [0, 1, 2, 0], "rotation": 270, "texture": "#3"},
				"down": {"uv": [0, 1, 2, 0], "rotation": 90, "texture": "#3"}
			}
		},
		{
			"from": [19.22738, 5.92597, -12.16757],
			"to": [20.80738, 7.50597, -9.00757],
			"rotation": {"angle": -22.5, "axis": "x", "origin": [20.80738, 5.92597, -9.00757]},
			"faces": {
				"north": {"uv": [1, 0, 0, 1], "texture": "#3"},
				"east": {"uv": [2, 0, 0, 1], "texture": "#3"},
				"south": {"uv": [1, 0, 0, 1], "texture": "#3"},
				"west": {"uv": [2, 0, 0, 1], "texture": "#3"},
				"up": {"uv": [0, 1, 2, 0], "rotation": 270, "texture": "#3"},
				"down": {"uv": [0, 1, 2, 0], "rotation": 90, "texture": "#3"}
			}
		},
		{
			"from": [17.01538, 5.92597, -12.16757],
			"to": [18.59538, 7.50597, -9.00757],
			"rotation": {"angle": -22.5, "axis": "x", "origin": [18.59538, 5.92597, -9.00757]},
			"faces": {
				"north": {"uv": [1, 0, 0, 1], "texture": "#3"},
				"east": {"uv": [2, 0, 0, 1], "texture": "#3"},
				"south": {"uv": [1, 0, 0, 1], "texture": "#3"},
				"west": {"uv": [2, 0, 0, 1], "texture": "#3"},
				"up": {"uv": [0, 1, 2, 0], "rotation": 270, "texture": "#3"},
				"down": {"uv": [0, 1, 2, 0], "rotation": 90, "texture": "#3"}
			}
		},
		{
			"from": [21.36038, 5.92597, -12.16757],
			"to": [22.94038, 7.50597, -9.00757],
			"rotation": {"angle": -22.5, "axis": "x", "origin": [22.94038, 5.92597, -9.00757]},
			"faces": {
				"north": {"uv": [1, 0, 0, 1], "texture": "#3"},
				"east": {"uv": [2, 0, 0, 1], "texture": "#3"},
				"south": {"uv": [1, 0, 0, 1], "texture": "#3"},
				"west": {"uv": [2, 0, 0, 1], "texture": "#3"},
				"up": {"uv": [0, 1, 2, 0], "rotation": 270, "texture": "#3"},
				"down": {"uv": [0, 1, 2, 0], "rotation": 90, "texture": "#3"}
			}
		},
		{
			"from": [4.1, 4.7025, 11.10291],
			"to": [11.9, 12.5025, 18.90291],
			"rotation": {"angle": 45, "axis": "y", "origin": [8, 8.6025, 15.00291]},
			"faces": {
				"north": {"uv": [0, 0, 6, 6], "texture": "#particle"},
				"east": {"uv": [0, 0, 6, 6], "texture": "#particle"},
				"south": {"uv": [0, 0, 6, 6], "texture": "#particle"},
				"west": {"uv": [0, 0, 6, 6], "texture": "#particle"},
				"up": {"uv": [0, 0, 6, 6], "texture": "#3"},
				"down": {"uv": [0, 0, 6, 6], "texture": "#3"}
			}
		},
		{
			"from": [6.7, 8.9275, 5.90291],
			"to": [9.3, 15.4275, 8.50291],
			"rotation": {"angle": 22.5, "axis": "x", "origin": [6.7, 8.9275, 5.90291]},
			"faces": {
				"north": {"uv": [0, 0, 2, 5], "texture": "#5"},
				"east": {"uv": [0, 0, 2, 5], "texture": "#5"},
				"south": {"uv": [0, 0, 2, 5], "texture": "#5"},
				"west": {"uv": [0, 0, 2, 5], "texture": "#5"},
				"up": {"uv": [0, 0, 2, 2], "texture": "#5"},
				"down": {"uv": [0, 0, 2, 2], "texture": "#5"}
			}
		},
		{
			"from": [6.7, 2.7525, 20.20291],
			"to": [9.3, 14.4525, 22.80291],
			"rotation": {"angle": 0, "axis": "z", "origin": [6.7, 2.7525, 20.20291]},
			"faces": {
				"north": {"uv": [0, 0, 2, 9], "texture": "#5"},
				"east": {"uv": [0, 0, 2, 9], "texture": "#5"},
				"south": {"uv": [0, 0, 2, 9], "texture": "#5"},
				"west": {"uv": [0, 0, 2, 9], "texture": "#5"},
				"up": {"uv": [0, 0, 2, 2], "texture": "#5"},
				"down": {"uv": [0, 0, 2, 2], "texture": "#5"}
			}
		},
		{
			"from": [0.85, 12.5025, 11.10291],
			"to": [7.35, 13.8025, 12.40291],
			"rotation": {"angle": 22.5, "axis": "y", "origin": [0.85, 12.5025, 11.10291]},
			"faces": {
				"north": {"uv": [0, 0, 5, 1], "texture": "#5"},
				"east": {"uv": [0, 0, 1, 1], "texture": "#5"},
				"south": {"uv": [0, 0, 5, 1], "texture": "#5"},
				"west": {"uv": [0, 0, 1, 1], "texture": "#5"},
				"up": {"uv": [0, 0, 5, 1], "texture": "#5"},
				"down": {"uv": [0, 0, 5, 1], "texture": "#5"}
			}
		},
		{
			"from": [0.85, 12.5025, 11.10291],
			"to": [7.35, 13.8025, 12.40291],
			"rotation": {"angle": 22.5, "axis": "y", "origin": [0.85, 12.5025, 11.10291]},
			"faces": {
				"north": {"uv": [0, 0, 5, 1], "texture": "#5"},
				"east": {"uv": [0, 0, 1, 1], "texture": "#5"},
				"south": {"uv": [0, 0, 5, 1], "texture": "#5"},
				"west": {"uv": [0, 0, 1, 1], "texture": "#5"},
				"up": {"uv": [0, 0, 5, 1], "texture": "#5"},
				"down": {"uv": [0, 0, 5, 1], "texture": "#5"}
			}
		},
		{
			"from": [0.85, 12.5025, 11.10291],
			"to": [7.35, 13.8025, 12.40291],
			"rotation": {"angle": 22.5, "axis": "y", "origin": [0.85, 12.5025, 11.10291]},
			"faces": {
				"north": {"uv": [0, 0, 5, 1], "texture": "#5"},
				"east": {"uv": [0, 0, 1, 1], "texture": "#5"},
				"south": {"uv": [0, 0, 5, 1], "texture": "#5"},
				"west": {"uv": [0, 0, 1, 1], "texture": "#5"},
				"up": {"uv": [0, 0, 5, 1], "texture": "#5"},
				"down": {"uv": [0, 0, 5, 1], "texture": "#5"}
			}
		},
		{
			"from": [0.85, 9.9025, 10.45291],
			"to": [7.35, 11.2025, 11.75291],
			"rotation": {"angle": 22.5, "axis": "y", "origin": [0.85, 9.9025, 10.45291]},
			"faces": {
				"north": {"uv": [0, 0, 5, 1], "texture": "#5"},
				"east": {"uv": [0, 0, 1, 1], "texture": "#5"},
				"south": {"uv": [0, 0, 5, 1], "texture": "#5"},
				"west": {"uv": [0, 0, 1, 1], "texture": "#5"},
				"up": {"uv": [0, 0, 5, 1], "texture": "#5"},
				"down": {"uv": [0, 0, 5, 1], "texture": "#5"}
			}
		},
		{
			"from": [0.85, 7.3025, 9.80291],
			"to": [7.35, 8.6025, 11.10291],
			"rotation": {"angle": 22.5, "axis": "y", "origin": [0.85, 7.3025, 9.80291]},
			"faces": {
				"north": {"uv": [0, 0, 5, 1], "texture": "#5"},
				"east": {"uv": [0, 0, 1, 1], "texture": "#5"},
				"south": {"uv": [0, 0, 5, 1], "texture": "#5"},
				"west": {"uv": [0, 0, 1, 1], "texture": "#5"},
				"up": {"uv": [0, 0, 5, 1], "texture": "#5"},
				"down": {"uv": [0, 0, 5, 1], "texture": "#5"}
			}
		},
		{
			"from": [8.65, 12.5025, 11.10291],
			"to": [15.15, 13.8025, 12.40291],
			"rotation": {"angle": -22.5, "axis": "y", "origin": [15.15, 12.5025, 11.10291]},
			"faces": {
				"north": {"uv": [5, 0, 0, 1], "texture": "#5"},
				"east": {"uv": [1, 0, 0, 1], "texture": "#5"},
				"south": {"uv": [5, 0, 0, 1], "texture": "#5"},
				"west": {"uv": [1, 0, 0, 1], "texture": "#5"},
				"up": {"uv": [5, 0, 0, 1], "texture": "#5"},
				"down": {"uv": [5, 0, 0, 1], "texture": "#5"}
			}
		},
		{
			"from": [8.65, 9.9025, 10.45291],
			"to": [15.15, 11.2025, 11.75291],
			"rotation": {"angle": -22.5, "axis": "y", "origin": [15.15, 9.9025, 10.45291]},
			"faces": {
				"north": {"uv": [5, 0, 0, 1], "texture": "#5"},
				"east": {"uv": [1, 0, 0, 1], "texture": "#5"},
				"south": {"uv": [5, 0, 0, 1], "texture": "#5"},
				"west": {"uv": [1, 0, 0, 1], "texture": "#5"},
				"up": {"uv": [5, 0, 0, 1], "texture": "#5"},
				"down": {"uv": [5, 0, 0, 1], "texture": "#5"}
			}
		},
		{
			"from": [8.65, 7.3025, 9.80291],
			"to": [15.15, 8.6025, 11.10291],
			"rotation": {"angle": -22.5, "axis": "y", "origin": [15.15, 7.3025, 9.80291]},
			"faces": {
				"north": {"uv": [5, 0, 0, 1], "texture": "#5"},
				"east": {"uv": [1, 0, 0, 1], "texture": "#5"},
				"south": {"uv": [5, 0, 0, 1], "texture": "#5"},
				"west": {"uv": [1, 0, 0, 1], "texture": "#5"},
				"up": {"uv": [5, 0, 0, 1], "texture": "#5"},
				"down": {"uv": [5, 0, 0, 1], "texture": "#5"}
			}
		},
		{
			"from": [-1.63744, 12.3725, 10.60813],
			"to": [-0.33744, 13.6725, 14.50813],
			"rotation": {"angle": -22.5, "axis": "y", "origin": [-1.63744, 12.3725, 17.10813]},
			"faces": {
				"north": {"uv": [0, 0, 1, 1], "texture": "#5"},
				"east": {"uv": [0, 0, 3, 1], "texture": "#5"},
				"south": {"uv": [0, 0, 1, 1], "texture": "#5"},
				"west": {"uv": [0, 0, 3, 1], "texture": "#5"},
				"up": {"uv": [0, 0, 3, 1], "rotation": 270, "texture": "#5"},
				"down": {"uv": [0, 0, 3, 1], "rotation": 90, "texture": "#5"}
			}
		},
		{
			"from": [3.95373, 12.1125, 16.70224],
			"to": [5.25373, 13.4125, 21.90224],
			"rotation": {"angle": 45, "axis": "y", "origin": [3.95373, 12.1125, 23.20224]},
			"faces": {
				"north": {"uv": [0, 0, 1, 1], "texture": "#5"},
				"east": {"uv": [0, 0, 4, 1], "texture": "#5"},
				"south": {"uv": [0, 0, 1, 1], "texture": "#5"},
				"west": {"uv": [0, 0, 4, 1], "texture": "#5"},
				"up": {"uv": [0, 0, 4, 1], "rotation": 270, "texture": "#5"},
				"down": {"uv": [0, 0, 4, 1], "rotation": 90, "texture": "#5"}
			}
		},
		{
			"from": [3.95373, 9.5125, 16.70224],
			"to": [5.25373, 10.8125, 21.90224],
			"rotation": {"angle": 45, "axis": "y", "origin": [3.95373, 9.5125, 23.20224]},
			"faces": {
				"north": {"uv": [0, 0, 1, 1], "texture": "#5"},
				"east": {"uv": [0, 0, 4, 1], "texture": "#5"},
				"south": {"uv": [0, 0, 1, 1], "texture": "#5"},
				"west": {"uv": [0, 0, 4, 1], "texture": "#5"},
				"up": {"uv": [0, 0, 4, 1], "rotation": 270, "texture": "#5"},
				"down": {"uv": [0, 0, 4, 1], "rotation": 90, "texture": "#5"}
			}
		},
		{
			"from": [3.95373, 6.9125, 16.70224],
			"to": [5.25373, 8.2125, 21.90224],
			"rotation": {"angle": 45, "axis": "y", "origin": [3.95373, 6.9125, 23.20224]},
			"faces": {
				"north": {"uv": [0, 0, 1, 1], "texture": "#5"},
				"east": {"uv": [0, 0, 4, 1], "texture": "#5"},
				"south": {"uv": [0, 0, 1, 1], "texture": "#5"},
				"west": {"uv": [0, 0, 4, 1], "texture": "#5"},
				"up": {"uv": [0, 0, 4, 1], "rotation": 270, "texture": "#5"},
				"down": {"uv": [0, 0, 4, 1], "rotation": 90, "texture": "#5"}
			}
		},
		{
			"from": [-0.64247, 12.2425, 14.70604],
			"to": [0.65753, 13.5425, 18.60604],
			"rotation": {"angle": 0, "axis": "z", "origin": [-0.64247, 12.2425, 21.20604]},
			"faces": {
				"north": {"uv": [0, 0, 1, 1], "texture": "#5"},
				"east": {"uv": [0, 0, 3, 1], "texture": "#5"},
				"south": {"uv": [0, 0, 1, 1], "texture": "#5"},
				"west": {"uv": [0, 0, 3, 1], "texture": "#5"},
				"up": {"uv": [0, 0, 3, 1], "rotation": 270, "texture": "#5"},
				"down": {"uv": [0, 0, 3, 1], "rotation": 90, "texture": "#5"}
			}
		},
		{
			"from": [-0.64247, 9.6425, 14.70604],
			"to": [0.65753, 10.9425, 18.60604],
			"rotation": {"angle": 0, "axis": "z", "origin": [-0.64247, 9.6425, 21.20604]},
			"faces": {
				"north": {"uv": [0, 0, 1, 1], "texture": "#5"},
				"east": {"uv": [0, 0, 3, 1], "texture": "#5"},
				"south": {"uv": [0, 0, 1, 1], "texture": "#5"},
				"west": {"uv": [0, 0, 3, 1], "texture": "#5"},
				"up": {"uv": [0, 0, 3, 1], "rotation": 270, "texture": "#5"},
				"down": {"uv": [0, 0, 3, 1], "rotation": 90, "texture": "#5"}
			}
		},
		{
			"from": [-0.64247, 7.0425, 13.40604],
			"to": [0.65753, 8.3425, 18.60604],
			"rotation": {"angle": 0, "axis": "z", "origin": [-0.64247, 7.0425, 19.90604]},
			"faces": {
				"north": {"uv": [0, 0, 1, 1], "texture": "#5"},
				"east": {"uv": [0, 0, 4, 1], "texture": "#5"},
				"south": {"uv": [0, 0, 1, 1], "texture": "#5"},
				"west": {"uv": [0, 0, 4, 1], "texture": "#5"},
				"up": {"uv": [0, 0, 4, 1], "rotation": 270, "texture": "#5"},
				"down": {"uv": [0, 0, 4, 1], "rotation": 90, "texture": "#5"}
			}
		},
		{
			"from": [-1.63744, 9.7725, 10.60813],
			"to": [-0.33744, 11.0725, 14.50813],
			"rotation": {"angle": -22.5, "axis": "y", "origin": [-1.63744, 9.7725, 17.10813]},
			"faces": {
				"north": {"uv": [0, 0, 1, 1], "texture": "#5"},
				"east": {"uv": [0, 0, 3, 1], "texture": "#5"},
				"south": {"uv": [0, 0, 1, 1], "texture": "#5"},
				"west": {"uv": [0, 0, 3, 1], "texture": "#5"},
				"up": {"uv": [0, 0, 3, 1], "rotation": 270, "texture": "#5"},
				"down": {"uv": [0, 0, 3, 1], "rotation": 90, "texture": "#5"}
			}
		},
		{
			"from": [-1.63744, 7.1725, 9.30813],
			"to": [-0.33744, 8.4725, 13.20813],
			"rotation": {"angle": -22.5, "axis": "y", "origin": [-1.63744, 7.1725, 15.80813]},
			"faces": {
				"north": {"uv": [0, 0, 1, 1], "texture": "#5"},
				"east": {"uv": [0, 0, 3, 1], "texture": "#5"},
				"south": {"uv": [0, 0, 1, 1], "texture": "#5"},
				"west": {"uv": [0, 0, 3, 1], "texture": "#5"},
				"up": {"uv": [0, 0, 3, 1], "rotation": 270, "texture": "#5"},
				"down": {"uv": [0, 0, 3, 1], "rotation": 90, "texture": "#5"}
			}
		},
		{
			"from": [16.33744, 12.3725, 10.60813],
			"to": [17.63744, 13.6725, 14.50813],
			"rotation": {"angle": 22.5, "axis": "y", "origin": [17.63744, 12.3725, 17.10813]},
			"faces": {
				"north": {"uv": [1, 0, 0, 1], "texture": "#5"},
				"east": {"uv": [3, 0, 0, 1], "texture": "#5"},
				"south": {"uv": [1, 0, 0, 1], "texture": "#5"},
				"west": {"uv": [3, 0, 0, 1], "texture": "#5"},
				"up": {"uv": [0, 1, 3, 0], "rotation": 270, "texture": "#5"},
				"down": {"uv": [0, 1, 3, 0], "rotation": 90, "texture": "#5"}
			}
		},
		{
			"from": [16.33744, 9.7725, 10.60813],
			"to": [17.63744, 11.0725, 14.50813],
			"rotation": {"angle": 22.5, "axis": "y", "origin": [17.63744, 9.7725, 17.10813]},
			"faces": {
				"north": {"uv": [1, 0, 0, 1], "texture": "#5"},
				"east": {"uv": [3, 0, 0, 1], "texture": "#5"},
				"south": {"uv": [1, 0, 0, 1], "texture": "#5"},
				"west": {"uv": [3, 0, 0, 1], "texture": "#5"},
				"up": {"uv": [0, 1, 3, 0], "rotation": 270, "texture": "#5"},
				"down": {"uv": [0, 1, 3, 0], "rotation": 90, "texture": "#5"}
			}
		},
		{
			"from": [16.33744, 7.1725, 9.30813],
			"to": [17.63744, 8.4725, 13.20813],
			"rotation": {"angle": 22.5, "axis": "y", "origin": [17.63744, 7.1725, 15.80813]},
			"faces": {
				"north": {"uv": [1, 0, 0, 1], "texture": "#5"},
				"east": {"uv": [3, 0, 0, 1], "texture": "#5"},
				"south": {"uv": [1, 0, 0, 1], "texture": "#5"},
				"west": {"uv": [3, 0, 0, 1], "texture": "#5"},
				"up": {"uv": [0, 1, 3, 0], "rotation": 270, "texture": "#5"},
				"down": {"uv": [0, 1, 3, 0], "rotation": 90, "texture": "#5"}
			}
		},
		{
			"from": [15.34247, 12.2425, 14.70604],
			"to": [16.64247, 13.5425, 18.60604],
			"rotation": {"angle": 0, "axis": "z", "origin": [16.64247, 12.2425, 21.20604]},
			"faces": {
				"north": {"uv": [1, 0, 0, 1], "texture": "#5"},
				"east": {"uv": [3, 0, 0, 1], "texture": "#5"},
				"south": {"uv": [1, 0, 0, 1], "texture": "#5"},
				"west": {"uv": [3, 0, 0, 1], "texture": "#5"},
				"up": {"uv": [0, 1, 3, 0], "rotation": 270, "texture": "#5"},
				"down": {"uv": [0, 1, 3, 0], "rotation": 90, "texture": "#5"}
			}
		},
		{
			"from": [15.34247, 9.6425, 14.70604],
			"to": [16.64247, 10.9425, 18.60604],
			"rotation": {"angle": 0, "axis": "z", "origin": [16.64247, 9.6425, 21.20604]},
			"faces": {
				"north": {"uv": [1, 0, 0, 1], "texture": "#5"},
				"east": {"uv": [3, 0, 0, 1], "texture": "#5"},
				"south": {"uv": [1, 0, 0, 1], "texture": "#5"},
				"west": {"uv": [3, 0, 0, 1], "texture": "#5"},
				"up": {"uv": [0, 1, 3, 0], "rotation": 270, "texture": "#5"},
				"down": {"uv": [0, 1, 3, 0], "rotation": 90, "texture": "#5"}
			}
		},
		{
			"from": [15.34247, 7.0425, 13.40604],
			"to": [16.64247, 8.3425, 18.60604],
			"rotation": {"angle": 0, "axis": "z", "origin": [16.64247, 7.0425, 19.90604]},
			"faces": {
				"north": {"uv": [1, 0, 0, 1], "texture": "#5"},
				"east": {"uv": [4, 0, 0, 1], "texture": "#5"},
				"south": {"uv": [1, 0, 0, 1], "texture": "#5"},
				"west": {"uv": [4, 0, 0, 1], "texture": "#5"},
				"up": {"uv": [0, 1, 4, 0], "rotation": 270, "texture": "#5"},
				"down": {"uv": [0, 1, 4, 0], "rotation": 90, "texture": "#5"}
			}
		},
		{
			"from": [10.74627, 12.1125, 16.70224],
			"to": [12.04627, 13.4125, 21.90224],
			"rotation": {"angle": -45, "axis": "y", "origin": [12.04627, 12.1125, 23.20224]},
			"faces": {
				"north": {"uv": [1, 0, 0, 1], "texture": "#5"},
				"east": {"uv": [4, 0, 0, 1], "texture": "#5"},
				"south": {"uv": [1, 0, 0, 1], "texture": "#5"},
				"west": {"uv": [4, 0, 0, 1], "texture": "#5"},
				"up": {"uv": [0, 1, 4, 0], "rotation": 270, "texture": "#5"},
				"down": {"uv": [0, 1, 4, 0], "rotation": 90, "texture": "#5"}
			}
		},
		{
			"from": [10.74627, 9.5125, 16.70224],
			"to": [12.04627, 10.8125, 21.90224],
			"rotation": {"angle": -45, "axis": "y", "origin": [12.04627, 9.5125, 23.20224]},
			"faces": {
				"north": {"uv": [1, 0, 0, 1], "texture": "#5"},
				"east": {"uv": [4, 0, 0, 1], "texture": "#5"},
				"south": {"uv": [1, 0, 0, 1], "texture": "#5"},
				"west": {"uv": [4, 0, 0, 1], "texture": "#5"},
				"up": {"uv": [0, 1, 4, 0], "rotation": 270, "texture": "#5"},
				"down": {"uv": [0, 1, 4, 0], "rotation": 90, "texture": "#5"}
			}
		},
		{
			"from": [10.74627, 6.9125, 16.70224],
			"to": [12.04627, 8.2125, 21.90224],
			"rotation": {"angle": -45, "axis": "y", "origin": [12.04627, 6.9125, 23.20224]},
			"faces": {
				"north": {"uv": [1, 0, 0, 1], "texture": "#5"},
				"east": {"uv": [4, 0, 0, 1], "texture": "#5"},
				"south": {"uv": [1, 0, 0, 1], "texture": "#5"},
				"west": {"uv": [4, 0, 0, 1], "texture": "#5"},
				"up": {"uv": [0, 1, 4, 0], "rotation": 270, "texture": "#5"},
				"down": {"uv": [0, 1, 4, 0], "rotation": 90, "texture": "#5"}
			}
		},
		{
			"from": [2.8, 9.4475, 20.98291],
			"to": [13.2, 10.7475, 22.28291],
			"rotation": {"angle": 0, "axis": "z", "origin": [2.8, 9.4475, 20.98291]},
			"faces": {
				"north": {"uv": [0, 0, 8, 1], "texture": "#5"},
				"east": {"uv": [0, 0, 1, 1], "texture": "#5"},
				"south": {"uv": [0, 0, 8, 1], "texture": "#5"},
				"west": {"uv": [0, 0, 1, 1], "texture": "#5"},
				"up": {"uv": [0, 0, 8, 1], "texture": "#5"},
				"down": {"uv": [0, 0, 8, 1], "texture": "#5"}
			}
		},
		{
			"from": [2.8, 6.8475, 20.98291],
			"to": [13.2, 8.1475, 22.28291],
			"rotation": {"angle": 0, "axis": "z", "origin": [2.8, 6.8475, 20.98291]},
			"faces": {
				"north": {"uv": [0, 0, 8, 1], "texture": "#5"},
				"east": {"uv": [0, 0, 1, 1], "texture": "#5"},
				"south": {"uv": [0, 0, 8, 1], "texture": "#5"},
				"west": {"uv": [0, 0, 1, 1], "texture": "#5"},
				"up": {"uv": [0, 0, 8, 1], "texture": "#5"},
				"down": {"uv": [0, 0, 8, 1], "texture": "#5"}
			}
		},
		{
			"from": [2.8, 12.0475, 20.98291],
			"to": [13.2, 13.3475, 22.28291],
			"rotation": {"angle": 0, "axis": "z", "origin": [2.8, 12.0475, 20.98291]},
			"faces": {
				"north": {"uv": [0, 0, 8, 1], "texture": "#5"},
				"east": {"uv": [0, 0, 1, 1], "texture": "#5"},
				"south": {"uv": [0, 0, 8, 1], "texture": "#5"},
				"west": {"uv": [0, 0, 1, 1], "texture": "#5"},
				"up": {"uv": [0, 0, 8, 1], "texture": "#5"},
				"down": {"uv": [0, 0, 8, 1], "texture": "#5"}
			}
		},
		{
			"from": [15.8, 7.3025, 11.10291],
			"to": [18.4, 15.1025, 18.90291],
			"rotation": {"angle": 22.5, "axis": "z", "origin": [17.1, 11.2025, 15.00291]},
			"faces": {
				"north": {"uv": [2, 0, 0, 6], "texture": "#5"},
				"east": {"uv": [6, 0, 0, 6], "texture": "#5"},
				"south": {"uv": [2, 0, 0, 6], "texture": "#5"},
				"west": {"uv": [6, 0, 0, 6], "texture": "#5"},
				"up": {"uv": [2, 0, 0, 6], "texture": "#5"},
				"down": {"uv": [2, 0, 0, 6], "texture": "#5"}
			}
		},
		{
			"from": [-2.4, 7.3025, 11.10291],
			"to": [0.2, 15.1025, 18.90291],
			"rotation": {"angle": -22.5, "axis": "z", "origin": [-1.1, 11.2025, 15.00291]},
			"faces": {
				"north": {"uv": [0, 0, 2, 6], "texture": "#5"},
				"east": {"uv": [0, 0, 6, 6], "texture": "#5"},
				"south": {"uv": [0, 0, 2, 6], "texture": "#5"},
				"west": {"uv": [0, 0, 6, 6], "texture": "#5"},
				"up": {"uv": [0, 0, 2, 6], "texture": "#5"},
				"down": {"uv": [0, 0, 2, 6], "texture": "#5"}
			}
		},
		{
			"from": [6.5, 14.74473, 11.49891],
			"to": [7.7, 18.34473, 12.69891],
			"rotation": {"angle": -22.5, "axis": "x", "origin": [6.5, 14.74473, 11.49891]},
			"faces": {
				"north": {"uv": [0, 0, 1, 3], "texture": "#5"},
				"east": {"uv": [0, 0, 1, 3], "texture": "#5"},
				"south": {"uv": [0, 0, 1, 3], "texture": "#5"},
				"west": {"uv": [0, 0, 1, 3], "texture": "#5"},
				"up": {"uv": [0, 0, 1, 1], "texture": "#5"},
				"down": {"uv": [0, 0, 1, 1], "texture": "#5"}
			}
		},
		{
			"from": [4.7, 14.74473, 11.49891],
			"to": [5.9, 18.34473, 12.69891],
			"rotation": {"angle": -22.5, "axis": "x", "origin": [4.7, 14.74473, 11.49891]},
			"faces": {
				"north": {"uv": [0, 0, 1, 3], "texture": "#5"},
				"east": {"uv": [0, 0, 1, 3], "texture": "#5"},
				"south": {"uv": [0, 0, 1, 3], "texture": "#5"},
				"west": {"uv": [0, 0, 1, 3], "texture": "#5"},
				"up": {"uv": [0, 0, 1, 1], "texture": "#5"},
				"down": {"uv": [0, 0, 1, 1], "texture": "#5"}
			}
		},
		{
			"from": [10.1, 14.74473, 11.49891],
			"to": [11.3, 18.34473, 12.69891],
			"rotation": {"angle": -22.5, "axis": "x", "origin": [11.3, 14.74473, 11.49891]},
			"faces": {
				"north": {"uv": [1, 0, 2, 3], "texture": "#5"},
				"east": {"uv": [1, 0, 2, 3], "texture": "#5"},
				"south": {"uv": [1, 0, 2, 3], "texture": "#5"},
				"west": {"uv": [1, 0, 2, 3], "texture": "#5"},
				"up": {"uv": [1, 0, 2, 1], "texture": "#5"},
				"down": {"uv": [1, 0, 2, 1], "texture": "#5"}
			}
		},
		{
			"from": [8.3, 14.74473, 11.49891],
			"to": [9.5, 18.34473, 12.69891],
			"rotation": {"angle": -22.5, "axis": "x", "origin": [9.5, 14.74473, 11.49891]},
			"faces": {
				"north": {"uv": [1, 0, 2, 3], "texture": "#5"},
				"east": {"uv": [1, 0, 2, 3], "texture": "#5"},
				"south": {"uv": [1, 0, 2, 3], "texture": "#5"},
				"west": {"uv": [1, 0, 2, 3], "texture": "#5"},
				"up": {"uv": [1, 0, 2, 1], "texture": "#5"},
				"down": {"uv": [1, 0, 2, 1], "texture": "#5"}
			}
		},
		{
			"from": [5, 17.74473, 10.29891],
			"to": [11, 18.94473, 11.49891],
			"rotation": {"angle": 0, "axis": "z", "origin": [5, 17.74473, 10.29891]},
			"faces": {
				"north": {"uv": [0, 0, 5, 1], "texture": "#5"},
				"east": {"uv": [0, 0, 1, 1], "texture": "#5"},
				"south": {"uv": [0, 0, 5, 1], "texture": "#5"},
				"west": {"uv": [0, 0, 1, 1], "texture": "#5"},
				"up": {"uv": [0, 0, 5, 1], "texture": "#5"},
				"down": {"uv": [0, 0, 5, 1], "texture": "#5"}
			}
		},
		{
			"from": [7.4, 18.04473, 9.09891],
			"to": [8.6, 24.04473, 11.49891],
			"rotation": {"angle": 22.5, "axis": "x", "origin": [7.4, 18.04473, 9.09891]},
			"faces": {
				"north": {"uv": [0, 0, 1, 5], "texture": "#5"},
				"east": {"uv": [0, 0, 2, 5], "texture": "#5"},
				"south": {"uv": [0, 0, 1, 5], "texture": "#5"},
				"west": {"uv": [0, 0, 2, 5], "texture": "#5"},
				"up": {"uv": [0, 0, 1, 2], "texture": "#5"},
				"down": {"uv": [0, 0, 1, 2], "texture": "#5"}
			}
		},
		{
			"from": [5, 16.84473, 12.69891],
			"to": [11, 22.84473, 18.69891],
			"rotation": {"angle": 0, "axis": "y", "origin": [5, 16.84473, 12.69891]},
			"faces": {
				"north": {"uv": [5, 11, 10, 16], "texture": "#4"},
				"east": {"uv": [5, 11, 10, 16], "texture": "#4"},
				"south": {"uv": [5, 11, 10, 16], "texture": "#4"},
				"west": {"uv": [5, 11, 10, 16], "texture": "#4"},
				"up": {"uv": [5, 11, 10, 16], "texture": "#4"},
				"down": {"uv": [5, 11, 10, 16], "texture": "#4"}
			}
		},
		{
			"from": [3.8, 18.64473, 11.49891],
			"to": [12.2, 19.84473, 18.69891],
			"rotation": {"angle": 0, "axis": "y", "origin": [3.8, 18.64473, 11.49891]},
			"faces": {
				"north": {"uv": [0, 0, 7, 1], "texture": "#5"},
				"east": {"uv": [0, 0, 6, 1], "texture": "#5"},
				"south": {"uv": [0, 0, 7, 1], "texture": "#5"},
				"west": {"uv": [0, 0, 6, 1], "texture": "#5"},
				"up": {"uv": [0, 0, 7, 6], "texture": "#5"},
				"down": {"uv": [0, 0, 7, 6], "texture": "#5"}
			}
		},
		{
			"from": [4.4, 21.64473, 11.49891],
			"to": [11.6, 23.44473, 19.89891],
			"rotation": {"angle": 0, "axis": "y", "origin": [4.4, 21.64473, 11.49891]},
			"faces": {
				"north": {"uv": [0, 0, 6, 1.5], "texture": "#5"},
				"east": {"uv": [0, 0, 7, 1.5], "texture": "#5"},
				"south": {"uv": [0, 0, 6, 1.5], "texture": "#5"},
				"west": {"uv": [0, 0, 7, 1.5], "texture": "#5"},
				"up": {"uv": [0, 0, 6, 7], "texture": "#5"},
				"down": {"uv": [0, 0, 6, 7], "texture": "#5"}
			}
		},
		{
			"from": [3.2, 15.64473, 10.59891],
			"to": [4.4, 22.84473, 11.79891],
			"rotation": {"angle": 22.5, "axis": "x", "origin": [3.2, 15.64473, 10.59891]},
			"faces": {
				"north": {"uv": [0, 0, 1, 6], "texture": "#5"},
				"east": {"uv": [0, 0, 1, 6], "texture": "#5"},
				"south": {"uv": [0, 0, 1, 6], "texture": "#5"},
				"west": {"uv": [0, 0, 1, 6], "texture": "#5"},
				"up": {"uv": [0, 0, 1, 1], "texture": "#5"},
				"down": {"uv": [0, 0, 1, 1], "texture": "#5"}
			}
		},
		{
			"from": [3.2, 16.05828, 8.51987],
			"to": [4.4, 17.25828, 10.91987],
			"rotation": {"angle": 22.5, "axis": "x", "origin": [3.8, 16.65828, 9.71987]},
			"faces": {
				"north": {"uv": [0, 0, 1, 1], "rotation": 180, "texture": "#5"},
				"east": {"uv": [0, 0, 1, 2], "rotation": 90, "texture": "#5"},
				"south": {"uv": [0, 0, 1, 1], "texture": "#5"},
				"west": {"uv": [0, 0, 1, 2], "rotation": 270, "texture": "#5"},
				"up": {"uv": [0, 0, 1, 2], "texture": "#5"},
				"down": {"uv": [0, 0, 1, 2], "rotation": 180, "texture": "#5"}
			}
		},
		{
			"from": [11.6, 15.64473, 10.59891],
			"to": [12.8, 22.84473, 11.79891],
			"rotation": {"angle": 22.5, "axis": "x", "origin": [12.8, 15.64473, 10.59891]},
			"faces": {
				"north": {"uv": [1, 0, 2, 6], "texture": "#5"},
				"east": {"uv": [1, 0, 2, 6], "texture": "#5"},
				"south": {"uv": [1, 0, 2, 6], "texture": "#5"},
				"west": {"uv": [1, 0, 2, 6], "texture": "#5"},
				"up": {"uv": [1, 0, 2, 1], "texture": "#5"},
				"down": {"uv": [1, 0, 2, 1], "texture": "#5"}
			}
		},
		{
			"from": [11.6, 16.05828, 8.51987],
			"to": [12.8, 17.25828, 10.91987],
			"rotation": {"angle": 22.5, "axis": "x", "origin": [12.2, 16.65828, 9.71987]},
			"faces": {
				"north": {"uv": [1, 0, 2, 1], "rotation": 180, "texture": "#5"},
				"east": {"uv": [0, 2, 1, 4], "rotation": 270, "texture": "#5"},
				"south": {"uv": [1, 0, 2, 1], "texture": "#5"},
				"west": {"uv": [0, 2, 1, 4], "rotation": 90, "texture": "#5"},
				"up": {"uv": [1, 0, 2, 2], "texture": "#5"},
				"down": {"uv": [1, 0, 2, 2], "rotation": 180, "texture": "#5"}
			}
		},
		{
			"from": [3.53496, 22.06899, 11.19891],
			"to": [8.33496, 23.26899, 12.39891],
			"rotation": {"angle": -22.5, "axis": "z", "origin": [3.95922, 22.24473, 11.65813]},
			"faces": {
				"north": {"uv": [7, 7, 11, 8], "texture": "#5"},
				"east": {"uv": [7, 13, 8, 14], "texture": "#5"},
				"south": {"uv": [6, 6, 10, 7], "texture": "#5"},
				"west": {"uv": [8, 7, 9, 8], "texture": "#5"},
				"up": {"uv": [6, 7, 10, 8], "texture": "#5"},
				"down": {"uv": [7, 7, 11, 8], "texture": "#5"}
			}
		},
		{
			"from": [7.7, 22.24473, 11.19891],
			"to": [12.5, 23.44473, 12.39891],
			"rotation": {"angle": 22.5, "axis": "z", "origin": [12.5, 22.24473, 11.19891]},
			"faces": {
				"north": {"uv": [10, 6, 6, 7], "texture": "#5"},
				"east": {"uv": [9, 6, 8, 7], "texture": "#5"},
				"south": {"uv": [11, 7, 7, 8], "texture": "#5"},
				"west": {"uv": [8, 6, 7, 7], "texture": "#5"},
				"up": {"uv": [11, 7, 7, 8], "texture": "#5"},
				"down": {"uv": [10, 7, 6, 8], "texture": "#5"}
			}
		},
		{
			"from": [3.68, 15.64473, 14.19891],
			"to": [12.32, 22.84473, 20.19891],
			"rotation": {"angle": 0, "axis": "y", "origin": [3.68, 15.64473, 14.19891]},
			"faces": {
				"north": {"uv": [0, 0, 7.2, 6], "texture": "#5"},
				"east": {"uv": [0, 0, 5, 6], "texture": "#5"},
				"south": {"uv": [0, 0, 7.2, 6], "texture": "#5"},
				"west": {"uv": [0, 0, 5, 6], "texture": "#5"},
				"up": {"uv": [0, 0, 7.2, 5], "texture": "#5"},
				"down": {"uv": [0, 0, 7.2, 5], "texture": "#5"}
			}
		},
		{
			"from": [2, 17.14473, 15.09891],
			"to": [14, 19.54473, 17.49891],
			"rotation": {"angle": 0, "axis": "y", "origin": [2, 17.14473, 15.09891]},
			"faces": {
				"north": {"uv": [3, 14, 13, 16], "texture": "#3"},
				"east": {"uv": [3, 14, 5, 16], "texture": "#3"},
				"south": {"uv": [3, 14, 13, 16], "texture": "#3"},
				"west": {"uv": [3, 14, 5, 16], "texture": "#3"},
				"up": {"uv": [3, 14, 13, 16], "texture": "#3"},
				"down": {"uv": [3, 14, 13, 16], "texture": "#3"}
			}
		},
		{
			"from": [12.88695, 17.44473, 8.7914],
			"to": [14.68695, 19.24473, 13.5914],
			"rotation": {"angle": 22.5, "axis": "y", "origin": [13.78695, 18.34473, 11.1914]},
			"faces": {
				"north": {"uv": [3, 15.5, 4.5, 14], "rotation": 90, "texture": "#3"},
				"east": {"uv": [3, 15.5, 7, 14], "rotation": 180, "texture": "#3"},
				"south": {"uv": [3, 15.5, 4.5, 14], "rotation": 270, "texture": "#3"},
				"west": {"uv": [3, 15.5, 7, 14], "texture": "#3"},
				"up": {"uv": [3, 15.5, 7, 14], "rotation": 270, "texture": "#3"},
				"down": {"uv": [3, 15.5, 7, 14], "rotation": 270, "texture": "#3"}
			}
		},
		{
			"from": [12.15056, 17.02473, 12.33104],
			"to": [14.55056, 19.42473, 17.13104],
			"rotation": {"angle": -22.5, "axis": "y", "origin": [13.35056, 18.22473, 15.93104]},
			"faces": {
				"north": {"uv": [5, 14, 3, 16], "texture": "#3"},
				"east": {"uv": [7, 14, 3, 16], "texture": "#3"},
				"south": {"uv": [5, 14, 3, 16], "texture": "#3"},
				"west": {"uv": [7, 14, 3, 16], "texture": "#3"},
				"up": {"uv": [7, 14, 3, 16], "rotation": 270, "texture": "#3"},
				"down": {"uv": [7, 14, 3, 16], "rotation": 90, "texture": "#3"}
			}
		},
		{
			"from": [1.44944, 17.02473, 12.33104],
			"to": [3.84944, 19.42473, 17.13104],
			"rotation": {"angle": 22.5, "axis": "y", "origin": [2.64944, 18.22473, 15.93104]},
			"faces": {
				"north": {"uv": [3, 14, 5, 16], "texture": "#3"},
				"east": {"uv": [3, 14, 7, 16], "texture": "#3"},
				"south": {"uv": [3, 14, 5, 16], "texture": "#3"},
				"west": {"uv": [3, 14, 7, 16], "texture": "#3"},
				"up": {"uv": [7, 16, 3, 14], "rotation": 270, "texture": "#3"},
				"down": {"uv": [7, 16, 3, 14], "rotation": 90, "texture": "#3"}
			}
		},
		{
			"from": [1.31305, 17.44473, 8.7914],
			"to": [3.11305, 19.24473, 13.5914],
			"rotation": {"angle": -22.5, "axis": "y", "origin": [2.21305, 18.34473, 11.1914]},
			"faces": {
				"north": {"uv": [3, 14, 4.5, 15.5], "rotation": 90, "texture": "#3"},
				"east": {"uv": [7, 15.5, 3, 14], "texture": "#3"},
				"south": {"uv": [3, 14, 4.5, 15.5], "rotation": 270, "texture": "#3"},
				"west": {"uv": [7, 15.5, 3, 14], "rotation": 180, "texture": "#3"},
				"up": {"uv": [3, 14, 7, 15.5], "rotation": 270, "texture": "#3"},
				"down": {"uv": [3, 14, 7, 15.5], "rotation": 270, "texture": "#3"}
			}
		},
		{
			"from": [5.6, 22.24473, 12.09891],
			"to": [10.4, 24.64473, 19.29891],
			"rotation": {"angle": 0, "axis": "y", "origin": [5.6, 22.24473, 12.09891]},
			"faces": {
				"north": {"uv": [0, 0, 4, 2], "texture": "#5"},
				"east": {"uv": [0, 0, 6, 2], "texture": "#5"},
				"south": {"uv": [0, 0, 4, 2], "texture": "#5"},
				"west": {"uv": [0, 0, 6, 2], "texture": "#5"},
				"up": {"uv": [0, 0, 4, 6], "texture": "#5"},
				"down": {"uv": [0, 0, 4, 6], "texture": "#5"}
			}
		},
		{
			"from": [8, 20.44473, 13.89891],
			"to": [8.012, 31.24473, 23.49891],
			"rotation": {"angle": 25, "axis": "x", "origin": [8.006, 24.04473, 16.89891]},
			"faces": {
				"north": {"uv": [0, 0, 0.01, 5], "texture": "#4"},
				"east": {"uv": [0, 0, 16, 16], "texture": "#4"},
				"south": {"uv": [0, 0, 0.01, 5], "texture": "#4"},
				"west": {"uv": [0, 0, 16, 16], "texture": "#4"},
				"up": {"uv": [0, 0, 0.01, 5], "texture": "#4"},
				"down": {"uv": [0, 0, 0.01, 5], "texture": "#4"}
			}
		},
		{
			"from": [-5, 12.44473, 12.89891],
			"to": [-4.988, 23.24473, 22.49891],
			"rotation": {"angle": 25, "axis": "x", "origin": [-4.994, 16.04473, 15.89891]},
			"faces": {
				"north": {"uv": [0, 0, 0.01, 5], "texture": "#4"},
				"east": {"uv": [0, 0, 16, 16], "texture": "#4"},
				"south": {"uv": [0, 0, 0.01, 5], "texture": "#4"},
				"west": {"uv": [0, 0, 16, 16], "texture": "#4"},
				"up": {"uv": [0, 0, 0.01, 5], "texture": "#4"},
				"down": {"uv": [0, 0, 0.01, 5], "texture": "#4"}
			}
		},
		{
			"from": [20.988, 12.44473, 12.89891],
			"to": [21, 23.24473, 22.49891],
			"rotation": {"angle": 25, "axis": "x", "origin": [20.994, 16.04473, 15.89891]},
			"faces": {
				"north": {"uv": [0.01, 0, 0, 5], "texture": "#4"},
				"east": {"uv": [16, 0, 0, 16], "texture": "#4"},
				"south": {"uv": [0.01, 0, 0, 5], "texture": "#4"},
				"west": {"uv": [16, 0, 0, 16], "texture": "#4"},
				"up": {"uv": [0.01, 0, 0, 5], "texture": "#4"},
				"down": {"uv": [0.01, 0, 0, 5], "texture": "#4"}
			}
		},
		{
			"from": [8, 18.04473, 7.89891],
			"to": [8.012, 26.44473, 17.49891],
			"rotation": {"angle": 25, "axis": "x", "origin": [8.006, 21.64473, 10.89891]},
			"faces": {
				"north": {"uv": [0, 0, 0.01, 5], "texture": "#4"},
				"east": {"uv": [0, 0, 16, 16], "texture": "#4"},
				"south": {"uv": [0, 0, 0.01, 5], "texture": "#4"},
				"west": {"uv": [0, 0, 16, 16], "texture": "#4"},
				"up": {"uv": [0, 0, 0.01, 5], "texture": "#4"},
				"down": {"uv": [0, 0, 0.01, 5], "texture": "#4"}
			}
		},
		{
			"from": [-3, 8, 13],
			"to": [19, 13, 18],
			"rotation": {"angle": 0, "axis": "x", "origin": [-3, 8, 13]},
			"faces": {
				"north": {"uv": [0, 0, 16, 5], "texture": "#particle"},
				"east": {"uv": [0, 0, 5, 5], "texture": "#particle"},
				"south": {"uv": [0, 0, 16, 5], "texture": "#particle"},
				"west": {"uv": [0, 0, 5, 5], "texture": "#particle"},
				"up": {"uv": [0, 0, 16, 5], "texture": "#particle"},
				"down": {"uv": [0, 0, 16, 5], "texture": "#particle"}
			}
		},
		{
			"from": [-6.5, 6.5, 11.5],
			"to": [-2.5, 14.5, 19.5],
			"rotation": {"angle": 45, "axis": "x", "origin": [-4.5, 10.5, 15.5]},
			"faces": {
				"north": {"uv": [0, 0, 4, 8], "texture": "#5"},
				"east": {"uv": [0, 0, 8, 8], "texture": "#5"},
				"south": {"uv": [0, 0, 4, 8], "texture": "#5"},
				"west": {"uv": [0, 0, 8, 8], "texture": "#5"},
				"up": {"uv": [0, 0, 4, 8], "texture": "#5"},
				"down": {"uv": [0, 0, 4, 8], "texture": "#5"}
			}
		},
		{
			"from": [18.5, 6.5, 11.5],
			"to": [22.5, 14.5, 19.5],
			"rotation": {"angle": 45, "axis": "x", "origin": [20.5, 10.5, 15.5]},
			"faces": {
				"north": {"uv": [4, 0, 8, 8], "texture": "#5"},
				"east": {"uv": [8, 0, 16, 8], "texture": "#5"},
				"south": {"uv": [4, 0, 8, 8], "texture": "#5"},
				"west": {"uv": [8, 0, 16, 8], "texture": "#5"},
				"up": {"uv": [4, 0, 8, 8], "texture": "#5"},
				"down": {"uv": [4, 0, 8, 8], "texture": "#5"}
			}
		},
		{
			"from": [5.5, 12, 15],
			"to": [10.5, 16, 20],
			"rotation": {"angle": 0, "axis": "y", "origin": [5.5, 12, 15]},
			"faces": {
				"north": {"uv": [0, 0, 5, 4], "texture": "#particle"},
				"east": {"uv": [0, 0, 5, 4], "texture": "#particle"},
				"south": {"uv": [0, 0, 5, 4], "texture": "#particle"},
				"west": {"uv": [0, 0, 5, 4], "texture": "#particle"},
				"up": {"uv": [0, 0, 5, 5], "texture": "#particle"},
				"down": {"uv": [0, 0, 5, 5], "texture": "#particle"}
			}
		},
		{
			"from": [5.5, -3, 13],
			"to": [10.5, 6, 18],
			"rotation": {"angle": 0, "axis": "y", "origin": [5.5, -3, 13]},
			"faces": {
				"north": {"uv": [0, 0, 5, 9], "texture": "#particle"},
				"east": {"uv": [0, 0, 5, 9], "texture": "#particle"},
				"south": {"uv": [0, 0, 5, 9], "texture": "#particle"},
				"west": {"uv": [0, 0, 5, 9], "texture": "#particle"},
				"up": {"uv": [0, 0, 5, 5], "texture": "#particle"},
				"down": {"uv": [0, 0, 5, 5], "texture": "#particle"}
			}
		},
		{
			"from": [6.5, -2, 17.25],
			"to": [9.5, 5, 20.25],
			"rotation": {"angle": 0, "axis": "y", "origin": [6.5, -2, 17.25]},
			"faces": {
				"north": {"uv": [0, 0, 3, 7], "texture": "#5"},
				"east": {"uv": [0, 0, 3, 7], "texture": "#5"},
				"south": {"uv": [0, 0, 3, 7], "texture": "#5"},
				"west": {"uv": [0, 0, 3, 7], "texture": "#5"},
				"up": {"uv": [0, 0, 3, 3], "texture": "#5"},
				"down": {"uv": [0, 0, 3, 3], "texture": "#5"}
			}
		},
		{
			"from": [-5, 1, 6],
			"to": [-2, 4, 16],
			"rotation": {"angle": -42.5, "axis": "x", "origin": [-5, 4, 6]},
			"faces": {
				"north": {"uv": [0, 0, 3, 3], "rotation": 180, "texture": "#particle"},
				"east": {"uv": [0, 0, 3, 10], "rotation": 270, "texture": "#particle"},
				"south": {"uv": [0, 0, 3, 3], "texture": "#particle"},
				"west": {"uv": [0, 0, 3, 10], "rotation": 90, "texture": "#particle"},
				"up": {"uv": [0, 0, 3, 10], "rotation": 180, "texture": "#particle"},
				"down": {"uv": [0, 0, 3, 10], "texture": "#particle"}
			}
		},
		{
			"from": [-6.5, 0.75, -2],
			"to": [-1.5, 4.75, 9],
			"rotation": {"angle": 0, "axis": "x", "origin": [-4, 3.25, 3.5]},
			"faces": {
				"north": {"uv": [0, 0, 5, 4], "rotation": 180, "texture": "#5"},
				"east": {"uv": [0, 0, 4, 11], "rotation": 270, "texture": "#5"},
				"south": {"uv": [0, 0, 5, 4], "texture": "#5"},
				"west": {"uv": [0, 0, 4, 11], "rotation": 90, "texture": "#5"},
				"up": {"uv": [0, 0, 5, 11], "rotation": 180, "texture": "#5"},
				"down": {"uv": [0, 0, 5, 11], "texture": "#5"}
			}
		},
		{
			"from": [17.5, 0.75, -2],
			"to": [22.5, 4.75, 9],
			"rotation": {"angle": 0, "axis": "x", "origin": [20, 3.25, 3.5]},
			"faces": {
				"north": {"uv": [5, 0, 10, 4], "rotation": 180, "texture": "#5"},
				"east": {"uv": [0, 5, 4, 16], "rotation": 90, "texture": "#5"},
				"south": {"uv": [5, 0, 10, 4], "texture": "#5"},
				"west": {"uv": [0, 5, 4, 16], "rotation": 270, "texture": "#5"},
				"up": {"uv": [5, 0, 10, 11], "rotation": 180, "texture": "#5"},
				"down": {"uv": [5, 0, 10, 11], "texture": "#5"}
			}
		},
		{
			"from": [18, 1, 6],
			"to": [21, 4, 16],
			"rotation": {"angle": -42.5, "axis": "x", "origin": [21, 4, 6]},
			"faces": {
				"north": {"uv": [3, 0, 6, 3], "rotation": 180, "texture": "#particle"},
				"east": {"uv": [0, 6, 3, 16], "rotation": 90, "texture": "#particle"},
				"south": {"uv": [3, 0, 6, 3], "texture": "#particle"},
				"west": {"uv": [0, 6, 3, 16], "rotation": 270, "texture": "#particle"},
				"up": {"uv": [3, 0, 6, 10], "rotation": 180, "texture": "#particle"},
				"down": {"uv": [3, 0, 6, 10], "texture": "#particle"}
			}
		},
		{
			"from": [4, -7, 11],
			"to": [12, 0, 19],
			"rotation": {"angle": 0, "axis": "y", "origin": [4, -7, 11]},
			"faces": {
				"north": {"uv": [0, 0, 8, 7], "texture": "#particle"},
				"east": {"uv": [0, 0, 8, 7], "texture": "#particle"},
				"south": {"uv": [0, 0, 8, 7], "texture": "#particle"},
				"west": {"uv": [0, 0, 8, 7], "texture": "#particle"},
				"up": {"uv": [0, 0, 8, 8], "texture": "#3"},
				"down": {"uv": [0, 0, 8, 8], "texture": "#particle"}
			}
		},
		{
			"from": [2, -14, 9],
			"to": [14, -4, 21],
			"rotation": {"angle": 45, "axis": "y", "origin": [8, -9, 15]},
			"faces": {
				"north": {"uv": [0, 0, 12, 10], "texture": "#particle"},
				"east": {"uv": [0, 0, 12, 10], "texture": "#particle"},
				"south": {"uv": [0, 0, 12, 10], "texture": "#particle"},
				"west": {"uv": [0, 0, 12, 10], "texture": "#particle"},
				"up": {"uv": [0, 0, 12, 12], "texture": "#3"},
				"down": {"uv": [0, 0, 12, 12], "texture": "#particle"}
			}
		},
		{
			"from": [-5, -15, 2],
			"to": [21, -9, 28],
			"rotation": {"angle": 0, "axis": "y", "origin": [-5, -15, 2]},
			"faces": {
				"north": {"uv": [0, 0, 16, 6], "texture": "#particle"},
				"east": {"uv": [0, 0, 16, 6], "texture": "#particle"},
				"south": {"uv": [0, 0, 16, 6], "texture": "#particle"},
				"west": {"uv": [0, 0, 16, 6], "texture": "#particle"},
				"up": {"uv": [0, 0, 16, 16], "texture": "#3"},
				"down": {"uv": [0, 0, 16, 16], "texture": "#particle"}
			}
		},
		{
			"from": [-8, -15, 0],
			"to": [24, -11, 32],
			"rotation": {"angle": 45, "axis": "y", "origin": [8, -13, 16]},
			"faces": {
				"north": {"uv": [0, 0, 16, 4], "texture": "#particle"},
				"east": {"uv": [0, 0, 16, 4], "texture": "#particle"},
				"south": {"uv": [0, 0, 16, 4], "texture": "#particle"},
				"west": {"uv": [0, 0, 16, 4], "texture": "#particle"},
				"up": {"uv": [0, 0, 16, 16], "texture": "#3"},
				"down": {"uv": [0, 0, 16, 16], "texture": "#particle"}
			}
		},
		{
			"from": [-11, -15, -6],
			"to": [27, -13, 32],
			"rotation": {"angle": 0, "axis": "y", "origin": [-11, -15, -6]},
			"faces": {
				"north": {"uv": [0, 0, 16, 2], "texture": "#particle"},
				"east": {"uv": [0, 0, 16, 2], "texture": "#particle"},
				"south": {"uv": [0, 0, 16, 2], "texture": "#particle"},
				"west": {"uv": [0, 0, 16, 2], "texture": "#particle"},
				"up": {"uv": [0, 0, 16, 16], "texture": "#3"},
				"down": {"uv": [0, 0, 16, 16], "texture": "#particle"}
			}
		}
	],
	"groups": [
		{
			"name": "steve",
			"origin": [8, 8, 8],
			"color": 0,
			"children": [0, 1, 2, 3, 4, 5, 6, 7, 8, 9, 10, 11, 12, 13, 14, 15, 16, 17, 18]
		},
		19,
		20,
		21,
		22,
		23,
		24,
		25,
		26,
		27,
		28,
		29,
		30,
		31,
		32,
		33,
		34,
		35,
		36,
		37,
		38,
		39,
		40,
		41,
		42,
		43,
		44,
		45,
		46,
		47,
		48,
		49,
		50,
		51,
		52,
		53,
		54,
		55,
		56,
		57,
		58,
		59,
		60,
		61,
		62,
		63,
		64,
		65,
		66,
		67,
		68,
		69,
		70,
		71,
		72,
		73,
		74,
		75,
		76,
		77,
		78,
		79,
		80,
		81,
		82,
		83,
		84,
		85,
		86,
		87,
		88,
		89,
		90,
		91,
		92
	]
}