{
	"format_version": "1.21.6",
	"credit": "Made with Blockbench",
	"textures": {
		"0": "block/observer_back_on",
		"1": "block/observer_side",
		"2": "block/anvil",
		"3": "block/iron_block",
		"particle": "block/observer_back_on"
	},
	"elements": [
		{
			"from": [4, 14, 5],
			"to": [12, 22, 15],
			"rotation": {"angle": 0, "axis": "y", "origin": [4, 14, 5]},
			"faces": {
				"north": {"uv": [4, 4, 12, 12], "texture": "#0"},
				"east": {"uv": [4, 4, 14, 12], "texture": "#1"},
				"south": {"uv": [4, 4, 12, 12], "texture": "#0"},
				"west": {"uv": [4, 4, 14, 12], "texture": "#1"},
				"up": {"uv": [6, 3, 14, 13], "texture": "#1"},
				"down": {"uv": [6, 3, 14, 13], "texture": "#1"}
			}
		},
		{
			"from": [3, 13, 15],
			"to": [13, 23, 17],
			"rotation": {"angle": 0, "axis": "y", "origin": [3, 13, 15]},
			"faces": {
				"north": {"uv": [0, 0, 16, 16], "texture": "#0"},
				"east": {"uv": [0, 0, 2, 16], "texture": "#0"},
				"south": {"uv": [0, 0, 16, 16], "texture": "#0"},
				"west": {"uv": [0, 0, 2, 16], "texture": "#0"},
				"up": {"uv": [0, 0, 16, 2], "texture": "#0"},
				"down": {"uv": [0, 0, 16, 2], "texture": "#0"}
			}
		},
		{
			"from": [2, 20, 4],
			"to": [6, 24, 6],
			"rotation": {"angle": 0, "axis": "y", "origin": [2, 20, 4]},
			"faces": {
				"north": {"uv": [6, 6, 10, 10], "texture": "#0"},
				"east": {"uv": [0, 0, 2, 4], "texture": "#0"},
				"south": {"uv": [0, 0, 4, 4], "texture": "#0"},
				"west": {"uv": [0, 0, 2, 4], "texture": "#0"},
				"up": {"uv": [0, 0, 4, 2], "texture": "#0"},
				"down": {"uv": [0, 0, 4, 2], "texture": "#0"}
			}
		},
		{
			"from": [10, 20, 4],
			"to": [14, 24, 6],
			"rotation": {"angle": 0, "axis": "y", "origin": [10, 20, 4]},
			"faces": {
				"north": {"uv": [6, 6, 10, 10], "texture": "#0"},
				"east": {"uv": [0, 0, 2, 4], "texture": "#0"},
				"south": {"uv": [0, 0, 4, 4], "texture": "#0"},
				"west": {"uv": [0, 0, 2, 4], "texture": "#0"},
				"up": {"uv": [0, 0, 4, 2], "texture": "#0"},
				"down": {"uv": [0, 0, 4, 2], "texture": "#0"}
			}
		},
		{
			"from": [10, 12, 4],
			"to": [14, 16, 6],
			"rotation": {"angle": 0, "axis": "y", "origin": [10, 12, 4]},
			"faces": {
				"north": {"uv": [6, 6, 10, 10], "texture": "#0"},
				"east": {"uv": [0, 0, 2, 4], "texture": "#0"},
				"south": {"uv": [0, 0, 4, 4], "texture": "#0"},
				"west": {"uv": [0, 0, 2, 4], "texture": "#0"},
				"up": {"uv": [0, 0, 4, 2], "texture": "#0"},
				"down": {"uv": [0, 0, 4, 2], "texture": "#0"}
			}
		},
		{
			"from": [2, 12, 4],
			"to": [6, 16, 6],
			"rotation": {"angle": 0, "axis": "y", "origin": [2, 12, 4]},
			"faces": {
				"north": {"uv": [6, 6, 10, 10], "texture": "#0"},
				"east": {"uv": [0, 0, 2, 4], "texture": "#0"},
				"south": {"uv": [0, 0, 4, 4], "texture": "#0"},
				"west": {"uv": [0, 0, 2, 4], "texture": "#0"},
				"up": {"uv": [0, 0, 4, 2], "texture": "#0"},
				"down": {"uv": [0, 0, 4, 2], "texture": "#0"}
			}
		},
		{
			"from": [2, 20, 16],
			"to": [6, 24, 18],
			"rotation": {"angle": 0, "axis": "y", "origin": [2, 20, 18]},
			"faces": {
				"north": {"uv": [4, 0, 0, 4], "texture": "#0"},
				"east": {"uv": [2, 0, 0, 4], "texture": "#0"},
				"south": {"uv": [10, 6, 6, 10], "texture": "#0"},
				"west": {"uv": [2, 0, 0, 4], "texture": "#0"},
				"up": {"uv": [0, 2, 4, 0], "texture": "#0"},
				"down": {"uv": [0, 2, 4, 0], "texture": "#0"}
			}
		},
		{
			"from": [2, 12, 16],
			"to": [6, 16, 18],
			"rotation": {"angle": 0, "axis": "y", "origin": [2, 12, 18]},
			"faces": {
				"north": {"uv": [4, 0, 0, 4], "texture": "#0"},
				"east": {"uv": [2, 0, 0, 4], "texture": "#0"},
				"south": {"uv": [10, 6, 6, 10], "texture": "#0"},
				"west": {"uv": [2, 0, 0, 4], "texture": "#0"},
				"up": {"uv": [0, 2, 4, 0], "texture": "#0"},
				"down": {"uv": [0, 2, 4, 0], "texture": "#0"}
			}
		},
		{
			"from": [10, 20, 16],
			"to": [14, 24, 18],
			"rotation": {"angle": 0, "axis": "y", "origin": [10, 20, 18]},
			"faces": {
				"north": {"uv": [4, 0, 0, 4], "texture": "#0"},
				"east": {"uv": [2, 0, 0, 4], "texture": "#0"},
				"south": {"uv": [10, 6, 6, 10], "texture": "#0"},
				"west": {"uv": [2, 0, 0, 4], "texture": "#0"},
				"up": {"uv": [0, 2, 4, 0], "texture": "#0"},
				"down": {"uv": [0, 2, 4, 0], "texture": "#0"}
			}
		},
		{
			"from": [10, 12, 16],
			"to": [14, 16, 18],
			"rotation": {"angle": 0, "axis": "y", "origin": [10, 12, 18]},
			"faces": {
				"north": {"uv": [4, 0, 0, 4], "texture": "#0"},
				"east": {"uv": [2, 0, 0, 4], "texture": "#0"},
				"south": {"uv": [10, 6, 6, 10], "texture": "#0"},
				"west": {"uv": [2, 0, 0, 4], "texture": "#0"},
				"up": {"uv": [0, 2, 4, 0], "texture": "#0"},
				"down": {"uv": [0, 2, 4, 0], "texture": "#0"}
			}
		},
		{
			"from": [7, 12, 1],
			"to": [9, 25, 6],
			"rotation": {"angle": 0, "axis": "y", "origin": [7, 12, 1]},
			"faces": {
				"north": {"uv": [0, 0, 1, 1], "texture": "#2"},
				"east": {"uv": [0, 0, 1, 1], "texture": "#2"},
				"south": {"uv": [0, 0, 1, 1], "texture": "#2"},
				"west": {"uv": [0, 0, 1, 1], "texture": "#2"},
				"up": {"uv": [0, 0, 1, 1], "texture": "#2"},
				"down": {"uv": [0, 0, 1, 1], "texture": "#2"}
			}
		},
		{
			"from": [7, 12, 0],
			"to": [9, 25, 1],
			"rotation": {"angle": 0, "axis": "y", "origin": [7, 12, 0]},
			"faces": {
				"north": {"uv": [7, 0, 8, 1], "texture": "#3"},
				"east": {"uv": [7, 0, 8, 1], "texture": "#3"},
				"south": {"uv": [7, 0, 8, 1], "texture": "#3"},
				"west": {"uv": [7, 0, 8, 1], "texture": "#3"},
				"up": {"uv": [7, 0, 8, 1], "texture": "#3"},
				"down": {"uv": [7, 0, 8, 1], "texture": "#3"}
			}
		},
		{
			"from": [7, 25, 0],
			"to": [9, 31, 1],
			"rotation": {"angle": 22.5, "axis": "x", "origin": [7, 25, 0]},
			"faces": {
				"north": {"uv": [7, 0, 8, 1], "texture": "#3"},
				"east": {"uv": [7, 0, 8, 1], "texture": "#3"},
				"south": {"uv": [7, 0, 8, 1], "texture": "#3"},
				"west": {"uv": [7, 0, 8, 1], "texture": "#3"},
				"up": {"uv": [7, 0, 8, 1], "texture": "#3"},
				"down": {"uv": [7, 0, 8, 1], "texture": "#3"}
			}
		},
		{
			"from": [7, 6.45672, 2.2961],
			"to": [9, 12.45672, 3.2961],
			"rotation": {"angle": -22.5, "axis": "x", "origin": [7, 6.45672, 2.2961]},
			"faces": {
				"north": {"uv": [7, 0, 8, 1], "texture": "#3"},
				"east": {"uv": [7, 0, 8, 1], "texture": "#3"},
				"south": {"uv": [7, 0, 8, 1], "texture": "#3"},
				"west": {"uv": [7, 0, 8, 1], "texture": "#3"},
				"up": {"uv": [7, 0, 8, 1], "texture": "#3"},
				"down": {"uv": [7, 0, 8, 1], "texture": "#3"}
			}
		},
		{
			"from": [7, 25.22836, 2.14805],
			"to": [9, 31.22836, 7.14805],
			"rotation": {"angle": 22.5, "axis": "x", "origin": [7, 28, 1]},
			"faces": {
				"north": {"uv": [0, 0, 1, 1], "texture": "#2"},
				"east": {"uv": [0, 0, 1, 1], "texture": "#2"},
				"south": {"uv": [0, 0, 1, 1], "texture": "#2"},
				"west": {"uv": [0, 0, 1, 1], "texture": "#2"},
				"up": {"uv": [0, 0, 1, 1], "texture": "#2"},
				"down": {"uv": [0, 0, 1, 1], "texture": "#2"}
			}
		},
		{
			"from": [7, 5.8064, 2.32283],
			"to": [9, 11.8064, 7.32283],
			"rotation": {"angle": -22.5, "axis": "x", "origin": [7, 8.57804, 1.17478]},
			"faces": {
				"north": {"uv": [0, 0, 1, 1], "texture": "#2"},
				"east": {"uv": [0, 0, 1, 1], "texture": "#2"},
				"south": {"uv": [0, 0, 1, 1], "texture": "#2"},
				"west": {"uv": [0, 0, 1, 1], "texture": "#2"},
				"up": {"uv": [0, 0, 1, 1], "texture": "#2"},
				"down": {"uv": [0, 0, 1, 1], "texture": "#2"}
			}
		},
		{
			"from": [7, 3, 11],
			"to": [9, 15, 13],
			"rotation": {"angle": 0, "axis": "y", "origin": [7, 3, 11]},
			"faces": {
				"north": {"uv": [4, 1, 6, 13], "texture": "#1"},
				"east": {"uv": [4, 1, 6, 13], "texture": "#1"},
				"south": {"uv": [4, 1, 6, 13], "texture": "#1"},
				"west": {"uv": [4, 1, 6, 13], "texture": "#1"},
				"up": {"uv": [4, 1, 6, 3], "texture": "#1"},
				"down": {"uv": [4, 1, 6, 3], "texture": "#1"}
			}
		},
		{
			"from": [7, -9, 11],
			"to": [9, 3, 13],
			"rotation": {"angle": 0, "axis": "y", "origin": [7, 3, 11]},
			"faces": {
				"north": {"uv": [4, 13, 6, 1], "texture": "#1"},
				"east": {"uv": [4, 13, 6, 1], "texture": "#1"},
				"south": {"uv": [4, 13, 6, 1], "texture": "#1"},
				"west": {"uv": [4, 13, 6, 1], "texture": "#1"},
				"up": {"uv": [4, 3, 6, 1], "texture": "#1"},
				"down": {"uv": [4, 3, 6, 1], "texture": "#1"}
			}
		}
	],
	"gui_light": "front",
	"display": {
		"thirdperson_righthand": {
			"translation": [0, 4.5, -1],
			"scale": [0.6, 0.6, 0.6]
		},
		"thirdperson_lefthand": {
			"translation": [0, 4.5, -1],
			"scale": [0.6, 0.6, 0.6]
		},
		"firstperson_righthand": {
			"translation": [0, 4.5, -1],
			"scale": [0.6, 0.6, 0.6]
		},
		"firstperson_lefthand": {
			"translation": [0, 4.5, -1],
			"scale": [0.6, 0.6, 0.6]
		},
		"ground": {
			"rotation": [-36, 0, 0],
			"translation": [0, 7, -1],
			"scale": [0.6, 0.6, 0.6]
		},
		"gui": {
			"rotation": [-43, -56, -57],
			"translation": [-0.5, -1, -1],
			"scale": [0.4, 0.4, 0.4]
		},
		"head": {
			"translation": [0, 4.5, -1],
			"scale": [0.6, 0.6, 0.6]
		}
	}
}