{
	"credit": "Made with Blockbench",
	"textures": {
		"0": "block/redstone_block",
		"1": "block/spruce_log",
		"2": "block/iron_block",
		"4": "block/black_wool",
		"6": "block/gilded_blackstone",
		"7": "block/gold_block",
		"particle": "block/redstone_block"
	},
	"elements": [
		{
			"from": [6, -12, 3],
			"to": [10, 0, 7],
			"rotation": {"angle": 0, "axis": "y", "origin": [14, -4, 11]},
			"faces": {
				"north": {"uv": [0, 0, 4, 12], "texture": "#1"},
				"east": {"uv": [0, 0, 4, 12], "texture": "#1"},
				"south": {"uv": [0, 0, 4, 12], "texture": "#1"},
				"west": {"uv": [0, 0, 4, 12], "texture": "#1"},
				"up": {"uv": [0, 0, 4, 4], "texture": "#1"},
				"down": {"uv": [0, 0, 4, 4], "texture": "#1"}
			}
		},
		{
			"from": [6, 0, 3],
			"to": [10, 16, 7],
			"rotation": {"angle": 0, "axis": "y", "origin": [14, 8, 11]},
			"faces": {
				"north": {"uv": [0, 0, 4, 16], "texture": "#1"},
				"east": {"uv": [0, 0, 4, 16], "texture": "#1"},
				"south": {"uv": [0, 0, 4, 16], "texture": "#1"},
				"west": {"uv": [0, 0, 4, 16], "texture": "#1"},
				"up": {"uv": [0, 0, 4, 4], "texture": "#1"},
				"down": {"uv": [0, 0, 4, 4], "texture": "#1"}
			}
		},
		{
			"from": [5, 8.25, -8],
			"to": [11, 11.25, 8],
			"rotation": {"angle": -22.5, "axis": "x", "origin": [13, 16.25, 0]},
			"faces": {
				"north": {"uv": [1, 1, 7, 4], "texture": "#4"},
				"east": {"uv": [0, 4, 16, 7], "texture": "#4"},
				"south": {"uv": [1, 1, 7, 4], "texture": "#4"},
				"west": {"uv": [0, 5, 16, 8], "texture": "#4"},
				"up": {"uv": [1, 0, 7, 16], "texture": "#4"},
				"down": {"uv": [1, 0, 7, 16], "texture": "#4"}
			}
		},
		{
			"from": [5.1, 10.46863, -12.06341],
			"to": [10.9, 12.46863, -0.06341],
			"rotation": {"angle": -45, "axis": "x", "origin": [13.1, 18.46863, -4.06341]},
			"faces": {
				"north": {"uv": [1, 1, 6.8, 3], "texture": "#4"},
				"east": {"uv": [1, 1, 13, 3], "texture": "#4"},
				"south": {"uv": [1, 1, 6.8, 3], "texture": "#4"},
				"west": {"uv": [1, 1, 13, 3], "texture": "#4"},
				"up": {"uv": [1, 1, 6.8, 13], "texture": "#4"},
				"down": {"uv": [1, 1, 6.8, 13], "texture": "#4"}
			}
		},
		{
			"from": [5.5, 10.46863, -9.06341],
			"to": [10.5, 12.46863, -1.06341],
			"rotation": {"angle": -45, "axis": "x", "origin": [13.5, 18.46863, -1.06341]},
			"faces": {
				"north": {"uv": [1, 1, 2, 2], "texture": "#0"},
				"east": {"uv": [1, 1, 2, 2], "texture": "#0"},
				"south": {"uv": [1, 1, 2, 2], "texture": "#0"},
				"west": {"uv": [1, 1, 2, 2], "texture": "#0"},
				"up": {"uv": [1, 1, 2, 2], "texture": "#0"},
				"down": {"uv": [1, 1, 2, 2], "texture": "#0"}
			}
		},
		{
			"from": [4.9, 7.3902, 5.05716],
			"to": [11.1, 9.3902, 12.05716],
			"rotation": {"angle": 45, "axis": "x", "origin": [13.9, 15.3902, 13.05716]},
			"faces": {
				"north": {"uv": [1, 1, 7.2, 3], "texture": "#4"},
				"east": {"uv": [1, 1, 8, 3], "texture": "#4"},
				"south": {"uv": [1, 1, 7.2, 3], "texture": "#4"},
				"west": {"uv": [1, 1, 8, 3], "texture": "#4"},
				"up": {"uv": [1, 1, 7.2, 8], "texture": "#4"},
				"down": {"uv": [1, 1, 7.2, 8], "texture": "#4"}
			}
		},
		{
			"from": [5.1, 8.6402, 5.90716],
			"to": [10.9, 15.6402, 7.90716],
			"rotation": {"angle": -22.5, "axis": "x", "origin": [13.1, 7.6402, 13.90716]},
			"faces": {
				"north": {"uv": [1, 1, 6.8, 8], "rotation": 180, "texture": "#4"},
				"east": {"uv": [1, 1, 8, 3], "rotation": 270, "texture": "#4"},
				"south": {"uv": [1, 1, 6.8, 8], "texture": "#4"},
				"west": {"uv": [1, 1, 8, 3], "rotation": 90, "texture": "#4"},
				"up": {"uv": [1, 1, 6.8, 3], "rotation": 180, "texture": "#4"},
				"down": {"uv": [1, 1, 6.8, 3], "texture": "#4"}
			}
		},
		{
			"from": [4.9, 5.50261, -0.86656],
			"to": [11.1, 7.50261, 6.13344],
			"rotation": {"angle": 0, "axis": "x", "origin": [12.9, -0.49739, -1.86656]},
			"faces": {
				"north": {"uv": [1, 1, 7.2, 3], "rotation": 180, "texture": "#4"},
				"east": {"uv": [1, 1, 8, 3], "rotation": 180, "texture": "#4"},
				"south": {"uv": [1, 1, 7.2, 3], "rotation": 180, "texture": "#4"},
				"west": {"uv": [1, 1, 8, 3], "rotation": 180, "texture": "#4"},
				"up": {"uv": [1, 1, 7.2, 8], "texture": "#4"},
				"down": {"uv": [1, 1, 7.2, 8], "texture": "#4"}
			}
		},
		{
			"from": [4.5, 16.25, 0],
			"to": [5.5, 21.25, 6],
			"rotation": {"angle": -22.5, "axis": "x", "origin": [12.5, 24.25, 8]},
			"faces": {
				"north": {"uv": [0, 0, 1, 5], "texture": "#4"},
				"east": {"uv": [10, 0, 16, 5], "texture": "#4"},
				"south": {"uv": [2, 2, 3, 7], "texture": "#4"},
				"west": {"uv": [0, 0, 6, 5], "texture": "#4"},
				"up": {"uv": [0, 0, 1, 6], "texture": "#4"},
				"down": {"uv": [0, 0, 1, 6], "texture": "#4"}
			}
		},
		{
			"from": [10.5, 16.25, 0],
			"to": [11.5, 21.25, 6],
			"rotation": {"angle": -22.5, "axis": "x", "origin": [18.5, 24.25, 8]},
			"faces": {
				"north": {"uv": [0, 0, 1, 5], "texture": "#4"},
				"east": {"uv": [10, 0, 16, 5], "texture": "#4"},
				"south": {"uv": [2, 2, 3, 7], "texture": "#4"},
				"west": {"uv": [0, 0, 6, 5], "texture": "#4"},
				"up": {"uv": [0, 0, 1, 6], "texture": "#4"},
				"down": {"uv": [0, 0, 1, 6], "texture": "#4"}
			}
		},
		{
			"from": [5.5, 18.25, 3],
			"to": [6.5, 27.25, 5],
			"rotation": {"angle": 22.5, "axis": "x", "origin": [13.5, 19.25, -3]},
			"faces": {
				"north": {"uv": [0, 0, 1, 9], "rotation": 180, "texture": "#7"},
				"east": {"uv": [0, 0, 3, 9], "rotation": 180, "texture": "#7"},
				"south": {"uv": [5, 3, 6, 12], "rotation": 180, "texture": "#7"},
				"west": {"uv": [13, 0, 16, 9], "rotation": 180, "texture": "#7"},
				"up": {"uv": [0, 0, 1, 3], "texture": "#7"},
				"down": {"uv": [0, 0, 1, 3], "texture": "#7"}
			}
		},
		{
			"from": [9.5, 18.25, 3],
			"to": [10.5, 27.25, 5],
			"rotation": {"angle": 22.5, "axis": "x", "origin": [17.5, 19.25, -3]},
			"faces": {
				"north": {"uv": [0, 0, 1, 9], "rotation": 180, "texture": "#7"},
				"east": {"uv": [0, 0, 3, 9], "rotation": 180, "texture": "#7"},
				"south": {"uv": [5, 3, 6, 12], "rotation": 180, "texture": "#7"},
				"west": {"uv": [13, 0, 16, 9], "rotation": 180, "texture": "#7"},
				"up": {"uv": [0, 0, 1, 3], "texture": "#7"},
				"down": {"uv": [0, 0, 1, 3], "texture": "#7"}
			}
		},
		{
			"from": [6.5, 11, 1],
			"to": [9.5, 13, 10],
			"rotation": {"angle": -22.5, "axis": "x", "origin": [14.5, 20, 9]},
			"faces": {
				"north": {"uv": [0, 0, 3, 2], "texture": "#6"},
				"east": {"uv": [0, 0, 9, 2], "texture": "#6"},
				"south": {"uv": [0, 0, 3, 2], "texture": "#6"},
				"west": {"uv": [0, 0, 9, 2], "texture": "#6"},
				"up": {"uv": [0, 0, 3, 9], "texture": "#6"},
				"down": {"uv": [0, 0, 3, 9], "texture": "#6"}
			}
		},
		{
			"from": [6.5, 6, 4],
			"to": [9.5, 8, 13],
			"rotation": {"angle": 0, "axis": "x", "origin": [14.5, 15, 12]},
			"faces": {
				"north": {"uv": [0, 0, 3, 2], "texture": "#6"},
				"east": {"uv": [0, 0, 9, 2], "texture": "#6"},
				"south": {"uv": [0, 0, 3, 2], "texture": "#6"},
				"west": {"uv": [0, 0, 9, 2], "texture": "#6"},
				"up": {"uv": [0, 0, 3, 9], "texture": "#6"},
				"down": {"uv": [0, 0, 3, 9], "texture": "#6"}
			}
		},
		{
			"from": [6.5, 15, 11],
			"to": [9.5, 24, 13],
			"rotation": {"angle": 45, "axis": "x", "origin": [14.5, 23, 4]},
			"faces": {
				"north": {"uv": [0, 0, 3, 9], "rotation": 180, "texture": "#6"},
				"east": {"uv": [0, 0, 9, 2], "rotation": 90, "texture": "#6"},
				"south": {"uv": [0, 0, 3, 9], "texture": "#6"},
				"west": {"uv": [0, 0, 9, 2], "rotation": 270, "texture": "#6"},
				"up": {"uv": [0, 0, 3, 2], "texture": "#6"},
				"down": {"uv": [0, 0, 3, 2], "rotation": 180, "texture": "#6"}
			}
		},
		{
			"from": [7, 5.76537, 11.84776],
			"to": [8, 12.76537, 16.84776],
			"rotation": {"angle": 0, "axis": "y", "origin": [15, 13.76537, 19.84776]},
			"faces": {
				"north": {"uv": [0, 0, 1, 7], "texture": "#2"},
				"east": {"uv": [13, 2, 16, 9], "texture": "#2"},
				"south": {"uv": [1, 1, 2, 8], "texture": "#2"},
				"west": {"uv": [0, 2, 3, 9], "texture": "#2"},
				"up": {"uv": [1, 0, 2, 3], "texture": "#2"},
				"down": {"uv": [2, 13, 3, 16], "texture": "#2"}
			}
		},
		{
			"from": [7.1, 13.30445, 8.55793],
			"to": [7.9, 20.30445, 13.55793],
			"rotation": {"angle": -22.5, "axis": "x", "origin": [16.1, 21.30445, 16.55793]},
			"faces": {
				"north": {"uv": [0, 0, 1, 7], "texture": "#2"},
				"east": {"uv": [13, 2, 16, 9], "texture": "#2"},
				"south": {"uv": [1, 1, 2, 8], "texture": "#2"},
				"west": {"uv": [0, 2, 3, 9], "texture": "#2"},
				"up": {"uv": [1, 0, 2, 3], "texture": "#2"},
				"down": {"uv": [2, 13, 3, 16], "texture": "#2"}
			}
		},
		{
			"from": [7, 19.0107, 2.63344],
			"to": [8, 26.0107, 7.63344],
			"rotation": {"angle": -45, "axis": "x", "origin": [16, 27.0107, 10.63344]},
			"faces": {
				"north": {"uv": [0, 0, 1, 7], "texture": "#2"},
				"east": {"uv": [13, 2, 16, 9], "texture": "#2"},
				"south": {"uv": [1, 1, 2, 8], "texture": "#2"},
				"west": {"uv": [0, 2, 3, 9], "texture": "#2"},
				"up": {"uv": [1, 0, 2, 3], "texture": "#2"},
				"down": {"uv": [2, 13, 3, 16], "texture": "#2"}
			}
		}
	],
		"gui_light": "front",
	"display": {
		"thirdperson_righthand": {
			"rotation": [0, -180, 0],
			"translation": [0, 7.25, -1.25],
			"scale": [0.6, 0.6, 0.6]
		},
		"thirdperson_lefthand": {
			"rotation": [0, -180, 0],
			"translation": [0, 7.25, -1.25],
			"scale": [0.6, 0.6, 0.6]
		},
		"firstperson_righthand": {
			"rotation": [0, -180, 0],
			"translation": [0, 5.5, -1.25],
			"scale": [0.6, 0.6, 0.6]
		},
		"firstperson_lefthand": {
			"rotation": [0, -180, 0],
			"translation": [0, 5.5, -1.25],
			"scale": [0.6, 0.6, 0.6]
		},
		"ground": {
			"rotation": [40, -180, 0],
			"translation": [0, 8.75, -1.25],
			"scale": [0.6, 0.6, 0.6]
		},
		"gui": {
			"rotation": [-71, 116, 104],
			"translation": [1.25, -0.25, -1.25],
			"scale": [0.5, 0.5, 0.5]
		},
		"fixed": {
			"rotation": [-102, 53, 104],
			"translation": [0, 2.25, -1.25],
			"scale": [0.6, 0.6, 0.6]
		}
	}
}