{
	"credit": "Made with Blockbench",
	"textures": {
		"1": "block/lapis_block",
		"2": "block/iron_block",
		"particle": "block/iron_block"
	},
	"elements": [
		{
			"from": [7, 0, 5],
			"to": [9, 1, 7],
			"rotation": {"angle": 0, "axis": "y", "origin": [7, 0, 5]},
			"faces": {
				"north": {"uv": [5, 3, 7, 5], "texture": "#2"},
				"east": {"uv": [4, 4, 6, 6], "texture": "#2"},
				"south": {"uv": [4, 3, 6, 5], "texture": "#2"},
				"west": {"uv": [5, 3, 7, 5], "texture": "#2"},
				"up": {"uv": [4, 3, 6, 5], "texture": "#2"},
				"down": {"uv": [5, 4, 7, 6], "texture": "#2"}
			}
		},
		{
			"from": [7, 2.75, 5],
			"to": [9, 3.75, 7],
			"rotation": {"angle": 0, "axis": "y", "origin": [7, 2.75, 5]},
			"faces": {
				"north": {"uv": [5, 3, 7, 5], "texture": "#2"},
				"east": {"uv": [4, 4, 6, 6], "texture": "#2"},
				"south": {"uv": [4, 3, 6, 5], "texture": "#2"},
				"west": {"uv": [5, 3, 7, 5], "texture": "#2"},
				"up": {"uv": [4, 3, 6, 5], "texture": "#2"},
				"down": {"uv": [5, 4, 7, 6], "texture": "#2"}
			}
		},
		{
			"from": [9, 0.5, 5],
			"to": [10, 3.25, 7],
			"rotation": {"angle": 0, "axis": "z", "origin": [9.5, 1.5, 6]},
			"faces": {
				"north": {"uv": [5, 3, 7, 5], "rotation": 90, "texture": "#2"},
				"east": {"uv": [5, 4, 7, 6], "rotation": 270, "texture": "#2"},
				"south": {"uv": [4, 3, 6, 5], "rotation": 270, "texture": "#2"},
				"west": {"uv": [4, 3, 6, 5], "rotation": 270, "texture": "#2"},
				"up": {"uv": [4, 4, 6, 6], "rotation": 270, "texture": "#2"},
				"down": {"uv": [5, 3, 7, 5], "rotation": 270, "texture": "#2"}
			}
		},
		{
			"from": [6, 0.5, 5],
			"to": [7, 3.25, 7],
			"rotation": {"angle": 0, "axis": "z", "origin": [6.5, 1.5, 6]},
			"faces": {
				"north": {"uv": [5, 3, 7, 5], "rotation": 90, "texture": "#2"},
				"east": {"uv": [5, 4, 7, 6], "rotation": 270, "texture": "#2"},
				"south": {"uv": [4, 3, 6, 5], "rotation": 270, "texture": "#2"},
				"west": {"uv": [4, 3, 6, 5], "rotation": 270, "texture": "#2"},
				"up": {"uv": [4, 4, 6, 6], "rotation": 270, "texture": "#2"},
				"down": {"uv": [5, 3, 7, 5], "rotation": 270, "texture": "#2"}
			}
		},
		{
			"from": [7, 3.5, 5],
			"to": [9, 4, 7],
			"rotation": {"angle": 45, "axis": "y", "origin": [8, 4, 6]},
			"faces": {
				"north": {"uv": [0, 0, 2, 0.5], "texture": "#2"},
				"east": {"uv": [0, 0, 2, 0.5], "texture": "#2"},
				"south": {"uv": [0, 0, 2, 0.5], "texture": "#2"},
				"west": {"uv": [0, 0, 2, 0.5], "texture": "#2"},
				"up": {"uv": [0, 0, 2, 2], "texture": "#1"},
				"down": {"uv": [0, 0, 2, 2], "texture": "#2"}
			}
		}
	],
	"display": {
		"thirdperson_righthand": {
			"translation": [-1, 2.75, 1],
			"scale": [0.5, 0.5, 0.5]
		},
		"thirdperson_lefthand": {
			"translation": [-1, 2.75, 1],
			"scale": [0.5, 0.5, 0.5]
		},
		"firstperson_righthand": {
			"translation": [-1, 2.75, 1],
			"scale": [0.5, 0.5, 0.5]
		},
		"firstperson_lefthand": {
			"translation": [-1, 2.75, 1],
			"scale": [0.5, 0.5, 0.5]
		},
		"ground": {
			"rotation": [20, 0, 0],
			"translation": [-1, 8, 1],
			"scale": [0.5, 0.5, 0.5]
		},
		"gui": {
			"rotation": [41, 154, 0],
			"translation": [1.75, 11.25, 0],
			"scale": [2, 2, 2]
		},
		"fixed": {
			"translation": [0, 7, 2.25]
		}
	}
}