{
	"credit": "Made with Blockbench",
	"textures": {
		"2": "block/redstone_block",
		"4": "block/crimson_stem",
		"9": "block/stripped_dark_oak_log",
		"particle": "block/stripped_dark_oak_log"
	},
	"elements": [
		{
			"from": [5.75, -14, 7],
			"to": [11.75, -4, 15],
			"rotation": {"angle": 0, "axis": "y", "origin": [0, 2, 0]},
			"faces": {
				"north": {"uv": [0, 0, 6, 10], "tintindex": 0,"texture": "#4"},
				"east": {"uv": [0, 0, 8, 10], "tintindex": 0,"texture": "#4"},
				"south": {"uv": [0, 0, 6, 10], "tintindex": 0,"texture": "#4"},
				"west": {"uv": [0, 0, 8, 10], "tintindex": 0,"texture": "#4"},
				"up": {"uv": [0, 0, 6, 8], "tintindex": 0,"texture": "#4"},
				"down": {"uv": [0, 0, 6, 8], "tintindex": 0,"texture": "#4"}
			}
		},
		{
			"from": [4, -9, 6.9],
			"to": [12, 1, 16.9],
			"rotation": {"angle": 0, "axis": "y", "origin": [0, 2, 0]},
			"faces": {
				"north": {"uv": [0, 0, 8, 10], "tintindex": 0,"texture": "#9"},
				"east": {"uv": [0, 0, 10, 10], "tintindex": 0,"texture": "#9"},
				"south": {"uv": [0, 0, 8, 10], "tintindex": 0,"texture": "#9"},
				"west": {"uv": [0, 0, 10, 10], "tintindex": 0,"texture": "#9"},
				"up": {"uv": [0, 0, 8, 10], "tintindex": 0,"texture": "#9"},
				"down": {"uv": [0, 0, 8, 10], "tintindex": 0,"texture": "#9"}
			}
		},
		{
			"from": [4.25, -15.9, 8],
			"to": [12.25, -12.9, 18],
			"faces": {
				"north": {"uv": [0, 0, 8, 3], "tintindex": 0,"texture": "#4"},
				"east": {"uv": [0, 0, 10, 3], "tintindex": 0,"texture": "#4"},
				"south": {"uv": [0, 0, 8, 3], "tintindex": 0,"texture": "#4"},
				"west": {"uv": [0, 0, 10, 3], "tintindex": 0,"texture": "#4"},
				"up": {"uv": [0, 0, 8, 10], "tintindex": 0,"texture": "#4"},
				"down": {"uv": [0, 0, 8, 10], "tintindex": 0,"texture": "#4"}
			}
		},
		{
			"from": [4.5, -16, 18],
			"to": [6.5, -13, 21],
			"faces": {
				"north": {"uv": [0, 0, 2, 3], "tintindex": 0,"texture": "#2"},
				"east": {"uv": [0, 0, 3, 3], "tintindex": 0,"texture": "#2"},
				"south": {"uv": [0, 0, 2, 3], "tintindex": 0,"texture": "#2"},
				"west": {"uv": [0, 0, 3, 3], "tintindex": 0,"texture": "#2"},
				"up": {"uv": [0, 0, 2, 3], "tintindex": 0,"texture": "#2"},
				"down": {"uv": [0, 0, 2, 3], "tintindex": 0,"texture": "#2"}
			}
		},
		{
			"from": [7.5, -16, 18],
			"to": [9.5, -13, 21],
			"faces": {
				"north": {"uv": [0, 0, 2, 3], "tintindex": 0,"texture": "#2"},
				"east": {"uv": [0, 0, 3, 3], "tintindex": 0,"texture": "#2"},
				"south": {"uv": [0, 0, 2, 3], "tintindex": 0,"texture": "#2"},
				"west": {"uv": [0, 0, 3, 3], "tintindex": 0,"texture": "#2"},
				"up": {"uv": [0, 0, 2, 3], "tintindex": 0,"texture": "#2"},
				"down": {"uv": [0, 0, 2, 3], "tintindex": 0,"texture": "#2"}
			}
		},
		{
			"from": [10.5, -16, 18],
			"to": [12.5, -13, 21],
			"faces": {
				"north": {"uv": [0, 0, 2, 3], "tintindex": 0,"texture": "#2"},
				"east": {"uv": [0, 0, 3, 3], "tintindex": 0,"texture": "#2"},
				"south": {"uv": [0, 0, 2, 3], "tintindex": 0,"texture": "#2"},
				"west": {"uv": [0, 0, 3, 3], "tintindex": 0,"texture": "#2"},
				"up": {"uv": [0, 0, 2, 3], "tintindex": 0,"texture": "#2"},
				"down": {"uv": [0, 0, 2, 3], "tintindex": 0,"texture": "#2"}
			}
		}
	],
	"display": {
		"head": {
			"rotation": [0, -180, 0],
			"translation": [0, 40, 9.75],
			"scale": [4, 4, 4]
		}
	}
}