{
	"credit": "Made with Blockbench",
	"textures": {
		"1": "block/brown_wool",
		"3": "block/nether_wart_block",
		"4": "block/crimson_stem",
		"8": "block/azalea_leaves",
		"particle": "block/stripped_dark_oak_log"
	},
	"elements": [
		{
			"from": [2, 11, 7.5],
			"to": [14, 21, 18.5],
			"rotation": {"angle": 0, "axis": "y", "origin": [0, 2, -3]},
			"faces": {
				"north": {"uv": [0, 0, 12, 10], "tintindex": 0,"texture": "#4"},
				"east": {"uv": [0, 0, 11, 10], "tintindex": 0,"texture": "#4"},
				"south": {"uv": [0, 0, 12, 10], "tintindex": 0,"texture": "#4"},
				"west": {"uv": [0, 0, 11, 10], "tintindex": 0,"texture": "#4"},
				"up": {"uv": [0, 0, 12, 11], "tintindex": 0,"texture": "#4"},
				"down": {"uv": [0, 0, 12, 11], "tintindex": 0,"texture": "#4"}
			}
		},
		{
			"from": [0.5, 16, 6],
			"to": [15.5, 24, 17],
			"rotation": {"angle": -22.5, "axis": "x", "origin": [7.5, 21, 11.5]},
			"faces": {
				"north": {"uv": [0, 0, 15, 8], "tintindex": 0,"texture": "#3"},
				"east": {"uv": [0, 0, 11, 8], "tintindex": 0,"texture": "#3"},
				"south": {"uv": [0, 0, 15, 8], "tintindex": 0,"texture": "#3"},
				"west": {"uv": [0, 0, 11, 8], "tintindex": 0,"texture": "#3"},
				"up": {"uv": [0, 0, 15, 11], "tintindex": 0,"texture": "#3"},
				"down": {"uv": [0, 0, 15, 11], "tintindex": 0,"texture": "#3"}
			}
		},
		{
			"from": [-4, 15, 8],
			"to": [20, 24, 17],
			"rotation": {"angle": 0, "axis": "y", "origin": [0, 2, 0]},
			"faces": {
				"north": {"uv": [0, 0, 16, 9], "tintindex": 0,"texture": "#3"},
				"east": {"uv": [0, 0, 9, 9], "tintindex": 0,"texture": "#3"},
				"south": {"uv": [0, 0, 16, 9], "tintindex": 0,"texture": "#3"},
				"west": {"uv": [0, 0, 9, 9], "tintindex": 0,"texture": "#3"},
				"up": {"uv": [0, 0, 16, 9], "tintindex": 0,"texture": "#3"},
				"down": {"uv": [0, 0, 16, 9], "tintindex": 0,"texture": "#3"}
			}
		},
		{
			"from": [12.39419, 14.92703, 9],
			"to": [19.39419, 21.92703, 16],
			"rotation": {"angle": -22.5, "axis": "z", "origin": [15.89419, 18.42703, 15]},
			"faces": {
				"north": {"uv": [0, 0, 7, 7], "rotation": 90, "tintindex": 0,"texture": "#1"},
				"east": {"uv": [0, 0, 7, 7], "rotation": 270, "tintindex": 0,"texture": "#1"},
				"south": {"uv": [0, 0, 7, 7], "rotation": 270, "tintindex": 0,"texture": "#1"},
				"west": {"uv": [0, 0, 7, 7], "rotation": 270, "tintindex": 0,"texture": "#1"},
				"up": {"uv": [0, 0, 7, 7], "rotation": 270, "tintindex": 0,"texture": "#1"},
				"down": {"uv": [0, 0, 7, 7], "rotation": 270, "tintindex": 0,"texture": "#1"}
			}
		},
		{
			"from": [-3.39419, 14.92703, 9],
			"to": [3.60581, 21.92703, 16],
			"rotation": {"angle": 22.5, "axis": "z", "origin": [0.10581, 18.42703, 15]},
			"faces": {
				"north": {"uv": [0, 0, 7, 7], "tintindex": 0,"texture": "#1"},
				"east": {"uv": [0, 0, 7, 7], "tintindex": 0,"texture": "#1"},
				"south": {"uv": [0, 0, 7, 7], "tintindex": 0,"texture": "#1"},
				"west": {"uv": [0, 0, 7, 7], "tintindex": 0,"texture": "#1"},
				"up": {"uv": [0, 0, 7, 7], "tintindex": 0,"texture": "#1"},
				"down": {"uv": [0, 0, 7, 7], "tintindex": 0,"texture": "#1"}
			}
		},
		{
			"from": [0, 4, 3],
			"to": [16, 20, 11],
			"rotation": {"angle": 0, "axis": "y", "origin": [0, 2, 0]},
			"faces": {
				"north": {"uv": [0, 0, 16, 16], "tintindex": 0,"texture": "#8"},
				"east": {"uv": [0, 0, 8, 16], "tintindex": 0,"texture": "#8"},
				"south": {"uv": [0, 0, 16, 16], "tintindex": 0,"texture": "#8"},
				"west": {"uv": [0, 0, 8, 16], "tintindex": 0,"texture": "#8"},
				"up": {"uv": [0, 0, 16, 8], "tintindex": 0,"texture": "#8"},
				"down": {"uv": [0, 0, 16, 8], "tintindex": 0,"texture": "#8"}
			}
		}
	],
	"display": {
		"head": {
			"rotation": [0, -180, 0],
			"translation": [0, -18.5, 16.5],
			"scale": [4, 4, 4]
		}
	}
}