{
	"credit": "Made with Blockbench",
	"textures": {
		"4": "block/nether_wart_block",
		"5": "block/crimson_stem",
		"8": "block/azalea_leaves",
		"particle": "block/stripped_dark_oak_log"
	},
	"elements": [
		{
			"from": [-6.5, 4, 11.5],
			"to": [-0.5, 20, 17.5],
			"rotation": {"angle": -22.5, "axis": "x", "origin": [8.5, 13.5, 12.5]},
			"faces": {
				"north": {"uv": [0, 0, 6, 16], "tintindex": 0,"texture": "#5"},
				"east": {"uv": [0, 0, 6, 16], "tintindex": 0,"texture": "#5"},
				"south": {"uv": [0, 0, 6, 16], "tintindex": 0,"texture": "#5"},
				"west": {"uv": [0, 0, 6, 16], "tintindex": 0,"texture": "#5"},
				"up": {"uv": [0, 0, 6, 6], "tintindex": 0,"texture": "#5"},
				"down": {"uv": [0, 0, 6, 6], "tintindex": 0,"texture": "#5"}
			}
		},
		{
			"from": [-8, 0, 15],
			"to": [0, 8, 21],
			"rotation": {"angle": 0, "axis": "y", "origin": [0, 2, 0]},
			"faces": {
				"north": {"uv": [0, 0, 8, 8], "tintindex": 0,"texture": "#5"},
				"east": {"uv": [0, 0, 6, 8], "tintindex": 0,"texture": "#5"},
				"south": {"uv": [0, 0, 8, 8], "tintindex": 0,"texture": "#5"},
				"west": {"uv": [0, 0, 6, 8], "tintindex": 0,"texture": "#5"},
				"up": {"uv": [0, 0, 8, 6], "tintindex": 0,"texture": "#5"},
				"down": {"uv": [0, 0, 8, 6], "tintindex": 0,"texture": "#5"}
			}
		},
		{
			"from": [-8, 13, 9],
			"to": [1, 22, 18],
			"rotation": {"angle": 45, "axis": "y", "origin": [-3.5, 18.5, 13.5]},
			"faces": {
				"north": {"uv": [0, 0, 9, 9], "tintindex": 0,"texture": "#8"},
				"east": {"uv": [0, 0, 9, 9], "tintindex": 0,"texture": "#8"},
				"south": {"uv": [0, 0, 9, 9], "tintindex": 0,"texture": "#8"},
				"west": {"uv": [0, 0, 9, 9], "tintindex": 0,"texture": "#8"},
				"up": {"uv": [0, 0, 9, 9], "tintindex": 0,"texture": "#8"},
				"down": {"uv": [0, 0, 9, 9], "tintindex": 0,"texture": "#8"}
			}
		},
		{
			"from": [-2.25, -3, 18],
			"to": [-0.25, 1, 21],
			"rotation": {"angle": 22.5, "axis": "x", "origin": [8, 0, 19.75]},
			"faces": {
				"north": {"uv": [0, 0, 2, 4], "tintindex": 0,"texture": "#4"},
				"east": {"uv": [0, 0, 3, 4], "tintindex": 0,"texture": "#4"},
				"south": {"uv": [0, 0, 2, 4], "tintindex": 0,"texture": "#4"},
				"west": {"uv": [0, 0, 3, 4], "tintindex": 0,"texture": "#4"},
				"up": {"uv": [0, 0, 2, 3], "tintindex": 0,"texture": "#4"},
				"down": {"uv": [0, 0, 2, 3], "tintindex": 0,"texture": "#4"}
			}
		},
		{
			"from": [-1.25, -3, 15],
			"to": [0.75, 1, 17],
			"rotation": {"angle": 22.5, "axis": "x", "origin": [8, 0, 19.75]},
			"faces": {
				"north": {"uv": [0, 0, 2, 4], "tintindex": 0,"texture": "#4"},
				"east": {"uv": [0, 0, 2, 4], "tintindex": 0,"texture": "#4"},
				"south": {"uv": [0, 0, 2, 4], "tintindex": 0,"texture": "#4"},
				"west": {"uv": [0, 0, 2, 4], "tintindex": 0,"texture": "#4"},
				"up": {"uv": [0, 0, 2, 2], "tintindex": 0,"texture": "#4"},
				"down": {"uv": [0, 0, 2, 2], "tintindex": 0,"texture": "#4"}
			}
		},
		{
			"from": [-5.25, -3, 18],
			"to": [-3.25, 1, 21],
			"rotation": {"angle": 22.5, "axis": "x", "origin": [8, 0, 19.75]},
			"faces": {
				"north": {"uv": [0, 0, 2, 4], "tintindex": 0,"texture": "#4"},
				"east": {"uv": [0, 0, 3, 4], "tintindex": 0,"texture": "#4"},
				"south": {"uv": [0, 0, 2, 4], "tintindex": 0,"texture": "#4"},
				"west": {"uv": [0, 0, 3, 4], "tintindex": 0,"texture": "#4"},
				"up": {"uv": [0, 0, 2, 3], "tintindex": 0,"texture": "#4"},
				"down": {"uv": [0, 0, 2, 3], "tintindex": 0,"texture": "#4"}
			}
		},
		{
			"from": [-8.25, -3, 18],
			"to": [-6.25, 1, 21],
			"rotation": {"angle": 22.5, "axis": "x", "origin": [8, 0, 19.75]},
			"faces": {
				"north": {"uv": [0, 0, 2, 4], "tintindex": 0,"texture": "#4"},
				"east": {"uv": [0, 0, 3, 4], "tintindex": 0,"texture": "#4"},
				"south": {"uv": [0, 0, 2, 4], "tintindex": 0,"texture": "#4"},
				"west": {"uv": [0, 0, 3, 4], "tintindex": 0,"texture": "#4"},
				"up": {"uv": [0, 0, 2, 3], "tintindex": 0,"texture": "#4"},
				"down": {"uv": [0, 0, 2, 3], "tintindex": 0,"texture": "#4"}
			}
		}
	],
	"display": {
		"head": {
			"rotation": [0, -180, 0],
			"translation": [-45.5, -40.25, 21.25],
			"scale": [4, 4, 4]
		}
	}
}