{
	"credit": "Made with Blockbench",
	"textures": {
		"2": "block/crimson_stem",
		"4": "block/nether_wart_block",
		"5": "block/redstone_block",
		"particle": "block/stripped_dark_oak_log"
	},
	"elements": [
		{
			"from": [4.25, -14, 7],
			"to": [10.25, -4, 15],
			"rotation": {"angle": 0, "axis": "y", "origin": [16, 2, 0]},
			"faces": {
				"north": {"uv": [6, 0, 0, 10], "tintindex": 0,"texture": "#4"},
				"east": {"uv": [8, 0, 0, 10], "tintindex": 0,"texture": "#4"},
				"south": {"uv": [6, 0, 0, 10], "tintindex": 0,"texture": "#4"},
				"west": {"uv": [8, 0, 0, 10], "tintindex": 0,"texture": "#4"},
				"up": {"uv": [6, 0, 0, 8], "tintindex": 0,"texture": "#4"},
				"down": {"uv": [6, 0, 0, 8], "tintindex": 0,"texture": "#4"}
			}
		},
		{
			"from": [4, -9, 6.9],
			"to": [12, 1, 16.9],
			"rotation": {"angle": 0, "axis": "y", "origin": [16, 2, 0]},
			"faces": {
				"north": {"uv": [8, 0, 0, 10], "tintindex": 0,"texture": "#2"},
				"east": {"uv": [10, 0, 0, 10], "tintindex": 0,"texture": "#2"},
				"south": {"uv": [8, 0, 0, 10], "tintindex": 0,"texture": "#2"},
				"west": {"uv": [10, 0, 0, 10], "tintindex": 0,"texture": "#2"},
				"up": {"uv": [8, 0, 0, 10], "tintindex": 0,"texture": "#2"},
				"down": {"uv": [8, 0, 0, 10], "tintindex": 0,"texture": "#2"}
			}
		},
		{
			"from": [3.75, -15.9, 8],
			"to": [11.75, -12.9, 18],
			"rotation": {"angle": 0, "axis": "y", "origin": [16, 0, 0]},
			"faces": {
				"north": {"uv": [8, 0, 0, 3], "tintindex": 0,"texture": "#4"},
				"east": {"uv": [10, 0, 0, 3], "tintindex": 0,"texture": "#4"},
				"south": {"uv": [8, 0, 0, 3], "tintindex": 0,"texture": "#4"},
				"west": {"uv": [10, 0, 0, 3], "tintindex": 0,"texture": "#4"},
				"up": {"uv": [8, 0, 0, 10], "tintindex": 0,"texture": "#4"},
				"down": {"uv": [8, 0, 0, 10], "tintindex": 0,"texture": "#4"}
			}
		},
		{
			"from": [9.5, -16, 18],
			"to": [11.5, -13, 21],
			"rotation": {"angle": 0, "axis": "y", "origin": [16, 0, 0]},
			"faces": {
				"north": {"uv": [2, 0, 0, 3], "tintindex": 0,"texture": "#5"},
				"east": {"uv": [3, 0, 0, 3], "tintindex": 0,"texture": "#5"},
				"south": {"uv": [2, 0, 0, 3], "tintindex": 0,"texture": "#5"},
				"west": {"uv": [3, 0, 0, 3], "tintindex": 0,"texture": "#5"},
				"up": {"uv": [2, 0, 0, 3], "tintindex": 0,"texture": "#5"},
				"down": {"uv": [2, 0, 0, 3], "tintindex": 0,"texture": "#5"}
			}
		},
		{
			"from": [6.5, -16, 18],
			"to": [8.5, -13, 21],
			"rotation": {"angle": 0, "axis": "y", "origin": [16, 0, 0]},
			"faces": {
				"north": {"uv": [2, 0, 0, 3], "tintindex": 0,"texture": "#5"},
				"east": {"uv": [3, 0, 0, 3], "tintindex": 0,"texture": "#5"},
				"south": {"uv": [2, 0, 0, 3], "tintindex": 0,"texture": "#5"},
				"west": {"uv": [3, 0, 0, 3], "tintindex": 0,"texture": "#5"},
				"up": {"uv": [2, 0, 0, 3], "tintindex": 0,"texture": "#5"},
				"down": {"uv": [2, 0, 0, 3], "tintindex": 0,"texture": "#5"}
			}
		},
		{
			"from": [3.5, -16, 18],
			"to": [5.5, -13, 21],
			"rotation": {"angle": 0, "axis": "y", "origin": [16, 0, 0]},
			"faces": {
				"north": {"uv": [2, 0, 0, 3], "tintindex": 0,"texture": "#5"},
				"east": {"uv": [3, 0, 0, 3], "tintindex": 0,"texture": "#5"},
				"south": {"uv": [2, 0, 0, 3], "tintindex": 0,"texture": "#5"},
				"west": {"uv": [3, 0, 0, 3], "tintindex": 0,"texture": "#5"},
				"up": {"uv": [2, 0, 0, 3], "tintindex": 0,"texture": "#5"},
				"down": {"uv": [2, 0, 0, 3], "tintindex": 0,"texture": "#5"}
			}
		}
	],
	"display": {
		"head": {
			"rotation": [0, -180, 0],
			"translation": [0, 40, 9.75],
			"scale": [4, 4, 4]
		}
	}
}