{
	"credit": "Made with Blockbench",
	"textures": {
		"1": "block/blackstone",
		"2": "block/black_concrete",
		"particle": "block/nether_portal"
	},
	"elements": [
		{
			"from": [18.9824, -2.4644, 8.48251],
			"to": [29.9648, 5.7724, 30.44731],
			"rotation": {"angle": 0, "axis": "x", "origin": [24.4736, -4.65074, 4.89645]},
			"faces": {
				"north": {"uv": [0, 0, 4, 3], "rotation": 180, "tintindex": 0,"texture": "#2"},
				"east": {"uv": [0, 0, 3, 8], "rotation": 90, "tintindex": 0,"texture": "#2"},
				"south": {"uv": [0, 0, 4, 3], "tintindex": 0,"texture": "#2"},
				"west": {"uv": [0, 0, 3, 8], "rotation": 270, "tintindex": 0,"texture": "#2"},
				"up": {"uv": [0, 0, 4, 8], "tintindex": 0,"texture": "#2"},
				"down": {"uv": [0, 0, 4, 8], "rotation": 180, "tintindex": 0,"texture": "#2"}
			}
		},
		{
			"from": [20.3552, -3.8372, 8.48251],
			"to": [28.592, -2.4644, 30.44731],
			"rotation": {"angle": 0, "axis": "x", "origin": [24.4736, -4.65074, 4.89645]},
			"faces": {
				"north": {"uv": [0, 0, 3, 0.5], "rotation": 180, "tintindex": 0,"texture": "#1"},
				"east": {"uv": [0, 0, 0.5, 8], "rotation": 90, "tintindex": 0,"texture": "#1"},
				"south": {"uv": [0, 0, 3, 0.5], "tintindex": 0,"texture": "#1"},
				"west": {"uv": [0, 0, 0.5, 8], "rotation": 270, "tintindex": 0,"texture": "#1"},
				"up": {"uv": [0, 0, 3, 8], "tintindex": 0,"texture": "#1"},
				"down": {"uv": [0, 0, 3, 8], "rotation": 180, "tintindex": 0,"texture": "#1"}
			}
		},
		{
			"from": [20.08064, -3.5706, -4.98699],
			"to": [28.86656, 3.01884, 12.58485],
			"rotation": {"angle": -22.5, "axis": "x", "origin": [24.4736, -4.65074, 4.89645]},
			"faces": {
				"north": {"uv": [0, 0, 4, 3], "rotation": 180, "tintindex": 0,"texture": "#2"},
				"east": {"uv": [0, 0, 3, 8], "rotation": 90, "tintindex": 0,"texture": "#2"},
				"south": {"uv": [0, 0, 4, 3], "tintindex": 0,"texture": "#2"},
				"west": {"uv": [0, 0, 3, 8], "rotation": 270, "tintindex": 0,"texture": "#2"},
				"up": {"uv": [0, 0, 4, 8], "tintindex": 0,"texture": "#2"},
				"down": {"uv": [0, 0, 4, 8], "rotation": 180, "tintindex": 0,"texture": "#2"}
			}
		},
		{
			"from": [21.17888, -4.66884, -4.98699],
			"to": [27.76832, -3.5706, 12.58485],
			"rotation": {"angle": -22.5, "axis": "x", "origin": [24.4736, -4.65074, 4.89645]},
			"faces": {
				"north": {"uv": [0, 0, 3, 0.5], "rotation": 180, "tintindex": 0,"texture": "#1"},
				"east": {"uv": [0, 0, 0.5, 8], "rotation": 90, "tintindex": 0,"texture": "#1"},
				"south": {"uv": [0, 0, 3, 0.5], "tintindex": 0,"texture": "#1"},
				"west": {"uv": [0, 0, 0.5, 8], "rotation": 270, "tintindex": 0,"texture": "#1"},
				"up": {"uv": [0, 0, 3, 8], "tintindex": 0,"texture": "#1"},
				"down": {"uv": [0, 0, 3, 8], "rotation": 180, "tintindex": 0,"texture": "#1"}
			}
		},
		{
			"from": [20.95923, 0.09434, -15.35435],
			"to": [27.98797, 5.36589, -1.29688],
			"rotation": {"angle": -45, "axis": "x", "origin": [24.4736, -4.65074, 4.89645]},
			"faces": {
				"north": {"uv": [0, 0, 4, 3], "rotation": 180, "tintindex": 0,"texture": "#2"},
				"east": {"uv": [0, 0, 3, 8], "rotation": 90, "tintindex": 0,"texture": "#2"},
				"south": {"uv": [0, 0, 4, 3], "tintindex": 0,"texture": "#2"},
				"west": {"uv": [0, 0, 3, 8], "rotation": 270, "tintindex": 0,"texture": "#2"},
				"up": {"uv": [0, 0, 4, 8], "tintindex": 0,"texture": "#2"},
				"down": {"uv": [0, 0, 4, 8], "rotation": 180, "tintindex": 0,"texture": "#2"}
			}
		},
		{
			"from": [21.83782, -0.78425, -15.35435],
			"to": [27.10938, 0.09434, -1.29688],
			"rotation": {"angle": -45, "axis": "x", "origin": [24.4736, -4.65074, 4.89645]},
			"faces": {
				"north": {"uv": [0, 0, 3, 0.5], "rotation": 180, "tintindex": 0,"texture": "#1"},
				"east": {"uv": [0, 0, 0.5, 8], "rotation": 90, "tintindex": 0,"texture": "#1"},
				"south": {"uv": [0, 0, 3, 0.5], "tintindex": 0,"texture": "#1"},
				"west": {"uv": [0, 0, 0.5, 8], "rotation": 270, "tintindex": 0,"texture": "#1"},
				"up": {"uv": [0, 0, 3, 8], "tintindex": 0,"texture": "#1"},
				"down": {"uv": [0, 0, 3, 8], "rotation": 180, "tintindex": 0,"texture": "#1"}
			}
		},
		{
			"from": [-11.98797, 0.09434, -15.35435],
			"to": [-4.95923, 5.36589, -1.29688],
			"rotation": {"angle": -45, "axis": "x", "origin": [-8.4736, -4.65074, 4.89645]},
			"faces": {
				"north": {"uv": [0, 0, 4, 3], "rotation": 180, "tintindex": 0,"texture": "#2"},
				"east": {"uv": [0, 0, 3, 8], "rotation": 90, "tintindex": 0,"texture": "#2"},
				"south": {"uv": [0, 0, 4, 3], "tintindex": 0,"texture": "#2"},
				"west": {"uv": [0, 0, 3, 8], "rotation": 270, "tintindex": 0,"texture": "#2"},
				"up": {"uv": [0, 0, 4, 8], "tintindex": 0,"texture": "#2"},
				"down": {"uv": [0, 0, 4, 8], "rotation": 180, "tintindex": 0,"texture": "#2"}
			}
		},
		{
			"from": [-11.10938, -0.78425, -15.35435],
			"to": [-5.83782, 0.09434, -1.29688],
			"rotation": {"angle": -45, "axis": "x", "origin": [-8.4736, -4.65074, 4.89645]},
			"faces": {
				"north": {"uv": [0, 0, 3, 0.5], "rotation": 180, "tintindex": 0,"texture": "#1"},
				"east": {"uv": [0, 0, 0.5, 8], "rotation": 90, "tintindex": 0,"texture": "#1"},
				"south": {"uv": [0, 0, 3, 0.5], "tintindex": 0,"texture": "#1"},
				"west": {"uv": [0, 0, 0.5, 8], "rotation": 270, "tintindex": 0,"texture": "#1"},
				"up": {"uv": [0, 0, 3, 8], "tintindex": 0,"texture": "#1"},
				"down": {"uv": [0, 0, 3, 8], "rotation": 180, "tintindex": 0,"texture": "#1"}
			}
		},
		{
			"from": [-13.9648, -2.4644, 8.48251],
			"to": [-2.9824, 5.7724, 30.44731],
			"rotation": {"angle": 0, "axis": "x", "origin": [-8.4736, -4.65074, 4.89645]},
			"faces": {
				"north": {"uv": [0, 0, 4, 3], "rotation": 180, "tintindex": 0,"texture": "#2"},
				"east": {"uv": [0, 0, 3, 8], "rotation": 90, "tintindex": 0,"texture": "#2"},
				"south": {"uv": [0, 0, 4, 3], "tintindex": 0,"texture": "#2"},
				"west": {"uv": [0, 0, 3, 8], "rotation": 270, "tintindex": 0,"texture": "#2"},
				"up": {"uv": [0, 0, 4, 8], "tintindex": 0,"texture": "#2"},
				"down": {"uv": [0, 0, 4, 8], "rotation": 180, "tintindex": 0,"texture": "#2"}
			}
		},
		{
			"from": [-12.592, -3.8372, 8.48251],
			"to": [-4.3552, -2.4644, 30.44731],
			"rotation": {"angle": 0, "axis": "x", "origin": [-8.4736, -4.65074, 4.89645]},
			"faces": {
				"north": {"uv": [0, 0, 3, 0.5], "rotation": 180, "tintindex": 0,"texture": "#1"},
				"east": {"uv": [0, 0, 0.5, 8], "rotation": 90, "tintindex": 0,"texture": "#1"},
				"south": {"uv": [0, 0, 3, 0.5], "tintindex": 0,"texture": "#1"},
				"west": {"uv": [0, 0, 0.5, 8], "rotation": 270, "tintindex": 0,"texture": "#1"},
				"up": {"uv": [0, 0, 3, 8], "tintindex": 0,"texture": "#1"},
				"down": {"uv": [0, 0, 3, 8], "rotation": 180, "tintindex": 0,"texture": "#1"}
			}
		},
		{
			"from": [-11.76832, -4.66884, -4.98699],
			"to": [-5.17888, -3.5706, 12.58485],
			"rotation": {"angle": -22.5, "axis": "x", "origin": [-8.4736, -4.65074, 4.89645]},
			"faces": {
				"north": {"uv": [0, 0, 3, 0.5], "rotation": 180, "tintindex": 0,"texture": "#1"},
				"east": {"uv": [0, 0, 0.5, 8], "rotation": 90, "tintindex": 0,"texture": "#1"},
				"south": {"uv": [0, 0, 3, 0.5], "tintindex": 0,"texture": "#1"},
				"west": {"uv": [0, 0, 0.5, 8], "rotation": 270, "tintindex": 0,"texture": "#1"},
				"up": {"uv": [0, 0, 3, 8], "tintindex": 0,"texture": "#1"},
				"down": {"uv": [0, 0, 3, 8], "rotation": 180, "tintindex": 0,"texture": "#1"}
			}
		},
		{
			"from": [-12.86656, -3.5706, -4.98699],
			"to": [-4.08064, 3.01884, 12.58485],
			"rotation": {"angle": -22.5, "axis": "x", "origin": [-8.4736, -4.65074, 4.89645]},
			"faces": {
				"north": {"uv": [0, 0, 4, 3], "rotation": 180, "tintindex": 0,"texture": "#2"},
				"east": {"uv": [0, 0, 3, 8], "rotation": 90, "tintindex": 0,"texture": "#2"},
				"south": {"uv": [0, 0, 4, 3], "tintindex": 0,"texture": "#2"},
				"west": {"uv": [0, 0, 3, 8], "rotation": 270, "tintindex": 0,"texture": "#2"},
				"up": {"uv": [0, 0, 4, 8], "tintindex": 0,"texture": "#2"},
				"down": {"uv": [0, 0, 4, 8], "rotation": 180, "tintindex": 0,"texture": "#2"}
			}
		}
	],
	"display": {
		"head": {
			"translation": [3.75, 22.75, -75],
			"scale": [4, 4, 4]
		}
	}
}