{
	"credit": "Made with Blockbench",
	"textures": {
		"0": "block/nether_portal",
		"2": "block/purple_glazed_terracotta",
		"3": "block/quartz_block_top",
		"4": "block/allium",
		"particle": "block/nether_portal"
	},
	"elements": [
		{
			"from": [-1, -0.51, -11.8],
			"to": [17, 1.29, -10],
			"rotation": {"angle": 0, "axis": "y", "origin": [8, 0.39, -5.5]},
			"faces": {
				"north": {"uv": [0, 0, 10, 1], "tintindex": 0,"texture": "#3"},
				"east": {"uv": [0, 0, 1, 1], "tintindex": 0,"texture": "#3"},
				"south": {"uv": [0, 0, 10, 1], "tintindex": 0,"texture": "#3"},
				"west": {"uv": [0, 0, 1, 1], "tintindex": 0,"texture": "#3"},
				"up": {"uv": [0, 0, 10, 1], "tintindex": 0,"texture": "#3"},
				"down": {"uv": [0, 0, 10, 1], "tintindex": 0,"texture": "#3"}
			}
		},
		{
			"from": [-1, -0.51, 26],
			"to": [17, 1.29, 27.8],
			"rotation": {"angle": 0, "axis": "y", "origin": [8, 0.39, -5.5]},
			"faces": {
				"north": {"uv": [0, 0, 10, 1], "tintindex": 0,"texture": "#3"},
				"east": {"uv": [0, 0, 1, 1], "tintindex": 0,"texture": "#3"},
				"south": {"uv": [0, 0, 10, 1], "tintindex": 0,"texture": "#3"},
				"west": {"uv": [0, 0, 1, 1], "tintindex": 0,"texture": "#3"},
				"up": {"uv": [0, 0, 10, 1], "tintindex": 0,"texture": "#3"},
				"down": {"uv": [0, 0, 10, 1], "tintindex": 0,"texture": "#3"}
			}
		},
		{
			"from": [26, -0.51, -1],
			"to": [27.8, 1.29, 17],
			"rotation": {"angle": 0, "axis": "y", "origin": [8, 0.39, 8]},
			"faces": {
				"north": {"uv": [0, 0, 1, 1], "tintindex": 0,"texture": "#3"},
				"east": {"uv": [0, 0, 10, 1], "tintindex": 0,"texture": "#3"},
				"south": {"uv": [0, 0, 1, 1], "tintindex": 0,"texture": "#3"},
				"west": {"uv": [0, 0, 10, 1], "tintindex": 0,"texture": "#3"},
				"up": {"uv": [0, 0, 10, 1], "rotation": 270, "tintindex": 0,"texture": "#3"},
				"down": {"uv": [0, 0, 10, 1], "rotation": 90, "tintindex": 0,"texture": "#3"}
			}
		},
		{
			"from": [-11.8, -0.51, -1],
			"to": [-10, 1.29, 17],
			"rotation": {"angle": 0, "axis": "y", "origin": [8, 0.39, 8]},
			"faces": {
				"north": {"uv": [0, 0, 1, 1], "tintindex": 0,"texture": "#3"},
				"east": {"uv": [0, 0, 10, 1], "tintindex": 0,"texture": "#3"},
				"south": {"uv": [0, 0, 1, 1], "tintindex": 0,"texture": "#3"},
				"west": {"uv": [0, 0, 10, 1], "tintindex": 0,"texture": "#3"},
				"up": {"uv": [0, 0, 10, 1], "rotation": 270, "tintindex": 0,"texture": "#3"},
				"down": {"uv": [0, 0, 10, 1], "rotation": 90, "tintindex": 0,"texture": "#3"}
			}
		},
		{
			"from": [-1, -0.51, -11.8],
			"to": [17, 1.29, -10],
			"rotation": {"angle": 45, "axis": "y", "origin": [8, 0.39, 8]},
			"faces": {
				"north": {"uv": [0, 0, 10, 1], "tintindex": 0,"texture": "#3"},
				"east": {"uv": [0, 0, 1, 1], "tintindex": 0,"texture": "#3"},
				"south": {"uv": [0, 0, 10, 1], "tintindex": 0,"texture": "#3"},
				"west": {"uv": [0, 0, 1, 1], "tintindex": 0,"texture": "#3"},
				"up": {"uv": [0, 0, 10, 1], "tintindex": 0,"texture": "#3"},
				"down": {"uv": [0, 0, 10, 1], "tintindex": 0,"texture": "#3"}
			}
		},
		{
			"from": [-11.8, -0.51, -1],
			"to": [-10, 1.29, 17],
			"rotation": {"angle": 45, "axis": "y", "origin": [8, 0.39, 8]},
			"faces": {
				"north": {"uv": [0, 0, 1, 1], "tintindex": 0,"texture": "#3"},
				"east": {"uv": [0, 0, 10, 1], "tintindex": 0,"texture": "#3"},
				"south": {"uv": [0, 0, 1, 1], "tintindex": 0,"texture": "#3"},
				"west": {"uv": [0, 0, 10, 1], "tintindex": 0,"texture": "#3"},
				"up": {"uv": [0, 0, 10, 1], "rotation": 270, "tintindex": 0,"texture": "#3"},
				"down": {"uv": [0, 0, 10, 1], "rotation": 90, "tintindex": 0,"texture": "#3"}
			}
		},
		{
			"from": [-1, -0.51, 26],
			"to": [17, 1.29, 27.8],
			"rotation": {"angle": 45, "axis": "y", "origin": [8, 0.39, 8]},
			"faces": {
				"north": {"uv": [0, 0, 10, 1], "tintindex": 0,"texture": "#3"},
				"east": {"uv": [0, 0, 1, 1], "tintindex": 0,"texture": "#3"},
				"south": {"uv": [0, 0, 10, 1], "tintindex": 0,"texture": "#3"},
				"west": {"uv": [0, 0, 1, 1], "tintindex": 0,"texture": "#3"},
				"up": {"uv": [0, 0, 10, 1], "tintindex": 0,"texture": "#3"},
				"down": {"uv": [0, 0, 10, 1], "tintindex": 0,"texture": "#3"}
			}
		},
		{
			"from": [26, -1.32, -1],
			"to": [27.8, 0.48, 17],
			"rotation": {"angle": 45, "axis": "y", "origin": [8, -0.42, 8]},
			"faces": {
				"north": {"uv": [0, 0, 1, 1], "tintindex": 0,"texture": "#3"},
				"east": {"uv": [0, 0, 10, 1], "tintindex": 0,"texture": "#3"},
				"south": {"uv": [0, 0, 1, 1], "tintindex": 0,"texture": "#3"},
				"west": {"uv": [0, 0, 10, 1], "tintindex": 0,"texture": "#3"},
				"up": {"uv": [0, 0, 10, 1], "rotation": 270, "tintindex": 0,"texture": "#3"},
				"down": {"uv": [0, 0, 10, 1], "rotation": 90, "tintindex": 0,"texture": "#3"}
			}
		},
		{
			"from": [-1.9, -1.41, -12.7],
			"to": [1.7, 2.19, -9.1],
			"rotation": {"angle": 0, "axis": "y", "origin": [-6.4, -0.51, -6.4]},
			"faces": {
				"north": {"uv": [0, 0, 16, 16], "tintindex": 0,"texture": "#2"},
				"east": {"uv": [0, 0, 16, 16], "tintindex": 0,"texture": "#2"},
				"south": {"uv": [0, 0, 16, 16], "tintindex": 0,"texture": "#2"},
				"west": {"uv": [0, 0, 16, 16], "tintindex": 0,"texture": "#2"},
				"up": {"uv": [0, 0, 16, 16], "tintindex": 0,"texture": "#2"},
				"down": {"uv": [0, 0, 16, 16], "tintindex": 0,"texture": "#2"}
			}
		},
		{
			"from": [14.3, -1.41, -12.7],
			"to": [17.9, 2.19, -9.1],
			"rotation": {"angle": 0, "axis": "y", "origin": [-6.4, -0.51, -6.4]},
			"faces": {
				"north": {"uv": [0, 0, 16, 16], "tintindex": 0,"texture": "#2"},
				"east": {"uv": [0, 0, 16, 16], "tintindex": 0,"texture": "#2"},
				"south": {"uv": [0, 0, 16, 16], "tintindex": 0,"texture": "#2"},
				"west": {"uv": [0, 0, 16, 16], "tintindex": 0,"texture": "#2"},
				"up": {"uv": [0, 0, 16, 16], "tintindex": 0,"texture": "#2"},
				"down": {"uv": [0, 0, 16, 16], "tintindex": 0,"texture": "#2"}
			}
		},
		{
			"from": [14.3, -1.41, 25.1],
			"to": [17.9, 2.19, 28.7],
			"rotation": {"angle": 0, "axis": "y", "origin": [-6.4, -0.51, -6.4]},
			"faces": {
				"north": {"uv": [0, 0, 16, 16], "tintindex": 0,"texture": "#2"},
				"east": {"uv": [0, 0, 16, 16], "tintindex": 0,"texture": "#2"},
				"south": {"uv": [0, 0, 16, 16], "tintindex": 0,"texture": "#2"},
				"west": {"uv": [0, 0, 16, 16], "tintindex": 0,"texture": "#2"},
				"up": {"uv": [0, 0, 16, 16], "tintindex": 0,"texture": "#2"},
				"down": {"uv": [0, 0, 16, 16], "tintindex": 0,"texture": "#2"}
			}
		},
		{
			"from": [-1.9, -1.41, 25.1],
			"to": [1.7, 2.19, 28.7],
			"rotation": {"angle": 0, "axis": "y", "origin": [-6.4, -0.51, -6.4]},
			"faces": {
				"north": {"uv": [0, 0, 16, 16], "tintindex": 0,"texture": "#2"},
				"east": {"uv": [0, 0, 16, 16], "tintindex": 0,"texture": "#2"},
				"south": {"uv": [0, 0, 16, 16], "tintindex": 0,"texture": "#2"},
				"west": {"uv": [0, 0, 16, 16], "tintindex": 0,"texture": "#2"},
				"up": {"uv": [0, 0, 16, 16], "tintindex": 0,"texture": "#2"},
				"down": {"uv": [0, 0, 16, 16], "tintindex": 0,"texture": "#2"}
			}
		},
		{
			"from": [25.1, -1.41, -1.9],
			"to": [28.7, 2.19, 1.7],
			"rotation": {"angle": 0, "axis": "y", "origin": [8, 0.39, 8]},
			"faces": {
				"north": {"uv": [0, 0, 16, 16], "tintindex": 0,"texture": "#2"},
				"east": {"uv": [0, 0, 16, 16], "tintindex": 0,"texture": "#2"},
				"south": {"uv": [0, 0, 16, 16], "tintindex": 0,"texture": "#2"},
				"west": {"uv": [0, 0, 16, 16], "tintindex": 0,"texture": "#2"},
				"up": {"uv": [0, 0, 16, 16], "rotation": 270, "tintindex": 0,"texture": "#2"},
				"down": {"uv": [0, 0, 16, 16], "rotation": 90, "tintindex": 0,"texture": "#2"}
			}
		},
		{
			"from": [25.1, -1.41, 14.3],
			"to": [28.7, 2.19, 17.9],
			"rotation": {"angle": 0, "axis": "y", "origin": [8, 0.39, 8]},
			"faces": {
				"north": {"uv": [0, 0, 16, 16], "tintindex": 0,"texture": "#2"},
				"east": {"uv": [0, 0, 16, 16], "tintindex": 0,"texture": "#2"},
				"south": {"uv": [0, 0, 16, 16], "tintindex": 0,"texture": "#2"},
				"west": {"uv": [0, 0, 16, 16], "tintindex": 0,"texture": "#2"},
				"up": {"uv": [0, 0, 16, 16], "rotation": 270, "tintindex": 0,"texture": "#2"},
				"down": {"uv": [0, 0, 16, 16], "rotation": 90, "tintindex": 0,"texture": "#2"}
			}
		},
		{
			"from": [-12.7, -1.41, 14.3],
			"to": [-9.1, 2.19, 17.9],
			"rotation": {"angle": 0, "axis": "y", "origin": [8, 0.39, 8]},
			"faces": {
				"north": {"uv": [0, 0, 16, 16], "tintindex": 0,"texture": "#2"},
				"east": {"uv": [0, 0, 16, 16], "tintindex": 0,"texture": "#2"},
				"south": {"uv": [0, 0, 16, 16], "tintindex": 0,"texture": "#2"},
				"west": {"uv": [0, 0, 16, 16], "tintindex": 0,"texture": "#2"},
				"up": {"uv": [0, 0, 16, 16], "rotation": 270, "tintindex": 0,"texture": "#2"},
				"down": {"uv": [0, 0, 16, 16], "rotation": 90, "tintindex": 0,"texture": "#2"}
			}
		},
		{
			"from": [-12.7, -1.41, -1.9],
			"to": [-9.1, 2.19, 1.7],
			"rotation": {"angle": 0, "axis": "y", "origin": [8, 0.39, 8]},
			"faces": {
				"north": {"uv": [0, 0, 16, 16], "tintindex": 0,"texture": "#2"},
				"east": {"uv": [0, 0, 16, 16], "tintindex": 0,"texture": "#2"},
				"south": {"uv": [0, 0, 16, 16], "tintindex": 0,"texture": "#2"},
				"west": {"uv": [0, 0, 16, 16], "tintindex": 0,"texture": "#2"},
				"up": {"uv": [0, 0, 16, 16], "rotation": 270, "tintindex": 0,"texture": "#2"},
				"down": {"uv": [0, 0, 16, 16], "rotation": 90, "tintindex": 0,"texture": "#2"}
			}
		},
		{
			"from": [-10, -1.5, -10],
			"to": [26, -1.32, 26],
			"rotation": {"angle": 0, "axis": "y", "origin": [-6.4, -1.32, -6.4]},
			"faces": {
				"north": {"uv": [0, 0, 1, 1], "tintindex": 0,"texture": "#4"},
				"east": {"uv": [0, 0, 1, 1], "tintindex": 0,"texture": "#4"},
				"south": {"uv": [0, 0, 1, 1], "tintindex": 0,"texture": "#4"},
				"west": {"uv": [0, 0, 1, 1], "tintindex": 0,"texture": "#4"},
				"up": {"uv": [0, 0, 16, 16], "tintindex": 0,"texture": "#0"},
				"down": {"uv": [0, 0, 1, 1], "tintindex": 0,"texture": "#4"}
			}
		},
		{
			"from": [-6.4, -1.5, 26],
			"to": [22.4, -1.32, 29.6],
			"rotation": {"angle": 0, "axis": "y", "origin": [-6.4, -1.32, -6.4]},
			"faces": {
				"north": {"uv": [0, 0, 1, 1], "tintindex": 0,"texture": "#4"},
				"east": {"uv": [0, 0, 1, 1], "tintindex": 0,"texture": "#4"},
				"south": {"uv": [0, 0, 1, 1], "tintindex": 0,"texture": "#4"},
				"west": {"uv": [0, 0, 1, 1], "tintindex": 0,"texture": "#4"},
				"up": {"uv": [0, 0, 16, 2], "tintindex": 0,"texture": "#0"},
				"down": {"uv": [0, 0, 1, 1], "tintindex": 0,"texture": "#4"}
			}
		},
		{
			"from": [-6.4, -1.5, -13.6],
			"to": [22.4, -1.32, -10],
			"rotation": {"angle": 0, "axis": "y", "origin": [-6.4, -1.32, -6.4]},
			"faces": {
				"north": {"uv": [0, 0, 1, 1], "tintindex": 0,"texture": "#4"},
				"east": {"uv": [0, 0, 1, 1], "tintindex": 0,"texture": "#4"},
				"south": {"uv": [0, 0, 1, 1], "tintindex": 0,"texture": "#4"},
				"west": {"uv": [0, 0, 1, 1], "tintindex": 0,"texture": "#4"},
				"up": {"uv": [0, 0, 16, 2], "tintindex": 0,"texture": "#0"},
				"down": {"uv": [0, 0, 1, 1], "tintindex": 0,"texture": "#4"}
			}
		},
		{
			"from": [-13.6, -1.5, -6.4],
			"to": [-10, -1.32, 22.4],
			"rotation": {"angle": 0, "axis": "y", "origin": [8, -1.59, 8]},
			"faces": {
				"north": {"uv": [0, 0, 1, 1], "tintindex": 0,"texture": "#4"},
				"east": {"uv": [0, 0, 1, 1], "tintindex": 0,"texture": "#4"},
				"south": {"uv": [0, 0, 1, 1], "tintindex": 0,"texture": "#4"},
				"west": {"uv": [0, 0, 1, 1], "tintindex": 0,"texture": "#4"},
				"up": {"uv": [0, 0, 16, 2], "rotation": 270, "tintindex": 0,"texture": "#0"},
				"down": {"uv": [0, 0, 1, 1], "tintindex": 0,"texture": "#4"}
			}
		},
		{
			"from": [26, -1.5, -6.4],
			"to": [29.6, -1.32, 22.4],
			"rotation": {"angle": 0, "axis": "y", "origin": [8, -1.59, 8]},
			"faces": {
				"north": {"uv": [0, 0, 1, 1], "tintindex": 0,"texture": "#4"},
				"east": {"uv": [0, 0, 1, 1], "tintindex": 0,"texture": "#4"},
				"south": {"uv": [0, 0, 1, 1], "tintindex": 0,"texture": "#4"},
				"west": {"uv": [0, 0, 1, 1], "tintindex": 0,"texture": "#4"},
				"up": {"uv": [0, 0, 16, 2], "rotation": 270, "tintindex": 0,"texture": "#0"},
				"down": {"uv": [0, 0, 1, 1], "tintindex": 0,"texture": "#4"}
			}
		},
		{
			"from": [-15.4, -1.5, -1],
			"to": [-13.6, -1.32, 17],
			"rotation": {"angle": 0, "axis": "y", "origin": [-6.4, -1.32, -6.4]},
			"faces": {
				"north": {"uv": [0, 0, 1, 1], "tintindex": 0,"texture": "#4"},
				"east": {"uv": [0, 0, 1, 1], "tintindex": 0,"texture": "#4"},
				"south": {"uv": [0, 0, 1, 1], "tintindex": 0,"texture": "#4"},
				"west": {"uv": [0, 0, 1, 1], "tintindex": 0,"texture": "#4"},
				"up": {"uv": [0, 0, 1, 10], "tintindex": 0,"texture": "#0"},
				"down": {"uv": [0, 0, 1, 1], "tintindex": 0,"texture": "#4"}
			}
		},
		{
			"from": [29.6, -1.5, -1],
			"to": [31.4, -1.32, 17],
			"rotation": {"angle": 0, "axis": "y", "origin": [-6.4, -1.32, -6.4]},
			"faces": {
				"north": {"uv": [0, 0, 1, 1], "tintindex": 0,"texture": "#4"},
				"east": {"uv": [0, 0, 1, 1], "tintindex": 0,"texture": "#4"},
				"south": {"uv": [0, 0, 1, 1], "tintindex": 0,"texture": "#4"},
				"west": {"uv": [0, 0, 1, 1], "tintindex": 0,"texture": "#4"},
				"up": {"uv": [0, 0, 1, 10], "tintindex": 0,"texture": "#0"},
				"down": {"uv": [0, 0, 1, 1], "tintindex": 0,"texture": "#4"}
			}
		},
		{
			"from": [-1, -1.5, -15.4],
			"to": [17, -1.32, -13.6],
			"rotation": {"angle": 0, "axis": "y", "origin": [8, -1.23, 8]},
			"faces": {
				"north": {"uv": [0, 0, 1, 1], "tintindex": 0,"texture": "#4"},
				"east": {"uv": [0, 0, 1, 1], "tintindex": 0,"texture": "#4"},
				"south": {"uv": [0, 0, 1, 1], "tintindex": 0,"texture": "#4"},
				"west": {"uv": [0, 0, 1, 1], "tintindex": 0,"texture": "#4"},
				"up": {"uv": [0, 0, 1, 10], "rotation": 270, "tintindex": 0,"texture": "#0"},
				"down": {"uv": [0, 0, 1, 1], "tintindex": 0,"texture": "#4"}
			}
		},
		{
			"from": [-1, -1.5, 29.6],
			"to": [17, -1.32, 31.4],
			"rotation": {"angle": 0, "axis": "y", "origin": [8, -1.23, 8]},
			"faces": {
				"north": {"uv": [0, 0, 1, 1], "tintindex": 0,"texture": "#4"},
				"east": {"uv": [0, 0, 1, 1], "tintindex": 0,"texture": "#4"},
				"south": {"uv": [0, 0, 1, 1], "tintindex": 0,"texture": "#4"},
				"west": {"uv": [0, 0, 1, 1], "tintindex": 0,"texture": "#4"},
				"up": {"uv": [0, 0, 1, 10], "rotation": 270, "tintindex": 0,"texture": "#0"},
				"down": {"uv": [0, 0, 1, 1], "tintindex": 0,"texture": "#4"}
			}
		}
	],
	"display": {
		"head": {
			"rotation": [-90, 0, 0],
			"translation": [0, -4.75, -39.75],
			"scale": [4, 4, 4]
		}
	}
}