{
	"credit": "Made with Blockbench",
	"textures": {
		"5": "block/respawn_anchor_top",
		"particle": "block/nether_portal"
	},
	"elements": [
		{
			"from": [0, 0, 0],
			"to": [16, 0.1, 16],
			"faces": {
				"north": {"uv": [0, 0, 16, 0.1], "texture": "#5"},
				"east": {"uv": [0, 0, 16, 0.1], "texture": "#5"},
				"south": {"uv": [0, 0, 16, 0.1], "texture": "#5"},
				"west": {"uv": [0, 0, 16, 0.1], "texture": "#5"},
				"up": {"uv": [0, 0, 16, 16], "texture": "#5"},
				"down": {"uv": [0, 0, 16, 16], "texture": "#5"}
			}
		}
	],
	"display": {
		"head": {
			"translation": [3.75, -13, 11],
			"scale": [4, 4, 4]
		}
	}
}