{
	"credit": "Made with Blockbench",
	"textures": {
		"1": "block/blackstone",
		"2": "block/black_concrete",
		"particle": "block/nether_portal"
	},
	"elements": [
		{
			"from": [5, 0, 5],
			"to": [11, 12, 11],
			"rotation": {"angle": 0, "axis": "y", "origin": [6.5, 0.5, 6.5]},
			"faces": {
				"north": {"uv": [0, 0, 6, 12], "texture": "#2"},
				"east": {"uv": [0, 0, 6, 12], "texture": "#2"},
				"south": {"uv": [0, 0, 6, 12], "texture": "#2"},
				"west": {"uv": [0, 0, 6, 12], "texture": "#2"},
				"up": {"uv": [0, 0, 6, 6], "texture": "#2"},
				"down": {"uv": [0, 0, 6, 6], "texture": "#2"}
			}
		},
		{
			"from": [6, 0, 4.5],
			"to": [10, 12, 5],
			"faces": {
				"north": {"uv": [9, 1, 13, 13], "texture": "#1"},
				"east": {"uv": [0, 0, 0.5, 12], "texture": "#1"},
				"south": {"uv": [0, 0, 4, 12], "texture": "#1"},
				"west": {"uv": [0, 0, 0.5, 12], "texture": "#1"},
				"up": {"uv": [0, 0, 4, 0.5], "texture": "#1"},
				"down": {"uv": [0, 0, 4, 0.5], "texture": "#1"}
			}
		}
	],
	"display": {
		"head": {
			"translation": [0, 25.75, 0],
			"scale": [4, 4, 4]
		}
	}
}