{
	"credit": "Made with Blockbench",
	"textures": {
		"1": "block/andesite",
		"4": "block/smooth_stone",
		"particle": "block/redstone_block"
	},
	"elements": [
		{
			"from": [4, 16, 4],
			"to": [12, 24, 12],
			"rotation": {"angle": 22.5, "axis": "x", "origin": [8, 15, 8]},
			"faces": {
				"north": {"uv": [4, 0, 10, 16], "tintindex": 0,"texture": "#4"},
				"east": {"uv": [2, 0, 12, 16], "tintindex": 0,"texture": "#4"},
				"south": {"uv": [4, 0, 10, 16], "tintindex": 0,"texture": "#4"},
				"west": {"uv": [3, 0, 13, 16], "tintindex": 0,"texture": "#4"},
				"up": {"uv": [4, 2, 10, 12], "tintindex": 0,"texture": "#4"},
				"down": {"uv": [3, 2, 9, 12], "tintindex": 0,"texture": "#4"}
			}
		},
		{
			"from": [6, 3, 6],
			"to": [10, 17, 10],
			"rotation": {"angle": 22.5, "axis": "x", "origin": [8, 15, 8]},
			"faces": {
				"north": {"uv": [0, 0, 4, 14], "tintindex": 0,"texture": "#1"},
				"east": {"uv": [0, 0, 4, 14], "tintindex": 0,"texture": "#1"},
				"south": {"uv": [0, 0, 4, 14], "tintindex": 0,"texture": "#1"},
				"west": {"uv": [0, 0, 4, 14], "tintindex": 0,"texture": "#1"},
				"up": {"uv": [0, 0, 4, 4], "tintindex": 0,"texture": "#1"},
				"down": {"uv": [0, 0, 4, 4], "tintindex": 0,"texture": "#1"}
			}
		},
		{
			"from": [6.6, 2.2, -0.3],
			"to": [9.4, 5, 5.3],
			"rotation": {"angle": 0, "axis": "y", "origin": [8, 4.3, 1.8]},
			"faces": {
				"north": {"uv": [1, 0, 2, 1], "tintindex": 0,"texture": "#1"},
				"east": {"uv": [1, 0, 2, 1], "tintindex": 0,"texture": "#1"},
				"south": {"uv": [1, 0, 2, 1], "tintindex": 0,"texture": "#1"},
				"west": {"uv": [1, 0, 2, 1], "tintindex": 0,"texture": "#1"},
				"up": {"uv": [1, 0, 2, 1], "tintindex": 0,"texture": "#1"},
				"down": {"uv": [1, 0, 2, 1], "tintindex": 0,"texture": "#1"}
			}
		},
		{
			"from": [6.6, 0.8, 1.1],
			"to": [9.4, 6.4, 3.9],
			"rotation": {"angle": 0, "axis": "x", "origin": [8, 3.6, 2.5]},
			"faces": {
				"north": {"uv": [1, 0, 2, 1], "rotation": 180, "tintindex": 0,"texture": "#1"},
				"east": {"uv": [1, 0, 2, 1], "rotation": 270, "tintindex": 0,"texture": "#1"},
				"south": {"uv": [1, 0, 2, 1], "tintindex": 0,"texture": "#1"},
				"west": {"uv": [1, 0, 2, 1], "rotation": 90, "tintindex": 0,"texture": "#1"},
				"up": {"uv": [1, 0, 2, 1], "rotation": 180, "tintindex": 0,"texture": "#1"},
				"down": {"uv": [1, 0, 2, 1], "tintindex": 0,"texture": "#1"}
			}
		},
		{
			"from": [6.6, 0.8, 1.1],
			"to": [9.4, 6.4, 3.9],
			"rotation": {"angle": 45, "axis": "x", "origin": [8, 3.6, 2.5]},
			"faces": {
				"north": {"uv": [1, 0, 2, 1], "rotation": 180, "tintindex": 0,"texture": "#1"},
				"east": {"uv": [1, 0, 2, 1], "rotation": 270, "tintindex": 0,"texture": "#1"},
				"south": {"uv": [1, 0, 2, 1], "tintindex": 0,"texture": "#1"},
				"west": {"uv": [1, 0, 2, 1], "rotation": 90, "tintindex": 0,"texture": "#1"},
				"up": {"uv": [1, 0, 2, 1], "rotation": 180, "tintindex": 0,"texture": "#1"},
				"down": {"uv": [1, 0, 2, 1], "tintindex": 0,"texture": "#1"}
			}
		},
		{
			"from": [6.6, 2.2, -0.3],
			"to": [9.4, 5, 5.3],
			"rotation": {"angle": 45, "axis": "x", "origin": [8, 3.6, 2.5]},
			"faces": {
				"north": {"uv": [1, 0, 2, 1], "rotation": 180, "tintindex": 0,"texture": "#1"},
				"east": {"uv": [1, 0, 2, 1], "rotation": 180, "tintindex": 0,"texture": "#1"},
				"south": {"uv": [1, 0, 2, 1], "rotation": 180, "tintindex": 0,"texture": "#1"},
				"west": {"uv": [1, 0, 2, 1], "rotation": 180, "tintindex": 0,"texture": "#1"},
				"up": {"uv": [1, 0, 2, 1], "tintindex": 0,"texture": "#1"},
				"down": {"uv": [1, 0, 2, 1], "tintindex": 0,"texture": "#1"}
			}
		},
		{
			"from": [4, -16, 0],
			"to": [7, 4, 6],
			"rotation": {"angle": 0, "axis": "y", "origin": [12, -8, 8]},
			"faces": {
				"north": {"uv": [3, 0, 6, 16], "tintindex": 0,"texture": "#4"},
				"east": {"uv": [4, 0, 10, 16], "tintindex": 0,"texture": "#4"},
				"south": {"uv": [7, 0, 10, 16], "tintindex": 0,"texture": "#4"},
				"west": {"uv": [4, 0, 10, 16], "tintindex": 0,"texture": "#4"},
				"up": {"uv": [10, 5, 13, 11], "tintindex": 0,"texture": "#4"},
				"down": {"uv": [0, 0, 1, 1], "tintindex": 0,"texture": "#4"}
			}
		},
		{
			"from": [9, -16, 0],
			"to": [12, 4, 6],
			"rotation": {"angle": 0, "axis": "y", "origin": [17, -8, 8]},
			"faces": {
				"north": {"uv": [3, 0, 6, 16], "tintindex": 0,"texture": "#4"},
				"east": {"uv": [4, 0, 10, 16], "tintindex": 0,"texture": "#4"},
				"south": {"uv": [7, 0, 10, 16], "tintindex": 0,"texture": "#4"},
				"west": {"uv": [4, 0, 10, 16], "tintindex": 0,"texture": "#4"},
				"up": {"uv": [10, 5, 13, 11], "tintindex": 0,"texture": "#4"},
				"down": {"uv": [0, 0, 1, 1], "tintindex": 0,"texture": "#4"}
			}
		},
		{
			"from": [7, -16, 2],
			"to": [9, 4, 6],
			"rotation": {"angle": 0, "axis": "y", "origin": [15, -8, 10]},
			"faces": {
				"north": {"uv": [3, 0, 6, 16], "tintindex": 0,"texture": "#4"},
				"east": {"uv": [4, 0, 10, 16], "tintindex": 0,"texture": "#4"},
				"south": {"uv": [7, 0, 10, 16], "tintindex": 0,"texture": "#4"},
				"west": {"uv": [4, 0, 10, 16], "tintindex": 0,"texture": "#4"},
				"up": {"uv": [10, 5, 13, 11], "tintindex": 0,"texture": "#4"},
				"down": {"uv": [0, 0, 1, 1], "tintindex": 0,"texture": "#4"}
			}
		},
		{
			"from": [4, -16, -1],
			"to": [12, 2, 7],
			"rotation": {"angle": 45, "axis": "y", "origin": [8, -13.5, 3]},
			"faces": {
				"north": {"uv": [4, 0, 12, 16], "tintindex": 0,"texture": "#4"},
				"east": {"uv": [4, 0, 12, 16], "tintindex": 0,"texture": "#4"},
				"south": {"uv": [4, 0, 12, 16], "tintindex": 0,"texture": "#4"},
				"west": {"uv": [4, 0, 12, 16], "tintindex": 0,"texture": "#4"},
				"up": {"uv": [3, 2, 11, 10], "tintindex": 0,"texture": "#4"},
				"down": {"uv": [0, 0, 1, 1], "tintindex": 0,"texture": "#4"}
			}
		},
		{
			"from": [3, -16, -2],
			"to": [13, -1, 8],
			"rotation": {"angle": 0, "axis": "y", "origin": [11, -8, 6]},
			"faces": {
				"north": {"uv": [2, 0, 12, 16], "tintindex": 0,"texture": "#4"},
				"east": {"uv": [2, 0, 12, 16], "tintindex": 0,"texture": "#4"},
				"south": {"uv": [2, 0, 12, 16], "tintindex": 0,"texture": "#4"},
				"west": {"uv": [2, 0, 12, 16], "tintindex": 0,"texture": "#4"},
				"up": {"uv": [2, 2, 12, 12], "tintindex": 0,"texture": "#4"},
				"down": {"uv": [0, 0, 1, 1], "tintindex": 0,"texture": "#4"}
			}
		}
	],
	"display": {
		"head": {
			"translation": [0, -26.5, -2],
			"scale": [2, 2, 2]
		}
	}
}