{
	"credit": "Made with Blockbench",
	"textures": {
		"0": "block/redstone_block",
		"1": "block/andesite",
		"2": "block/black_concrete",
		"3": "block/smooth_stone_slab_side",
		"4": "block/smooth_stone",
		"5": "block/repeater_on",
		"particle": "block/redstone_block"
	},
	"elements": [
		{
			"from": [4, 23, 2],
			"to": [7, 26, 5],
			"rotation": {"angle": 45, "axis": "z", "origin": [5.5, 24.5, 3.5]},
			"faces": {
				"north": {"uv": [0, 0, 16, 16], "tintindex": 0,"texture": "#0"},
				"east": {"uv": [0, 0, 16, 16], "tintindex": 0,"texture": "#0"},
				"south": {"uv": [0, 0, 16, 16], "tintindex": 0,"texture": "#0"},
				"west": {"uv": [0, 0, 16, 16], "tintindex": 0,"texture": "#0"},
				"up": {"uv": [0, 0, 16, 16], "tintindex": 0,"texture": "#0"},
				"down": {"uv": [0, 0, 16, 16], "tintindex": 0,"texture": "#0"}
			}
		},
		{
			"from": [9, 23, 2],
			"to": [12, 26, 5],
			"rotation": {"angle": 45, "axis": "z", "origin": [10.5, 24.5, 3.5]},
			"faces": {
				"north": {"uv": [0, 0, 16, 16], "tintindex": 0,"texture": "#0"},
				"east": {"uv": [0, 0, 16, 16], "tintindex": 0,"texture": "#0"},
				"south": {"uv": [0, 0, 16, 16], "tintindex": 0,"texture": "#0"},
				"west": {"uv": [0, 0, 16, 16], "tintindex": 0,"texture": "#0"},
				"up": {"uv": [0, 0, 16, 16], "tintindex": 0,"texture": "#0"},
				"down": {"uv": [0, 0, 16, 16], "tintindex": 0,"texture": "#0"}
			}
		},
		{
			"from": [6, 20, 0],
			"to": [10, 32, 12],
			"rotation": {"angle": 0, "axis": "y", "origin": [9, 20.5, 0.5]},
			"faces": {
				"north": {"uv": [8, 1, 12, 13], "tintindex": 0,"texture": "#3"},
				"east": {"uv": [2, 2, 14, 14], "tintindex": 0,"texture": "#3"},
				"south": {"uv": [8, 1, 12, 13], "tintindex": 0,"texture": "#3"},
				"west": {"uv": [2, 2, 14, 14], "tintindex": 0,"texture": "#3"},
				"up": {"uv": [3, 1, 7, 13], "tintindex": 0,"texture": "#3"},
				"down": {"uv": [3, 1, 7, 13], "tintindex": 0,"texture": "#3"}
			}
		},
		{
			"from": [2, 25, 4],
			"to": [14, 30, 8],
			"rotation": {"angle": 0, "axis": "y", "origin": [8, 25.5, 6]},
			"faces": {
				"north": {"uv": [0, 0, 12, 5], "tintindex": 0,"texture": "#1"},
				"east": {"uv": [0, 0, 4, 5], "tintindex": 0,"texture": "#1"},
				"south": {"uv": [0, 0, 12, 5], "tintindex": 0,"texture": "#1"},
				"west": {"uv": [0, 0, 4, 5], "tintindex": 0,"texture": "#1"},
				"up": {"uv": [0, 0, 4, 12], "rotation": 270, "tintindex": 0,"texture": "#1"},
				"down": {"uv": [0, 0, 4, 12], "rotation": 90, "tintindex": 0,"texture": "#1"}
			}
		},
		{
			"from": [2, 18.9, 4],
			"to": [14, 22.9, 8],
			"rotation": {"angle": 0, "axis": "y", "origin": [8, 19.4, 6]},
			"faces": {
				"north": {"uv": [0, 0, 12, 4], "tintindex": 0,"texture": "#1"},
				"east": {"uv": [0, 0, 4, 4], "tintindex": 0,"texture": "#1"},
				"south": {"uv": [0, 0, 12, 4], "tintindex": 0,"texture": "#1"},
				"west": {"uv": [0, 0, 4, 4], "tintindex": 0,"texture": "#1"},
				"up": {"uv": [0, 0, 4, 12], "rotation": 270, "tintindex": 0,"texture": "#1"},
				"down": {"uv": [0, 0, 4, 12], "rotation": 90, "tintindex": 0,"texture": "#1"}
			}
		},
		{
			"from": [6, -5, 4],
			"to": [10, 19, 8],
			"rotation": {"angle": 0, "axis": "y", "origin": [8, -1.5, 6]},
			"faces": {
				"north": {"uv": [0, 0, 4, 16], "tintindex": 0,"texture": "#1"},
				"east": {"uv": [0, 0, 4, 16], "tintindex": 0,"texture": "#1"},
				"south": {"uv": [0, 0, 4, 16], "tintindex": 0,"texture": "#1"},
				"west": {"uv": [0, 0, 4, 16], "tintindex": 0,"texture": "#1"},
				"up": {"uv": [0, 0, 4, 4], "rotation": 270, "tintindex": 0,"texture": "#1"},
				"down": {"uv": [0, 0, 4, 4], "rotation": 90, "tintindex": 0,"texture": "#1"}
			}
		},
		{
			"from": [2, 25, 4],
			"to": [14, 29, 8],
			"rotation": {"angle": 45, "axis": "y", "origin": [8, 25.5, 6]},
			"faces": {
				"north": {"uv": [0, 0, 12, 4], "tintindex": 0,"texture": "#1"},
				"east": {"uv": [0, 0, 4, 4], "tintindex": 0,"texture": "#1"},
				"south": {"uv": [0, 0, 12, 4], "tintindex": 0,"texture": "#1"},
				"west": {"uv": [0, 0, 4, 4], "tintindex": 0,"texture": "#1"},
				"up": {"uv": [0, 0, 4, 12], "rotation": 270, "tintindex": 0,"texture": "#1"},
				"down": {"uv": [0, 0, 4, 12], "rotation": 90, "tintindex": 0,"texture": "#1"}
			}
		},
		{
			"from": [2, 19, 4],
			"to": [14, 23, 8],
			"rotation": {"angle": 45, "axis": "y", "origin": [8, 19.5, 6]},
			"faces": {
				"north": {"uv": [0, 0, 12, 4], "tintindex": 0,"texture": "#1"},
				"east": {"uv": [0, 0, 4, 4], "tintindex": 0,"texture": "#1"},
				"south": {"uv": [0, 0, 12, 4], "tintindex": 0,"texture": "#1"},
				"west": {"uv": [0, 0, 4, 4], "tintindex": 0,"texture": "#1"},
				"up": {"uv": [0, 0, 4, 12], "rotation": 270, "tintindex": 0,"texture": "#1"},
				"down": {"uv": [0, 0, 4, 12], "rotation": 90, "tintindex": 0,"texture": "#1"}
			}
		},
		{
			"from": [2, 25, 4],
			"to": [14, 29, 8],
			"rotation": {"angle": -45, "axis": "y", "origin": [8, 25.5, 6]},
			"faces": {
				"north": {"uv": [0, 0, 12, 4], "tintindex": 0,"texture": "#1"},
				"east": {"uv": [0, 0, 4, 4], "tintindex": 0,"texture": "#1"},
				"south": {"uv": [0, 0, 12, 4], "tintindex": 0,"texture": "#1"},
				"west": {"uv": [0, 0, 4, 4], "tintindex": 0,"texture": "#1"},
				"up": {"uv": [0, 0, 4, 12], "rotation": 90, "tintindex": 0,"texture": "#1"},
				"down": {"uv": [0, 0, 4, 12], "rotation": 270, "tintindex": 0,"texture": "#1"}
			}
		},
		{
			"from": [2, 19, 4],
			"to": [14, 23, 8],
			"rotation": {"angle": -45, "axis": "y", "origin": [8, 19.5, 6]},
			"faces": {
				"north": {"uv": [0, 0, 12, 4], "tintindex": 0,"texture": "#1"},
				"east": {"uv": [0, 0, 4, 4], "tintindex": 0,"texture": "#1"},
				"south": {"uv": [0, 0, 12, 4], "tintindex": 0,"texture": "#1"},
				"west": {"uv": [0, 0, 4, 4], "tintindex": 0,"texture": "#1"},
				"up": {"uv": [0, 0, 4, 12], "rotation": 90, "tintindex": 0,"texture": "#1"},
				"down": {"uv": [0, 0, 4, 12], "rotation": 270, "tintindex": 0,"texture": "#1"}
			}
		},
		{
			"from": [5, 22, 3],
			"to": [11, 25, 9],
			"rotation": {"angle": 0, "axis": "y", "origin": [5.5, 22.5, 3.5]},
			"faces": {
				"north": {"uv": [0, 0, 6, 3], "tintindex": 0,"texture": "#2"},
				"east": {"uv": [0, 0, 6, 3], "tintindex": 0,"texture": "#2"},
				"south": {"uv": [0, 0, 6, 3], "tintindex": 0,"texture": "#2"},
				"west": {"uv": [0, 0, 6, 3], "tintindex": 0,"texture": "#2"},
				"up": {"uv": [0, 0, 6, 6], "tintindex": 0,"texture": "#2"},
				"down": {"uv": [0, 0, 6, 6], "tintindex": 0,"texture": "#2"}
			}
		},
		{
			"from": [-4, 14, 4],
			"to": [20, 18, 8],
			"rotation": {"angle": 0, "axis": "y", "origin": [-3.5, 14.5, 4.5]},
			"faces": {
				"north": {"uv": [0, 0, 16, 4], "tintindex": 0,"texture": "#1"},
				"east": {"uv": [0, 0, 4, 4], "tintindex": 0,"texture": "#1"},
				"south": {"uv": [0, 0, 16, 4], "tintindex": 0,"texture": "#1"},
				"west": {"uv": [0, 0, 4, 4], "tintindex": 0,"texture": "#1"},
				"up": {"uv": [0, 0, 16, 4], "tintindex": 0,"texture": "#1"},
				"down": {"uv": [0, 0, 16, 4], "tintindex": 0,"texture": "#1"}
			}
		},
		{
			"from": [4, -7, 2],
			"to": [12, -4, 10],
			"rotation": {"angle": 0, "axis": "y", "origin": [8, -5.5, 6]},
			"faces": {
				"north": {"uv": [0, 0, 8, 3], "tintindex": 0,"texture": "#1"},
				"east": {"uv": [0, 0, 8, 3], "tintindex": 0,"texture": "#1"},
				"south": {"uv": [0, 0, 8, 3], "tintindex": 0,"texture": "#1"},
				"west": {"uv": [0, 0, 8, 3], "tintindex": 0,"texture": "#1"},
				"up": {"uv": [0, 0, 8, 8], "tintindex": 0,"texture": "#1"},
				"down": {"uv": [0, 0, 8, 8], "tintindex": 0,"texture": "#1"}
			}
		},
		{
			"from": [4, -6.75, 2],
			"to": [12, -4.25, 10],
			"rotation": {"angle": 45, "axis": "y", "origin": [8, -5.25, 6]},
			"faces": {
				"north": {"uv": [0, 0, 8, 2.5], "tintindex": 0,"texture": "#1"},
				"east": {"uv": [0, 0, 8, 2.5], "tintindex": 0,"texture": "#1"},
				"south": {"uv": [0, 0, 8, 2.5], "tintindex": 0,"texture": "#1"},
				"west": {"uv": [0, 0, 8, 2.5], "tintindex": 0,"texture": "#1"},
				"up": {"uv": [0, 0, 8, 8], "tintindex": 0,"texture": "#1"},
				"down": {"uv": [0, 0, 8, 8], "tintindex": 0,"texture": "#1"}
			}
		},
		{
			"from": [4, 2, 2],
			"to": [12, 17, 10],
			"rotation": {"angle": 0, "axis": "y", "origin": [8, 3.5, 6]},
			"faces": {
				"north": {"uv": [0, 0, 8, 15], "tintindex": 0,"texture": "#1"},
				"east": {"uv": [0, 0, 8, 15], "tintindex": 0,"texture": "#1"},
				"south": {"uv": [0, 0, 8, 15], "tintindex": 0,"texture": "#1"},
				"west": {"uv": [0, 0, 8, 15], "tintindex": 0,"texture": "#1"},
				"up": {"uv": [0, 0, 8, 8], "tintindex": 0,"texture": "#1"},
				"down": {"uv": [0, 0, 8, 8], "tintindex": 0,"texture": "#1"}
			}
		},
		{
			"from": [6, 8, 1],
			"to": [10, 18, 4],
			"rotation": {"angle": 0, "axis": "y", "origin": [7, 8.5, 1.5]},
			"faces": {
				"north": {"uv": [6, 5, 10, 15], "tintindex": 0,"texture": "#5"},
				"east": {"uv": [3, 2, 7, 12], "tintindex": 0,"texture": "#4"},
				"south": {"uv": [3, 2, 7, 12], "tintindex": 0,"texture": "#4"},
				"west": {"uv": [3, 2, 7, 12], "tintindex": 0,"texture": "#4"},
				"up": {"uv": [5, 2, 9, 5], "tintindex": 0,"texture": "#4"},
				"down": {"uv": [5, 2, 9, 5], "tintindex": 0,"texture": "#4"}
			}
		},
		{
			"from": [-2.56, 9.12, 0.08],
			"to": [1.4, 19.68, 10.64],
			"rotation": {"angle": 0, "axis": "y", "origin": [8, 19.68, 10.64]},
			"faces": {
				"north": {"uv": [1, 1, 4, 7], "tintindex": 0,"texture": "#4"},
				"east": {"uv": [0, 0, 16, 16], "tintindex": 0,"texture": "#4"},
				"south": {"uv": [1, 1, 4, 7], "tintindex": 0,"texture": "#4"},
				"west": {"uv": [0, 0, 16, 16], "tintindex": 0,"texture": "#4"},
				"up": {"uv": [0, 0, 1, 1], "tintindex": 0,"texture": "#4"},
				"down": {"uv": [0, 0, 1, 1], "tintindex": 0,"texture": "#4"}
			}
		},
		{
			"from": [2.72, 9.12, 11.96],
			"to": [13.28, 19.68, 15.92],
			"rotation": {"angle": 0, "axis": "y", "origin": [8, 14.4, 13.94]},
			"faces": {
				"north": {"uv": [0, 0, 16, 16], "tintindex": 0,"texture": "#4"},
				"east": {"uv": [1, 1, 4, 7], "tintindex": 0,"texture": "#4"},
				"south": {"uv": [0, 0, 16, 16], "tintindex": 0,"texture": "#4"},
				"west": {"uv": [1, 1, 4, 7], "tintindex": 0,"texture": "#4"},
				"up": {"uv": [0, 0, 1, 1], "rotation": 270, "tintindex": 0,"texture": "#4"},
				"down": {"uv": [0, 0, 1, 1], "rotation": 90, "tintindex": 0,"texture": "#4"}
			}
		},
		{
			"from": [14.6, 9.12, 0.08],
			"to": [18.56, 19.68, 10.64],
			"rotation": {"angle": 0, "axis": "y", "origin": [16.58, 14.4, 5.36]},
			"faces": {
				"north": {"uv": [1, 1, 4, 7], "tintindex": 0,"texture": "#4"},
				"east": {"uv": [0, 0, 16, 16], "tintindex": 0,"texture": "#4"},
				"south": {"uv": [1, 1, 4, 7], "tintindex": 0,"texture": "#4"},
				"west": {"uv": [0, 0, 16, 16], "tintindex": 0,"texture": "#4"},
				"up": {"uv": [0, 0, 1, 1], "tintindex": 0,"texture": "#4"},
				"down": {"uv": [0, 0, 1, 1], "tintindex": 0,"texture": "#4"}
			}
		},
		{
			"from": [13.31317, 9.12, -5.66669],
			"to": [17.27317, 19.68, 2.25331],
			"rotation": {"angle": 45, "axis": "y", "origin": [15.29317, 14.4, -0.38669]},
			"faces": {
				"north": {"uv": [1, 1, 4, 7], "tintindex": 0,"texture": "#4"},
				"east": {"uv": [0, 0, 16, 16], "tintindex": 0,"texture": "#4"},
				"south": {"uv": [1, 1, 4, 7], "tintindex": 0,"texture": "#4"},
				"west": {"uv": [0, 0, 16, 16], "tintindex": 0,"texture": "#4"},
				"up": {"uv": [0, 0, 1, 1], "tintindex": 0,"texture": "#4"},
				"down": {"uv": [0, 0, 1, 1], "tintindex": 0,"texture": "#4"}
			}
		},
		{
			"from": [-2.7064, 9.12, -4.23345],
			"to": [5.2136, 19.68, -0.27345],
			"rotation": {"angle": 45, "axis": "y", "origin": [2.5736, 14.4, -2.25345]},
			"faces": {
				"north": {"uv": [0, 0, 16, 16], "tintindex": 0,"texture": "#4"},
				"east": {"uv": [1, 1, 4, 7], "tintindex": 0,"texture": "#4"},
				"south": {"uv": [0, 0, 16, 16], "tintindex": 0,"texture": "#4"},
				"west": {"uv": [1, 1, 4, 7], "tintindex": 0,"texture": "#4"},
				"up": {"uv": [0, 0, 1, 1], "rotation": 270, "tintindex": 0,"texture": "#4"},
				"down": {"uv": [0, 0, 1, 1], "rotation": 90, "tintindex": 0,"texture": "#4"}
			}
		},
		{
			"from": [-1.27317, 9.12, 8.46669],
			"to": [2.68683, 19.68, 16.38669],
			"rotation": {"angle": 45, "axis": "y", "origin": [0.70683, 14.4, 11.10669]},
			"faces": {
				"north": {"uv": [1, 1, 4, 7], "tintindex": 0,"texture": "#4"},
				"east": {"uv": [0, 0, 16, 16], "tintindex": 0,"texture": "#4"},
				"south": {"uv": [1, 1, 4, 7], "tintindex": 0,"texture": "#4"},
				"west": {"uv": [0, 0, 16, 16], "tintindex": 0,"texture": "#4"},
				"up": {"uv": [0, 0, 1, 1], "rotation": 180, "tintindex": 0,"texture": "#4"},
				"down": {"uv": [0, 0, 1, 1], "rotation": 180, "tintindex": 0,"texture": "#4"}
			}
		},
		{
			"from": [10.7864, 9.12, 10.99345],
			"to": [18.7064, 19.68, 14.95345],
			"rotation": {"angle": 45, "axis": "y", "origin": [13.4264, 14.4, 12.97345]},
			"faces": {
				"north": {"uv": [0, 0, 16, 16], "tintindex": 0,"texture": "#4"},
				"east": {"uv": [1, 1, 4, 7], "tintindex": 0,"texture": "#4"},
				"south": {"uv": [0, 0, 16, 16], "tintindex": 0,"texture": "#4"},
				"west": {"uv": [1, 1, 4, 7], "tintindex": 0,"texture": "#4"},
				"up": {"uv": [0, 0, 1, 1], "rotation": 90, "tintindex": 0,"texture": "#4"},
				"down": {"uv": [0, 0, 1, 1], "rotation": 270, "tintindex": 0,"texture": "#4"}
			}
		},
		{
			"from": [3, 4, 1],
			"to": [13, 8, 11],
			"rotation": {"angle": 0, "axis": "y", "origin": [3.5, 4.5, 1.5]},
			"faces": {
				"north": {"uv": [3, 5, 13, 9], "tintindex": 0,"texture": "#4"},
				"east": {"uv": [3, 5, 13, 9], "tintindex": 0,"texture": "#4"},
				"south": {"uv": [3, 5, 13, 9], "tintindex": 0,"texture": "#4"},
				"west": {"uv": [3, 5, 13, 9], "tintindex": 0,"texture": "#4"},
				"up": {"uv": [0, 0, 16, 16], "tintindex": 0,"texture": "#4"},
				"down": {"uv": [0, 0, 16, 16], "tintindex": 0,"texture": "#4"}
			}
		},
		{
			"from": [3, 4, 1],
			"to": [13, 8, 11],
			"rotation": {"angle": 45, "axis": "y", "origin": [8, 6, 6]},
			"faces": {
				"north": {"uv": [3, 5, 13, 9], "tintindex": 0,"texture": "#4"},
				"east": {"uv": [3, 5, 13, 9], "tintindex": 0,"texture": "#4"},
				"south": {"uv": [3, 5, 13, 9], "tintindex": 0,"texture": "#4"},
				"west": {"uv": [3, 5, 13, 9], "tintindex": 0,"texture": "#4"},
				"up": {"uv": [0, 0, 16, 16], "tintindex": 0,"texture": "#4"},
				"down": {"uv": [0, 0, 16, 16], "tintindex": 0,"texture": "#4"}
			}
		},
		{
			"from": [6, -10, 2],
			"to": [10, -7, 10],
			"rotation": {"angle": 0, "axis": "y", "origin": [8, -8.5, 5.5]},
			"faces": {
				"north": {"uv": [0, 0, 4, 3], "tintindex": 0,"texture": "#1"},
				"east": {"uv": [0, 0, 8, 3], "tintindex": 0,"texture": "#1"},
				"south": {"uv": [0, 0, 4, 3], "tintindex": 0,"texture": "#1"},
				"west": {"uv": [0, 0, 8, 3], "tintindex": 0,"texture": "#1"},
				"up": {"uv": [0, 0, 4, 8], "tintindex": 0,"texture": "#1"},
				"down": {"uv": [0, 0, 4, 8], "tintindex": 0,"texture": "#1"}
			}
		}
	],
	"display": {
		"head": {
			"translation": [0, -21.25, 0],
			"scale": [2, 2, 2]
		}
	}
}