{
	"credit": "Made with Blockbench",
	"textures": {
		"1": "block/andesite",
		"3": "block/quartz_block_bottom",
		"4": "block/smooth_stone",
		"6": "block/dead_bubble_coral_block",
		"particle": "block/quartz_block_bottom"
	},
	"elements": [
		{
			"from": [5, 16, 22],
			"to": [11, 32, 32],
			"rotation": {"angle": 0, "axis": "y", "origin": [8, 22.5, 26]},
			"faces": {
				"north": {"uv": [4, 0, 10, 16], "tintindex": 0,"texture": "#4"},
				"east": {"uv": [2, 0, 12, 16], "tintindex": 0,"texture": "#4"},
				"south": {"uv": [4, 0, 10, 16], "tintindex": 0,"texture": "#4"},
				"west": {"uv": [3, 0, 13, 16], "tintindex": 0,"texture": "#4"},
				"up": {"uv": [4, 2, 10, 12], "tintindex": 0,"texture": "#4"},
				"down": {"uv": [3, 2, 9, 12], "tintindex": 0,"texture": "#4"}
			}
		},
		{
			"from": [6, 3, 25],
			"to": [10, 17, 29],
			"rotation": {"angle": 0, "axis": "y", "origin": [6.5, 3.5, 25.5]},
			"faces": {
				"north": {"uv": [0, 0, 4, 14], "tintindex": 0,"texture": "#1"},
				"east": {"uv": [0, 0, 4, 14], "tintindex": 0,"texture": "#1"},
				"south": {"uv": [0, 0, 4, 14], "tintindex": 0,"texture": "#1"},
				"west": {"uv": [0, 0, 4, 14], "tintindex": 0,"texture": "#1"},
				"up": {"uv": [0, 0, 4, 4], "tintindex": 0,"texture": "#1"},
				"down": {"uv": [0, 0, 4, 4], "tintindex": 0,"texture": "#1"}
			}
		},
		{
			"from": [4, -5, 15],
			"to": [12, 3, 31],
			"rotation": {"angle": -45, "axis": "x", "origin": [8, -1, 19]},
			"faces": {
				"north": {"uv": [0, 0, 16, 16], "tintindex": 0,"texture": "#4"},
				"east": {"uv": [0, 3, 16, 11], "tintindex": 0,"texture": "#4"},
				"south": {"uv": [0, 0, 16, 16], "tintindex": 0,"texture": "#4"},
				"west": {"uv": [0, 3, 16, 11], "tintindex": 0,"texture": "#4"},
				"up": {"uv": [2, 0, 10, 16], "tintindex": 0,"texture": "#4"},
				"down": {"uv": [2, 0, 10, 16], "tintindex": 0,"texture": "#4"}
			}
		},
		{
			"from": [5, -13, 0],
			"to": [11, -7, 29],
			"rotation": {"angle": -45, "axis": "x", "origin": [13, -5, 8]},
			"faces": {
				"north": {"uv": [0, 0, 6, 6], "tintindex": 0,"texture": "#6"},
				"east": {"uv": [0, 0, 16, 6], "tintindex": 0,"texture": "#6"},
				"south": {"uv": [0, 0, 6, 6], "tintindex": 0,"texture": "#6"},
				"west": {"uv": [0, 0, 16, 6], "tintindex": 0,"texture": "#6"},
				"up": {"uv": [0, 0, 6, 16], "tintindex": 0,"texture": "#6"},
				"down": {"uv": [0, 0, 6, 16], "tintindex": 0,"texture": "#6"}
			}
		},
		{
			"from": [7.5, -4, 12],
			"to": [8.5, -2, 14],
			"rotation": {"angle": 0, "axis": "x", "origin": [8, -3.5, 12.5]},
			"faces": {
				"north": {"uv": [0, 0, 1, 2], "tintindex": 0,"texture": "#3"},
				"east": {"uv": [0, 0, 2, 2], "tintindex": 0,"texture": "#3"},
				"south": {"uv": [0, 0, 1, 2], "tintindex": 0,"texture": "#3"},
				"west": {"uv": [0, 0, 2, 2], "tintindex": 0,"texture": "#3"},
				"up": {"uv": [0, 0, 1, 2], "tintindex": 0,"texture": "#3"},
				"down": {"uv": [0, 0, 1, 2], "tintindex": 0,"texture": "#3"}
			}
		},
		{
			"from": [7.5, -6, 10],
			"to": [8.5, -4, 12],
			"rotation": {"angle": 0, "axis": "x", "origin": [8, -5.5, 10.5]},
			"faces": {
				"north": {"uv": [0, 0, 1, 2], "tintindex": 0,"texture": "#3"},
				"east": {"uv": [0, 0, 2, 2], "tintindex": 0,"texture": "#3"},
				"south": {"uv": [0, 0, 1, 2], "tintindex": 0,"texture": "#3"},
				"west": {"uv": [0, 0, 2, 2], "tintindex": 0,"texture": "#3"},
				"up": {"uv": [0, 0, 1, 2], "tintindex": 0,"texture": "#3"},
				"down": {"uv": [0, 0, 1, 2], "tintindex": 0,"texture": "#3"}
			}
		},
		{
			"from": [7.5, -8, 16],
			"to": [8.5, -6, 18],
			"rotation": {"angle": 0, "axis": "x", "origin": [8, -10, 14]},
			"faces": {
				"north": {"uv": [0, 0, 1, 2], "tintindex": 0,"texture": "#3"},
				"east": {"uv": [0, 0, 2, 2], "tintindex": 0,"texture": "#3"},
				"south": {"uv": [0, 0, 1, 2], "tintindex": 0,"texture": "#3"},
				"west": {"uv": [0, 0, 2, 2], "tintindex": 0,"texture": "#3"},
				"up": {"uv": [0, 0, 1, 2], "tintindex": 0,"texture": "#3"},
				"down": {"uv": [0, 0, 1, 2], "tintindex": 0,"texture": "#3"}
			}
		},
		{
			"from": [7.5, -8, 8],
			"to": [8.5, -6, 10],
			"rotation": {"angle": 0, "axis": "x", "origin": [8, -7.5, 8.5]},
			"faces": {
				"north": {"uv": [0, 0, 1, 2], "tintindex": 0,"texture": "#3"},
				"east": {"uv": [0, 0, 2, 2], "tintindex": 0,"texture": "#3"},
				"south": {"uv": [0, 0, 1, 2], "tintindex": 0,"texture": "#3"},
				"west": {"uv": [0, 0, 2, 2], "tintindex": 0,"texture": "#3"},
				"up": {"uv": [0, 0, 1, 2], "tintindex": 0,"texture": "#3"},
				"down": {"uv": [0, 0, 1, 2], "tintindex": 0,"texture": "#3"}
			}
		},
		{
			"from": [4.5, -8, 15],
			"to": [6.5, -6, 16],
			"rotation": {"angle": 45, "axis": "z", "origin": [5, -7.5, 15.5]},
			"faces": {
				"north": {"uv": [0, 0, 2, 2], "tintindex": 0,"texture": "#3"},
				"east": {"uv": [0, 0, 1, 2], "tintindex": 0,"texture": "#3"},
				"south": {"uv": [0, 0, 2, 2], "tintindex": 0,"texture": "#3"},
				"west": {"uv": [0, 0, 1, 2], "tintindex": 0,"texture": "#3"},
				"up": {"uv": [0, 0, 1, 2], "rotation": 270, "tintindex": 0,"texture": "#3"},
				"down": {"uv": [0, 0, 1, 2], "rotation": 90, "tintindex": 0,"texture": "#3"}
			}
		},
		{
			"from": [10.5, -8, 15],
			"to": [12.5, -6, 16],
			"rotation": {"angle": 45, "axis": "z", "origin": [11, -7.5, 15.5]},
			"faces": {
				"north": {"uv": [0, 0, 2, 2], "tintindex": 0,"texture": "#3"},
				"east": {"uv": [0, 0, 1, 2], "tintindex": 0,"texture": "#3"},
				"south": {"uv": [0, 0, 2, 2], "tintindex": 0,"texture": "#3"},
				"west": {"uv": [0, 0, 1, 2], "tintindex": 0,"texture": "#3"},
				"up": {"uv": [0, 0, 1, 2], "rotation": 270, "tintindex": 0,"texture": "#3"},
				"down": {"uv": [0, 0, 1, 2], "rotation": 90, "tintindex": 0,"texture": "#3"}
			}
		},
		{
			"from": [4.5, -8, 11],
			"to": [6.5, -6, 12],
			"rotation": {"angle": 45, "axis": "z", "origin": [5, -7.5, 11.5]},
			"faces": {
				"north": {"uv": [0, 0, 2, 2], "tintindex": 0,"texture": "#3"},
				"east": {"uv": [0, 0, 1, 2], "tintindex": 0,"texture": "#3"},
				"south": {"uv": [0, 0, 2, 2], "tintindex": 0,"texture": "#3"},
				"west": {"uv": [0, 0, 1, 2], "tintindex": 0,"texture": "#3"},
				"up": {"uv": [0, 0, 1, 2], "rotation": 270, "tintindex": 0,"texture": "#3"},
				"down": {"uv": [0, 0, 1, 2], "rotation": 90, "tintindex": 0,"texture": "#3"}
			}
		},
		{
			"from": [10.5, -8, 11],
			"to": [12.5, -6, 12],
			"rotation": {"angle": 45, "axis": "z", "origin": [11, -7.5, 11.5]},
			"faces": {
				"north": {"uv": [0, 0, 2, 2], "tintindex": 0,"texture": "#3"},
				"east": {"uv": [0, 0, 1, 2], "tintindex": 0,"texture": "#3"},
				"south": {"uv": [0, 0, 2, 2], "tintindex": 0,"texture": "#3"},
				"west": {"uv": [0, 0, 1, 2], "tintindex": 0,"texture": "#3"},
				"up": {"uv": [0, 0, 1, 2], "rotation": 270, "tintindex": 0,"texture": "#3"},
				"down": {"uv": [0, 0, 1, 2], "rotation": 90, "tintindex": 0,"texture": "#3"}
			}
		},
		{
			"from": [4.5, -12, 11],
			"to": [6.5, -10, 12],
			"rotation": {"angle": 45, "axis": "z", "origin": [5, -11.5, 11.5]},
			"faces": {
				"north": {"uv": [0, 0, 2, 2], "tintindex": 0,"texture": "#3"},
				"east": {"uv": [0, 0, 1, 2], "tintindex": 0,"texture": "#3"},
				"south": {"uv": [0, 0, 2, 2], "tintindex": 0,"texture": "#3"},
				"west": {"uv": [0, 0, 1, 2], "tintindex": 0,"texture": "#3"},
				"up": {"uv": [0, 0, 1, 2], "rotation": 270, "tintindex": 0,"texture": "#3"},
				"down": {"uv": [0, 0, 1, 2], "rotation": 90, "tintindex": 0,"texture": "#3"}
			}
		},
		{
			"from": [10.5, -12, 11],
			"to": [12.5, -10, 12],
			"rotation": {"angle": 45, "axis": "z", "origin": [11, -11.5, 11.5]},
			"faces": {
				"north": {"uv": [0, 0, 2, 2], "tintindex": 0,"texture": "#3"},
				"east": {"uv": [0, 0, 1, 2], "tintindex": 0,"texture": "#3"},
				"south": {"uv": [0, 0, 2, 2], "tintindex": 0,"texture": "#3"},
				"west": {"uv": [0, 0, 1, 2], "tintindex": 0,"texture": "#3"},
				"up": {"uv": [0, 0, 1, 2], "rotation": 270, "tintindex": 0,"texture": "#3"},
				"down": {"uv": [0, 0, 1, 2], "rotation": 90, "tintindex": 0,"texture": "#3"}
			}
		},
		{
			"from": [4.5, -12, 8],
			"to": [6.5, -10, 9],
			"rotation": {"angle": 45, "axis": "z", "origin": [5, -11.5, 8.5]},
			"faces": {
				"north": {"uv": [0, 0, 2, 2], "tintindex": 0,"texture": "#3"},
				"east": {"uv": [0, 0, 1, 2], "tintindex": 0,"texture": "#3"},
				"south": {"uv": [0, 0, 2, 2], "tintindex": 0,"texture": "#3"},
				"west": {"uv": [0, 0, 1, 2], "tintindex": 0,"texture": "#3"},
				"up": {"uv": [0, 0, 1, 2], "rotation": 270, "tintindex": 0,"texture": "#3"},
				"down": {"uv": [0, 0, 1, 2], "rotation": 90, "tintindex": 0,"texture": "#3"}
			}
		},
		{
			"from": [10.5, -12, 8],
			"to": [12.5, -10, 9],
			"rotation": {"angle": 45, "axis": "z", "origin": [11, -11.5, 8.5]},
			"faces": {
				"north": {"uv": [0, 0, 2, 2], "tintindex": 0,"texture": "#3"},
				"east": {"uv": [0, 0, 1, 2], "tintindex": 0,"texture": "#3"},
				"south": {"uv": [0, 0, 2, 2], "tintindex": 0,"texture": "#3"},
				"west": {"uv": [0, 0, 1, 2], "tintindex": 0,"texture": "#3"},
				"up": {"uv": [0, 0, 1, 2], "rotation": 270, "tintindex": 0,"texture": "#3"},
				"down": {"uv": [0, 0, 1, 2], "rotation": 90, "tintindex": 0,"texture": "#3"}
			}
		},
		{
			"from": [4.5, -14, 6],
			"to": [6.5, -12, 7],
			"rotation": {"angle": 45, "axis": "z", "origin": [5, -13.5, 6.5]},
			"faces": {
				"north": {"uv": [0, 0, 2, 2], "tintindex": 0,"texture": "#3"},
				"east": {"uv": [0, 0, 1, 2], "tintindex": 0,"texture": "#3"},
				"south": {"uv": [0, 0, 2, 2], "tintindex": 0,"texture": "#3"},
				"west": {"uv": [0, 0, 1, 2], "tintindex": 0,"texture": "#3"},
				"up": {"uv": [0, 0, 1, 2], "rotation": 270, "tintindex": 0,"texture": "#3"},
				"down": {"uv": [0, 0, 1, 2], "rotation": 90, "tintindex": 0,"texture": "#3"}
			}
		},
		{
			"from": [10.5, -14, 6],
			"to": [12.5, -12, 7],
			"rotation": {"angle": 45, "axis": "z", "origin": [11, -13.5, 6.5]},
			"faces": {
				"north": {"uv": [0, 0, 2, 2], "tintindex": 0,"texture": "#3"},
				"east": {"uv": [0, 0, 1, 2], "tintindex": 0,"texture": "#3"},
				"south": {"uv": [0, 0, 2, 2], "tintindex": 0,"texture": "#3"},
				"west": {"uv": [0, 0, 1, 2], "tintindex": 0,"texture": "#3"},
				"up": {"uv": [0, 0, 1, 2], "rotation": 270, "tintindex": 0,"texture": "#3"},
				"down": {"uv": [0, 0, 1, 2], "rotation": 90, "tintindex": 0,"texture": "#3"}
			}
		},
		{
			"from": [4.5, -12, 8],
			"to": [6.5, -10, 9],
			"rotation": {"angle": 45, "axis": "z", "origin": [5, -11.5, 8.5]},
			"faces": {
				"north": {"uv": [0, 0, 2, 2], "tintindex": 0,"texture": "#3"},
				"east": {"uv": [0, 0, 1, 2], "tintindex": 0,"texture": "#3"},
				"south": {"uv": [0, 0, 2, 2], "tintindex": 0,"texture": "#3"},
				"west": {"uv": [0, 0, 1, 2], "tintindex": 0,"texture": "#3"},
				"up": {"uv": [0, 0, 1, 2], "rotation": 270, "tintindex": 0,"texture": "#3"},
				"down": {"uv": [0, 0, 1, 2], "rotation": 90, "tintindex": 0,"texture": "#3"}
			}
		},
		{
			"from": [4.5, -12, 8],
			"to": [6.5, -10, 9],
			"rotation": {"angle": 45, "axis": "z", "origin": [5, -11.5, 8.5]},
			"faces": {
				"north": {"uv": [0, 0, 2, 2], "tintindex": 0,"texture": "#3"},
				"east": {"uv": [0, 0, 1, 2], "tintindex": 0,"texture": "#3"},
				"south": {"uv": [0, 0, 2, 2], "tintindex": 0,"texture": "#3"},
				"west": {"uv": [0, 0, 1, 2], "tintindex": 0,"texture": "#3"},
				"up": {"uv": [0, 0, 1, 2], "rotation": 270, "tintindex": 0,"texture": "#3"},
				"down": {"uv": [0, 0, 1, 2], "rotation": 90, "tintindex": 0,"texture": "#3"}
			}
		},
		{
			"from": [7.5, -10, 14],
			"to": [8.5, -8, 16],
			"rotation": {"angle": 0, "axis": "x", "origin": [8, -10, 14]},
			"faces": {
				"north": {"uv": [0, 0, 1, 2], "tintindex": 0,"texture": "#3"},
				"east": {"uv": [0, 0, 2, 2], "tintindex": 0,"texture": "#3"},
				"south": {"uv": [0, 0, 1, 2], "tintindex": 0,"texture": "#3"},
				"west": {"uv": [0, 0, 2, 2], "tintindex": 0,"texture": "#3"},
				"up": {"uv": [0, 0, 1, 2], "tintindex": 0,"texture": "#3"},
				"down": {"uv": [0, 0, 1, 2], "tintindex": 0,"texture": "#3"}
			}
		},
		{
			"from": [7.5, -10, 6],
			"to": [8.5, -8, 8],
			"rotation": {"angle": 0, "axis": "x", "origin": [8, -9.5, 6.5]},
			"faces": {
				"north": {"uv": [0, 0, 1, 2], "tintindex": 0,"texture": "#3"},
				"east": {"uv": [0, 0, 2, 2], "tintindex": 0,"texture": "#3"},
				"south": {"uv": [0, 0, 1, 2], "tintindex": 0,"texture": "#3"},
				"west": {"uv": [0, 0, 2, 2], "tintindex": 0,"texture": "#3"},
				"up": {"uv": [0, 0, 1, 2], "tintindex": 0,"texture": "#3"},
				"down": {"uv": [0, 0, 1, 2], "tintindex": 0,"texture": "#3"}
			}
		},
		{
			"from": [7.5, -12, 12],
			"to": [8.5, -10, 14],
			"rotation": {"angle": 0, "axis": "x", "origin": [8, -10, 14]},
			"faces": {
				"north": {"uv": [0, 0, 1, 2], "tintindex": 0,"texture": "#3"},
				"east": {"uv": [0, 0, 2, 2], "tintindex": 0,"texture": "#3"},
				"south": {"uv": [0, 0, 1, 2], "tintindex": 0,"texture": "#3"},
				"west": {"uv": [0, 0, 2, 2], "tintindex": 0,"texture": "#3"},
				"up": {"uv": [0, 0, 1, 2], "tintindex": 0,"texture": "#3"},
				"down": {"uv": [0, 0, 1, 2], "tintindex": 0,"texture": "#3"}
			}
		},
		{
			"from": [7.5, -12, 4],
			"to": [8.5, -10, 6],
			"rotation": {"angle": 0, "axis": "x", "origin": [8, -11.5, 4.5]},
			"faces": {
				"north": {"uv": [0, 0, 1, 2], "tintindex": 0,"texture": "#3"},
				"east": {"uv": [0, 0, 2, 2], "tintindex": 0,"texture": "#3"},
				"south": {"uv": [0, 0, 1, 2], "tintindex": 0,"texture": "#3"},
				"west": {"uv": [0, 0, 2, 2], "tintindex": 0,"texture": "#3"},
				"up": {"uv": [0, 0, 1, 2], "tintindex": 0,"texture": "#3"},
				"down": {"uv": [0, 0, 1, 2], "tintindex": 0,"texture": "#3"}
			}
		},
		{
			"from": [7.5, -14, 10],
			"to": [8.5, -12, 12],
			"rotation": {"angle": 0, "axis": "x", "origin": [8, -10, 14]},
			"faces": {
				"north": {"uv": [0, 0, 1, 2], "tintindex": 0,"texture": "#3"},
				"east": {"uv": [0, 0, 2, 2], "tintindex": 0,"texture": "#3"},
				"south": {"uv": [0, 0, 1, 2], "tintindex": 0,"texture": "#3"},
				"west": {"uv": [0, 0, 2, 2], "tintindex": 0,"texture": "#3"},
				"up": {"uv": [0, 0, 1, 2], "tintindex": 0,"texture": "#3"},
				"down": {"uv": [0, 0, 1, 2], "tintindex": 0,"texture": "#3"}
			}
		},
		{
			"from": [7.5, -14, 4],
			"to": [8.5, -12, 6],
			"rotation": {"angle": 0, "axis": "x", "origin": [8, -13.5, 4.5]},
			"faces": {
				"north": {"uv": [0, 0, 1, 2], "tintindex": 0,"texture": "#3"},
				"east": {"uv": [0, 0, 2, 2], "tintindex": 0,"texture": "#3"},
				"south": {"uv": [0, 0, 1, 2], "tintindex": 0,"texture": "#3"},
				"west": {"uv": [0, 0, 2, 2], "tintindex": 0,"texture": "#3"},
				"up": {"uv": [0, 0, 1, 2], "tintindex": 0,"texture": "#3"},
				"down": {"uv": [0, 0, 1, 2], "tintindex": 0,"texture": "#3"}
			}
		},
		{
			"from": [7.5, -16, 6],
			"to": [8.5, -14, 8],
			"rotation": {"angle": 0, "axis": "x", "origin": [8, -15.5, 6.5]},
			"faces": {
				"north": {"uv": [0, 0, 1, 2], "tintindex": 0,"texture": "#3"},
				"east": {"uv": [0, 0, 2, 2], "tintindex": 0,"texture": "#3"},
				"south": {"uv": [0, 0, 1, 2], "tintindex": 0,"texture": "#3"},
				"west": {"uv": [0, 0, 2, 2], "tintindex": 0,"texture": "#3"},
				"up": {"uv": [0, 0, 1, 2], "tintindex": 0,"texture": "#3"},
				"down": {"uv": [0, 0, 1, 2], "tintindex": 0,"texture": "#3"}
			}
		},
		{
			"from": [7.5, -16, 8],
			"to": [8.5, -14, 10],
			"rotation": {"angle": 0, "axis": "x", "origin": [8, -10, 14]},
			"faces": {
				"north": {"uv": [0, 0, 1, 2], "tintindex": 0,"texture": "#3"},
				"east": {"uv": [0, 0, 2, 2], "tintindex": 0,"texture": "#3"},
				"south": {"uv": [0, 0, 1, 2], "tintindex": 0,"texture": "#3"},
				"west": {"uv": [0, 0, 2, 2], "tintindex": 0,"texture": "#3"},
				"up": {"uv": [0, 0, 1, 2], "tintindex": 0,"texture": "#3"},
				"down": {"uv": [0, 0, 1, 2], "tintindex": 0,"texture": "#3"}
			}
		}
	],
	"display": {
		"head": {
			"translation": [0, -44.75, -35.5],
			"scale": [2, 2, 2]
		}
	}
}