{
	"credit": "Made with Blockbench",
	"textures": {
		"0": "block/coarse_dirt",
		"1": "block/stone",
		"particle": "block/coarse_dirt"
	},
	"elements": [
		{
			"from": [8, -5, 1],
			"to": [20, 7, 5],
			"faces": {
				"north": {"uv": [0, 0, 12, 12], "texture": "#0"},
				"east": {"uv": [0, 0, 4, 12], "texture": "#0"},
				"south": {"uv": [0, 0, 12, 12], "texture": "#0"},
				"west": {"uv": [0, 0, 4, 12], "texture": "#0"},
				"up": {"uv": [0, 0, 12, 4], "texture": "#0"},
				"down": {"uv": [0, 0, 12, 4], "texture": "#0"}
			}
		},
		{
			"from": [8, 7, 1],
			"to": [20, 19, 5],
			"faces": {
				"north": {"uv": [0, 0, 12, 12], "texture": "#0"},
				"east": {"uv": [0, 0, 4, 12], "texture": "#0"},
				"south": {"uv": [0, 0, 12, 12], "texture": "#0"},
				"west": {"uv": [0, 0, 4, 12], "texture": "#0"},
				"up": {"uv": [0, 0, 12, 4], "texture": "#0"},
				"down": {"uv": [0, 0, 12, 4], "texture": "#0"}
			}
		},
		{
			"from": [-4, -5, 1],
			"to": [8, 7, 5],
			"faces": {
				"north": {"uv": [0, 0, 12, 12], "texture": "#0"},
				"east": {"uv": [0, 0, 4, 12], "texture": "#0"},
				"south": {"uv": [0, 0, 12, 12], "texture": "#0"},
				"west": {"uv": [0, 0, 4, 12], "texture": "#0"},
				"up": {"uv": [0, 0, 12, 4], "texture": "#0"},
				"down": {"uv": [0, 0, 12, 4], "texture": "#0"}
			}
		},
		{
			"from": [-4, 7, 1],
			"to": [8, 19, 5],
			"faces": {
				"north": {"uv": [0, 0, 12, 12], "texture": "#0"},
				"east": {"uv": [0, 0, 4, 12], "texture": "#0"},
				"south": {"uv": [0, 0, 12, 12], "texture": "#0"},
				"west": {"uv": [0, 0, 4, 12], "texture": "#0"},
				"up": {"uv": [0, 0, 12, 4], "texture": "#0"},
				"down": {"uv": [0, 0, 12, 4], "texture": "#0"}
			}
		},
		{
			"from": [2, 19, 1],
			"to": [14, 27, 5],
			"faces": {
				"north": {"uv": [0, 0, 12, 8], "texture": "#0"},
				"east": {"uv": [0, 0, 4, 8], "texture": "#0"},
				"south": {"uv": [0, 0, 12, 8], "texture": "#0"},
				"west": {"uv": [0, 0, 4, 8], "texture": "#0"},
				"up": {"uv": [0, 0, 12, 4], "texture": "#0"},
				"down": {"uv": [0, 0, 12, 4], "texture": "#0"}
			}
		},
		{
			"from": [2, -13, 1],
			"to": [14, -5, 5],
			"faces": {
				"north": {"uv": [0, 0, 12, 8], "texture": "#0"},
				"east": {"uv": [0, 0, 4, 8], "texture": "#0"},
				"south": {"uv": [0, 0, 12, 8], "texture": "#0"},
				"west": {"uv": [0, 0, 4, 8], "texture": "#0"},
				"up": {"uv": [0, 0, 12, 4], "texture": "#0"},
				"down": {"uv": [0, 0, 12, 4], "texture": "#0"}
			}
		},
		{
			"from": [-1.04, -1.8, 5.08],
			"to": [8.08, 7.32, 10.4],
			"faces": {
				"north": {"uv": [0, 0, 12, 12], "texture": "#1"},
				"east": {"uv": [0, 0, 7, 12], "texture": "#1"},
				"south": {"uv": [0, 0, 12, 12], "texture": "#1"},
				"west": {"uv": [0, 0, 7, 12], "texture": "#1"},
				"up": {"uv": [0, 0, 12, 7], "texture": "#1"},
				"down": {"uv": [0, 0, 12, 7], "texture": "#1"}
			}
		},
		{
			"from": [3.52, -7.88, 5.08],
			"to": [12.64, -1.8, 10.4],
			"faces": {
				"north": {"uv": [0, 0, 12, 8], "texture": "#1"},
				"east": {"uv": [0, 0, 7, 8], "texture": "#1"},
				"south": {"uv": [0, 0, 12, 8], "texture": "#1"},
				"west": {"uv": [0, 0, 7, 8], "texture": "#1"},
				"up": {"uv": [0, 0, 12, 7], "texture": "#1"},
				"down": {"uv": [0, 0, 12, 7], "texture": "#1"}
			}
		},
		{
			"from": [-1.04, 7.32, 5.08],
			"to": [8.08, 16.44, 10.4],
			"faces": {
				"north": {"uv": [0, 0, 12, 12], "texture": "#1"},
				"east": {"uv": [0, 0, 7, 12], "texture": "#1"},
				"south": {"uv": [0, 0, 12, 12], "texture": "#1"},
				"west": {"uv": [0, 0, 7, 12], "texture": "#1"},
				"up": {"uv": [0, 0, 12, 7], "texture": "#1"},
				"down": {"uv": [0, 0, 12, 7], "texture": "#1"}
			}
		},
		{
			"from": [3.52, 16.44, 5.08],
			"to": [12.64, 22.52, 10.4],
			"faces": {
				"north": {"uv": [0, 0, 12, 8], "texture": "#1"},
				"east": {"uv": [0, 0, 7, 8], "texture": "#1"},
				"south": {"uv": [0, 0, 12, 8], "texture": "#1"},
				"west": {"uv": [0, 0, 7, 8], "texture": "#1"},
				"up": {"uv": [0, 0, 12, 7], "texture": "#1"},
				"down": {"uv": [0, 0, 12, 7], "texture": "#1"}
			}
		},
		{
			"from": [8.08, 7.32, 5.08],
			"to": [17.2, 16.44, 10.4],
			"faces": {
				"north": {"uv": [0, 0, 12, 12], "texture": "#1"},
				"east": {"uv": [0, 0, 7, 12], "texture": "#1"},
				"south": {"uv": [0, 0, 12, 12], "texture": "#1"},
				"west": {"uv": [0, 0, 7, 12], "texture": "#1"},
				"up": {"uv": [0, 0, 12, 7], "texture": "#1"},
				"down": {"uv": [0, 0, 12, 7], "texture": "#1"}
			}
		},
		{
			"from": [8.08, -1.8, 5.08],
			"to": [17.2, 7.32, 10.4],
			"faces": {
				"north": {"uv": [0, 0, 12, 12], "texture": "#1"},
				"east": {"uv": [0, 0, 7, 12], "texture": "#1"},
				"south": {"uv": [0, 0, 12, 12], "texture": "#1"},
				"west": {"uv": [0, 0, 7, 12], "texture": "#1"},
				"up": {"uv": [0, 0, 12, 7], "texture": "#1"},
				"down": {"uv": [0, 0, 12, 7], "texture": "#1"}
			}
		}
	],
	"display": {
		"head": {
			"rotation": [90, 0, 0],
			"translation": [0, -33.25, 0],
			"scale": [4, 4, 4]
		}
	}
}