{
	"credit": "Made with Blockbench",
	"textures": {
		"1": "block/brown_wool",
		"2": "block/redstone_block",
		"3": "block/white_concrete",
		"4": "block/brown_mushroom_block",
		"5": "block/black_concrete",
		"6": "block/nether_wart_block",
		"7": "block/pink_concrete",
		"8": "block/azalea_leaves",
		"9": "block/stripped_dark_oak_log",
		"particle": "block/stripped_dark_oak_log"
	},
	"elements": [
		{
			"from": [5.5, 24, 17],
			"to": [10.5, 26, 25],
			"rotation": {"angle": 0, "axis": "y", "origin": [8, 2.5, 4]},
			"faces": {
				"north": {"uv": [0, 0, 5, 2], "texture": "#4"},
				"east": {"uv": [0, 0, 8, 2], "texture": "#4"},
				"south": {"uv": [0, 0, 5, 2], "texture": "#4"},
				"west": {"uv": [0, 0, 8, 2], "texture": "#4"},
				"up": {"uv": [0, 0, 5, 8], "texture": "#4"},
				"down": {"uv": [0, 0, 5, 8], "texture": "#6"}
			}
		},
		{
			"from": [6, 22.25, 16.5],
			"to": [10, 23.65, 24.5],
			"rotation": {"angle": 22.5, "axis": "x", "origin": [8, 22.7, 21]},
			"faces": {
				"north": {"uv": [0, 0, 4, 1.4], "texture": "#4"},
				"east": {"uv": [0, 0, 8, 1.4], "texture": "#4"},
				"south": {"uv": [0, 0, 4, 1.4], "texture": "#4"},
				"west": {"uv": [0, 0, 8, 1.4], "texture": "#4"},
				"up": {"uv": [0, 0, 4, 8], "texture": "#6"},
				"down": {"uv": [0, 0, 4, 8], "texture": "#4"}
			}
		},
		{
			"from": [7, 25.5, 23.25],
			"to": [9, 26.5, 25.25],
			"rotation": {"angle": 0, "axis": "y", "origin": [1, 25, 1]},
			"faces": {
				"north": {"uv": [0, 0, 2, 1], "texture": "#5"},
				"east": {"uv": [0, 0, 2, 1], "texture": "#5"},
				"south": {"uv": [0, 0, 2, 1], "texture": "#5"},
				"west": {"uv": [0, 0, 2, 1], "texture": "#5"},
				"up": {"uv": [0, 0, 2, 2], "texture": "#5"},
				"down": {"uv": [0, 0, 2, 2], "texture": "#5"}
			}
		},
		{
			"from": [3, 23, 12],
			"to": [13, 30, 20],
			"faces": {
				"north": {"uv": [0, 0, 10, 7], "texture": "#1"},
				"east": {"uv": [0, 0, 8, 7], "texture": "#1"},
				"south": {"uv": [0, 0, 10, 7], "texture": "#1"},
				"west": {"uv": [0, 0, 8, 7], "texture": "#1"},
				"up": {"uv": [0, 0, 10, 8], "texture": "#1"},
				"down": {"uv": [0, 0, 10, 8], "texture": "#1"}
			}
		},
		{
			"from": [11, 28, 13],
			"to": [14, 31, 15],
			"rotation": {"angle": -22.5, "axis": "x", "origin": [8, 30.5, 14]},
			"faces": {
				"north": {"uv": [0, 0, 3, 3], "texture": "#1"},
				"east": {"uv": [0, 0, 2, 3], "texture": "#1"},
				"south": {"uv": [0, 0, 3, 3], "texture": "#1"},
				"west": {"uv": [0, 0, 2, 3], "texture": "#1"},
				"up": {"uv": [0, 0, 3, 2], "texture": "#1"},
				"down": {"uv": [0, 0, 3, 2], "texture": "#1"}
			}
		},
		{
			"from": [2, 28, 13],
			"to": [5, 31, 15],
			"rotation": {"angle": -22.5, "axis": "x", "origin": [8, 30.5, 14]},
			"faces": {
				"north": {"uv": [0, 0, 3, 3], "texture": "#1"},
				"east": {"uv": [0, 0, 2, 3], "texture": "#1"},
				"south": {"uv": [0, 0, 3, 3], "texture": "#1"},
				"west": {"uv": [0, 0, 2, 3], "texture": "#1"},
				"up": {"uv": [0, 0, 3, 2], "texture": "#1"},
				"down": {"uv": [0, 0, 3, 2], "texture": "#1"}
			}
		},
		{
			"from": [9.25, 22.75, 24.25],
			"to": [10.25, 24.75, 24.75],
			"rotation": {"angle": 22.5, "axis": "x", "origin": [9.75, 24, 24.25]},
			"faces": {
				"north": {"uv": [0, 0, 1, 2], "texture": "#3"},
				"east": {"uv": [0, 0, 0.5, 2], "texture": "#3"},
				"south": {"uv": [0, 0, 1, 2], "texture": "#3"},
				"west": {"uv": [0, 0, 0.5, 2], "texture": "#3"},
				"up": {"uv": [0, 0, 1, 0.5], "texture": "#3"},
				"down": {"uv": [0, 0, 1, 0.5], "texture": "#3"}
			}
		},
		{
			"from": [5.75, 22.75, 24.25],
			"to": [6.75, 24.75, 24.75],
			"rotation": {"angle": 22.5, "axis": "x", "origin": [9.75, 24, 24.25]},
			"faces": {
				"north": {"uv": [0, 0, 1, 2], "texture": "#3"},
				"east": {"uv": [0, 0, 0.5, 2], "texture": "#3"},
				"south": {"uv": [0, 0, 1, 2], "texture": "#3"},
				"west": {"uv": [0, 0, 0.5, 2], "texture": "#3"},
				"up": {"uv": [0, 0, 1, 0.5], "texture": "#3"},
				"down": {"uv": [0, 0, 1, 0.5], "texture": "#3"}
			}
		},
		{
			"from": [6.9679, 22.5, 18.65013],
			"to": [8.9679, 22.8, 23.65013],
			"rotation": {"angle": 22.5, "axis": "x", "origin": [8.7179, 23.15, 24.15013]},
			"faces": {
				"north": {"uv": [0, 0, 2, 0.3], "texture": "#7"},
				"east": {"uv": [0, 0, 5, 0.3], "texture": "#7"},
				"south": {"uv": [0, 0, 2, 0.3], "texture": "#7"},
				"west": {"uv": [0, 0, 5, 0.3], "texture": "#7"},
				"up": {"uv": [0, 0, 5, 2], "rotation": 270, "texture": "#7"},
				"down": {"uv": [0, 0, 5, 2], "rotation": 90, "texture": "#7"}
			}
		},
		{
			"from": [6.5, 23.81802, 19.56066],
			"to": [9.5, 29.81802, 22.56066],
			"rotation": {"angle": -45, "axis": "x", "origin": [11.5, 26.81802, 21.06066]},
			"faces": {
				"north": {"uv": [0, 0, 3, 6], "rotation": 180, "texture": "#8"},
				"east": {"uv": [0, 0, 6, 3], "rotation": 90, "texture": "#8"},
				"south": {"uv": [0, 0, 3, 6], "texture": "#8"},
				"west": {"uv": [0, 0, 6, 3], "rotation": 270, "texture": "#8"},
				"up": {"uv": [0, 0, 3, 3], "texture": "#8"},
				"down": {"uv": [0, 0, 3, 3], "rotation": 180, "texture": "#8"}
			}
		},
		{
			"from": [5.5, 27, 10.5],
			"to": [10.5, 32, 20.5],
			"faces": {
				"north": {"uv": [0, 0, 5, 5], "texture": "#8"},
				"east": {"uv": [0, 0, 10, 5], "texture": "#8"},
				"south": {"uv": [0, 0, 5, 5], "texture": "#8"},
				"west": {"uv": [0, 0, 10, 5], "texture": "#8"},
				"up": {"uv": [0, 0, 5, 10], "texture": "#8"},
				"down": {"uv": [0, 0, 5, 10], "texture": "#8"}
			}
		},
		{
			"from": [9.75, 26.25, 19.75],
			"to": [10.75, 27.25, 20.75],
			"rotation": {"angle": 45, "axis": "y", "origin": [10, 26.5, 20.5]},
			"faces": {
				"north": {"uv": [0, 0, 1, 1], "texture": "#2"},
				"east": {"uv": [0, 0, 1, 1], "texture": "#2"},
				"south": {"uv": [0, 0, 1, 1], "texture": "#2"},
				"west": {"uv": [0, 0, 1, 1], "texture": "#2"},
				"up": {"uv": [0, 0, 1, 1], "texture": "#2"},
				"down": {"uv": [0, 0, 1, 1], "texture": "#2"}
			}
		},
		{
			"from": [5.75, 26.25, 19.75],
			"to": [6.75, 27.25, 20.75],
			"rotation": {"angle": 45, "axis": "y", "origin": [6, 26.5, 20.5]},
			"faces": {
				"north": {"uv": [0, 0, 1, 1], "texture": "#2"},
				"east": {"uv": [0, 0, 1, 1], "texture": "#2"},
				"south": {"uv": [0, 0, 1, 1], "texture": "#2"},
				"west": {"uv": [0, 0, 1, 1], "texture": "#2"},
				"up": {"uv": [0, 0, 1, 1], "texture": "#2"},
				"down": {"uv": [0, 0, 1, 1], "texture": "#2"}
			}
		},
		{
			"from": [4, 25, 19.1],
			"to": [12, 29, 20.1],
			"faces": {
				"north": {"uv": [0, 0, 8, 4], "texture": "#4"},
				"east": {"uv": [0, 0, 1, 4], "texture": "#4"},
				"south": {"uv": [0, 0, 8, 4], "texture": "#4"},
				"west": {"uv": [0, 0, 1, 4], "texture": "#4"},
				"up": {"uv": [0, 0, 8, 1], "texture": "#4"},
				"down": {"uv": [0, 0, 8, 1], "texture": "#4"}
			}
		},
		{
			"from": [2.5, 22.75, 10.25],
			"to": [13.5, 26.75, 21.25],
			"rotation": {"angle": 22.5, "axis": "x", "origin": [8, 24, 15.75]},
			"faces": {
				"north": {"uv": [0, 0, 11, 4], "texture": "#8"},
				"east": {"uv": [0, 0, 11, 4], "texture": "#8"},
				"south": {"uv": [0, 0, 11, 4], "texture": "#8"},
				"west": {"uv": [0, 0, 11, 4], "texture": "#8"},
				"up": {"uv": [0, 0, 11, 11], "texture": "#8"},
				"down": {"uv": [0, 0, 11, 11], "texture": "#8"}
			}
		},
		{
			"from": [2, 11, 7.5],
			"to": [14, 21, 18.5],
			"rotation": {"angle": 0, "axis": "y", "origin": [0, 2, -3]},
			"faces": {
				"north": {"uv": [0, 0, 12, 10], "texture": "#1"},
				"east": {"uv": [0, 0, 11, 10], "texture": "#1"},
				"south": {"uv": [0, 0, 12, 10], "texture": "#1"},
				"west": {"uv": [0, 0, 11, 10], "texture": "#1"},
				"up": {"uv": [0, 0, 12, 11], "texture": "#1"},
				"down": {"uv": [0, 0, 12, 11], "texture": "#1"}
			}
		},
		{
			"from": [4, 16, 9.75],
			"to": [12, 26, 17.75],
			"rotation": {"angle": 22.5, "axis": "x", "origin": [8, 22, 12]},
			"faces": {
				"north": {"uv": [0, 0, 8, 10], "texture": "#4"},
				"east": {"uv": [0, 0, 8, 10], "texture": "#4"},
				"south": {"uv": [0, 0, 8, 10], "texture": "#4"},
				"west": {"uv": [0, 0, 8, 10], "texture": "#4"},
				"up": {"uv": [0, 0, 8, 8], "texture": "#4"},
				"down": {"uv": [0, 0, 8, 8], "texture": "#4"}
			}
		},
		{
			"from": [1, -6, 7],
			"to": [15, 8, 21],
			"rotation": {"angle": 0, "axis": "x", "origin": [8, 5, 14]},
			"faces": {
				"north": {"uv": [0, 0, 14, 14], "texture": "#1"},
				"east": {"uv": [0, 0, 14, 14], "texture": "#1"},
				"south": {"uv": [0, 0, 14, 14], "texture": "#1"},
				"west": {"uv": [0, 0, 14, 14], "texture": "#1"},
				"up": {"uv": [0, 0, 14, 14], "texture": "#1"},
				"down": {"uv": [0, 0, 14, 14], "texture": "#1"}
			}
		},
		{
			"from": [1.5, -1, 6.25],
			"to": [14.5, 13, 20.25],
			"rotation": {"angle": 0, "axis": "x", "origin": [8, 1, 14]},
			"faces": {
				"north": {"uv": [0, 0, 13, 14], "texture": "#1"},
				"east": {"uv": [0, 0, 14, 14], "texture": "#1"},
				"south": {"uv": [0, 0, 13, 14], "texture": "#1"},
				"west": {"uv": [0, 0, 14, 14], "texture": "#1"},
				"up": {"uv": [0, 0, 13, 14], "texture": "#1"},
				"down": {"uv": [0, 0, 13, 14], "texture": "#1"}
			}
		},
		{
			"from": [1.5, -8.06358, 4.6257],
			"to": [14.5, 5.93642, 18.6257],
			"rotation": {"angle": -22.5, "axis": "x", "origin": [9, -1.06358, 14.6257]},
			"faces": {
				"north": {"uv": [0, 0, 13, 14], "rotation": 180, "texture": "#1"},
				"east": {"uv": [0, 0, 14, 14], "rotation": 270, "texture": "#1"},
				"south": {"uv": [0, 0, 13, 14], "texture": "#1"},
				"west": {"uv": [0, 0, 14, 14], "rotation": 90, "texture": "#1"},
				"up": {"uv": [0, 0, 13, 14], "rotation": 180, "texture": "#1"},
				"down": {"uv": [0, 0, 13, 14], "texture": "#1"}
			}
		},
		{
			"from": [0.5, 16, 6],
			"to": [15.5, 24, 17],
			"rotation": {"angle": -22.5, "axis": "x", "origin": [7.5, 21, 11.5]},
			"faces": {
				"north": {"uv": [0, 0, 15, 8], "texture": "#8"},
				"east": {"uv": [0, 0, 11, 8], "texture": "#8"},
				"south": {"uv": [0, 0, 15, 8], "texture": "#8"},
				"west": {"uv": [0, 0, 11, 8], "texture": "#8"},
				"up": {"uv": [0, 0, 15, 11], "texture": "#8"},
				"down": {"uv": [0, 0, 15, 11], "texture": "#8"}
			}
		},
		{
			"from": [-4, 15, 8],
			"to": [20, 24, 17],
			"rotation": {"angle": 0, "axis": "y", "origin": [0, 2, 0]},
			"faces": {
				"north": {"uv": [0, 0, 16, 9], "texture": "#8"},
				"east": {"uv": [0, 0, 9, 9], "texture": "#8"},
				"south": {"uv": [0, 0, 16, 9], "texture": "#8"},
				"west": {"uv": [0, 0, 9, 9], "texture": "#8"},
				"up": {"uv": [0, 0, 16, 9], "texture": "#8"},
				"down": {"uv": [0, 0, 16, 9], "texture": "#8"}
			}
		},
		{
			"from": [12.39419, 14.92703, 9],
			"to": [19.39419, 21.92703, 16],
			"rotation": {"angle": -22.5, "axis": "z", "origin": [15.89419, 18.42703, 15]},
			"faces": {
				"north": {"uv": [0, 0, 7, 7], "rotation": 90, "texture": "#1"},
				"east": {"uv": [0, 0, 7, 7], "rotation": 270, "texture": "#1"},
				"south": {"uv": [0, 0, 7, 7], "rotation": 270, "texture": "#1"},
				"west": {"uv": [0, 0, 7, 7], "rotation": 270, "texture": "#1"},
				"up": {"uv": [0, 0, 7, 7], "rotation": 270, "texture": "#1"},
				"down": {"uv": [0, 0, 7, 7], "rotation": 270, "texture": "#1"}
			}
		},
		{
			"from": [-3.39419, 14.92703, 9],
			"to": [3.60581, 21.92703, 16],
			"rotation": {"angle": 22.5, "axis": "z", "origin": [0.10581, 18.42703, 15]},
			"faces": {
				"north": {"uv": [0, 0, 7, 7], "texture": "#1"},
				"east": {"uv": [0, 0, 7, 7], "texture": "#1"},
				"south": {"uv": [0, 0, 7, 7], "texture": "#1"},
				"west": {"uv": [0, 0, 7, 7], "texture": "#1"},
				"up": {"uv": [0, 0, 7, 7], "texture": "#1"},
				"down": {"uv": [0, 0, 7, 7], "texture": "#1"}
			}
		},
		{
			"from": [16.5, 4, 11.5],
			"to": [22.5, 20, 17.5],
			"rotation": {"angle": -22.5, "axis": "x", "origin": [8.5, 13.5, 12.5]},
			"faces": {
				"north": {"uv": [0, 0, 6, 16], "texture": "#1"},
				"east": {"uv": [0, 0, 6, 16], "texture": "#1"},
				"south": {"uv": [0, 0, 6, 16], "texture": "#1"},
				"west": {"uv": [0, 0, 6, 16], "texture": "#1"},
				"up": {"uv": [0, 0, 6, 6], "texture": "#1"},
				"down": {"uv": [0, 0, 6, 6], "texture": "#1"}
			}
		},
		{
			"from": [-6.5, 4, 11.5],
			"to": [-0.5, 20, 17.5],
			"rotation": {"angle": -22.5, "axis": "x", "origin": [8.5, 13.5, 12.5]},
			"faces": {
				"north": {"uv": [0, 0, 6, 16], "texture": "#1"},
				"east": {"uv": [0, 0, 6, 16], "texture": "#1"},
				"south": {"uv": [0, 0, 6, 16], "texture": "#1"},
				"west": {"uv": [0, 0, 6, 16], "texture": "#1"},
				"up": {"uv": [0, 0, 6, 6], "texture": "#1"},
				"down": {"uv": [0, 0, 6, 6], "texture": "#1"}
			}
		},
		{
			"from": [16, 0, 15],
			"to": [24, 8, 21],
			"rotation": {"angle": 0, "axis": "y", "origin": [0, 2, 0]},
			"faces": {
				"north": {"uv": [0, 0, 8, 8], "texture": "#9"},
				"east": {"uv": [0, 0, 6, 8], "texture": "#9"},
				"south": {"uv": [0, 0, 8, 8], "texture": "#9"},
				"west": {"uv": [0, 0, 6, 8], "texture": "#9"},
				"up": {"uv": [0, 0, 8, 6], "texture": "#9"},
				"down": {"uv": [0, 0, 8, 6], "texture": "#9"}
			}
		},
		{
			"from": [-8, 0, 15],
			"to": [0, 8, 21],
			"rotation": {"angle": 0, "axis": "y", "origin": [0, 2, 0]},
			"faces": {
				"north": {"uv": [0, 0, 8, 8], "texture": "#9"},
				"east": {"uv": [0, 0, 6, 8], "texture": "#9"},
				"south": {"uv": [0, 0, 8, 8], "texture": "#9"},
				"west": {"uv": [0, 0, 6, 8], "texture": "#9"},
				"up": {"uv": [0, 0, 8, 6], "texture": "#9"},
				"down": {"uv": [0, 0, 8, 6], "texture": "#9"}
			}
		},
		{
			"from": [15, 13, 9],
			"to": [24, 22, 18],
			"rotation": {"angle": 45, "axis": "y", "origin": [19.5, 18.5, 13.5]},
			"faces": {
				"north": {"uv": [0, 0, 9, 9], "texture": "#8"},
				"east": {"uv": [0, 0, 9, 9], "texture": "#8"},
				"south": {"uv": [0, 0, 9, 9], "texture": "#8"},
				"west": {"uv": [0, 0, 9, 9], "texture": "#8"},
				"up": {"uv": [0, 0, 9, 9], "texture": "#8"},
				"down": {"uv": [0, 0, 9, 9], "texture": "#8"}
			}
		},
		{
			"from": [-8, 13, 9],
			"to": [1, 22, 18],
			"rotation": {"angle": 45, "axis": "y", "origin": [-3.5, 18.5, 13.5]},
			"faces": {
				"north": {"uv": [0, 0, 9, 9], "texture": "#8"},
				"east": {"uv": [0, 0, 9, 9], "texture": "#8"},
				"south": {"uv": [0, 0, 9, 9], "texture": "#8"},
				"west": {"uv": [0, 0, 9, 9], "texture": "#8"},
				"up": {"uv": [0, 0, 9, 9], "texture": "#8"},
				"down": {"uv": [0, 0, 9, 9], "texture": "#8"}
			}
		},
		{
			"from": [0, 4, 3],
			"to": [16, 20, 11],
			"rotation": {"angle": 0, "axis": "y", "origin": [0, 2, 0]},
			"faces": {
				"north": {"uv": [0, 0, 16, 16], "texture": "#8"},
				"east": {"uv": [0, 0, 8, 16], "texture": "#8"},
				"south": {"uv": [0, 0, 16, 16], "texture": "#8"},
				"west": {"uv": [0, 0, 8, 16], "texture": "#8"},
				"up": {"uv": [0, 0, 16, 8], "texture": "#8"},
				"down": {"uv": [0, 0, 16, 8], "texture": "#8"}
			}
		},
		{
			"from": [2, -14, 0],
			"to": [14, 2, 8],
			"rotation": {"angle": 22.5, "axis": "x", "origin": [9, -3, 6]},
			"faces": {
				"north": {"uv": [0, 0, 12, 16], "texture": "#8"},
				"east": {"uv": [0, 0, 8, 16], "texture": "#8"},
				"south": {"uv": [0, 0, 12, 16], "texture": "#8"},
				"west": {"uv": [0, 0, 8, 16], "texture": "#8"},
				"up": {"uv": [0, 0, 12, 8], "texture": "#8"},
				"down": {"uv": [0, 0, 12, 8], "texture": "#8"}
			}
		},
		{
			"from": [-3, -10.64451, 2],
			"to": [7, 5.35549, 10],
			"rotation": {"angle": 22.5, "axis": "x", "origin": [10.78564, -2.64451, 6]},
			"faces": {
				"north": {"uv": [0, 0, 10, 16], "texture": "#8"},
				"east": {"uv": [0, 0, 8, 16], "texture": "#8"},
				"south": {"uv": [0, 0, 10, 16], "texture": "#8"},
				"west": {"uv": [0, 0, 8, 16], "texture": "#8"},
				"up": {"uv": [0, 0, 10, 8], "texture": "#8"},
				"down": {"uv": [0, 0, 10, 8], "texture": "#8"}
			}
		},
		{
			"from": [9, -10.64451, 2],
			"to": [19, 5.35549, 10],
			"rotation": {"angle": 22.5, "axis": "x", "origin": [13, -2.64451, 6]},
			"faces": {
				"north": {"uv": [0, 0, 10, 16], "texture": "#8"},
				"east": {"uv": [0, 0, 8, 16], "texture": "#8"},
				"south": {"uv": [0, 0, 10, 16], "texture": "#8"},
				"west": {"uv": [0, 0, 8, 16], "texture": "#8"},
				"up": {"uv": [0, 0, 10, 8], "texture": "#8"},
				"down": {"uv": [0, 0, 10, 8], "texture": "#8"}
			}
		},
		{
			"from": [16.25, -3, 18],
			"to": [18.25, 1, 21],
			"rotation": {"angle": 22.5, "axis": "x", "origin": [8, 0, 19.75]},
			"faces": {
				"north": {"uv": [0, 0, 2, 4], "texture": "#3"},
				"east": {"uv": [0, 0, 3, 4], "texture": "#3"},
				"south": {"uv": [0, 0, 2, 4], "texture": "#3"},
				"west": {"uv": [0, 0, 3, 4], "texture": "#3"},
				"up": {"uv": [0, 0, 2, 3], "texture": "#3"},
				"down": {"uv": [0, 0, 2, 3], "texture": "#3"}
			}
		},
		{
			"from": [19.25, -3, 18],
			"to": [21.25, 1, 21],
			"rotation": {"angle": 22.5, "axis": "x", "origin": [8, 0, 19.75]},
			"faces": {
				"north": {"uv": [0, 0, 2, 4], "texture": "#3"},
				"east": {"uv": [0, 0, 3, 4], "texture": "#3"},
				"south": {"uv": [0, 0, 2, 4], "texture": "#3"},
				"west": {"uv": [0, 0, 3, 4], "texture": "#3"},
				"up": {"uv": [0, 0, 2, 3], "texture": "#3"},
				"down": {"uv": [0, 0, 2, 3], "texture": "#3"}
			}
		},
		{
			"from": [22.25, -3, 18],
			"to": [24.25, 1, 21],
			"rotation": {"angle": 22.5, "axis": "x", "origin": [8, 0, 19.75]},
			"faces": {
				"north": {"uv": [0, 0, 2, 4], "texture": "#3"},
				"east": {"uv": [0, 0, 3, 4], "texture": "#3"},
				"south": {"uv": [0, 0, 2, 4], "texture": "#3"},
				"west": {"uv": [0, 0, 3, 4], "texture": "#3"},
				"up": {"uv": [0, 0, 2, 3], "texture": "#3"},
				"down": {"uv": [0, 0, 2, 3], "texture": "#3"}
			}
		},
		{
			"from": [-2.25, -3, 18],
			"to": [-0.25, 1, 21],
			"rotation": {"angle": 22.5, "axis": "x", "origin": [8, 0, 19.75]},
			"faces": {
				"north": {"uv": [0, 0, 2, 4], "texture": "#3"},
				"east": {"uv": [0, 0, 3, 4], "texture": "#3"},
				"south": {"uv": [0, 0, 2, 4], "texture": "#3"},
				"west": {"uv": [0, 0, 3, 4], "texture": "#3"},
				"up": {"uv": [0, 0, 2, 3], "texture": "#3"},
				"down": {"uv": [0, 0, 2, 3], "texture": "#3"}
			}
		},
		{
			"from": [-1.25, -3, 15],
			"to": [0.75, 1, 17],
			"rotation": {"angle": 22.5, "axis": "x", "origin": [8, 0, 19.75]},
			"faces": {
				"north": {"uv": [0, 0, 2, 4], "texture": "#3"},
				"east": {"uv": [0, 0, 2, 4], "texture": "#3"},
				"south": {"uv": [0, 0, 2, 4], "texture": "#3"},
				"west": {"uv": [0, 0, 2, 4], "texture": "#3"},
				"up": {"uv": [0, 0, 2, 2], "texture": "#3"},
				"down": {"uv": [0, 0, 2, 2], "texture": "#3"}
			}
		},
		{
			"from": [15.25, -3, 15],
			"to": [17.25, 1, 17],
			"rotation": {"angle": 22.5, "axis": "x", "origin": [8, 0, 19.75]},
			"faces": {
				"north": {"uv": [0, 0, 2, 4], "texture": "#3"},
				"east": {"uv": [0, 0, 2, 4], "texture": "#3"},
				"south": {"uv": [0, 0, 2, 4], "texture": "#3"},
				"west": {"uv": [0, 0, 2, 4], "texture": "#3"},
				"up": {"uv": [0, 0, 2, 2], "texture": "#3"},
				"down": {"uv": [0, 0, 2, 2], "texture": "#3"}
			}
		},
		{
			"from": [-5.25, -3, 18],
			"to": [-3.25, 1, 21],
			"rotation": {"angle": 22.5, "axis": "x", "origin": [8, 0, 19.75]},
			"faces": {
				"north": {"uv": [0, 0, 2, 4], "texture": "#3"},
				"east": {"uv": [0, 0, 3, 4], "texture": "#3"},
				"south": {"uv": [0, 0, 2, 4], "texture": "#3"},
				"west": {"uv": [0, 0, 3, 4], "texture": "#3"},
				"up": {"uv": [0, 0, 2, 3], "texture": "#3"},
				"down": {"uv": [0, 0, 2, 3], "texture": "#3"}
			}
		},
		{
			"from": [-8.25, -3, 18],
			"to": [-6.25, 1, 21],
			"rotation": {"angle": 22.5, "axis": "x", "origin": [8, 0, 19.75]},
			"faces": {
				"north": {"uv": [0, 0, 2, 4], "texture": "#3"},
				"east": {"uv": [0, 0, 3, 4], "texture": "#3"},
				"south": {"uv": [0, 0, 2, 4], "texture": "#3"},
				"west": {"uv": [0, 0, 3, 4], "texture": "#3"},
				"up": {"uv": [0, 0, 2, 3], "texture": "#3"},
				"down": {"uv": [0, 0, 2, 3], "texture": "#3"}
			}
		},
		{
			"from": [13, -9, 7],
			"to": [21, 1, 17],
			"rotation": {"angle": 0, "axis": "y", "origin": [0, 2, 0]},
			"faces": {
				"north": {"uv": [0, 0, 8, 10], "texture": "#9"},
				"east": {"uv": [0, 0, 10, 10], "texture": "#9"},
				"south": {"uv": [0, 0, 8, 10], "texture": "#9"},
				"west": {"uv": [0, 0, 10, 10], "texture": "#9"},
				"up": {"uv": [0, 0, 8, 10], "texture": "#9"},
				"down": {"uv": [0, 0, 8, 10], "texture": "#9"}
			}
		},
		{
			"from": [13.25, -14, 7],
			"to": [19.25, -4, 15],
			"rotation": {"angle": 0, "axis": "y", "origin": [0, 2, 0]},
			"faces": {
				"north": {"uv": [0, 0, 6, 10], "texture": "#9"},
				"east": {"uv": [0, 0, 8, 10], "texture": "#9"},
				"south": {"uv": [0, 0, 6, 10], "texture": "#9"},
				"west": {"uv": [0, 0, 8, 10], "texture": "#9"},
				"up": {"uv": [0, 0, 6, 8], "texture": "#9"},
				"down": {"uv": [0, 0, 6, 8], "texture": "#9"}
			}
		},
		{
			"from": [-3.25, -14, 7],
			"to": [2.75, -4, 15],
			"rotation": {"angle": 0, "axis": "y", "origin": [0, 2, 0]},
			"faces": {
				"north": {"uv": [0, 0, 6, 10], "texture": "#9"},
				"east": {"uv": [0, 0, 8, 10], "texture": "#9"},
				"south": {"uv": [0, 0, 6, 10], "texture": "#9"},
				"west": {"uv": [0, 0, 8, 10], "texture": "#9"},
				"up": {"uv": [0, 0, 6, 8], "texture": "#9"},
				"down": {"uv": [0, 0, 6, 8], "texture": "#9"}
			}
		},
		{
			"from": [-5, -9, 7],
			"to": [3, 1, 17],
			"rotation": {"angle": 0, "axis": "y", "origin": [0, 2, 0]},
			"faces": {
				"north": {"uv": [0, 0, 8, 10], "texture": "#9"},
				"east": {"uv": [0, 0, 10, 10], "texture": "#9"},
				"south": {"uv": [0, 0, 8, 10], "texture": "#9"},
				"west": {"uv": [0, 0, 10, 10], "texture": "#9"},
				"up": {"uv": [0, 0, 8, 10], "texture": "#9"},
				"down": {"uv": [0, 0, 8, 10], "texture": "#9"}
			}
		},
		{
			"from": [12.75, -15.9, 8],
			"to": [20.75, -12.9, 18],
			"faces": {
				"north": {"uv": [0, 0, 8, 3], "texture": "#9"},
				"east": {"uv": [0, 0, 10, 3], "texture": "#9"},
				"south": {"uv": [0, 0, 8, 3], "texture": "#9"},
				"west": {"uv": [0, 0, 10, 3], "texture": "#9"},
				"up": {"uv": [0, 0, 8, 10], "texture": "#9"},
				"down": {"uv": [0, 0, 8, 10], "texture": "#9"}
			}
		},
		{
			"from": [-4.75, -15.9, 8],
			"to": [3.25, -12.9, 18],
			"faces": {
				"north": {"uv": [0, 0, 8, 3], "texture": "#9"},
				"east": {"uv": [0, 0, 10, 3], "texture": "#9"},
				"south": {"uv": [0, 0, 8, 3], "texture": "#9"},
				"west": {"uv": [0, 0, 10, 3], "texture": "#9"},
				"up": {"uv": [0, 0, 8, 10], "texture": "#9"},
				"down": {"uv": [0, 0, 8, 10], "texture": "#9"}
			}
		},
		{
			"from": [-4.5, -16, 18],
			"to": [-2.5, -13, 21],
			"faces": {
				"north": {"uv": [0, 0, 2, 3], "texture": "#3"},
				"east": {"uv": [0, 0, 3, 3], "texture": "#3"},
				"south": {"uv": [0, 0, 2, 3], "texture": "#3"},
				"west": {"uv": [0, 0, 3, 3], "texture": "#3"},
				"up": {"uv": [0, 0, 2, 3], "texture": "#3"},
				"down": {"uv": [0, 0, 2, 3], "texture": "#3"}
			}
		},
		{
			"from": [-1.5, -16, 18],
			"to": [0.5, -13, 21],
			"faces": {
				"north": {"uv": [0, 0, 2, 3], "texture": "#3"},
				"east": {"uv": [0, 0, 3, 3], "texture": "#3"},
				"south": {"uv": [0, 0, 2, 3], "texture": "#3"},
				"west": {"uv": [0, 0, 3, 3], "texture": "#3"},
				"up": {"uv": [0, 0, 2, 3], "texture": "#3"},
				"down": {"uv": [0, 0, 2, 3], "texture": "#3"}
			}
		},
		{
			"from": [1.5, -16, 18],
			"to": [3.5, -13, 21],
			"faces": {
				"north": {"uv": [0, 0, 2, 3], "texture": "#3"},
				"east": {"uv": [0, 0, 3, 3], "texture": "#3"},
				"south": {"uv": [0, 0, 2, 3], "texture": "#3"},
				"west": {"uv": [0, 0, 3, 3], "texture": "#3"},
				"up": {"uv": [0, 0, 2, 3], "texture": "#3"},
				"down": {"uv": [0, 0, 2, 3], "texture": "#3"}
			}
		},
		{
			"from": [18.5, -16, 18],
			"to": [20.5, -13, 21],
			"faces": {
				"north": {"uv": [0, 0, 2, 3], "texture": "#3"},
				"east": {"uv": [0, 0, 3, 3], "texture": "#3"},
				"south": {"uv": [0, 0, 2, 3], "texture": "#3"},
				"west": {"uv": [0, 0, 3, 3], "texture": "#3"},
				"up": {"uv": [0, 0, 2, 3], "texture": "#3"},
				"down": {"uv": [0, 0, 2, 3], "texture": "#3"}
			}
		},
		{
			"from": [15.5, -16, 18],
			"to": [17.5, -13, 21],
			"faces": {
				"north": {"uv": [0, 0, 2, 3], "texture": "#3"},
				"east": {"uv": [0, 0, 3, 3], "texture": "#3"},
				"south": {"uv": [0, 0, 2, 3], "texture": "#3"},
				"west": {"uv": [0, 0, 3, 3], "texture": "#3"},
				"up": {"uv": [0, 0, 2, 3], "texture": "#3"},
				"down": {"uv": [0, 0, 2, 3], "texture": "#3"}
			}
		},
		{
			"from": [12.5, -16, 18],
			"to": [14.5, -13, 21],
			"faces": {
				"north": {"uv": [0, 0, 2, 3], "texture": "#3"},
				"east": {"uv": [0, 0, 3, 3], "texture": "#3"},
				"south": {"uv": [0, 0, 2, 3], "texture": "#3"},
				"west": {"uv": [0, 0, 3, 3], "texture": "#3"},
				"up": {"uv": [0, 0, 2, 3], "texture": "#3"},
				"down": {"uv": [0, 0, 2, 3], "texture": "#3"}
			}
		}
	],
	"display": {
		"head": {
			"rotation": [0, -180, 0],
			"translation": [0, 31.5, 80],
			"scale": [4, 4, 4]
		}
	}
}