{
	"credit": "Made with Blockbench",
	"textures": {
		"1": "block/brown_wool",
		"2": "block/redstone_block",
		"3": "block/white_concrete",
		"4": "block/brown_mushroom_block",
		"5": "block/black_concrete",
		"6": "block/nether_wart_block",
		"7": "block/pink_concrete",
		"8": "block/azalea_leaves",
		"particle": "block/stripped_dark_oak_log"
	},
	"elements": [
		{
			"from": [5.5, 24, 17],
			"to": [10.5, 26, 25],
			"rotation": {"angle": 0, "axis": "y", "origin": [8, 2.5, 4]},
			"faces": {
				"north": {"uv": [0, 0, 5, 2], "tintindex": 0,"texture": "#4"},
				"east": {"uv": [0, 0, 8, 2], "tintindex": 0,"texture": "#4"},
				"south": {"uv": [0, 0, 5, 2], "tintindex": 0,"texture": "#4"},
				"west": {"uv": [0, 0, 8, 2], "tintindex": 0,"texture": "#4"},
				"up": {"uv": [0, 0, 5, 8], "tintindex": 0,"texture": "#4"},
				"down": {"uv": [0, 0, 5, 8], "tintindex": 0,"texture": "#6"}
			}
		},
		{
			"from": [6, 22.25, 16.5],
			"to": [10, 23.65, 24.5],
			"rotation": {"angle": 22.5, "axis": "x", "origin": [8, 22.7, 21]},
			"faces": {
				"north": {"uv": [0, 0, 4, 1.4], "tintindex": 0,"texture": "#4"},
				"east": {"uv": [0, 0, 8, 1.4], "tintindex": 0,"texture": "#4"},
				"south": {"uv": [0, 0, 4, 1.4], "tintindex": 0,"texture": "#4"},
				"west": {"uv": [0, 0, 8, 1.4], "tintindex": 0,"texture": "#4"},
				"up": {"uv": [0, 0, 4, 8], "tintindex": 0,"texture": "#6"},
				"down": {"uv": [0, 0, 4, 8], "tintindex": 0,"texture": "#4"}
			}
		},
		{
			"from": [7, 25.5, 23.25],
			"to": [9, 26.5, 25.25],
			"rotation": {"angle": 0, "axis": "y", "origin": [1, 25, 1]},
			"faces": {
				"north": {"uv": [0, 0, 2, 1], "tintindex": 0,"texture": "#5"},
				"east": {"uv": [0, 0, 2, 1], "tintindex": 0,"texture": "#5"},
				"south": {"uv": [0, 0, 2, 1], "tintindex": 0,"texture": "#5"},
				"west": {"uv": [0, 0, 2, 1], "tintindex": 0,"texture": "#5"},
				"up": {"uv": [0, 0, 2, 2], "tintindex": 0,"texture": "#5"},
				"down": {"uv": [0, 0, 2, 2], "tintindex": 0,"texture": "#5"}
			}
		},
		{
			"from": [3, 23, 12],
			"to": [13, 30, 20],
			"faces": {
				"north": {"uv": [0, 0, 10, 7], "tintindex": 0,"texture": "#1"},
				"east": {"uv": [0, 0, 8, 7], "tintindex": 0,"texture": "#1"},
				"south": {"uv": [0, 0, 10, 7], "tintindex": 0,"texture": "#1"},
				"west": {"uv": [0, 0, 8, 7], "tintindex": 0,"texture": "#1"},
				"up": {"uv": [0, 0, 10, 8], "tintindex": 0,"texture": "#1"},
				"down": {"uv": [0, 0, 10, 8], "tintindex": 0,"texture": "#1"}
			}
		},
		{
			"from": [11, 28, 13],
			"to": [14, 31, 15],
			"rotation": {"angle": -22.5, "axis": "x", "origin": [8, 30.5, 14]},
			"faces": {
				"north": {"uv": [0, 0, 3, 3], "tintindex": 0,"texture": "#1"},
				"east": {"uv": [0, 0, 2, 3], "tintindex": 0,"texture": "#1"},
				"south": {"uv": [0, 0, 3, 3], "tintindex": 0,"texture": "#1"},
				"west": {"uv": [0, 0, 2, 3], "tintindex": 0,"texture": "#1"},
				"up": {"uv": [0, 0, 3, 2], "tintindex": 0,"texture": "#1"},
				"down": {"uv": [0, 0, 3, 2], "tintindex": 0,"texture": "#1"}
			}
		},
		{
			"from": [2, 28, 13],
			"to": [5, 31, 15],
			"rotation": {"angle": -22.5, "axis": "x", "origin": [8, 30.5, 14]},
			"faces": {
				"north": {"uv": [0, 0, 3, 3], "tintindex": 0,"texture": "#1"},
				"east": {"uv": [0, 0, 2, 3], "tintindex": 0,"texture": "#1"},
				"south": {"uv": [0, 0, 3, 3], "tintindex": 0,"texture": "#1"},
				"west": {"uv": [0, 0, 2, 3], "tintindex": 0,"texture": "#1"},
				"up": {"uv": [0, 0, 3, 2], "tintindex": 0,"texture": "#1"},
				"down": {"uv": [0, 0, 3, 2], "tintindex": 0,"texture": "#1"}
			}
		},
		{
			"from": [9.25, 22.75, 24.25],
			"to": [10.25, 24.75, 24.75],
			"rotation": {"angle": 22.5, "axis": "x", "origin": [9.75, 24, 24.25]},
			"faces": {
				"north": {"uv": [0, 0, 1, 2], "tintindex": 0,"texture": "#3"},
				"east": {"uv": [0, 0, 0.5, 2], "tintindex": 0,"texture": "#3"},
				"south": {"uv": [0, 0, 1, 2], "tintindex": 0,"texture": "#3"},
				"west": {"uv": [0, 0, 0.5, 2], "tintindex": 0,"texture": "#3"},
				"up": {"uv": [0, 0, 1, 0.5], "tintindex": 0,"texture": "#3"},
				"down": {"uv": [0, 0, 1, 0.5], "tintindex": 0,"texture": "#3"}
			}
		},
		{
			"from": [5.75, 22.75, 24.25],
			"to": [6.75, 24.75, 24.75],
			"rotation": {"angle": 22.5, "axis": "x", "origin": [9.75, 24, 24.25]},
			"faces": {
				"north": {"uv": [0, 0, 1, 2], "tintindex": 0,"texture": "#3"},
				"east": {"uv": [0, 0, 0.5, 2], "tintindex": 0,"texture": "#3"},
				"south": {"uv": [0, 0, 1, 2], "tintindex": 0,"texture": "#3"},
				"west": {"uv": [0, 0, 0.5, 2], "tintindex": 0,"texture": "#3"},
				"up": {"uv": [0, 0, 1, 0.5], "tintindex": 0,"texture": "#3"},
				"down": {"uv": [0, 0, 1, 0.5], "tintindex": 0,"texture": "#3"}
			}
		},
		{
			"from": [6.9679, 22.5, 18.65013],
			"to": [8.9679, 22.8, 23.65013],
			"rotation": {"angle": 22.5, "axis": "x", "origin": [8.7179, 23.15, 24.15013]},
			"faces": {
				"north": {"uv": [0, 0, 2, 0.3], "tintindex": 0,"texture": "#7"},
				"east": {"uv": [0, 0, 5, 0.3], "tintindex": 0,"texture": "#7"},
				"south": {"uv": [0, 0, 2, 0.3], "tintindex": 0,"texture": "#7"},
				"west": {"uv": [0, 0, 5, 0.3], "tintindex": 0,"texture": "#7"},
				"up": {"uv": [0, 0, 5, 2], "rotation": 270, "tintindex": 0,"texture": "#7"},
				"down": {"uv": [0, 0, 5, 2], "rotation": 90, "tintindex": 0,"texture": "#7"}
			}
		},
		{
			"from": [6.5, 23.81802, 19.56066],
			"to": [9.5, 29.81802, 22.56066],
			"rotation": {"angle": -45, "axis": "x", "origin": [11.5, 26.81802, 21.06066]},
			"faces": {
				"north": {"uv": [0, 0, 3, 6], "rotation": 180, "tintindex": 0,"texture": "#8"},
				"east": {"uv": [0, 0, 6, 3], "rotation": 90, "tintindex": 0,"texture": "#8"},
				"south": {"uv": [0, 0, 3, 6], "tintindex": 0,"texture": "#8"},
				"west": {"uv": [0, 0, 6, 3], "rotation": 270, "tintindex": 0,"texture": "#8"},
				"up": {"uv": [0, 0, 3, 3], "tintindex": 0,"texture": "#8"},
				"down": {"uv": [0, 0, 3, 3], "rotation": 180, "tintindex": 0,"texture": "#8"}
			}
		},
		{
			"from": [5.5, 27, 10.5],
			"to": [10.5, 32, 20.5],
			"faces": {
				"north": {"uv": [0, 0, 5, 5], "tintindex": 0,"texture": "#8"},
				"east": {"uv": [0, 0, 10, 5], "tintindex": 0,"texture": "#8"},
				"south": {"uv": [0, 0, 5, 5], "tintindex": 0,"texture": "#8"},
				"west": {"uv": [0, 0, 10, 5], "tintindex": 0,"texture": "#8"},
				"up": {"uv": [0, 0, 5, 10], "tintindex": 0,"texture": "#8"},
				"down": {"uv": [0, 0, 5, 10], "tintindex": 0,"texture": "#8"}
			}
		},
		{
			"from": [9.75, 26.25, 19.75],
			"to": [10.75, 27.25, 20.75],
			"rotation": {"angle": 45, "axis": "y", "origin": [10, 26.5, 20.5]},
			"faces": {
				"north": {"uv": [0, 0, 1, 1], "tintindex": 0,"texture": "#2"},
				"east": {"uv": [0, 0, 1, 1], "tintindex": 0,"texture": "#2"},
				"south": {"uv": [0, 0, 1, 1], "tintindex": 0,"texture": "#2"},
				"west": {"uv": [0, 0, 1, 1], "tintindex": 0,"texture": "#2"},
				"up": {"uv": [0, 0, 1, 1], "tintindex": 0,"texture": "#2"},
				"down": {"uv": [0, 0, 1, 1], "tintindex": 0,"texture": "#2"}
			}
		},
		{
			"from": [5.75, 26.25, 19.75],
			"to": [6.75, 27.25, 20.75],
			"rotation": {"angle": 45, "axis": "y", "origin": [6, 26.5, 20.5]},
			"faces": {
				"north": {"uv": [0, 0, 1, 1], "tintindex": 0,"texture": "#2"},
				"east": {"uv": [0, 0, 1, 1], "tintindex": 0,"texture": "#2"},
				"south": {"uv": [0, 0, 1, 1], "tintindex": 0,"texture": "#2"},
				"west": {"uv": [0, 0, 1, 1], "tintindex": 0,"texture": "#2"},
				"up": {"uv": [0, 0, 1, 1], "tintindex": 0,"texture": "#2"},
				"down": {"uv": [0, 0, 1, 1], "tintindex": 0,"texture": "#2"}
			}
		},
		{
			"from": [4, 25, 19.1],
			"to": [12, 29, 20.1],
			"faces": {
				"north": {"uv": [0, 0, 8, 4], "tintindex": 0,"texture": "#4"},
				"east": {"uv": [0, 0, 1, 4], "tintindex": 0,"texture": "#4"},
				"south": {"uv": [0, 0, 8, 4], "tintindex": 0,"texture": "#4"},
				"west": {"uv": [0, 0, 1, 4], "tintindex": 0,"texture": "#4"},
				"up": {"uv": [0, 0, 8, 1], "tintindex": 0,"texture": "#4"},
				"down": {"uv": [0, 0, 8, 1], "tintindex": 0,"texture": "#4"}
			}
		},
		{
			"from": [2.5, 22.75, 10.25],
			"to": [13.5, 26.75, 21.25],
			"rotation": {"angle": 22.5, "axis": "x", "origin": [8, 24, 15.75]},
			"faces": {
				"north": {"uv": [0, 0, 11, 4], "tintindex": 0,"texture": "#8"},
				"east": {"uv": [0, 0, 11, 4], "tintindex": 0,"texture": "#8"},
				"south": {"uv": [0, 0, 11, 4], "tintindex": 0,"texture": "#8"},
				"west": {"uv": [0, 0, 11, 4], "tintindex": 0,"texture": "#8"},
				"up": {"uv": [0, 0, 11, 11], "tintindex": 0,"texture": "#8"},
				"down": {"uv": [0, 0, 11, 11], "tintindex": 0,"texture": "#8"}
			}
		}
	],
	"display": {
		"head": {
			"rotation": [0, -180, 0],
			"translation": [0, -66.5, 31.25],
			"scale": [4, 4, 4]
		}
	}
}