{
	"credit": "Made with Blockbench",
	"textures": {
		"1": "block/brown_wool",
		"8": "block/azalea_leaves",
		"particle": "block/stripped_dark_oak_log"
	},
	"elements": [
		{
			"from": [1, -6, 7],
			"to": [15, 8, 21],
			"rotation": {"angle": 0, "axis": "x", "origin": [8, 5, 14]},
			"faces": {
				"north": {"uv": [0, 0, 14, 14], "tintindex": 0,"texture": "#1"},
				"east": {"uv": [0, 0, 14, 14], "tintindex": 0,"texture": "#1"},
				"south": {"uv": [0, 0, 14, 14], "tintindex": 0,"texture": "#1"},
				"west": {"uv": [0, 0, 14, 14], "tintindex": 0,"texture": "#1"},
				"up": {"uv": [0, 0, 14, 14], "tintindex": 0,"texture": "#1"},
				"down": {"uv": [0, 0, 14, 14], "tintindex": 0,"texture": "#1"}
			}
		},
		{
			"from": [1.5, -1, 6.25],
			"to": [14.5, 13, 20.25],
			"rotation": {"angle": 0, "axis": "x", "origin": [8, 1, 14]},
			"faces": {
				"north": {"uv": [0, 0, 13, 14], "tintindex": 0,"texture": "#1"},
				"east": {"uv": [0, 0, 14, 14], "tintindex": 0,"texture": "#1"},
				"south": {"uv": [0, 0, 13, 14], "tintindex": 0,"texture": "#1"},
				"west": {"uv": [0, 0, 14, 14], "tintindex": 0,"texture": "#1"},
				"up": {"uv": [0, 0, 13, 14], "tintindex": 0,"texture": "#1"},
				"down": {"uv": [0, 0, 13, 14], "tintindex": 0,"texture": "#1"}
			}
		},
		{
			"from": [1.5, -8.06358, 4.6257],
			"to": [14.5, 5.93642, 18.6257],
			"rotation": {"angle": -22.5, "axis": "x", "origin": [9, -1.06358, 14.6257]},
			"faces": {
				"north": {"uv": [0, 0, 13, 14], "rotation": 180, "tintindex": 0,"texture": "#1"},
				"east": {"uv": [0, 0, 14, 14], "rotation": 270, "tintindex": 0,"texture": "#1"},
				"south": {"uv": [0, 0, 13, 14], "tintindex": 0,"texture": "#1"},
				"west": {"uv": [0, 0, 14, 14], "rotation": 90, "tintindex": 0,"texture": "#1"},
				"up": {"uv": [0, 0, 13, 14], "rotation": 180, "tintindex": 0,"texture": "#1"},
				"down": {"uv": [0, 0, 13, 14], "tintindex": 0,"texture": "#1"}
			}
		},
		{
			"from": [2, -14, 0],
			"to": [14, 2, 8],
			"rotation": {"angle": 22.5, "axis": "x", "origin": [9, -3, 6]},
			"faces": {
				"north": {"uv": [0, 0, 12, 16], "tintindex": 0,"texture": "#8"},
				"east": {"uv": [0, 0, 8, 16], "tintindex": 0,"texture": "#8"},
				"south": {"uv": [0, 0, 12, 16], "tintindex": 0,"texture": "#8"},
				"west": {"uv": [0, 0, 8, 16], "tintindex": 0,"texture": "#8"},
				"up": {"uv": [0, 0, 12, 8], "tintindex": 0,"texture": "#8"},
				"down": {"uv": [0, 0, 12, 8], "tintindex": 0,"texture": "#8"}
			}
		},
		{
			"from": [-3, -10.64451, 2],
			"to": [7, 5.35549, 10],
			"rotation": {"angle": 22.5, "axis": "x", "origin": [10.78564, -2.64451, 6]},
			"faces": {
				"north": {"uv": [0, 0, 10, 16], "tintindex": 0,"texture": "#8"},
				"east": {"uv": [0, 0, 8, 16], "tintindex": 0,"texture": "#8"},
				"south": {"uv": [0, 0, 10, 16], "tintindex": 0,"texture": "#8"},
				"west": {"uv": [0, 0, 8, 16], "tintindex": 0,"texture": "#8"},
				"up": {"uv": [0, 0, 10, 8], "tintindex": 0,"texture": "#8"},
				"down": {"uv": [0, 0, 10, 8], "tintindex": 0,"texture": "#8"}
			}
		},
		{
			"from": [9, -10.64451, 2],
			"to": [19, 5.35549, 10],
			"rotation": {"angle": 22.5, "axis": "x", "origin": [13, -2.64451, 6]},
			"faces": {
				"north": {"uv": [0, 0, 10, 16], "tintindex": 0,"texture": "#8"},
				"east": {"uv": [0, 0, 8, 16], "tintindex": 0,"texture": "#8"},
				"south": {"uv": [0, 0, 10, 16], "tintindex": 0,"texture": "#8"},
				"west": {"uv": [0, 0, 8, 16], "tintindex": 0,"texture": "#8"},
				"up": {"uv": [0, 0, 10, 8], "tintindex": 0,"texture": "#8"},
				"down": {"uv": [0, 0, 10, 8], "tintindex": 0,"texture": "#8"}
			}
		}
	],
	"display": {
		"head": {
			"rotation": [0, -180, 0],
			"translation": [0, 31.5, 11.75],
			"scale": [4, 4, 4]
		}
	}
}