{
	"credit": "Made with Blockbench",
	"textures": {
		"1": "block/brown_wool",
		"3": "block/white_concrete",
		"8": "block/azalea_leaves",
		"9": "block/stripped_dark_oak_log",
		"particle": "block/stripped_dark_oak_log"
	},
	"elements": [
		{
			"from": [16.5, 5.06806, 13.76686],
			"to": [22.5, 21.06806, 19.76686],
			"rotation": {"angle": -22.5, "axis": "x", "origin": [19.75, 8.3359, 16.31817]},
			"faces": {
				"north": {"uv": [6, 0, 0, 16], "tintindex": 0,"texture": "#1"},
				"east": {"uv": [6, 0, 0, 16], "tintindex": 0,"texture": "#1"},
				"south": {"uv": [6, 0, 0, 16], "tintindex": 0,"texture": "#1"},
				"west": {"uv": [6, 0, 0, 16], "tintindex": 0,"texture": "#1"},
				"up": {"uv": [6, 0, 0, 6], "tintindex": 0,"texture": "#1"},
				"down": {"uv": [6, 0, 0, 6], "tintindex": 0,"texture": "#1"}
			}
		},
		{
			"from": [16, 0, 15],
			"to": [24, 8, 21],
			"rotation": {"angle": 0, "axis": "y", "origin": [19.75, 8.3359, 16.31817]},
			"faces": {
				"north": {"uv": [8, 0, 0, 8], "tintindex": 0,"texture": "#9"},
				"east": {"uv": [6, 0, 0, 8], "tintindex": 0,"texture": "#9"},
				"south": {"uv": [8, 0, 0, 8], "tintindex": 0,"texture": "#9"},
				"west": {"uv": [6, 0, 0, 8], "tintindex": 0,"texture": "#9"},
				"up": {"uv": [8, 0, 0, 6], "tintindex": 0,"texture": "#9"},
				"down": {"uv": [8, 0, 0, 6], "tintindex": 0,"texture": "#9"}
			}
		},
		{
			"from": [13.08047, 13, 10.0022],
			"to": [22.08047, 22, 19.0022],
			"rotation": {"angle": -45, "axis": "y", "origin": [19.75, 8.3359, 16.31817]},
			"faces": {
				"north": {"uv": [9, 0, 0, 9], "tintindex": 0,"texture": "#8"},
				"east": {"uv": [9, 0, 0, 9], "tintindex": 0,"texture": "#8"},
				"south": {"uv": [9, 0, 0, 9], "tintindex": 0,"texture": "#8"},
				"west": {"uv": [9, 0, 0, 9], "tintindex": 0,"texture": "#8"},
				"up": {"uv": [9, 0, 0, 9], "tintindex": 0,"texture": "#8"},
				"down": {"uv": [9, 0, 0, 9], "tintindex": 0,"texture": "#8"}
			}
		},
		{
			"from": [16.25, -1.05216, 20.92878],
			"to": [18.25, 2.94784, 23.92878],
			"rotation": {"angle": 22.5, "axis": "x", "origin": [19.75, 8.3359, 16.31817]},
			"faces": {
				"north": {"uv": [2, 0, 0, 4], "tintindex": 0,"texture": "#3"},
				"east": {"uv": [3, 0, 0, 4], "tintindex": 0,"texture": "#3"},
				"south": {"uv": [2, 0, 0, 4], "tintindex": 0,"texture": "#3"},
				"west": {"uv": [3, 0, 0, 4], "tintindex": 0,"texture": "#3"},
				"up": {"uv": [2, 0, 0, 3], "tintindex": 0,"texture": "#3"},
				"down": {"uv": [2, 0, 0, 3], "tintindex": 0,"texture": "#3"}
			}
		},
		{
			"from": [15.25, -1.05216, 17.92878],
			"to": [17.25, 2.94784, 19.92878],
			"rotation": {"angle": 22.5, "axis": "x", "origin": [19.75, 8.3359, 16.31817]},
			"faces": {
				"north": {"uv": [2, 0, 0, 4], "tintindex": 0,"texture": "#3"},
				"east": {"uv": [2, 0, 0, 4], "tintindex": 0,"texture": "#3"},
				"south": {"uv": [2, 0, 0, 4], "tintindex": 0,"texture": "#3"},
				"west": {"uv": [2, 0, 0, 4], "tintindex": 0,"texture": "#3"},
				"up": {"uv": [2, 0, 0, 2], "tintindex": 0,"texture": "#3"},
				"down": {"uv": [2, 0, 0, 2], "tintindex": 0,"texture": "#3"}
			}
		},
		{
			"from": [19.25, -1.05216, 20.92878],
			"to": [21.25, 2.94784, 23.92878],
			"rotation": {"angle": 22.5, "axis": "x", "origin": [19.75, 8.3359, 16.31817]},
			"faces": {
				"north": {"uv": [2, 0, 0, 4], "tintindex": 0,"texture": "#3"},
				"east": {"uv": [3, 0, 0, 4], "tintindex": 0,"texture": "#3"},
				"south": {"uv": [2, 0, 0, 4], "tintindex": 0,"texture": "#3"},
				"west": {"uv": [3, 0, 0, 4], "tintindex": 0,"texture": "#3"},
				"up": {"uv": [2, 0, 0, 3], "tintindex": 0,"texture": "#3"},
				"down": {"uv": [2, 0, 0, 3], "tintindex": 0,"texture": "#3"}
			}
		},
		{
			"from": [22.25, -1.05216, 20.92878],
			"to": [24.25, 2.94784, 23.92878],
			"rotation": {"angle": 22.5, "axis": "x", "origin": [19.75, 8.3359, 16.31817]},
			"faces": {
				"north": {"uv": [2, 0, 0, 4], "tintindex": 0,"texture": "#3"},
				"east": {"uv": [3, 0, 0, 4], "tintindex": 0,"texture": "#3"},
				"south": {"uv": [2, 0, 0, 4], "tintindex": 0,"texture": "#3"},
				"west": {"uv": [3, 0, 0, 4], "tintindex": 0,"texture": "#3"},
				"up": {"uv": [2, 0, 0, 3], "tintindex": 0,"texture": "#3"},
				"down": {"uv": [2, 0, 0, 3], "tintindex": 0,"texture": "#3"}
			}
		}
	],
	"display": {
		"head": {
			"rotation": [0, -180, 0],
			"translation": [46.25, -40.25, 21.25],
			"scale": [4, 4, 4]
		}
	}
}