{
	"credit": "Made with Blockbench",
	"textures": {
		"0": "block/bone_block_side",
		"2": "block/soul_sand",
		"particle": "block/bone_block_side"
	},
	"elements": [
		{
			"from": [6.56, 7.68625, -1.02544],
			"to": [9.44, 16.32625, 1.85456],
			"rotation": {"angle": -45, "axis": "x", "origin": [8, 12.00625, 4.73456]},
			"faces": {
				"north": {"uv": [0, 0, 2, 6], "tintindex": 0,"texture": "#0"},
				"east": {"uv": [0, 0, 2, 6], "tintindex": 0,"texture": "#0"},
				"south": {"uv": [0, 0, 2, 6], "tintindex": 0,"texture": "#0"},
				"west": {"uv": [0, 0, 2, 6], "tintindex": 0,"texture": "#0"},
				"up": {"uv": [0, 0, 2, 2], "tintindex": 0,"texture": "#0"},
				"down": {"uv": [0, 0, 2, 2], "tintindex": 0,"texture": "#0"}
			}
		},
		{
			"from": [4.4, 1.92625, 1.49456],
			"to": [11.6, 9.12625, 8.69456],
			"rotation": {"angle": 0, "axis": "y", "origin": [0.08, 1.20625, 11.21456]},
			"faces": {
				"north": {"uv": [0, 0, 16, 16], "tintindex": 0,"texture": "#2"},
				"east": {"uv": [0, 0, 16, 16], "tintindex": 0,"texture": "#2"},
				"south": {"uv": [0, 0, 16, 16], "tintindex": 0,"texture": "#2"},
				"west": {"uv": [0, 0, 16, 16], "tintindex": 0,"texture": "#2"},
				"up": {"uv": [0, 0, 16, 16], "tintindex": 0,"texture": "#2"},
				"down": {"uv": [0, 0, 16, 16], "tintindex": 0,"texture": "#2"}
			}
		},
		{
			"from": [2.96, 3.36625, 4.73456],
			"to": [10.16, 10.56625, 11.93456],
			"rotation": {"angle": 45, "axis": "y", "origin": [12.32, 5.52625, 4.01456]},
			"faces": {
				"north": {"uv": [0, 0, 16, 16], "tintindex": 0,"texture": "#2"},
				"east": {"uv": [0, 0, 16, 16], "tintindex": 0,"texture": "#2"},
				"south": {"uv": [0, 0, 16, 16], "tintindex": 0,"texture": "#2"},
				"west": {"uv": [0, 0, 16, 16], "tintindex": 0,"texture": "#2"},
				"up": {"uv": [0, 0, 16, 16], "tintindex": 0,"texture": "#2"},
				"down": {"uv": [0, 0, 16, 16], "tintindex": 0,"texture": "#2"}
			}
		},
		{
			"from": [-4.24, 3.36625, 6.17456],
			"to": [2.96, 10.56625, 13.37456],
			"rotation": {"angle": 45, "axis": "y", "origin": [3.68, 5.52625, 4.01456]},
			"faces": {
				"north": {"uv": [0, 0, 16, 16], "tintindex": 0,"texture": "#2"},
				"east": {"uv": [0, 0, 16, 16], "tintindex": 0,"texture": "#2"},
				"south": {"uv": [0, 0, 16, 16], "tintindex": 0,"texture": "#2"},
				"west": {"uv": [0, 0, 16, 16], "tintindex": 0,"texture": "#2"},
				"up": {"uv": [0, 0, 16, 16], "tintindex": 0,"texture": "#2"},
				"down": {"uv": [0, 0, 16, 16], "tintindex": 0,"texture": "#2"}
			}
		},
		{
			"from": [6.56, 6.96625, 1.85456],
			"to": [9.44, 9.84625, 6.17456],
			"rotation": {"angle": 0, "axis": "y", "origin": [8, 9.84625, 5.45456]},
			"faces": {
				"north": {"uv": [0, 0, 2, 2], "tintindex": 0,"texture": "#0"},
				"east": {"uv": [0, 0, 3, 2], "tintindex": 0,"texture": "#0"},
				"south": {"uv": [0, 0, 2, 2], "tintindex": 0,"texture": "#0"},
				"west": {"uv": [0, 0, 3, 2], "tintindex": 0,"texture": "#0"},
				"up": {"uv": [0, 0, 2, 3], "tintindex": 0,"texture": "#0"},
				"down": {"uv": [0, 0, 2, 3], "tintindex": 0,"texture": "#0"}
			}
		},
		{
			"from": [6.56, 8.2343, 5.34947],
			"to": [9.44, 11.1143, 12.54947],
			"rotation": {"angle": -22.5, "axis": "x", "origin": [8, 9.6743, 8.94947]},
			"faces": {
				"north": {"uv": [0, 0, 2, 2], "rotation": 180, "tintindex": 0,"texture": "#0"},
				"east": {"uv": [0, 0, 5, 2], "rotation": 180, "tintindex": 0,"texture": "#0"},
				"south": {"uv": [0, 0, 2, 2], "rotation": 180, "tintindex": 0,"texture": "#0"},
				"west": {"uv": [0, 0, 5, 2], "rotation": 180, "tintindex": 0,"texture": "#0"},
				"up": {"uv": [0, 0, 2, 5], "tintindex": 0,"texture": "#0"},
				"down": {"uv": [0, 0, 2, 5], "tintindex": 0,"texture": "#0"}
			}
		},
		{
			"from": [6.56, 9.50235, 11.72437],
			"to": [9.44, 12.38235, 26.12437],
			"rotation": {"angle": 0, "axis": "y", "origin": [-3.52, -2.01765, 11.72437]},
			"faces": {
				"north": {"uv": [0, 0, 2, 2], "tintindex": 0,"texture": "#0"},
				"east": {"uv": [0, 0, 15, 2], "tintindex": 0,"texture": "#0"},
				"south": {"uv": [0, 0, 2, 2], "tintindex": 0,"texture": "#0"},
				"west": {"uv": [0, 0, 15, 2], "tintindex": 0,"texture": "#0"},
				"up": {"uv": [0, 0, 2, 15], "tintindex": 0,"texture": "#0"},
				"down": {"uv": [0, 0, 2, 15], "tintindex": 0,"texture": "#0"}
			}
		},
		{
			"from": [6.56, -2.02065, 26.1093],
			"to": [9.44, 12.37935, 28.9893],
			"rotation": {"angle": -22.5, "axis": "x", "origin": [8, 5.17935, 27.5493]},
			"faces": {
				"north": {"uv": [0, 0, 2, 15], "rotation": 180, "tintindex": 0,"texture": "#0"},
				"east": {"uv": [0, 0, 15, 2], "rotation": 270, "tintindex": 0,"texture": "#0"},
				"south": {"uv": [0, 0, 2, 15], "tintindex": 0,"texture": "#0"},
				"west": {"uv": [0, 0, 15, 2], "rotation": 90, "tintindex": 0,"texture": "#0"},
				"up": {"uv": [0, 0, 2, 2], "rotation": 180, "tintindex": 0,"texture": "#0"},
				"down": {"uv": [0, 0, 2, 2], "tintindex": 0,"texture": "#0"}
			}
		},
		{
			"from": [6.56, -8.32152, 28.75501],
			"to": [9.44, -0.92152, 31.63501],
			"rotation": {"angle": 0, "axis": "x", "origin": [8, -5.12152, 30.62847]},
			"faces": {
				"north": {"uv": [0, 0, 2, 15], "rotation": 180, "tintindex": 0,"texture": "#0"},
				"east": {"uv": [0, 0, 15, 2], "rotation": 270, "tintindex": 0,"texture": "#0"},
				"south": {"uv": [0, 0, 2, 15], "tintindex": 0,"texture": "#0"},
				"west": {"uv": [0, 0, 15, 2], "rotation": 90, "tintindex": 0,"texture": "#0"},
				"up": {"uv": [0, 0, 2, 2], "rotation": 180, "tintindex": 0,"texture": "#0"},
				"down": {"uv": [0, 0, 2, 2], "tintindex": 0,"texture": "#0"}
			}
		},
		{
			"from": [3.68, 2.64625, 13.01456],
			"to": [12.32, 11.28625, 21.65456],
			"rotation": {"angle": 0, "axis": "y", "origin": [-3.52, -2.39375, 7.61456]},
			"faces": {
				"north": {"uv": [0, 0, 16, 16], "tintindex": 0,"texture": "#2"},
				"east": {"uv": [0, 0, 16, 16], "tintindex": 0,"texture": "#2"},
				"south": {"uv": [0, 0, 16, 16], "tintindex": 0,"texture": "#2"},
				"west": {"uv": [0, 0, 16, 16], "tintindex": 0,"texture": "#2"},
				"up": {"uv": [0, 0, 16, 16], "tintindex": 0,"texture": "#2"},
				"down": {"uv": [0, 0, 16, 16], "tintindex": 0,"texture": "#2"}
			}
		},
		{
			"from": [2.93, -2.35375, 20.01456],
			"to": [12.57, 6.28625, 28.65456],
			"rotation": {"angle": 0, "axis": "y", "origin": [-3.52, -2.39375, 7.61456]},
			"faces": {
				"north": {"uv": [0, 0, 16, 16], "tintindex": 0,"texture": "#2"},
				"east": {"uv": [0, 0, 16, 16], "tintindex": 0,"texture": "#2"},
				"south": {"uv": [0, 0, 16, 16], "tintindex": 0,"texture": "#2"},
				"west": {"uv": [0, 0, 16, 16], "tintindex": 0,"texture": "#2"},
				"up": {"uv": [0, 0, 16, 16], "tintindex": 0,"texture": "#2"},
				"down": {"uv": [0, 0, 16, 16], "tintindex": 0,"texture": "#2"}
			}
		},
		{
			"from": [1.93, -8.35375, 23.01456],
			"to": [9.57, -1.71375, 29.65456],
			"rotation": {"angle": -22.5, "axis": "y", "origin": [5.75, -5.03375, 26.33456]},
			"faces": {
				"north": {"uv": [0, 0, 16, 16], "tintindex": 0,"texture": "#2"},
				"east": {"uv": [0, 0, 16, 16], "tintindex": 0,"texture": "#2"},
				"south": {"uv": [0, 0, 16, 16], "tintindex": 0,"texture": "#2"},
				"west": {"uv": [0, 0, 16, 16], "tintindex": 0,"texture": "#2"},
				"up": {"uv": [0, 0, 16, 16], "tintindex": 0,"texture": "#2"},
				"down": {"uv": [0, 0, 16, 16], "tintindex": 0,"texture": "#2"}
			}
		},
		{
			"from": [6.93, -8.35375, 23.01456],
			"to": [14.57, -1.71375, 29.65456],
			"rotation": {"angle": 22.5, "axis": "y", "origin": [10.75, -5.03375, 26.33456]},
			"faces": {
				"north": {"uv": [0, 0, 16, 16], "tintindex": 0,"texture": "#2"},
				"east": {"uv": [0, 0, 16, 16], "tintindex": 0,"texture": "#2"},
				"south": {"uv": [0, 0, 16, 16], "tintindex": 0,"texture": "#2"},
				"west": {"uv": [0, 0, 16, 16], "tintindex": 0,"texture": "#2"},
				"up": {"uv": [0, 0, 16, 16], "tintindex": 0,"texture": "#2"},
				"down": {"uv": [0, 0, 16, 16], "tintindex": 0,"texture": "#2"}
			}
		},
		{
			"from": [-3.52, 0.84625, 9.41456],
			"to": [5.12, 9.48625, 18.05456],
			"rotation": {"angle": 0, "axis": "y", "origin": [-3.52, -2.39375, 7.61456]},
			"faces": {
				"north": {"uv": [0, 0, 16, 16], "tintindex": 0,"texture": "#2"},
				"east": {"uv": [0, 0, 16, 16], "tintindex": 0,"texture": "#2"},
				"south": {"uv": [0, 0, 16, 16], "tintindex": 0,"texture": "#2"},
				"west": {"uv": [0, 0, 16, 16], "tintindex": 0,"texture": "#2"},
				"up": {"uv": [0, 0, 16, 16], "tintindex": 0,"texture": "#2"},
				"down": {"uv": [0, 0, 16, 16], "tintindex": 0,"texture": "#2"}
			}
		},
		{
			"from": [10.88, 0.84625, 9.41456],
			"to": [19.52, 9.48625, 18.05456],
			"rotation": {"angle": 0, "axis": "y", "origin": [-3.52, -2.39375, 7.61456]},
			"faces": {
				"north": {"uv": [0, 0, 16, 16], "tintindex": 0,"texture": "#2"},
				"east": {"uv": [0, 0, 16, 16], "tintindex": 0,"texture": "#2"},
				"south": {"uv": [0, 0, 16, 16], "tintindex": 0,"texture": "#2"},
				"west": {"uv": [0, 0, 16, 16], "tintindex": 0,"texture": "#2"},
				"up": {"uv": [0, 0, 16, 16], "tintindex": 0,"texture": "#2"},
				"down": {"uv": [0, 0, 16, 16], "tintindex": 0,"texture": "#2"}
			}
		},
		{
			"from": [5.3, 4.53251, 20.91584],
			"to": [10.7, 9.93251, 26.31584],
			"rotation": {"angle": 0, "axis": "y", "origin": [-6.4, -4.46749, 11.91584]},
			"faces": {
				"north": {"uv": [0, 0, 16, 16], "tintindex": 0,"texture": "#2"},
				"east": {"uv": [0, 0, 16, 16], "tintindex": 0,"texture": "#2"},
				"south": {"uv": [0, 0, 16, 16], "tintindex": 0,"texture": "#2"},
				"west": {"uv": [0, 0, 16, 16], "tintindex": 0,"texture": "#2"},
				"up": {"uv": [0, 0, 16, 16], "tintindex": 0,"texture": "#2"},
				"down": {"uv": [0, 0, 16, 16], "tintindex": 0,"texture": "#2"}
			}
		},
		{
			"from": [6, 9, 11],
			"to": [10, 13, 13],
			"faces": {
				"north": {"uv": [0, 0, 4, 4], "tintindex": 0,"texture": "#0"},
				"east": {"uv": [0, 0, 2, 4], "tintindex": 0,"texture": "#0"},
				"south": {"uv": [0, 0, 4, 4], "tintindex": 0,"texture": "#0"},
				"west": {"uv": [0, 0, 2, 4], "tintindex": 0,"texture": "#0"},
				"up": {"uv": [0, 0, 4, 2], "tintindex": 0,"texture": "#0"},
				"down": {"uv": [0, 0, 4, 2], "tintindex": 0,"texture": "#0"}
			}
		},
		{
			"from": [6, 9, 15],
			"to": [10, 13, 17],
			"faces": {
				"north": {"uv": [0, 0, 4, 4], "tintindex": 0,"texture": "#0"},
				"east": {"uv": [0, 0, 2, 4], "tintindex": 0,"texture": "#0"},
				"south": {"uv": [0, 0, 4, 4], "tintindex": 0,"texture": "#0"},
				"west": {"uv": [0, 0, 2, 4], "tintindex": 0,"texture": "#0"},
				"up": {"uv": [0, 0, 4, 2], "tintindex": 0,"texture": "#0"},
				"down": {"uv": [0, 0, 4, 2], "tintindex": 0,"texture": "#0"}
			}
		},
		{
			"from": [6, 9, 19],
			"to": [10, 13, 21],
			"faces": {
				"north": {"uv": [0, 0, 4, 4], "tintindex": 0,"texture": "#0"},
				"east": {"uv": [0, 0, 2, 4], "tintindex": 0,"texture": "#0"},
				"south": {"uv": [0, 0, 4, 4], "tintindex": 0,"texture": "#0"},
				"west": {"uv": [0, 0, 2, 4], "tintindex": 0,"texture": "#0"},
				"up": {"uv": [0, 0, 4, 2], "tintindex": 0,"texture": "#0"},
				"down": {"uv": [0, 0, 4, 2], "tintindex": 0,"texture": "#0"}
			}
		},
		{
			"from": [6, 9, 23],
			"to": [10, 13, 25],
			"faces": {
				"north": {"uv": [0, 0, 4, 4], "tintindex": 0,"texture": "#0"},
				"east": {"uv": [0, 0, 2, 4], "tintindex": 0,"texture": "#0"},
				"south": {"uv": [0, 0, 4, 4], "tintindex": 0,"texture": "#0"},
				"west": {"uv": [0, 0, 2, 4], "tintindex": 0,"texture": "#0"},
				"up": {"uv": [0, 0, 4, 2], "tintindex": 0,"texture": "#0"},
				"down": {"uv": [0, 0, 4, 2], "tintindex": 0,"texture": "#0"}
			}
		},
		{
			"from": [6, 7, 23.5],
			"to": [10, 9, 27.5],
			"rotation": {"angle": -22.5, "axis": "x", "origin": [8, 11, 24]},
			"faces": {
				"north": {"uv": [0, 0, 4, 2], "rotation": 180, "tintindex": 0,"texture": "#0"},
				"east": {"uv": [0, 0, 2, 4], "rotation": 270, "tintindex": 0,"texture": "#0"},
				"south": {"uv": [0, 0, 4, 2], "tintindex": 0,"texture": "#0"},
				"west": {"uv": [0, 0, 2, 4], "rotation": 90, "tintindex": 0,"texture": "#0"},
				"up": {"uv": [0, 0, 4, 4], "rotation": 180, "tintindex": 0,"texture": "#0"},
				"down": {"uv": [0, 0, 4, 4], "tintindex": 0,"texture": "#0"}
			}
		},
		{
			"from": [6, 3, 23.5],
			"to": [10, 5, 27.5],
			"rotation": {"angle": -22.5, "axis": "x", "origin": [8, 11, 24]},
			"faces": {
				"north": {"uv": [0, 0, 4, 2], "rotation": 180, "tintindex": 0,"texture": "#0"},
				"east": {"uv": [0, 0, 2, 4], "rotation": 270, "tintindex": 0,"texture": "#0"},
				"south": {"uv": [0, 0, 4, 2], "tintindex": 0,"texture": "#0"},
				"west": {"uv": [0, 0, 2, 4], "rotation": 90, "tintindex": 0,"texture": "#0"},
				"up": {"uv": [0, 0, 4, 4], "rotation": 180, "tintindex": 0,"texture": "#0"},
				"down": {"uv": [0, 0, 4, 4], "tintindex": 0,"texture": "#0"}
			}
		},
		{
			"from": [6, -1, 23.5],
			"to": [10, 1, 27.5],
			"rotation": {"angle": -22.5, "axis": "x", "origin": [8, 11, 24]},
			"faces": {
				"north": {"uv": [0, 0, 4, 2], "rotation": 180, "tintindex": 0,"texture": "#0"},
				"east": {"uv": [0, 0, 2, 4], "rotation": 270, "tintindex": 0,"texture": "#0"},
				"south": {"uv": [0, 0, 4, 2], "tintindex": 0,"texture": "#0"},
				"west": {"uv": [0, 0, 2, 4], "rotation": 90, "tintindex": 0,"texture": "#0"},
				"up": {"uv": [0, 0, 4, 4], "rotation": 180, "tintindex": 0,"texture": "#0"},
				"down": {"uv": [0, 0, 4, 4], "tintindex": 0,"texture": "#0"}
			}
		}
	],
	"display": {
		"head": {
			"translation": [0, 0, -69],
			"scale": [4, 4, 4]
		}
	}
}