{
	"credit": "Made with Blockbench",
	"textures": {
		"0": "block/bone_block_side",
		"5": "block/black_concrete",
		"6": "block/nether_wart_block",
		"7": "block/netherrack",
		"8": "block/white_concrete",
		"9": "block/black_glazed_terracotta",
		"particle": "block/bone_block_side"
	},
	"elements": [
		{
			"from": [1.53973, -0.70554, 5.22168],
			"to": [3.38552, 1.14025, 14.45064],
			"rotation": {"angle": -22.5, "axis": "x", "origin": [8, 0.58323, 9.09082]},
			"faces": {
				"north": {"uv": [0, 0, 1, 1], "tintindex": 0,"texture": "#0"},
				"east": {"uv": [0, 0, 5, 1], "tintindex": 0,"texture": "#0"},
				"south": {"uv": [0, 0, 1, 1], "tintindex": 0,"texture": "#0"},
				"west": {"uv": [0, 0, 5, 1], "tintindex": 0,"texture": "#0"},
				"up": {"uv": [0, 0, 1, 5], "tintindex": 0,"texture": "#0"},
				"down": {"uv": [0, 0, 1, 5], "tintindex": 0,"texture": "#0"}
			}
		},
		{
			"from": [3.38552, -2.18217, -2.16148],
			"to": [5.23131, -0.33638, 7.06748],
			"rotation": {"angle": 0, "axis": "y", "origin": [-7.68923, -2.18217, 5.22168]},
			"faces": {
				"north": {"uv": [0, 0, 1, 1], "tintindex": 0,"texture": "#0"},
				"east": {"uv": [0, 0, 5, 1], "tintindex": 0,"texture": "#0"},
				"south": {"uv": [0, 0, 1, 1], "tintindex": 0,"texture": "#0"},
				"west": {"uv": [0, 0, 5, 1], "tintindex": 0,"texture": "#0"},
				"up": {"uv": [0, 0, 1, 5], "tintindex": 0,"texture": "#0"},
				"down": {"uv": [0, 0, 1, 5], "tintindex": 0,"texture": "#0"}
			}
		},
		{
			"from": [10.76869, -2.18217, -2.16148],
			"to": [12.61448, -0.33638, 7.06748],
			"rotation": {"angle": 0, "axis": "y", "origin": [-5.84344, -2.18217, 5.22168]},
			"faces": {
				"north": {"uv": [0, 0, 1, 1], "tintindex": 0,"texture": "#0"},
				"east": {"uv": [0, 0, 5, 1], "tintindex": 0,"texture": "#0"},
				"south": {"uv": [0, 0, 1, 1], "tintindex": 0,"texture": "#0"},
				"west": {"uv": [0, 0, 5, 1], "tintindex": 0,"texture": "#0"},
				"up": {"uv": [0, 0, 1, 5], "tintindex": 0,"texture": "#0"},
				"down": {"uv": [0, 0, 1, 5], "tintindex": 0,"texture": "#0"}
			}
		},
		{
			"from": [12.61448, -0.70554, 5.22168],
			"to": [14.46027, 1.14025, 14.45064],
			"rotation": {"angle": -22.5, "axis": "x", "origin": [8, 0.58323, 9.09082]},
			"faces": {
				"north": {"uv": [0, 0, 1, 1], "tintindex": 0,"texture": "#0"},
				"east": {"uv": [0, 0, 5, 1], "tintindex": 0,"texture": "#0"},
				"south": {"uv": [0, 0, 1, 1], "tintindex": 0,"texture": "#0"},
				"west": {"uv": [0, 0, 5, 1], "tintindex": 0,"texture": "#0"},
				"up": {"uv": [0, 0, 1, 5], "tintindex": 0,"texture": "#0"},
				"down": {"uv": [0, 0, 1, 5], "tintindex": 0,"texture": "#0"}
			}
		},
		{
			"from": [5.23131, -2.18217, -4.00728],
			"to": [10.76869, -0.33638, -0.31569],
			"rotation": {"angle": 0, "axis": "y", "origin": [-6.76634, -2.18217, 5.22168]},
			"faces": {
				"north": {"uv": [0, 0, 3, 1], "tintindex": 0,"texture": "#0"},
				"east": {"uv": [0, 0, 2, 1], "tintindex": 0,"texture": "#0"},
				"south": {"uv": [0, 0, 3, 1], "tintindex": 0,"texture": "#0"},
				"west": {"uv": [0, 0, 2, 1], "tintindex": 0,"texture": "#0"},
				"up": {"uv": [0, 0, 3, 2], "tintindex": 0,"texture": "#0"},
				"down": {"uv": [0, 0, 3, 2], "tintindex": 0,"texture": "#0"}
			}
		},
		{
			"from": [3.84697, -1.72073, -0.31569],
			"to": [4.76986, 0.12507, 1.5301],
			"rotation": {"angle": 45, "axis": "x", "origin": [3.84697, 0.12507, 0.6072]},
			"faces": {
				"north": {"uv": [0, 0, 0.5, 1], "tintindex": 0,"texture": "#0"},
				"east": {"uv": [0, 0, 1, 1], "tintindex": 0,"texture": "#0"},
				"south": {"uv": [0, 0, 0.5, 1], "tintindex": 0,"texture": "#0"},
				"west": {"uv": [0, 0, 1, 1], "tintindex": 0,"texture": "#0"},
				"up": {"uv": [0, 0, 0.5, 1], "tintindex": 0,"texture": "#0"},
				"down": {"uv": [0, 0, 0.5, 1], "tintindex": 0,"texture": "#0"}
			}
		},
		{
			"from": [7.23544, -1.7999, -3.08438],
			"to": [9.08124, 0.0459, -2.16148],
			"rotation": {"angle": 45, "axis": "z", "origin": [8.15834, 0.96879, -3.54583]},
			"faces": {
				"north": {"uv": [0, 0, 1, 1], "tintindex": 0,"texture": "#0"},
				"east": {"uv": [0, 0, 0.5, 1], "tintindex": 0,"texture": "#0"},
				"south": {"uv": [0, 0, 1, 1], "tintindex": 0,"texture": "#0"},
				"west": {"uv": [0, 0, 0.5, 1], "tintindex": 0,"texture": "#0"},
				"up": {"uv": [0, 0, 0.5, 1], "rotation": 270, "tintindex": 0,"texture": "#0"},
				"down": {"uv": [0, 0, 0.5, 1], "rotation": 90, "tintindex": 0,"texture": "#0"}
			}
		},
		{
			"from": [5.47843, -0.93298, -3.08438],
			"to": [7.32422, 0.91281, -2.16148],
			"rotation": {"angle": 45, "axis": "z", "origin": [6.86277, -0.01009, -3.54583]},
			"faces": {
				"north": {"uv": [0, 0, 1, 1], "tintindex": 0,"texture": "#0"},
				"east": {"uv": [0, 0, 0.5, 1], "tintindex": 0,"texture": "#0"},
				"south": {"uv": [0, 0, 1, 1], "tintindex": 0,"texture": "#0"},
				"west": {"uv": [0, 0, 0.5, 1], "tintindex": 0,"texture": "#0"},
				"up": {"uv": [0, 0, 0.5, 1], "rotation": 270, "tintindex": 0,"texture": "#0"},
				"down": {"uv": [0, 0, 0.5, 1], "rotation": 90, "tintindex": 0,"texture": "#0"}
			}
		},
		{
			"from": [3.84697, 0.12507, 1.5301],
			"to": [4.76986, 1.97086, 3.37589],
			"rotation": {"angle": 45, "axis": "x", "origin": [3.84697, 0.12507, 0.6072]},
			"faces": {
				"north": {"uv": [0, 0, 0.5, 1], "tintindex": 0,"texture": "#0"},
				"east": {"uv": [0, 0, 1, 1], "tintindex": 0,"texture": "#0"},
				"south": {"uv": [0, 0, 0.5, 1], "tintindex": 0,"texture": "#0"},
				"west": {"uv": [0, 0, 1, 1], "tintindex": 0,"texture": "#0"},
				"up": {"uv": [0, 0, 0.5, 1], "tintindex": 0,"texture": "#0"},
				"down": {"uv": [0, 0, 0.5, 1], "tintindex": 0,"texture": "#0"}
			}
		},
		{
			"from": [3.84697, 1.97086, 3.37589],
			"to": [4.76986, 3.81665, 5.22168],
			"rotation": {"angle": 45, "axis": "x", "origin": [3.84697, 0.12507, 0.6072]},
			"faces": {
				"north": {"uv": [0, 0, 0.5, 1], "tintindex": 0,"texture": "#0"},
				"east": {"uv": [0, 0, 1, 1], "tintindex": 0,"texture": "#0"},
				"south": {"uv": [0, 0, 0.5, 1], "tintindex": 0,"texture": "#0"},
				"west": {"uv": [0, 0, 1, 1], "tintindex": 0,"texture": "#0"},
				"up": {"uv": [0, 0, 0.5, 1], "tintindex": 0,"texture": "#0"},
				"down": {"uv": [0, 0, 0.5, 1], "tintindex": 0,"texture": "#0"}
			}
		},
		{
			"from": [7.53855, 7.50823, -5.85307],
			"to": [8.46145, 9.35403, -4.00728],
			"rotation": {"angle": 45, "axis": "x", "origin": [3.84697, -1.72073, -4.93017]},
			"faces": {
				"north": {"uv": [0, 0, 0.5, 1], "tintindex": 0,"texture": "#0"},
				"east": {"uv": [0, 0, 1, 1], "tintindex": 0,"texture": "#0"},
				"south": {"uv": [0, 0, 0.5, 1], "tintindex": 0,"texture": "#0"},
				"west": {"uv": [0, 0, 1, 1], "tintindex": 0,"texture": "#0"},
				"up": {"uv": [0, 0, 0.5, 1], "tintindex": 0,"texture": "#0"},
				"down": {"uv": [0, 0, 0.5, 1], "tintindex": 0,"texture": "#0"}
			}
		},
		{
			"from": [9.38434, 8.43113, -4.93017],
			"to": [10.30724, 10.27692, -3.08438],
			"rotation": {"angle": 45, "axis": "x", "origin": [3.84697, -1.72073, -4.93017]},
			"faces": {
				"north": {"uv": [0, 0, 0.5, 1], "tintindex": 0,"texture": "#0"},
				"east": {"uv": [0, 0, 1, 1], "tintindex": 0,"texture": "#0"},
				"south": {"uv": [0, 0, 0.5, 1], "tintindex": 0,"texture": "#0"},
				"west": {"uv": [0, 0, 1, 1], "tintindex": 0,"texture": "#0"},
				"up": {"uv": [0, 0, 0.5, 1], "tintindex": 0,"texture": "#0"},
				"down": {"uv": [0, 0, 0.5, 1], "tintindex": 0,"texture": "#0"}
			}
		},
		{
			"from": [5.69276, 8.43113, -4.93017],
			"to": [6.61566, 10.27692, -3.08438],
			"rotation": {"angle": 45, "axis": "x", "origin": [3.84697, -1.72073, -4.93017]},
			"faces": {
				"north": {"uv": [0, 0, 0.5, 1], "tintindex": 0,"texture": "#0"},
				"east": {"uv": [0, 0, 1, 1], "tintindex": 0,"texture": "#0"},
				"south": {"uv": [0, 0, 0.5, 1], "tintindex": 0,"texture": "#0"},
				"west": {"uv": [0, 0, 1, 1], "tintindex": 0,"texture": "#0"},
				"up": {"uv": [0, 0, 0.5, 1], "tintindex": 0,"texture": "#0"},
				"down": {"uv": [0, 0, 0.5, 1], "tintindex": 0,"texture": "#0"}
			}
		},
		{
			"from": [11.23014, 1.97086, 3.37589],
			"to": [12.15303, 3.81665, 5.22168],
			"rotation": {"angle": 45, "axis": "x", "origin": [5.69276, 0.12507, 0.6072]},
			"faces": {
				"north": {"uv": [0, 0, 0.5, 1], "tintindex": 0,"texture": "#0"},
				"east": {"uv": [0, 0, 1, 1], "tintindex": 0,"texture": "#0"},
				"south": {"uv": [0, 0, 0.5, 1], "tintindex": 0,"texture": "#0"},
				"west": {"uv": [0, 0, 1, 1], "tintindex": 0,"texture": "#0"},
				"up": {"uv": [0, 0, 0.5, 1], "tintindex": 0,"texture": "#0"},
				"down": {"uv": [0, 0, 0.5, 1], "tintindex": 0,"texture": "#0"}
			}
		},
		{
			"from": [11.23014, 0.12507, 1.5301],
			"to": [12.15303, 1.97086, 3.37589],
			"rotation": {"angle": 45, "axis": "x", "origin": [5.69276, 0.12507, 0.6072]},
			"faces": {
				"north": {"uv": [0, 0, 0.5, 1], "tintindex": 0,"texture": "#0"},
				"east": {"uv": [0, 0, 1, 1], "tintindex": 0,"texture": "#0"},
				"south": {"uv": [0, 0, 0.5, 1], "tintindex": 0,"texture": "#0"},
				"west": {"uv": [0, 0, 1, 1], "tintindex": 0,"texture": "#0"},
				"up": {"uv": [0, 0, 0.5, 1], "tintindex": 0,"texture": "#0"},
				"down": {"uv": [0, 0, 0.5, 1], "tintindex": 0,"texture": "#0"}
			}
		},
		{
			"from": [11.23014, -1.72073, -0.31569],
			"to": [12.15303, 0.12507, 1.5301],
			"rotation": {"angle": 45, "axis": "x", "origin": [5.69276, 0.12507, 0.6072]},
			"faces": {
				"north": {"uv": [0, 0, 0.5, 1], "tintindex": 0,"texture": "#0"},
				"east": {"uv": [0, 0, 1, 1], "tintindex": 0,"texture": "#0"},
				"south": {"uv": [0, 0, 0.5, 1], "tintindex": 0,"texture": "#0"},
				"west": {"uv": [0, 0, 1, 1], "tintindex": 0,"texture": "#0"},
				"up": {"uv": [0, 0, 0.5, 1], "tintindex": 0,"texture": "#0"},
				"down": {"uv": [0, 0, 0.5, 1], "tintindex": 0,"texture": "#0"}
			}
		},
		{
			"from": [2.00118, -1.00385, 6.98632],
			"to": [2.92407, 0.84195, 8.83211],
			"rotation": {"angle": 22.5, "axis": "x", "origin": [8, 0.58323, 9.09082]},
			"faces": {
				"north": {"uv": [0, 0, 0.5, 1], "tintindex": 0,"texture": "#0"},
				"east": {"uv": [0, 0, 1, 1], "tintindex": 0,"texture": "#0"},
				"south": {"uv": [0, 0, 0.5, 1], "tintindex": 0,"texture": "#0"},
				"west": {"uv": [0, 0, 1, 1], "tintindex": 0,"texture": "#0"},
				"up": {"uv": [0, 0, 0.5, 1], "tintindex": 0,"texture": "#0"},
				"down": {"uv": [0, 0, 0.5, 1], "tintindex": 0,"texture": "#0"}
			}
		},
		{
			"from": [2.00118, 0.84195, 8.83211],
			"to": [2.92407, 2.68774, 10.67791],
			"rotation": {"angle": 22.5, "axis": "x", "origin": [8, 0.58323, 9.09082]},
			"faces": {
				"north": {"uv": [0, 0, 0.5, 1], "tintindex": 0,"texture": "#0"},
				"east": {"uv": [0, 0, 1, 1], "tintindex": 0,"texture": "#0"},
				"south": {"uv": [0, 0, 0.5, 1], "tintindex": 0,"texture": "#0"},
				"west": {"uv": [0, 0, 1, 1], "tintindex": 0,"texture": "#0"},
				"up": {"uv": [0, 0, 0.5, 1], "tintindex": 0,"texture": "#0"},
				"down": {"uv": [0, 0, 0.5, 1], "tintindex": 0,"texture": "#0"}
			}
		},
		{
			"from": [13.07593, 0.84195, 8.83211],
			"to": [13.99882, 2.68774, 10.67791],
			"rotation": {"angle": 22.5, "axis": "x", "origin": [8, 0.58323, 9.09082]},
			"faces": {
				"north": {"uv": [0, 0, 0.5, 1], "tintindex": 0,"texture": "#0"},
				"east": {"uv": [0, 0, 1, 1], "tintindex": 0,"texture": "#0"},
				"south": {"uv": [0, 0, 0.5, 1], "tintindex": 0,"texture": "#0"},
				"west": {"uv": [0, 0, 1, 1], "tintindex": 0,"texture": "#0"},
				"up": {"uv": [0, 0, 0.5, 1], "tintindex": 0,"texture": "#0"},
				"down": {"uv": [0, 0, 0.5, 1], "tintindex": 0,"texture": "#0"}
			}
		},
		{
			"from": [13.07593, -1.00385, 6.98632],
			"to": [13.99882, 0.84195, 8.83211],
			"rotation": {"angle": 22.5, "axis": "x", "origin": [8, 0.58323, 9.09082]},
			"faces": {
				"north": {"uv": [0, 0, 0.5, 1], "tintindex": 0,"texture": "#0"},
				"east": {"uv": [0, 0, 1, 1], "tintindex": 0,"texture": "#0"},
				"south": {"uv": [0, 0, 0.5, 1], "tintindex": 0,"texture": "#0"},
				"west": {"uv": [0, 0, 1, 1], "tintindex": 0,"texture": "#0"},
				"up": {"uv": [0, 0, 0.5, 1], "tintindex": 0,"texture": "#0"},
				"down": {"uv": [0, 0, 0.5, 1], "tintindex": 0,"texture": "#0"}
			}
		},
		{
			"from": [4.30842, 3.3552, -0.31569],
			"to": [6.15421, 5.20099, 7.06748],
			"rotation": {"angle": -22.5, "axis": "x", "origin": [5.23131, 4.2781, 3.37589]},
			"faces": {
				"north": {"uv": [0, 0, 1, 1], "tintindex": 0,"texture": "#0"},
				"east": {"uv": [0, 0, 4, 1], "tintindex": 0,"texture": "#0"},
				"south": {"uv": [0, 0, 1, 1], "tintindex": 0,"texture": "#0"},
				"west": {"uv": [0, 0, 4, 1], "tintindex": 0,"texture": "#0"},
				"up": {"uv": [0, 0, 1, 4], "tintindex": 0,"texture": "#0"},
				"down": {"uv": [0, 0, 1, 4], "tintindex": 0,"texture": "#0"}
			}
		},
		{
			"from": [9.84579, 3.3552, -0.31569],
			"to": [11.69158, 5.20099, 7.06748],
			"rotation": {"angle": -22.5, "axis": "x", "origin": [5.23131, 4.2781, 3.37589]},
			"faces": {
				"north": {"uv": [0, 0, 1, 1], "tintindex": 0,"texture": "#0"},
				"east": {"uv": [0, 0, 4, 1], "tintindex": 0,"texture": "#0"},
				"south": {"uv": [0, 0, 1, 1], "tintindex": 0,"texture": "#0"},
				"west": {"uv": [0, 0, 4, 1], "tintindex": 0,"texture": "#0"},
				"up": {"uv": [0, 0, 1, 4], "tintindex": 0,"texture": "#0"},
				"down": {"uv": [0, 0, 1, 4], "tintindex": 0,"texture": "#0"}
			}
		},
		{
			"from": [1.07828, 2.89375, 3.37589],
			"to": [4.76986, 4.73955, 5.22168],
			"rotation": {"angle": 22.5, "axis": "y", "origin": [2.46262, 4.2781, 4.29879]},
			"faces": {
				"north": {"uv": [0, 0, 2, 1], "tintindex": 0,"texture": "#0"},
				"east": {"uv": [0, 0, 1, 1], "tintindex": 0,"texture": "#0"},
				"south": {"uv": [0, 0, 2, 1], "tintindex": 0,"texture": "#0"},
				"west": {"uv": [0, 0, 1, 1], "tintindex": 0,"texture": "#0"},
				"up": {"uv": [0, 0, 2, 1], "tintindex": 0,"texture": "#0"},
				"down": {"uv": [0, 0, 2, 1], "tintindex": 0,"texture": "#0"}
			}
		},
		{
			"from": [11.23014, 2.89375, 3.37589],
			"to": [14.92172, 4.73955, 5.22168],
			"rotation": {"angle": -22.5, "axis": "y", "origin": [13.53738, 4.2781, 4.29879]},
			"faces": {
				"north": {"uv": [0, 0, 2, 1], "tintindex": 0,"texture": "#0"},
				"east": {"uv": [0, 0, 1, 1], "tintindex": 0,"texture": "#0"},
				"south": {"uv": [0, 0, 2, 1], "tintindex": 0,"texture": "#0"},
				"west": {"uv": [0, 0, 1, 1], "tintindex": 0,"texture": "#0"},
				"up": {"uv": [0, 0, 2, 1], "tintindex": 0,"texture": "#0"},
				"down": {"uv": [0, 0, 2, 1], "tintindex": 0,"texture": "#0"}
			}
		},
		{
			"from": [6.61566, 4.9171, 2.07681],
			"to": [8.46145, 6.76289, 11.30577],
			"rotation": {"angle": -45, "axis": "y", "origin": [7.53855, 5.83999, 3.55344]},
			"faces": {
				"north": {"uv": [0, 0, 1, 1], "tintindex": 0,"texture": "#0"},
				"east": {"uv": [0, 0, 5, 1], "tintindex": 0,"texture": "#0"},
				"south": {"uv": [0, 0, 1, 1], "tintindex": 0,"texture": "#0"},
				"west": {"uv": [0, 0, 5, 1], "tintindex": 0,"texture": "#0"},
				"up": {"uv": [0, 0, 1, 5], "tintindex": 0,"texture": "#0"},
				"down": {"uv": [0, 0, 1, 5], "tintindex": 0,"texture": "#0"}
			}
		},
		{
			"from": [1.40424, 5.90638, 7.81866],
			"to": [3.25003, 7.75217, 13.35604],
			"rotation": {"angle": -22.5, "axis": "x", "origin": [2.32714, 6.82927, 10.58735]},
			"faces": {
				"north": {"uv": [0, 0, 1, 1], "tintindex": 0,"texture": "#0"},
				"east": {"uv": [0, 0, 3, 1], "tintindex": 0,"texture": "#0"},
				"south": {"uv": [0, 0, 1, 1], "tintindex": 0,"texture": "#0"},
				"west": {"uv": [0, 0, 3, 1], "tintindex": 0,"texture": "#0"},
				"up": {"uv": [0, 0, 1, 3], "rotation": 180, "tintindex": 0,"texture": "#0"},
				"down": {"uv": [0, 0, 1, 3], "rotation": 180, "tintindex": 0,"texture": "#0"}
			}
		},
		{
			"from": [12.74997, 5.90638, 7.81866],
			"to": [14.59576, 7.75217, 13.35604],
			"rotation": {"angle": -22.5, "axis": "x", "origin": [2.59811, 6.82927, 10.58735]},
			"faces": {
				"north": {"uv": [0, 0, 1, 1], "tintindex": 0,"texture": "#0"},
				"east": {"uv": [0, 0, 3, 1], "tintindex": 0,"texture": "#0"},
				"south": {"uv": [0, 0, 1, 1], "tintindex": 0,"texture": "#0"},
				"west": {"uv": [0, 0, 3, 1], "tintindex": 0,"texture": "#0"},
				"up": {"uv": [0, 0, 1, 3], "rotation": 180, "tintindex": 0,"texture": "#0"},
				"down": {"uv": [0, 0, 1, 3], "rotation": 180, "tintindex": 0,"texture": "#0"}
			}
		},
		{
			"from": [10.1489, 4.9171, 0.99557],
			"to": [11.99469, 6.76289, 10.22453],
			"rotation": {"angle": 45, "axis": "y", "origin": [11.0718, 5.83999, 6.16379]},
			"faces": {
				"north": {"uv": [0, 0, 1, 1], "tintindex": 0,"texture": "#0"},
				"east": {"uv": [0, 0, 5, 1], "tintindex": 0,"texture": "#0"},
				"south": {"uv": [0, 0, 1, 1], "tintindex": 0,"texture": "#0"},
				"west": {"uv": [0, 0, 5, 1], "tintindex": 0,"texture": "#0"},
				"up": {"uv": [0, 0, 1, 5], "tintindex": 0,"texture": "#0"},
				"down": {"uv": [0, 0, 1, 5], "tintindex": 0,"texture": "#0"}
			}
		},
		{
			"from": [6.61566, 8.60868, 3.9226],
			"to": [8.46145, 10.45447, 13.15156],
			"rotation": {"angle": -45, "axis": "y", "origin": [7.53855, 9.53158, 5.39924]},
			"faces": {
				"north": {"uv": [0, 0, 1, 1], "tintindex": 0,"texture": "#0"},
				"east": {"uv": [0, 0, 5, 1], "tintindex": 0,"texture": "#0"},
				"south": {"uv": [0, 0, 1, 1], "tintindex": 0,"texture": "#0"},
				"west": {"uv": [0, 0, 5, 1], "tintindex": 0,"texture": "#0"},
				"up": {"uv": [0, 0, 1, 5], "tintindex": 0,"texture": "#0"},
				"down": {"uv": [0, 0, 1, 5], "tintindex": 0,"texture": "#0"}
			}
		},
		{
			"from": [10.1489, 8.60868, 2.84137],
			"to": [11.99469, 10.45447, 12.07033],
			"rotation": {"angle": 45, "axis": "y", "origin": [11.0718, 9.53158, 8.00958]},
			"faces": {
				"north": {"uv": [0, 0, 1, 1], "tintindex": 0,"texture": "#0"},
				"east": {"uv": [0, 0, 5, 1], "tintindex": 0,"texture": "#0"},
				"south": {"uv": [0, 0, 1, 1], "tintindex": 0,"texture": "#0"},
				"west": {"uv": [0, 0, 5, 1], "tintindex": 0,"texture": "#0"},
				"up": {"uv": [0, 0, 1, 5], "tintindex": 0,"texture": "#0"},
				"down": {"uv": [0, 0, 1, 5], "tintindex": 0,"texture": "#0"}
			}
		},
		{
			"from": [12.74997, 9.59796, 9.66446],
			"to": [14.59576, 11.44375, 15.20183],
			"rotation": {"angle": -22.5, "axis": "x", "origin": [2.59811, 10.52086, 12.43314]},
			"faces": {
				"north": {"uv": [0, 0, 1, 1], "tintindex": 0,"texture": "#0"},
				"east": {"uv": [0, 0, 3, 1], "tintindex": 0,"texture": "#0"},
				"south": {"uv": [0, 0, 1, 1], "tintindex": 0,"texture": "#0"},
				"west": {"uv": [0, 0, 3, 1], "tintindex": 0,"texture": "#0"},
				"up": {"uv": [0, 0, 1, 3], "rotation": 180, "tintindex": 0,"texture": "#0"},
				"down": {"uv": [0, 0, 1, 3], "rotation": 180, "tintindex": 0,"texture": "#0"}
			}
		},
		{
			"from": [1.40424, 9.59796, 9.66446],
			"to": [3.25003, 11.44375, 15.20183],
			"rotation": {"angle": -22.5, "axis": "x", "origin": [2.32714, 10.52086, 12.43314]},
			"faces": {
				"north": {"uv": [0, 0, 1, 1], "tintindex": 0,"texture": "#0"},
				"east": {"uv": [0, 0, 3, 1], "tintindex": 0,"texture": "#0"},
				"south": {"uv": [0, 0, 1, 1], "tintindex": 0,"texture": "#0"},
				"west": {"uv": [0, 0, 3, 1], "tintindex": 0,"texture": "#0"},
				"up": {"uv": [0, 0, 1, 3], "rotation": 180, "tintindex": 0,"texture": "#0"},
				"down": {"uv": [0, 0, 1, 3], "rotation": 180, "tintindex": 0,"texture": "#0"}
			}
		},
		{
			"from": [5.23131, -2.18217, -0.31569],
			"to": [10.76869, -0.33638, 7.06748],
			"rotation": {"angle": 0, "axis": "y", "origin": [-6.76634, -2.18217, 5.22168]},
			"faces": {
				"north": {"uv": [0, 0, 3, 1], "tintindex": 0,"texture": "#7"},
				"east": {"uv": [0, 0, 4, 1], "tintindex": 0,"texture": "#7"},
				"south": {"uv": [0, 0, 3, 1], "tintindex": 0,"texture": "#7"},
				"west": {"uv": [0, 0, 4, 1], "tintindex": 0,"texture": "#7"},
				"up": {"uv": [0, 0, 3, 4], "tintindex": 0,"texture": "#7"},
				"down": {"uv": [0, 0, 3, 4], "tintindex": 0,"texture": "#7"}
			}
		},
		{
			"from": [3.38552, -0.39246, 5.30498],
			"to": [12.61448, 1.45333, 14.53394],
			"rotation": {"angle": -22.5, "axis": "x", "origin": [8, 0.53043, 9.91946]},
			"faces": {
				"north": {"uv": [0, 0, 5, 1], "tintindex": 0,"texture": "#7"},
				"east": {"uv": [0, 0, 5, 1], "tintindex": 0,"texture": "#7"},
				"south": {"uv": [0, 0, 5, 1], "tintindex": 0,"texture": "#7"},
				"west": {"uv": [0, 0, 5, 1], "tintindex": 0,"texture": "#7"},
				"up": {"uv": [0, 0, 5, 5], "tintindex": 0,"texture": "#7"},
				"down": {"uv": [0, 0, 5, 5], "tintindex": 0,"texture": "#7"}
			}
		},
		{
			"from": [6.15421, -0.33638, 1.99155],
			"to": [9.84579, 1.50941, 14.91209],
			"rotation": {"angle": -22.5, "axis": "x", "origin": [7.53855, 0.58651, 6.60603]},
			"faces": {
				"north": {"uv": [0, 0, 2, 1], "tintindex": 0,"texture": "#6"},
				"east": {"uv": [0, 0, 7, 1], "tintindex": 0,"texture": "#6"},
				"south": {"uv": [0, 0, 2, 1], "tintindex": 0,"texture": "#6"},
				"west": {"uv": [0, 0, 7, 1], "tintindex": 0,"texture": "#6"},
				"up": {"uv": [0, 0, 2, 7], "tintindex": 0,"texture": "#6"},
				"down": {"uv": [0, 0, 2, 7], "tintindex": 0,"texture": "#6"}
			}
		},
		{
			"from": [6.15421, 5.66244, 7.06748],
			"to": [9.84579, 9.35403, 10.75906],
			"rotation": {"angle": 0, "axis": "y", "origin": [-6.76634, -5.87376, -0.31569]},
			"faces": {
				"north": {"uv": [0, 0, 2, 2], "tintindex": 0,"texture": "#8"},
				"east": {"uv": [0, 0, 2, 2], "tintindex": 0,"texture": "#8"},
				"south": {"uv": [0, 0, 2, 2], "tintindex": 0,"texture": "#8"},
				"west": {"uv": [0, 0, 2, 2], "tintindex": 0,"texture": "#8"},
				"up": {"uv": [0, 0, 2, 2], "tintindex": 0,"texture": "#8"},
				"down": {"uv": [0, 0, 2, 2], "tintindex": 0,"texture": "#8"}
			}
		},
		{
			"from": [6.61566, 6.12389, 6.8829],
			"to": [9.38434, 8.89258, 9.65158],
			"rotation": {"angle": 0, "axis": "z", "origin": [8, 7.50823, 8.26724]},
			"faces": {
				"north": {"uv": [8, 8, 9.5, 9.5], "rotation": 270, "tintindex": 0,"texture": "#9"},
				"east": {"uv": [8, 8, 9.5, 9.5], "rotation": 90, "tintindex": 0,"texture": "#9"},
				"south": {"uv": [8, 8, 9.5, 9.5], "rotation": 90, "tintindex": 0,"texture": "#9"},
				"west": {"uv": [8, 8, 9.5, 9.5], "rotation": 90, "tintindex": 0,"texture": "#9"},
				"up": {"uv": [8, 8, 9.5, 9.5], "rotation": 90, "tintindex": 0,"texture": "#9"},
				"down": {"uv": [8, 8, 9.5, 9.5], "rotation": 90, "tintindex": 0,"texture": "#9"}
			}
		},
		{
			"from": [4.30842, -4.02797, -1.23859],
			"to": [11.69158, -2.18217, 6.14458],
			"rotation": {"angle": 0, "axis": "y", "origin": [-6.76634, -2.18217, 25.5254]},
			"faces": {
				"north": {"uv": [0, 0, 4, 1], "tintindex": 0,"texture": "#0"},
				"east": {"uv": [0, 0, 4, 1], "tintindex": 0,"texture": "#0"},
				"south": {"uv": [0, 0, 4, 1], "tintindex": 0,"texture": "#0"},
				"west": {"uv": [0, 0, 4, 1], "tintindex": 0,"texture": "#0"},
				"up": {"uv": [0, 0, 4, 4], "tintindex": 0,"texture": "#0"},
				"down": {"uv": [0, 0, 4, 4], "tintindex": 0,"texture": "#0"}
			}
		},
		{
			"from": [3.38552, -2.68551, 5.51041],
			"to": [12.61448, -0.83972, 15.66227],
			"rotation": {"angle": -22.5, "axis": "x", "origin": [8, -1.76262, 9.202]},
			"faces": {
				"north": {"uv": [0, 0, 5, 1], "rotation": 180, "tintindex": 0,"texture": "#0"},
				"east": {"uv": [0, 0, 5.5, 1], "rotation": 180, "tintindex": 0,"texture": "#0"},
				"south": {"uv": [0, 0, 5, 1], "rotation": 180, "tintindex": 0,"texture": "#0"},
				"west": {"uv": [0, 0, 5.5, 1], "rotation": 180, "tintindex": 0,"texture": "#0"},
				"up": {"uv": [0, 0, 5, 5.5], "tintindex": 0,"texture": "#0"},
				"down": {"uv": [0, 0, 5, 5.5], "tintindex": 0,"texture": "#0"}
			}
		},
		{
			"from": [-2.01714, 3.67542, 10.85182],
			"to": [7.21182, 7.367, 14.54341],
			"rotation": {"angle": -22.5, "axis": "z", "origin": [2.59734, 5.52121, 12.69762]},
			"faces": {
				"north": {"uv": [0, 0, 2, 5], "rotation": 90, "tintindex": 0,"texture": "#0"},
				"east": {"uv": [0, 0, 2, 2], "rotation": 270, "tintindex": 0,"texture": "#0"},
				"south": {"uv": [0, 0, 2, 5], "rotation": 270, "tintindex": 0,"texture": "#0"},
				"west": {"uv": [0, 0, 2, 2], "rotation": 270, "tintindex": 0,"texture": "#0"},
				"up": {"uv": [0, 0, 2, 5], "rotation": 270, "tintindex": 0,"texture": "#0"},
				"down": {"uv": [0, 0, 2, 5], "rotation": 270, "tintindex": 0,"texture": "#0"}
			}
		},
		{
			"from": [8.78818, 3.67542, 10.85182],
			"to": [18.01714, 7.367, 14.54341],
			"rotation": {"angle": 22.5, "axis": "z", "origin": [13.40266, 5.52121, 12.69762]},
			"faces": {
				"north": {"uv": [0, 0, 2, 5], "rotation": 90, "tintindex": 0,"texture": "#0"},
				"east": {"uv": [0, 0, 2, 2], "rotation": 270, "tintindex": 0,"texture": "#0"},
				"south": {"uv": [0, 0, 2, 5], "rotation": 270, "tintindex": 0,"texture": "#0"},
				"west": {"uv": [0, 0, 2, 2], "rotation": 270, "tintindex": 0,"texture": "#0"},
				"up": {"uv": [0, 0, 2, 5], "rotation": 270, "tintindex": 0,"texture": "#0"},
				"down": {"uv": [0, 0, 2, 5], "rotation": 270, "tintindex": 0,"texture": "#0"}
			}
		},
		{
			"from": [2.46262, 0.58651, 8.91327],
			"to": [13.53738, 4.2781, 14.45064],
			"rotation": {"angle": -22.5, "axis": "x", "origin": [8, 2.43231, 11.68196]},
			"faces": {
				"north": {"uv": [0, 0, 6, 2], "tintindex": 0,"texture": "#5"},
				"east": {"uv": [0, 0, 3, 2], "tintindex": 0,"texture": "#5"},
				"south": {"uv": [0, 0, 6, 2], "tintindex": 0,"texture": "#5"},
				"west": {"uv": [0, 0, 3, 2], "tintindex": 0,"texture": "#5"},
				"up": {"uv": [0, 0, 6, 3], "tintindex": 0,"texture": "#5"},
				"down": {"uv": [0, 0, 6, 3], "tintindex": 0,"texture": "#5"}
			}
		},
		{
			"from": [4.30842, 4.2781, 8.91327],
			"to": [11.69158, 9.81547, 14.45064],
			"rotation": {"angle": 0, "axis": "y", "origin": [-6.76634, -5.87376, 19.98802]},
			"faces": {
				"north": {"uv": [0, 0, 4, 3], "tintindex": 0,"texture": "#5"},
				"east": {"uv": [0, 0, 3, 3], "tintindex": 0,"texture": "#5"},
				"south": {"uv": [0, 0, 4, 3], "tintindex": 0,"texture": "#5"},
				"west": {"uv": [0, 0, 3, 3], "tintindex": 0,"texture": "#5"},
				"up": {"uv": [0, 0, 4, 3], "tintindex": 0,"texture": "#5"},
				"down": {"uv": [0, 0, 4, 3], "tintindex": 0,"texture": "#5"}
			}
		},
		{
			"from": [7.0771, 10.19775, 6.079],
			"to": [8.9229, 12.04354, 17.15376],
			"rotation": {"angle": 0, "axis": "x", "origin": [8, 12.04354, 7.9248]},
			"faces": {
				"north": {"uv": [0, 0, 1, 1], "rotation": 180, "tintindex": 0,"texture": "#0"},
				"east": {"uv": [0, 0, 6, 1], "rotation": 180, "tintindex": 0,"texture": "#0"},
				"south": {"uv": [0, 0, 1, 1], "rotation": 180, "tintindex": 0,"texture": "#0"},
				"west": {"uv": [0, 0, 6, 1], "rotation": 180, "tintindex": 0,"texture": "#0"},
				"up": {"uv": [0, 0, 1, 6], "tintindex": 0,"texture": "#0"},
				"down": {"uv": [0, 0, 1, 6], "tintindex": 0,"texture": "#0"}
			}
		}
	],
	"display": {
		"head": {
			"translation": [0, 0, -24.5],
			"scale": [4, 4, 4]
		}
	}
}