{
	"credit": "Made with Blockbench",
	"textures": {
		"0": "block/bone_block_side",
		"2": "block/soul_sand",
		"5": "block/black_concrete",
		"6": "block/nether_wart_block",
		"7": "block/netherrack",
		"8": "block/white_concrete",
		"9": "block/black_glazed_terracotta",
		"10": "block/quartz_block_top",
		"particle": "block/bone_block_side"
	},
	"elements": [
		{
			"from": [2.96, 1.63825, -6.78544],
			"to": [4.4, 3.07825, 0.41456],
			"rotation": {"angle": -22.5, "axis": "x", "origin": [8, 2.64369, -3.76692]},
			"faces": {
				"north": {"uv": [0, 0, 1, 1], "texture": "#0"},
				"east": {"uv": [0, 0, 5, 1], "texture": "#0"},
				"south": {"uv": [0, 0, 1, 1], "texture": "#0"},
				"west": {"uv": [0, 0, 5, 1], "texture": "#0"},
				"up": {"uv": [0, 0, 1, 5], "texture": "#0"},
				"down": {"uv": [0, 0, 1, 5], "texture": "#0"}
			}
		},
		{
			"from": [4.4, 0.48625, -12.54544],
			"to": [5.84, 1.92625, -5.34544],
			"rotation": {"angle": 0, "axis": "y", "origin": [-4.24, 0.48625, -6.78544]},
			"faces": {
				"north": {"uv": [0, 0, 1, 1], "texture": "#0"},
				"east": {"uv": [0, 0, 5, 1], "texture": "#0"},
				"south": {"uv": [0, 0, 1, 1], "texture": "#0"},
				"west": {"uv": [0, 0, 5, 1], "texture": "#0"},
				"up": {"uv": [0, 0, 1, 5], "texture": "#0"},
				"down": {"uv": [0, 0, 1, 5], "texture": "#0"}
			}
		},
		{
			"from": [10.16, 0.48625, -12.54544],
			"to": [11.6, 1.92625, -5.34544],
			"rotation": {"angle": 0, "axis": "y", "origin": [-2.8, 0.48625, -6.78544]},
			"faces": {
				"north": {"uv": [0, 0, 1, 1], "texture": "#0"},
				"east": {"uv": [0, 0, 5, 1], "texture": "#0"},
				"south": {"uv": [0, 0, 1, 1], "texture": "#0"},
				"west": {"uv": [0, 0, 5, 1], "texture": "#0"},
				"up": {"uv": [0, 0, 1, 5], "texture": "#0"},
				"down": {"uv": [0, 0, 1, 5], "texture": "#0"}
			}
		},
		{
			"from": [11.6, 1.63825, -6.78544],
			"to": [13.04, 3.07825, 0.41456],
			"rotation": {"angle": -22.5, "axis": "x", "origin": [8, 2.64369, -3.76692]},
			"faces": {
				"north": {"uv": [0, 0, 1, 1], "texture": "#0"},
				"east": {"uv": [0, 0, 5, 1], "texture": "#0"},
				"south": {"uv": [0, 0, 1, 1], "texture": "#0"},
				"west": {"uv": [0, 0, 5, 1], "texture": "#0"},
				"up": {"uv": [0, 0, 1, 5], "texture": "#0"},
				"down": {"uv": [0, 0, 1, 5], "texture": "#0"}
			}
		},
		{
			"from": [5.84, 0.48625, -13.98544],
			"to": [10.16, 1.92625, -11.10544],
			"rotation": {"angle": 0, "axis": "y", "origin": [-3.52, 0.48625, -6.78544]},
			"faces": {
				"north": {"uv": [0, 0, 3, 1], "texture": "#0"},
				"east": {"uv": [0, 0, 2, 1], "texture": "#0"},
				"south": {"uv": [0, 0, 3, 1], "texture": "#0"},
				"west": {"uv": [0, 0, 2, 1], "texture": "#0"},
				"up": {"uv": [0, 0, 3, 2], "texture": "#0"},
				"down": {"uv": [0, 0, 3, 2], "texture": "#0"}
			}
		},
		{
			"from": [4.76, 0.84625, -11.10544],
			"to": [5.48, 2.28625, -9.66544],
			"rotation": {"angle": 45, "axis": "x", "origin": [4.76, 2.28625, -10.38544]},
			"faces": {
				"north": {"uv": [0, 0, 0.5, 1], "texture": "#0"},
				"east": {"uv": [0, 0, 1, 1], "texture": "#0"},
				"south": {"uv": [0, 0, 0.5, 1], "texture": "#0"},
				"west": {"uv": [0, 0, 1, 1], "texture": "#0"},
				"up": {"uv": [0, 0, 0.5, 1], "texture": "#0"},
				"down": {"uv": [0, 0, 0.5, 1], "texture": "#0"}
			}
		},
		{
			"from": [7.40353, 0.78449, -13.26544],
			"to": [8.84353, 2.22449, -12.54544],
			"rotation": {"angle": 45, "axis": "z", "origin": [8.12353, 2.94449, -13.62544]},
			"faces": {
				"north": {"uv": [0, 0, 1, 1], "texture": "#0"},
				"east": {"uv": [0, 0, 0.5, 1], "texture": "#0"},
				"south": {"uv": [0, 0, 1, 1], "texture": "#0"},
				"west": {"uv": [0, 0, 0.5, 1], "texture": "#0"},
				"up": {"uv": [0, 0, 0.5, 1], "rotation": 270, "texture": "#0"},
				"down": {"uv": [0, 0, 0.5, 1], "rotation": 90, "texture": "#0"}
			}
		},
		{
			"from": [6.03279, 1.46081, -13.26544],
			"to": [7.47279, 2.90081, -12.54544],
			"rotation": {"angle": 45, "axis": "z", "origin": [7.11279, 2.18081, -13.62544]},
			"faces": {
				"north": {"uv": [0, 0, 1, 1], "texture": "#0"},
				"east": {"uv": [0, 0, 0.5, 1], "texture": "#0"},
				"south": {"uv": [0, 0, 1, 1], "texture": "#0"},
				"west": {"uv": [0, 0, 0.5, 1], "texture": "#0"},
				"up": {"uv": [0, 0, 0.5, 1], "rotation": 270, "texture": "#0"},
				"down": {"uv": [0, 0, 0.5, 1], "rotation": 90, "texture": "#0"}
			}
		},
		{
			"from": [4.76, 2.28625, -9.66544],
			"to": [5.48, 3.72625, -8.22544],
			"rotation": {"angle": 45, "axis": "x", "origin": [4.76, 2.28625, -10.38544]},
			"faces": {
				"north": {"uv": [0, 0, 0.5, 1], "texture": "#0"},
				"east": {"uv": [0, 0, 1, 1], "texture": "#0"},
				"south": {"uv": [0, 0, 0.5, 1], "texture": "#0"},
				"west": {"uv": [0, 0, 1, 1], "texture": "#0"},
				"up": {"uv": [0, 0, 0.5, 1], "texture": "#0"},
				"down": {"uv": [0, 0, 0.5, 1], "texture": "#0"}
			}
		},
		{
			"from": [4.76, 3.72625, -8.22544],
			"to": [5.48, 5.16625, -6.78544],
			"rotation": {"angle": 45, "axis": "x", "origin": [4.76, 2.28625, -10.38544]},
			"faces": {
				"north": {"uv": [0, 0, 0.5, 1], "texture": "#0"},
				"east": {"uv": [0, 0, 1, 1], "texture": "#0"},
				"south": {"uv": [0, 0, 0.5, 1], "texture": "#0"},
				"west": {"uv": [0, 0, 1, 1], "texture": "#0"},
				"up": {"uv": [0, 0, 0.5, 1], "texture": "#0"},
				"down": {"uv": [0, 0, 0.5, 1], "texture": "#0"}
			}
		},
		{
			"from": [7.64, 8.04625, -15.42544],
			"to": [8.36, 9.48625, -13.98544],
			"rotation": {"angle": 45, "axis": "x", "origin": [4.76, 0.84625, -14.70544]},
			"faces": {
				"north": {"uv": [0, 0, 0.5, 1], "texture": "#0"},
				"east": {"uv": [0, 0, 1, 1], "texture": "#0"},
				"south": {"uv": [0, 0, 0.5, 1], "texture": "#0"},
				"west": {"uv": [0, 0, 1, 1], "texture": "#0"},
				"up": {"uv": [0, 0, 0.5, 1], "texture": "#0"},
				"down": {"uv": [0, 0, 0.5, 1], "texture": "#0"}
			}
		},
		{
			"from": [9.08, 8.76625, -14.70544],
			"to": [9.8, 10.20625, -13.26544],
			"rotation": {"angle": 45, "axis": "x", "origin": [4.76, 0.84625, -14.70544]},
			"faces": {
				"north": {"uv": [0, 0, 0.5, 1], "texture": "#0"},
				"east": {"uv": [0, 0, 1, 1], "texture": "#0"},
				"south": {"uv": [0, 0, 0.5, 1], "texture": "#0"},
				"west": {"uv": [0, 0, 1, 1], "texture": "#0"},
				"up": {"uv": [0, 0, 0.5, 1], "texture": "#0"},
				"down": {"uv": [0, 0, 0.5, 1], "texture": "#0"}
			}
		},
		{
			"from": [6.2, 8.76625, -14.70544],
			"to": [6.92, 10.20625, -13.26544],
			"rotation": {"angle": 45, "axis": "x", "origin": [4.76, 0.84625, -14.70544]},
			"faces": {
				"north": {"uv": [0, 0, 0.5, 1], "texture": "#0"},
				"east": {"uv": [0, 0, 1, 1], "texture": "#0"},
				"south": {"uv": [0, 0, 0.5, 1], "texture": "#0"},
				"west": {"uv": [0, 0, 1, 1], "texture": "#0"},
				"up": {"uv": [0, 0, 0.5, 1], "texture": "#0"},
				"down": {"uv": [0, 0, 0.5, 1], "texture": "#0"}
			}
		},
		{
			"from": [10.52, 3.72625, -8.22544],
			"to": [11.24, 5.16625, -6.78544],
			"rotation": {"angle": 45, "axis": "x", "origin": [6.2, 2.28625, -10.38544]},
			"faces": {
				"north": {"uv": [0, 0, 0.5, 1], "texture": "#0"},
				"east": {"uv": [0, 0, 1, 1], "texture": "#0"},
				"south": {"uv": [0, 0, 0.5, 1], "texture": "#0"},
				"west": {"uv": [0, 0, 1, 1], "texture": "#0"},
				"up": {"uv": [0, 0, 0.5, 1], "texture": "#0"},
				"down": {"uv": [0, 0, 0.5, 1], "texture": "#0"}
			}
		},
		{
			"from": [10.52, 2.28625, -9.66544],
			"to": [11.24, 3.72625, -8.22544],
			"rotation": {"angle": 45, "axis": "x", "origin": [6.2, 2.28625, -10.38544]},
			"faces": {
				"north": {"uv": [0, 0, 0.5, 1], "texture": "#0"},
				"east": {"uv": [0, 0, 1, 1], "texture": "#0"},
				"south": {"uv": [0, 0, 0.5, 1], "texture": "#0"},
				"west": {"uv": [0, 0, 1, 1], "texture": "#0"},
				"up": {"uv": [0, 0, 0.5, 1], "texture": "#0"},
				"down": {"uv": [0, 0, 0.5, 1], "texture": "#0"}
			}
		},
		{
			"from": [10.52, 0.84625, -11.10544],
			"to": [11.24, 2.28625, -9.66544],
			"rotation": {"angle": 45, "axis": "x", "origin": [6.2, 2.28625, -10.38544]},
			"faces": {
				"north": {"uv": [0, 0, 0.5, 1], "texture": "#0"},
				"east": {"uv": [0, 0, 1, 1], "texture": "#0"},
				"south": {"uv": [0, 0, 0.5, 1], "texture": "#0"},
				"west": {"uv": [0, 0, 1, 1], "texture": "#0"},
				"up": {"uv": [0, 0, 0.5, 1], "texture": "#0"},
				"down": {"uv": [0, 0, 0.5, 1], "texture": "#0"}
			}
		},
		{
			"from": [3.32, 1.40553, -5.40875],
			"to": [4.04, 2.84553, -3.96875],
			"rotation": {"angle": 22.5, "axis": "x", "origin": [8, 2.64369, -3.76692]},
			"faces": {
				"north": {"uv": [0, 0, 0.5, 1], "texture": "#0"},
				"east": {"uv": [0, 0, 1, 1], "texture": "#0"},
				"south": {"uv": [0, 0, 0.5, 1], "texture": "#0"},
				"west": {"uv": [0, 0, 1, 1], "texture": "#0"},
				"up": {"uv": [0, 0, 0.5, 1], "texture": "#0"},
				"down": {"uv": [0, 0, 0.5, 1], "texture": "#0"}
			}
		},
		{
			"from": [3.32, 2.84553, -3.96875],
			"to": [4.04, 4.28553, -2.52875],
			"rotation": {"angle": 22.5, "axis": "x", "origin": [8, 2.64369, -3.76692]},
			"faces": {
				"north": {"uv": [0, 0, 0.5, 1], "texture": "#0"},
				"east": {"uv": [0, 0, 1, 1], "texture": "#0"},
				"south": {"uv": [0, 0, 0.5, 1], "texture": "#0"},
				"west": {"uv": [0, 0, 1, 1], "texture": "#0"},
				"up": {"uv": [0, 0, 0.5, 1], "texture": "#0"},
				"down": {"uv": [0, 0, 0.5, 1], "texture": "#0"}
			}
		},
		{
			"from": [11.96, 2.84553, -3.96875],
			"to": [12.68, 4.28553, -2.52875],
			"rotation": {"angle": 22.5, "axis": "x", "origin": [8, 2.64369, -3.76692]},
			"faces": {
				"north": {"uv": [0, 0, 0.5, 1], "texture": "#0"},
				"east": {"uv": [0, 0, 1, 1], "texture": "#0"},
				"south": {"uv": [0, 0, 0.5, 1], "texture": "#0"},
				"west": {"uv": [0, 0, 1, 1], "texture": "#0"},
				"up": {"uv": [0, 0, 0.5, 1], "texture": "#0"},
				"down": {"uv": [0, 0, 0.5, 1], "texture": "#0"}
			}
		},
		{
			"from": [11.96, 1.40553, -5.40875],
			"to": [12.68, 2.84553, -3.96875],
			"rotation": {"angle": 22.5, "axis": "x", "origin": [8, 2.64369, -3.76692]},
			"faces": {
				"north": {"uv": [0, 0, 0.5, 1], "texture": "#0"},
				"east": {"uv": [0, 0, 1, 1], "texture": "#0"},
				"south": {"uv": [0, 0, 0.5, 1], "texture": "#0"},
				"west": {"uv": [0, 0, 1, 1], "texture": "#0"},
				"up": {"uv": [0, 0, 0.5, 1], "texture": "#0"},
				"down": {"uv": [0, 0, 0.5, 1], "texture": "#0"}
			}
		},
		{
			"from": [5.12, 4.80625, -11.10544],
			"to": [6.56, 6.24625, -5.34544],
			"rotation": {"angle": -22.5, "axis": "x", "origin": [5.84, 5.52625, -8.22544]},
			"faces": {
				"north": {"uv": [0, 0, 1, 1], "texture": "#0"},
				"east": {"uv": [0, 0, 4, 1], "texture": "#0"},
				"south": {"uv": [0, 0, 1, 1], "texture": "#0"},
				"west": {"uv": [0, 0, 4, 1], "texture": "#0"},
				"up": {"uv": [0, 0, 1, 4], "texture": "#0"},
				"down": {"uv": [0, 0, 1, 4], "texture": "#0"}
			}
		},
		{
			"from": [9.44, 4.80625, -11.10544],
			"to": [10.88, 6.24625, -5.34544],
			"rotation": {"angle": -22.5, "axis": "x", "origin": [5.84, 5.52625, -8.22544]},
			"faces": {
				"north": {"uv": [0, 0, 1, 1], "texture": "#0"},
				"east": {"uv": [0, 0, 4, 1], "texture": "#0"},
				"south": {"uv": [0, 0, 1, 1], "texture": "#0"},
				"west": {"uv": [0, 0, 4, 1], "texture": "#0"},
				"up": {"uv": [0, 0, 1, 4], "texture": "#0"},
				"down": {"uv": [0, 0, 1, 4], "texture": "#0"}
			}
		},
		{
			"from": [2.6, 4.44625, -8.22544],
			"to": [5.48, 5.88625, -6.78544],
			"rotation": {"angle": 22.5, "axis": "y", "origin": [3.68, 5.52625, -7.50544]},
			"faces": {
				"north": {"uv": [0, 0, 2, 1], "texture": "#0"},
				"east": {"uv": [0, 0, 1, 1], "texture": "#0"},
				"south": {"uv": [0, 0, 2, 1], "texture": "#0"},
				"west": {"uv": [0, 0, 1, 1], "texture": "#0"},
				"up": {"uv": [0, 0, 2, 1], "texture": "#0"},
				"down": {"uv": [0, 0, 2, 1], "texture": "#0"}
			}
		},
		{
			"from": [10.52, 4.44625, -8.22544],
			"to": [13.4, 5.88625, -6.78544],
			"rotation": {"angle": -22.5, "axis": "y", "origin": [12.32, 5.52625, -7.50544]},
			"faces": {
				"north": {"uv": [0, 0, 2, 1], "texture": "#0"},
				"east": {"uv": [0, 0, 1, 1], "texture": "#0"},
				"south": {"uv": [0, 0, 2, 1], "texture": "#0"},
				"west": {"uv": [0, 0, 1, 1], "texture": "#0"},
				"up": {"uv": [0, 0, 2, 1], "texture": "#0"},
				"down": {"uv": [0, 0, 2, 1], "texture": "#0"}
			}
		},
		{
			"from": [6.92, 6.02477, -9.23892],
			"to": [8.36, 7.46477, -2.03892],
			"rotation": {"angle": -45, "axis": "y", "origin": [7.64, 6.74477, -8.08692]},
			"faces": {
				"north": {"uv": [0, 0, 1, 1], "texture": "#0"},
				"east": {"uv": [0, 0, 5, 1], "texture": "#0"},
				"south": {"uv": [0, 0, 1, 1], "texture": "#0"},
				"west": {"uv": [0, 0, 5, 1], "texture": "#0"},
				"up": {"uv": [0, 0, 1, 5], "texture": "#0"},
				"down": {"uv": [0, 0, 1, 5], "texture": "#0"}
			}
		},
		{
			"from": [2.8543, 6.79656, -4.7594],
			"to": [4.2943, 8.23656, -0.4394],
			"rotation": {"angle": -22.5, "axis": "x", "origin": [3.5743, 7.51656, -2.5994]},
			"faces": {
				"north": {"uv": [0, 0, 1, 1], "texture": "#0"},
				"east": {"uv": [0, 0, 3, 1], "texture": "#0"},
				"south": {"uv": [0, 0, 1, 1], "texture": "#0"},
				"west": {"uv": [0, 0, 3, 1], "texture": "#0"},
				"up": {"uv": [0, 0, 1, 3], "rotation": 180, "texture": "#0"},
				"down": {"uv": [0, 0, 1, 3], "rotation": 180, "texture": "#0"}
			}
		},
		{
			"from": [11.7057, 6.79656, -4.7594],
			"to": [13.1457, 8.23656, -0.4394],
			"rotation": {"angle": -22.5, "axis": "x", "origin": [3.7857, 7.51656, -2.5994]},
			"faces": {
				"north": {"uv": [0, 0, 1, 1], "texture": "#0"},
				"east": {"uv": [0, 0, 3, 1], "texture": "#0"},
				"south": {"uv": [0, 0, 1, 1], "texture": "#0"},
				"west": {"uv": [0, 0, 3, 1], "texture": "#0"},
				"up": {"uv": [0, 0, 1, 3], "rotation": 180, "texture": "#0"},
				"down": {"uv": [0, 0, 1, 3], "rotation": 180, "texture": "#0"}
			}
		},
		{
			"from": [9.67647, 6.02477, -10.08245],
			"to": [11.11647, 7.46477, -2.88245],
			"rotation": {"angle": 45, "axis": "y", "origin": [10.39647, 6.74477, -6.05045]},
			"faces": {
				"north": {"uv": [0, 0, 1, 1], "texture": "#0"},
				"east": {"uv": [0, 0, 5, 1], "texture": "#0"},
				"south": {"uv": [0, 0, 1, 1], "texture": "#0"},
				"west": {"uv": [0, 0, 5, 1], "texture": "#0"},
				"up": {"uv": [0, 0, 1, 5], "texture": "#0"},
				"down": {"uv": [0, 0, 1, 5], "texture": "#0"}
			}
		},
		{
			"from": [6.92, 8.90477, -7.79892],
			"to": [8.36, 10.34477, -0.59892],
			"rotation": {"angle": -45, "axis": "y", "origin": [7.64, 9.62477, -6.64692]},
			"faces": {
				"north": {"uv": [0, 0, 1, 1], "texture": "#0"},
				"east": {"uv": [0, 0, 5, 1], "texture": "#0"},
				"south": {"uv": [0, 0, 1, 1], "texture": "#0"},
				"west": {"uv": [0, 0, 5, 1], "texture": "#0"},
				"up": {"uv": [0, 0, 1, 5], "texture": "#0"},
				"down": {"uv": [0, 0, 1, 5], "texture": "#0"}
			}
		},
		{
			"from": [9.67647, 8.90477, -8.64245],
			"to": [11.11647, 10.34477, -1.44245],
			"rotation": {"angle": 45, "axis": "y", "origin": [10.39647, 9.62477, -4.61045]},
			"faces": {
				"north": {"uv": [0, 0, 1, 1], "texture": "#0"},
				"east": {"uv": [0, 0, 5, 1], "texture": "#0"},
				"south": {"uv": [0, 0, 1, 1], "texture": "#0"},
				"west": {"uv": [0, 0, 5, 1], "texture": "#0"},
				"up": {"uv": [0, 0, 1, 5], "texture": "#0"},
				"down": {"uv": [0, 0, 1, 5], "texture": "#0"}
			}
		},
		{
			"from": [11.7057, 9.67656, -3.3194],
			"to": [13.1457, 11.11656, 1.0006],
			"rotation": {"angle": -22.5, "axis": "x", "origin": [3.7857, 10.39656, -1.1594]},
			"faces": {
				"north": {"uv": [0, 0, 1, 1], "texture": "#0"},
				"east": {"uv": [0, 0, 3, 1], "texture": "#0"},
				"south": {"uv": [0, 0, 1, 1], "texture": "#0"},
				"west": {"uv": [0, 0, 3, 1], "texture": "#0"},
				"up": {"uv": [0, 0, 1, 3], "rotation": 180, "texture": "#0"},
				"down": {"uv": [0, 0, 1, 3], "rotation": 180, "texture": "#0"}
			}
		},
		{
			"from": [2.8543, 9.67656, -3.3194],
			"to": [4.2943, 11.11656, 1.0006],
			"rotation": {"angle": -22.5, "axis": "x", "origin": [3.5743, 10.39656, -1.1594]},
			"faces": {
				"north": {"uv": [0, 0, 1, 1], "texture": "#0"},
				"east": {"uv": [0, 0, 3, 1], "texture": "#0"},
				"south": {"uv": [0, 0, 1, 1], "texture": "#0"},
				"west": {"uv": [0, 0, 3, 1], "texture": "#0"},
				"up": {"uv": [0, 0, 1, 3], "rotation": 180, "texture": "#0"},
				"down": {"uv": [0, 0, 1, 3], "rotation": 180, "texture": "#0"}
			}
		},
		{
			"from": [5.84, 0.48625, -11.10544],
			"to": [10.16, 1.92625, -5.34544],
			"rotation": {"angle": 0, "axis": "y", "origin": [-3.52, 0.48625, -6.78544]},
			"faces": {
				"north": {"uv": [0, 0, 3, 1], "texture": "#7"},
				"east": {"uv": [0, 0, 4, 1], "texture": "#7"},
				"south": {"uv": [0, 0, 3, 1], "texture": "#7"},
				"west": {"uv": [0, 0, 4, 1], "texture": "#7"},
				"up": {"uv": [0, 0, 3, 4], "texture": "#7"},
				"down": {"uv": [0, 0, 3, 4], "texture": "#7"}
			}
		},
		{
			"from": [4.4, 1.8825, -6.72046],
			"to": [11.6, 3.3225, 0.47954],
			"rotation": {"angle": -22.5, "axis": "x", "origin": [8, 2.6025, -3.12046]},
			"faces": {
				"north": {"uv": [0, 0, 5, 1], "texture": "#7"},
				"east": {"uv": [0, 0, 5, 1], "texture": "#7"},
				"south": {"uv": [0, 0, 5, 1], "texture": "#7"},
				"west": {"uv": [0, 0, 5, 1], "texture": "#7"},
				"up": {"uv": [0, 0, 5, 5], "texture": "#7"},
				"down": {"uv": [0, 0, 5, 5], "texture": "#7"}
			}
		},
		{
			"from": [6.56, 1.92625, -9.30544],
			"to": [9.44, 3.36625, 0.77456],
			"rotation": {"angle": -22.5, "axis": "x", "origin": [7.64, 2.64625, -5.70544]},
			"faces": {
				"north": {"uv": [0, 0, 2, 1], "texture": "#6"},
				"east": {"uv": [0, 0, 7, 1], "texture": "#6"},
				"south": {"uv": [0, 0, 2, 1], "texture": "#6"},
				"west": {"uv": [0, 0, 7, 1], "texture": "#6"},
				"up": {"uv": [0, 0, 2, 7], "texture": "#6"},
				"down": {"uv": [0, 0, 2, 7], "texture": "#6"}
			}
		},
		{
			"from": [6.56, 6.60625, -5.34544],
			"to": [9.44, 9.48625, -2.46544],
			"rotation": {"angle": 0, "axis": "y", "origin": [-3.52, -2.39375, -11.10544]},
			"faces": {
				"north": {"uv": [0, 0, 2, 2], "texture": "#8"},
				"east": {"uv": [0, 0, 2, 2], "texture": "#8"},
				"south": {"uv": [0, 0, 2, 2], "texture": "#8"},
				"west": {"uv": [0, 0, 2, 2], "texture": "#8"},
				"up": {"uv": [0, 0, 2, 2], "texture": "#8"},
				"down": {"uv": [0, 0, 2, 2], "texture": "#8"}
			}
		},
		{
			"from": [6.92, 6.96625, -5.48944],
			"to": [9.08, 9.12625, -3.32944],
			"rotation": {"angle": 0, "axis": "z", "origin": [8, 8.04625, -4.40944]},
			"faces": {
				"north": {"uv": [8, 8, 9.5, 9.5], "rotation": 270, "texture": "#9"},
				"east": {"uv": [8, 8, 9.5, 9.5], "rotation": 90, "texture": "#9"},
				"south": {"uv": [8, 8, 9.5, 9.5], "rotation": 90, "texture": "#9"},
				"west": {"uv": [8, 8, 9.5, 9.5], "rotation": 90, "texture": "#9"},
				"up": {"uv": [8, 8, 9.5, 9.5], "rotation": 90, "texture": "#9"},
				"down": {"uv": [8, 8, 9.5, 9.5], "rotation": 90, "texture": "#9"}
			}
		},
		{
			"from": [5.12, -0.95375, -11.82544],
			"to": [10.88, 0.48625, -6.06544],
			"rotation": {"angle": 0, "axis": "y", "origin": [-3.52, 0.48625, 9.05456]},
			"faces": {
				"north": {"uv": [0, 0, 4, 1], "texture": "#0"},
				"east": {"uv": [0, 0, 4, 1], "texture": "#0"},
				"south": {"uv": [0, 0, 4, 1], "texture": "#0"},
				"west": {"uv": [0, 0, 4, 1], "texture": "#0"},
				"up": {"uv": [0, 0, 4, 4], "texture": "#0"},
				"down": {"uv": [0, 0, 4, 4], "texture": "#0"}
			}
		},
		{
			"from": [4.4, 0.09357, -6.56019],
			"to": [11.6, 1.53357, 1.35981],
			"rotation": {"angle": -22.5, "axis": "x", "origin": [8, 0.81357, -3.68019]},
			"faces": {
				"north": {"uv": [0, 0, 5, 1], "rotation": 180, "texture": "#0"},
				"east": {"uv": [0, 0, 5.5, 1], "rotation": 180, "texture": "#0"},
				"south": {"uv": [0, 0, 5, 1], "rotation": 180, "texture": "#0"},
				"west": {"uv": [0, 0, 5.5, 1], "rotation": 180, "texture": "#0"},
				"up": {"uv": [0, 0, 5, 5.5], "texture": "#0"},
				"down": {"uv": [0, 0, 5, 5.5], "texture": "#0"}
			}
		},
		{
			"from": [6.56, 7.68625, -1.02544],
			"to": [9.44, 16.32625, 1.85456],
			"rotation": {"angle": -45, "axis": "x", "origin": [8, 12.00625, 4.73456]},
			"faces": {
				"north": {"uv": [0, 0, 2, 6], "texture": "#0"},
				"east": {"uv": [0, 0, 2, 6], "texture": "#0"},
				"south": {"uv": [0, 0, 2, 6], "texture": "#0"},
				"west": {"uv": [0, 0, 2, 6], "texture": "#0"},
				"up": {"uv": [0, 0, 2, 2], "texture": "#0"},
				"down": {"uv": [0, 0, 2, 2], "texture": "#0"}
			}
		},
		{
			"from": [0.1851, 5.05607, -2.39307],
			"to": [7.3851, 7.93607, 0.48693],
			"rotation": {"angle": -22.5, "axis": "z", "origin": [3.7851, 6.49607, -0.95307]},
			"faces": {
				"north": {"uv": [0, 0, 2, 5], "rotation": 90, "texture": "#0"},
				"east": {"uv": [0, 0, 2, 2], "rotation": 270, "texture": "#0"},
				"south": {"uv": [0, 0, 2, 5], "rotation": 270, "texture": "#0"},
				"west": {"uv": [0, 0, 2, 2], "rotation": 270, "texture": "#0"},
				"up": {"uv": [0, 0, 2, 5], "rotation": 270, "texture": "#0"},
				"down": {"uv": [0, 0, 2, 5], "rotation": 270, "texture": "#0"}
			}
		},
		{
			"from": [8.6149, 5.05607, -2.39307],
			"to": [15.8149, 7.93607, 0.48693],
			"rotation": {"angle": 22.5, "axis": "z", "origin": [12.2149, 6.49607, -0.95307]},
			"faces": {
				"north": {"uv": [0, 0, 2, 5], "rotation": 90, "texture": "#0"},
				"east": {"uv": [0, 0, 2, 2], "rotation": 270, "texture": "#0"},
				"south": {"uv": [0, 0, 2, 5], "rotation": 270, "texture": "#0"},
				"west": {"uv": [0, 0, 2, 2], "rotation": 270, "texture": "#0"},
				"up": {"uv": [0, 0, 2, 5], "rotation": 270, "texture": "#0"},
				"down": {"uv": [0, 0, 2, 5], "rotation": 270, "texture": "#0"}
			}
		},
		{
			"from": [3.68, 2.64625, -3.90544],
			"to": [12.32, 5.52625, 0.41456],
			"rotation": {"angle": -22.5, "axis": "x", "origin": [8, 4.08625, -1.74544]},
			"faces": {
				"north": {"uv": [0, 0, 6, 2], "texture": "#5"},
				"east": {"uv": [0, 0, 3, 2], "texture": "#5"},
				"south": {"uv": [0, 0, 6, 2], "texture": "#5"},
				"west": {"uv": [0, 0, 3, 2], "texture": "#5"},
				"up": {"uv": [0, 0, 6, 3], "texture": "#5"},
				"down": {"uv": [0, 0, 6, 3], "texture": "#5"}
			}
		},
		{
			"from": [5.12, 5.52625, -3.90544],
			"to": [10.88, 9.84625, 0.41456],
			"rotation": {"angle": 0, "axis": "y", "origin": [-3.52, -2.39375, 4.73456]},
			"faces": {
				"north": {"uv": [0, 0, 4, 3], "texture": "#5"},
				"east": {"uv": [0, 0, 3, 3], "texture": "#5"},
				"south": {"uv": [0, 0, 4, 3], "texture": "#5"},
				"west": {"uv": [0, 0, 3, 3], "texture": "#5"},
				"up": {"uv": [0, 0, 4, 3], "texture": "#5"},
				"down": {"uv": [0, 0, 4, 3], "texture": "#5"}
			}
		},
		{
			"from": [4.4, 1.92625, 1.49456],
			"to": [11.6, 9.12625, 8.69456],
			"rotation": {"angle": 0, "axis": "y", "origin": [0.08, 1.20625, 11.21456]},
			"faces": {
				"north": {"uv": [0, 0, 16, 16], "texture": "#2"},
				"east": {"uv": [0, 0, 16, 16], "texture": "#2"},
				"south": {"uv": [0, 0, 16, 16], "texture": "#2"},
				"west": {"uv": [0, 0, 16, 16], "texture": "#2"},
				"up": {"uv": [0, 0, 16, 16], "texture": "#2"},
				"down": {"uv": [0, 0, 16, 16], "texture": "#2"}
			}
		},
		{
			"from": [2.96, 3.36625, 4.73456],
			"to": [10.16, 10.56625, 11.93456],
			"rotation": {"angle": 45, "axis": "y", "origin": [12.32, 5.52625, 4.01456]},
			"faces": {
				"north": {"uv": [0, 0, 16, 16], "texture": "#2"},
				"east": {"uv": [0, 0, 16, 16], "texture": "#2"},
				"south": {"uv": [0, 0, 16, 16], "texture": "#2"},
				"west": {"uv": [0, 0, 16, 16], "texture": "#2"},
				"up": {"uv": [0, 0, 16, 16], "texture": "#2"},
				"down": {"uv": [0, 0, 16, 16], "texture": "#2"}
			}
		},
		{
			"from": [-4.24, 3.36625, 6.17456],
			"to": [2.96, 10.56625, 13.37456],
			"rotation": {"angle": 45, "axis": "y", "origin": [3.68, 5.52625, 4.01456]},
			"faces": {
				"north": {"uv": [0, 0, 16, 16], "texture": "#2"},
				"east": {"uv": [0, 0, 16, 16], "texture": "#2"},
				"south": {"uv": [0, 0, 16, 16], "texture": "#2"},
				"west": {"uv": [0, 0, 16, 16], "texture": "#2"},
				"up": {"uv": [0, 0, 16, 16], "texture": "#2"},
				"down": {"uv": [0, 0, 16, 16], "texture": "#2"}
			}
		},
		{
			"from": [7.28, 10.14449, -6.1166],
			"to": [8.72, 11.58449, 2.5234],
			"rotation": {"angle": 0, "axis": "x", "origin": [8, 11.58449, -4.6766]},
			"faces": {
				"north": {"uv": [0, 0, 1, 1], "rotation": 180, "texture": "#0"},
				"east": {"uv": [0, 0, 6, 1], "rotation": 180, "texture": "#0"},
				"south": {"uv": [0, 0, 1, 1], "rotation": 180, "texture": "#0"},
				"west": {"uv": [0, 0, 6, 1], "rotation": 180, "texture": "#0"},
				"up": {"uv": [0, 0, 1, 6], "texture": "#0"},
				"down": {"uv": [0, 0, 1, 6], "texture": "#0"}
			}
		},
		{
			"from": [6.56, 6.96625, 1.85456],
			"to": [9.44, 9.84625, 6.17456],
			"rotation": {"angle": 0, "axis": "y", "origin": [8, 9.84625, 5.45456]},
			"faces": {
				"north": {"uv": [0, 0, 2, 2], "texture": "#0"},
				"east": {"uv": [0, 0, 3, 2], "texture": "#0"},
				"south": {"uv": [0, 0, 2, 2], "texture": "#0"},
				"west": {"uv": [0, 0, 3, 2], "texture": "#0"},
				"up": {"uv": [0, 0, 2, 3], "texture": "#0"},
				"down": {"uv": [0, 0, 2, 3], "texture": "#0"}
			}
		},
		{
			"from": [6.56, 8.2343, 5.34947],
			"to": [9.44, 11.1143, 12.54947],
			"rotation": {"angle": -22.5, "axis": "x", "origin": [8, 9.6743, 8.94947]},
			"faces": {
				"north": {"uv": [0, 0, 2, 2], "rotation": 180, "texture": "#0"},
				"east": {"uv": [0, 0, 5, 2], "rotation": 180, "texture": "#0"},
				"south": {"uv": [0, 0, 2, 2], "rotation": 180, "texture": "#0"},
				"west": {"uv": [0, 0, 5, 2], "rotation": 180, "texture": "#0"},
				"up": {"uv": [0, 0, 2, 5], "texture": "#0"},
				"down": {"uv": [0, 0, 2, 5], "texture": "#0"}
			}
		},
		{
			"from": [6.56, 9.50235, 11.72437],
			"to": [9.44, 12.38235, 26.12437],
			"rotation": {"angle": 0, "axis": "y", "origin": [-3.52, -2.01765, 11.72437]},
			"faces": {
				"north": {"uv": [0, 0, 2, 2], "texture": "#0"},
				"east": {"uv": [0, 0, 15, 2], "texture": "#0"},
				"south": {"uv": [0, 0, 2, 2], "texture": "#0"},
				"west": {"uv": [0, 0, 15, 2], "texture": "#0"},
				"up": {"uv": [0, 0, 2, 15], "texture": "#0"},
				"down": {"uv": [0, 0, 2, 15], "texture": "#0"}
			}
		},
		{
			"from": [6.56, -2.02065, 26.1093],
			"to": [9.44, 12.37935, 28.9893],
			"rotation": {"angle": -22.5, "axis": "x", "origin": [8, 5.17935, 27.5493]},
			"faces": {
				"north": {"uv": [0, 0, 2, 15], "rotation": 180, "texture": "#0"},
				"east": {"uv": [0, 0, 15, 2], "rotation": 270, "texture": "#0"},
				"south": {"uv": [0, 0, 2, 15], "texture": "#0"},
				"west": {"uv": [0, 0, 15, 2], "rotation": 90, "texture": "#0"},
				"up": {"uv": [0, 0, 2, 2], "rotation": 180, "texture": "#0"},
				"down": {"uv": [0, 0, 2, 2], "texture": "#0"}
			}
		},
		{
			"from": [6.56, -8.32152, 28.75501],
			"to": [9.44, -0.92152, 31.63501],
			"rotation": {"angle": 0, "axis": "x", "origin": [8, -5.12152, 30.62847]},
			"faces": {
				"north": {"uv": [0, 0, 2, 15], "rotation": 180, "texture": "#0"},
				"east": {"uv": [0, 0, 15, 2], "rotation": 270, "texture": "#0"},
				"south": {"uv": [0, 0, 2, 15], "texture": "#0"},
				"west": {"uv": [0, 0, 15, 2], "rotation": 90, "texture": "#0"},
				"up": {"uv": [0, 0, 2, 2], "rotation": 180, "texture": "#0"},
				"down": {"uv": [0, 0, 2, 2], "texture": "#0"}
			}
		},
		{
			"from": [3.68, 2.64625, 13.01456],
			"to": [12.32, 11.28625, 21.65456],
			"rotation": {"angle": 0, "axis": "y", "origin": [-3.52, -2.39375, 7.61456]},
			"faces": {
				"north": {"uv": [0, 0, 16, 16], "texture": "#2"},
				"east": {"uv": [0, 0, 16, 16], "texture": "#2"},
				"south": {"uv": [0, 0, 16, 16], "texture": "#2"},
				"west": {"uv": [0, 0, 16, 16], "texture": "#2"},
				"up": {"uv": [0, 0, 16, 16], "texture": "#2"},
				"down": {"uv": [0, 0, 16, 16], "texture": "#2"}
			}
		},
		{
			"from": [2.93, -2.35375, 20.01456],
			"to": [12.57, 6.28625, 28.65456],
			"rotation": {"angle": 0, "axis": "y", "origin": [-3.52, -2.39375, 7.61456]},
			"faces": {
				"north": {"uv": [0, 0, 16, 16], "texture": "#2"},
				"east": {"uv": [0, 0, 16, 16], "texture": "#2"},
				"south": {"uv": [0, 0, 16, 16], "texture": "#2"},
				"west": {"uv": [0, 0, 16, 16], "texture": "#2"},
				"up": {"uv": [0, 0, 16, 16], "texture": "#2"},
				"down": {"uv": [0, 0, 16, 16], "texture": "#2"}
			}
		},
		{
			"from": [1.93, -8.35375, 23.01456],
			"to": [9.57, -1.71375, 29.65456],
			"rotation": {"angle": -22.5, "axis": "y", "origin": [5.75, -5.03375, 26.33456]},
			"faces": {
				"north": {"uv": [0, 0, 16, 16], "texture": "#2"},
				"east": {"uv": [0, 0, 16, 16], "texture": "#2"},
				"south": {"uv": [0, 0, 16, 16], "texture": "#2"},
				"west": {"uv": [0, 0, 16, 16], "texture": "#2"},
				"up": {"uv": [0, 0, 16, 16], "texture": "#2"},
				"down": {"uv": [0, 0, 16, 16], "texture": "#2"}
			}
		},
		{
			"from": [6.93, -8.35375, 23.01456],
			"to": [14.57, -1.71375, 29.65456],
			"rotation": {"angle": 22.5, "axis": "y", "origin": [10.75, -5.03375, 26.33456]},
			"faces": {
				"north": {"uv": [0, 0, 16, 16], "texture": "#2"},
				"east": {"uv": [0, 0, 16, 16], "texture": "#2"},
				"south": {"uv": [0, 0, 16, 16], "texture": "#2"},
				"west": {"uv": [0, 0, 16, 16], "texture": "#2"},
				"up": {"uv": [0, 0, 16, 16], "texture": "#2"},
				"down": {"uv": [0, 0, 16, 16], "texture": "#2"}
			}
		},
		{
			"from": [-3.52, 0.84625, 9.41456],
			"to": [5.12, 9.48625, 18.05456],
			"rotation": {"angle": 0, "axis": "y", "origin": [-3.52, -2.39375, 7.61456]},
			"faces": {
				"north": {"uv": [0, 0, 16, 16], "texture": "#2"},
				"east": {"uv": [0, 0, 16, 16], "texture": "#2"},
				"south": {"uv": [0, 0, 16, 16], "texture": "#2"},
				"west": {"uv": [0, 0, 16, 16], "texture": "#2"},
				"up": {"uv": [0, 0, 16, 16], "texture": "#2"},
				"down": {"uv": [0, 0, 16, 16], "texture": "#2"}
			}
		},
		{
			"from": [10.88, 0.84625, 9.41456],
			"to": [19.52, 9.48625, 18.05456],
			"rotation": {"angle": 0, "axis": "y", "origin": [-3.52, -2.39375, 7.61456]},
			"faces": {
				"north": {"uv": [0, 0, 16, 16], "texture": "#2"},
				"east": {"uv": [0, 0, 16, 16], "texture": "#2"},
				"south": {"uv": [0, 0, 16, 16], "texture": "#2"},
				"west": {"uv": [0, 0, 16, 16], "texture": "#2"},
				"up": {"uv": [0, 0, 16, 16], "texture": "#2"},
				"down": {"uv": [0, 0, 16, 16], "texture": "#2"}
			}
		},
		{
			"from": [8, 0.48625, 7.61456],
			"to": [9.44, 4.80625, 9.05456],
			"rotation": {"angle": 45, "axis": "z", "origin": [-2.8, 2.64625, 8.33456]},
			"faces": {
				"north": {"uv": [0, 0, 1, 3], "texture": "#10"},
				"east": {"uv": [0, 0, 1, 3], "texture": "#10"},
				"south": {"uv": [0, 0, 1, 3], "texture": "#10"},
				"west": {"uv": [0, 0, 1, 3], "texture": "#10"},
				"up": {"uv": [0, 0, 1, 1], "texture": "#10"},
				"down": {"uv": [0, 0, 1, 1], "texture": "#10"}
			}
		},
		{
			"from": [-6.04, 11.31623, 12.46927],
			"to": [6.92, 12.75623, 13.90927],
			"rotation": {"angle": 45, "axis": "y", "origin": [-0.64, 12.03623, 13.18927]},
			"faces": {
				"north": {"uv": [0, 0, 1, 9], "rotation": 90, "texture": "#10"},
				"east": {"uv": [0, 0, 1, 1], "rotation": 270, "texture": "#10"},
				"south": {"uv": [0, 0, 1, 9], "rotation": 270, "texture": "#10"},
				"west": {"uv": [0, 0, 1, 1], "rotation": 270, "texture": "#10"},
				"up": {"uv": [0, 0, 1, 9], "rotation": 270, "texture": "#10"},
				"down": {"uv": [0, 0, 1, 9], "rotation": 270, "texture": "#10"}
			}
		},
		{
			"from": [-7.88498, 11.31623, 10.31047],
			"to": [5.07502, 12.75623, 11.75047],
			"rotation": {"angle": 22.5, "axis": "y", "origin": [-2.84498, 12.03623, 11.03047]},
			"faces": {
				"north": {"uv": [0, 0, 1, 9], "rotation": 90, "texture": "#10"},
				"east": {"uv": [0, 0, 1, 1], "rotation": 270, "texture": "#10"},
				"south": {"uv": [0, 0, 1, 9], "rotation": 270, "texture": "#10"},
				"west": {"uv": [0, 0, 1, 1], "rotation": 270, "texture": "#10"},
				"up": {"uv": [0, 0, 1, 9], "rotation": 270, "texture": "#10"},
				"down": {"uv": [0, 0, 1, 9], "rotation": 270, "texture": "#10"}
			}
		},
		{
			"from": [-15.2751, 9.99976, 12.294],
			"to": [-6.6351, 11.43976, 13.734],
			"rotation": {"angle": 45, "axis": "z", "origin": [-8.7951, 10.71976, 13.014]},
			"faces": {
				"north": {"uv": [0, 0, 1, 6], "rotation": 90, "texture": "#10"},
				"east": {"uv": [0, 0, 1, 1], "rotation": 270, "texture": "#10"},
				"south": {"uv": [0, 0, 1, 6], "rotation": 270, "texture": "#10"},
				"west": {"uv": [0, 0, 1, 1], "rotation": 270, "texture": "#10"},
				"up": {"uv": [0, 0, 1, 6], "rotation": 270, "texture": "#10"},
				"down": {"uv": [0, 0, 1, 6], "rotation": 270, "texture": "#10"}
			}
		},
		{
			"from": [-11.02573, 9.99976, 16.49853],
			"to": [-3.82573, 11.43976, 17.93853],
			"rotation": {"angle": 45, "axis": "z", "origin": [-5.98573, 10.71976, 12.89853]},
			"faces": {
				"north": {"uv": [0, 0, 1, 5], "rotation": 90, "texture": "#10"},
				"east": {"uv": [0, 0, 1, 1], "rotation": 270, "texture": "#10"},
				"south": {"uv": [0, 0, 1, 5], "rotation": 270, "texture": "#10"},
				"west": {"uv": [0, 0, 1, 1], "rotation": 270, "texture": "#10"},
				"up": {"uv": [0, 0, 1, 5], "rotation": 270, "texture": "#10"},
				"down": {"uv": [0, 0, 1, 5], "rotation": 270, "texture": "#10"}
			}
		},
		{
			"from": [-5.69335, 9.99976, 19.77507],
			"to": [0.06665, 11.43976, 21.21507],
			"rotation": {"angle": 45, "axis": "z", "origin": [-2.09335, 10.71976, 13.29507]},
			"faces": {
				"north": {"uv": [0, 0, 1, 4], "rotation": 90, "texture": "#10"},
				"east": {"uv": [0, 0, 1, 1], "rotation": 270, "texture": "#10"},
				"south": {"uv": [0, 0, 1, 4], "rotation": 270, "texture": "#10"},
				"west": {"uv": [0, 0, 1, 1], "rotation": 270, "texture": "#10"},
				"up": {"uv": [0, 0, 1, 4], "rotation": 270, "texture": "#10"},
				"down": {"uv": [0, 0, 1, 4], "rotation": 270, "texture": "#10"}
			}
		},
		{
			"from": [-5.26304, 0.46095, 19.77507],
			"to": [-3.82304, 8.02095, 21.21507],
			"rotation": {"angle": -22.5, "axis": "z", "origin": [-6.46246, 9.70153, 16.75453]},
			"faces": {
				"north": {"uv": [0, 0, 1, 4], "rotation": 180, "texture": "#10"},
				"east": {"uv": [0, 0, 1, 4], "rotation": 180, "texture": "#10"},
				"south": {"uv": [0, 0, 1, 4], "rotation": 180, "texture": "#10"},
				"west": {"uv": [0, 0, 1, 4], "rotation": 180, "texture": "#10"},
				"up": {"uv": [0, 0, 1, 1], "rotation": 180, "texture": "#10"},
				"down": {"uv": [0, 0, 1, 1], "rotation": 180, "texture": "#10"}
			}
		},
		{
			"from": [-9.36536, -3.28137, 16.49853],
			"to": [-7.92536, 5.71863, 17.93853],
			"rotation": {"angle": -22.5, "axis": "z", "origin": [-6.46246, 9.70153, 16.75453]},
			"faces": {
				"north": {"uv": [0, 0, 1, 5], "rotation": 180, "texture": "#10"},
				"east": {"uv": [0, 0, 1, 5], "rotation": 180, "texture": "#10"},
				"south": {"uv": [0, 0, 1, 5], "rotation": 180, "texture": "#10"},
				"west": {"uv": [0, 0, 1, 5], "rotation": 180, "texture": "#10"},
				"up": {"uv": [0, 0, 1, 1], "rotation": 180, "texture": "#10"},
				"down": {"uv": [0, 0, 1, 1], "rotation": 180, "texture": "#10"}
			}
		},
		{
			"from": [-11.80189, -6.7079, 12.294],
			"to": [-10.36189, 3.7321, 13.734],
			"rotation": {"angle": -22.5, "axis": "z", "origin": [-6.46246, 9.70153, 16.75453]},
			"faces": {
				"north": {"uv": [0, 0, 1, 6], "rotation": 180, "texture": "#10"},
				"east": {"uv": [0, 0, 1, 6], "rotation": 180, "texture": "#10"},
				"south": {"uv": [0, 0, 1, 6], "rotation": 180, "texture": "#10"},
				"west": {"uv": [0, 0, 1, 6], "rotation": 180, "texture": "#10"},
				"up": {"uv": [0, 0, 1, 1], "rotation": 180, "texture": "#10"},
				"down": {"uv": [0, 0, 1, 1], "rotation": 180, "texture": "#10"}
			}
		},
		{
			"from": [1.90093, 11.31623, 7.69348],
			"to": [3.34093, 12.75623, 20.65348],
			"rotation": {"angle": -22.5, "axis": "y", "origin": [2.62093, 12.03623, 12.73348]},
			"faces": {
				"north": {"uv": [0, 0, 1, 1], "rotation": 270, "texture": "#10"},
				"east": {"uv": [0, 0, 1, 9], "rotation": 90, "texture": "#10"},
				"south": {"uv": [0, 0, 1, 1], "rotation": 270, "texture": "#10"},
				"west": {"uv": [0, 0, 1, 9], "rotation": 270, "texture": "#10"},
				"up": {"uv": [0, 0, 1, 9], "texture": "#10"},
				"down": {"uv": [0, 0, 1, 9], "rotation": 180, "texture": "#10"}
			}
		},
		{
			"from": [2.6, 10.56625, 6.89456],
			"to": [5.48, 13.44625, 9.77456],
			"rotation": {"angle": 0, "axis": "y", "origin": [0.8, -6.71375, 7.61456]},
			"faces": {
				"north": {"uv": [0, 0, 16, 16], "texture": "#9"},
				"east": {"uv": [0, 0, 16, 16], "texture": "#9"},
				"south": {"uv": [0, 0, 16, 16], "texture": "#9"},
				"west": {"uv": [0, 0, 16, 16], "texture": "#9"},
				"up": {"uv": [0, 0, 16, 16], "texture": "#9"},
				"down": {"uv": [0, 0, 16, 16], "texture": "#9"}
			}
		},
		{
			"from": [10.52, 10.56625, 6.89456],
			"to": [13.4, 13.44625, 9.77456],
			"rotation": {"angle": 0, "axis": "y", "origin": [0.8, -6.71375, 7.61456]},
			"faces": {
				"north": {"uv": [0, 0, 16, 16], "texture": "#9"},
				"east": {"uv": [0, 0, 16, 16], "texture": "#9"},
				"south": {"uv": [0, 0, 16, 16], "texture": "#9"},
				"west": {"uv": [0, 0, 16, 16], "texture": "#9"},
				"up": {"uv": [0, 0, 16, 16], "texture": "#9"},
				"down": {"uv": [0, 0, 16, 16], "texture": "#9"}
			}
		},
		{
			"from": [-8.92, 10.56625, 11.21456],
			"to": [-6.04, 13.44625, 14.09456],
			"rotation": {"angle": 0, "axis": "y", "origin": [0.8, -6.71375, 7.61456]},
			"faces": {
				"north": {"uv": [0, 0, 16, 16], "texture": "#9"},
				"east": {"uv": [0, 0, 16, 16], "texture": "#9"},
				"south": {"uv": [0, 0, 16, 16], "texture": "#9"},
				"west": {"uv": [0, 0, 16, 16], "texture": "#9"},
				"up": {"uv": [0, 0, 16, 16], "texture": "#9"},
				"down": {"uv": [0, 0, 16, 16], "texture": "#9"}
			}
		},
		{
			"from": [-9.64, 10.56625, 16.61456],
			"to": [-6.76, 13.44625, 19.49456],
			"rotation": {"angle": 45, "axis": "y", "origin": [-7.48, 12.00625, 12.65456]},
			"faces": {
				"north": {"uv": [0, 0, 16, 16], "texture": "#9"},
				"east": {"uv": [0, 0, 16, 16], "texture": "#9"},
				"south": {"uv": [0, 0, 16, 16], "texture": "#9"},
				"west": {"uv": [0, 0, 16, 16], "texture": "#9"},
				"up": {"uv": [0, 0, 16, 16], "texture": "#9"},
				"down": {"uv": [0, 0, 16, 16], "texture": "#9"}
			}
		},
		{
			"from": [-1.29074, 10.56625, 18.78206],
			"to": [1.58926, 13.44625, 21.66206],
			"rotation": {"angle": 0, "axis": "y", "origin": [-4.17074, 12.00625, 16.98206]},
			"faces": {
				"north": {"uv": [0, 0, 16, 16], "texture": "#9"},
				"east": {"uv": [0, 0, 16, 16], "texture": "#9"},
				"south": {"uv": [0, 0, 16, 16], "texture": "#9"},
				"west": {"uv": [0, 0, 16, 16], "texture": "#9"},
				"up": {"uv": [0, 0, 16, 16], "texture": "#9"},
				"down": {"uv": [0, 0, 16, 16], "texture": "#9"}
			}
		},
		{
			"from": [-14.32, 5.16625, 11.21456],
			"to": [-11.44, 8.04625, 14.09456],
			"rotation": {"angle": 0, "axis": "y", "origin": [-4.6, -12.11375, 7.61456]},
			"faces": {
				"north": {"uv": [0, 0, 16, 16], "texture": "#9"},
				"east": {"uv": [0, 0, 16, 16], "texture": "#9"},
				"south": {"uv": [0, 0, 16, 16], "texture": "#9"},
				"west": {"uv": [0, 0, 16, 16], "texture": "#9"},
				"up": {"uv": [0, 0, 16, 16], "texture": "#9"},
				"down": {"uv": [0, 0, 16, 16], "texture": "#9"}
			}
		},
		{
			"from": [-15.04, 5.16625, 16.61456],
			"to": [-12.16, 8.04625, 19.49456],
			"rotation": {"angle": 45, "axis": "y", "origin": [-12.88, 6.60625, 12.65456]},
			"faces": {
				"north": {"uv": [0, 0, 16, 16], "texture": "#9"},
				"east": {"uv": [0, 0, 16, 16], "texture": "#9"},
				"south": {"uv": [0, 0, 16, 16], "texture": "#9"},
				"west": {"uv": [0, 0, 16, 16], "texture": "#9"},
				"up": {"uv": [0, 0, 16, 16], "texture": "#9"},
				"down": {"uv": [0, 0, 16, 16], "texture": "#9"}
			}
		},
		{
			"from": [-6.69074, 5.16625, 18.78206],
			"to": [-3.81074, 8.04625, 21.66206],
			"rotation": {"angle": 0, "axis": "y", "origin": [-9.57074, 6.60625, 16.98206]},
			"faces": {
				"north": {"uv": [0, 0, 16, 16], "texture": "#9"},
				"east": {"uv": [0, 0, 16, 16], "texture": "#9"},
				"south": {"uv": [0, 0, 16, 16], "texture": "#9"},
				"west": {"uv": [0, 0, 16, 16], "texture": "#9"},
				"up": {"uv": [0, 0, 16, 16], "texture": "#9"},
				"down": {"uv": [0, 0, 16, 16], "texture": "#9"}
			}
		},
		{
			"from": [19.82304, 0.46095, 19.77507],
			"to": [21.26304, 8.02095, 21.21507],
			"rotation": {"angle": 22.5, "axis": "z", "origin": [22.46246, 9.70153, 16.75453]},
			"faces": {
				"north": {"uv": [1, 0, 0, 4], "rotation": 180, "texture": "#10"},
				"east": {"uv": [1, 0, 0, 4], "rotation": 180, "texture": "#10"},
				"south": {"uv": [1, 0, 0, 4], "rotation": 180, "texture": "#10"},
				"west": {"uv": [1, 0, 0, 4], "rotation": 180, "texture": "#10"},
				"up": {"uv": [1, 0, 0, 1], "rotation": 180, "texture": "#10"},
				"down": {"uv": [1, 0, 0, 1], "rotation": 180, "texture": "#10"}
			}
		},
		{
			"from": [27.44, 5.16625, 11.21456],
			"to": [30.32, 8.04625, 14.09456],
			"rotation": {"angle": 0, "axis": "y", "origin": [20.6, -12.11375, 7.61456]},
			"faces": {
				"north": {"uv": [16, 0, 0, 16], "texture": "#9"},
				"east": {"uv": [16, 0, 0, 16], "texture": "#9"},
				"south": {"uv": [16, 0, 0, 16], "texture": "#9"},
				"west": {"uv": [16, 0, 0, 16], "texture": "#9"},
				"up": {"uv": [16, 0, 0, 16], "texture": "#9"},
				"down": {"uv": [16, 0, 0, 16], "texture": "#9"}
			}
		},
		{
			"from": [28.16, 5.16625, 16.61456],
			"to": [31.04, 8.04625, 19.49456],
			"rotation": {"angle": -45, "axis": "y", "origin": [28.88, 6.60625, 12.65456]},
			"faces": {
				"north": {"uv": [16, 0, 0, 16], "texture": "#9"},
				"east": {"uv": [16, 0, 0, 16], "texture": "#9"},
				"south": {"uv": [16, 0, 0, 16], "texture": "#9"},
				"west": {"uv": [16, 0, 0, 16], "texture": "#9"},
				"up": {"uv": [16, 0, 0, 16], "texture": "#9"},
				"down": {"uv": [16, 0, 0, 16], "texture": "#9"}
			}
		},
		{
			"from": [19.81074, 5.16625, 18.78206],
			"to": [22.69074, 8.04625, 21.66206],
			"rotation": {"angle": 0, "axis": "y", "origin": [25.57074, 6.60625, 16.98206]},
			"faces": {
				"north": {"uv": [16, 0, 0, 16], "texture": "#9"},
				"east": {"uv": [16, 0, 0, 16], "texture": "#9"},
				"south": {"uv": [16, 0, 0, 16], "texture": "#9"},
				"west": {"uv": [16, 0, 0, 16], "texture": "#9"},
				"up": {"uv": [16, 0, 0, 16], "texture": "#9"},
				"down": {"uv": [16, 0, 0, 16], "texture": "#9"}
			}
		},
		{
			"from": [23.92536, -3.28137, 16.49853],
			"to": [25.36536, 5.71863, 17.93853],
			"rotation": {"angle": 22.5, "axis": "z", "origin": [22.46246, 9.70153, 16.75453]},
			"faces": {
				"north": {"uv": [1, 0, 0, 5], "rotation": 180, "texture": "#10"},
				"east": {"uv": [1, 0, 0, 5], "rotation": 180, "texture": "#10"},
				"south": {"uv": [1, 0, 0, 5], "rotation": 180, "texture": "#10"},
				"west": {"uv": [1, 0, 0, 5], "rotation": 180, "texture": "#10"},
				"up": {"uv": [1, 0, 0, 1], "rotation": 180, "texture": "#10"},
				"down": {"uv": [1, 0, 0, 1], "rotation": 180, "texture": "#10"}
			}
		},
		{
			"from": [26.36189, -6.7079, 12.294],
			"to": [27.80189, 3.7321, 13.734],
			"rotation": {"angle": 22.5, "axis": "z", "origin": [22.46246, 9.70153, 16.75453]},
			"faces": {
				"north": {"uv": [1, 0, 0, 6], "rotation": 180, "texture": "#10"},
				"east": {"uv": [1, 0, 0, 6], "rotation": 180, "texture": "#10"},
				"south": {"uv": [1, 0, 0, 6], "rotation": 180, "texture": "#10"},
				"west": {"uv": [1, 0, 0, 6], "rotation": 180, "texture": "#10"},
				"up": {"uv": [1, 0, 0, 1], "rotation": 180, "texture": "#10"},
				"down": {"uv": [1, 0, 0, 1], "rotation": 180, "texture": "#10"}
			}
		},
		{
			"from": [6.56, 0.48625, 7.61456],
			"to": [8, 4.80625, 9.05456],
			"rotation": {"angle": -45, "axis": "z", "origin": [18.8, 2.64625, 8.33456]},
			"faces": {
				"north": {"uv": [1, 0, 0, 3], "texture": "#10"},
				"east": {"uv": [1, 0, 0, 3], "texture": "#10"},
				"south": {"uv": [1, 0, 0, 3], "texture": "#10"},
				"west": {"uv": [1, 0, 0, 3], "texture": "#10"},
				"up": {"uv": [1, 0, 0, 1], "texture": "#10"},
				"down": {"uv": [1, 0, 0, 1], "texture": "#10"}
			}
		},
		{
			"from": [10.92498, 11.31623, 10.31047],
			"to": [23.88498, 12.75623, 11.75047],
			"rotation": {"angle": -22.5, "axis": "y", "origin": [18.84498, 12.03623, 11.03047]},
			"faces": {
				"north": {"uv": [0, 9, 1, 0], "rotation": 90, "texture": "#10"},
				"east": {"uv": [0, 1, 1, 0], "rotation": 270, "texture": "#10"},
				"south": {"uv": [0, 9, 1, 0], "rotation": 270, "texture": "#10"},
				"west": {"uv": [0, 1, 1, 0], "rotation": 270, "texture": "#10"},
				"up": {"uv": [0, 9, 1, 0], "rotation": 270, "texture": "#10"},
				"down": {"uv": [0, 9, 1, 0], "rotation": 270, "texture": "#10"}
			}
		},
		{
			"from": [9.08, 11.31623, 12.46927],
			"to": [22.04, 12.75623, 13.90927],
			"rotation": {"angle": -45, "axis": "y", "origin": [16.64, 12.03623, 13.18927]},
			"faces": {
				"north": {"uv": [0, 9, 1, 0], "rotation": 90, "texture": "#10"},
				"east": {"uv": [0, 1, 1, 0], "rotation": 270, "texture": "#10"},
				"south": {"uv": [0, 9, 1, 0], "rotation": 270, "texture": "#10"},
				"west": {"uv": [0, 1, 1, 0], "rotation": 270, "texture": "#10"},
				"up": {"uv": [0, 9, 1, 0], "rotation": 270, "texture": "#10"},
				"down": {"uv": [0, 9, 1, 0], "rotation": 270, "texture": "#10"}
			}
		},
		{
			"from": [12.65907, 11.31623, 7.69348],
			"to": [14.09907, 12.75623, 20.65348],
			"rotation": {"angle": 22.5, "axis": "y", "origin": [13.37907, 12.03623, 12.73348]},
			"faces": {
				"north": {"uv": [0, 1, 1, 0], "rotation": 270, "texture": "#10"},
				"east": {"uv": [0, 9, 1, 0], "rotation": 270, "texture": "#10"},
				"south": {"uv": [0, 1, 1, 0], "rotation": 270, "texture": "#10"},
				"west": {"uv": [0, 9, 1, 0], "rotation": 90, "texture": "#10"},
				"up": {"uv": [1, 0, 0, 9], "texture": "#10"},
				"down": {"uv": [1, 0, 0, 9], "rotation": 180, "texture": "#10"}
			}
		},
		{
			"from": [14.41074, 10.56625, 18.78206],
			"to": [17.29074, 13.44625, 21.66206],
			"rotation": {"angle": 0, "axis": "y", "origin": [20.17074, 12.00625, 16.98206]},
			"faces": {
				"north": {"uv": [16, 0, 0, 16], "texture": "#9"},
				"east": {"uv": [16, 0, 0, 16], "texture": "#9"},
				"south": {"uv": [16, 0, 0, 16], "texture": "#9"},
				"west": {"uv": [16, 0, 0, 16], "texture": "#9"},
				"up": {"uv": [16, 0, 0, 16], "texture": "#9"},
				"down": {"uv": [16, 0, 0, 16], "texture": "#9"}
			}
		},
		{
			"from": [15.93335, 9.99976, 19.77507],
			"to": [21.69335, 11.43976, 21.21507],
			"rotation": {"angle": -45, "axis": "z", "origin": [18.09335, 10.71976, 13.29507]},
			"faces": {
				"north": {"uv": [0, 4, 1, 0], "rotation": 90, "texture": "#10"},
				"east": {"uv": [0, 1, 1, 0], "rotation": 270, "texture": "#10"},
				"south": {"uv": [0, 4, 1, 0], "rotation": 270, "texture": "#10"},
				"west": {"uv": [0, 1, 1, 0], "rotation": 270, "texture": "#10"},
				"up": {"uv": [0, 4, 1, 0], "rotation": 270, "texture": "#10"},
				"down": {"uv": [0, 4, 1, 0], "rotation": 270, "texture": "#10"}
			}
		},
		{
			"from": [22.76, 10.56625, 16.61456],
			"to": [25.64, 13.44625, 19.49456],
			"rotation": {"angle": -45, "axis": "y", "origin": [23.48, 12.00625, 12.65456]},
			"faces": {
				"north": {"uv": [16, 0, 0, 16], "texture": "#9"},
				"east": {"uv": [16, 0, 0, 16], "texture": "#9"},
				"south": {"uv": [16, 0, 0, 16], "texture": "#9"},
				"west": {"uv": [16, 0, 0, 16], "texture": "#9"},
				"up": {"uv": [16, 0, 0, 16], "texture": "#9"},
				"down": {"uv": [16, 0, 0, 16], "texture": "#9"}
			}
		},
		{
			"from": [19.82573, 9.99976, 16.49853],
			"to": [27.02573, 11.43976, 17.93853],
			"rotation": {"angle": -45, "axis": "z", "origin": [21.98573, 10.71976, 12.89853]},
			"faces": {
				"north": {"uv": [0, 5, 1, 0], "rotation": 90, "texture": "#10"},
				"east": {"uv": [0, 1, 1, 0], "rotation": 270, "texture": "#10"},
				"south": {"uv": [0, 5, 1, 0], "rotation": 270, "texture": "#10"},
				"west": {"uv": [0, 1, 1, 0], "rotation": 270, "texture": "#10"},
				"up": {"uv": [0, 5, 1, 0], "rotation": 270, "texture": "#10"},
				"down": {"uv": [0, 5, 1, 0], "rotation": 270, "texture": "#10"}
			}
		},
		{
			"from": [22.04, 10.56625, 11.21456],
			"to": [24.92, 13.44625, 14.09456],
			"rotation": {"angle": 0, "axis": "y", "origin": [15.2, -6.71375, 7.61456]},
			"faces": {
				"north": {"uv": [16, 0, 0, 16], "texture": "#9"},
				"east": {"uv": [16, 0, 0, 16], "texture": "#9"},
				"south": {"uv": [16, 0, 0, 16], "texture": "#9"},
				"west": {"uv": [16, 0, 0, 16], "texture": "#9"},
				"up": {"uv": [16, 0, 0, 16], "texture": "#9"},
				"down": {"uv": [16, 0, 0, 16], "texture": "#9"}
			}
		},
		{
			"from": [22.6351, 9.99976, 12.294],
			"to": [31.2751, 11.43976, 13.734],
			"rotation": {"angle": -45, "axis": "z", "origin": [24.7951, 10.71976, 13.014]},
			"faces": {
				"north": {"uv": [0, 6, 1, 0], "rotation": 90, "texture": "#10"},
				"east": {"uv": [0, 1, 1, 0], "rotation": 270, "texture": "#10"},
				"south": {"uv": [0, 6, 1, 0], "rotation": 270, "texture": "#10"},
				"west": {"uv": [0, 1, 1, 0], "rotation": 270, "texture": "#10"},
				"up": {"uv": [0, 6, 1, 0], "rotation": 270, "texture": "#10"},
				"down": {"uv": [0, 6, 1, 0], "rotation": 270, "texture": "#10"}
			}
		},
		{
			"from": [-6.4, 0.93251, 4.71584],
			"to": [-1, 6.33251, 10.11584],
			"rotation": {"angle": 0, "axis": "y", "origin": [-6.4, -2.66749, 11.91584]},
			"faces": {
				"north": {"uv": [0, 0, 16, 16], "texture": "#2"},
				"east": {"uv": [0, 0, 16, 16], "texture": "#2"},
				"south": {"uv": [0, 0, 16, 16], "texture": "#2"},
				"west": {"uv": [0, 0, 16, 16], "texture": "#2"},
				"up": {"uv": [0, 0, 16, 16], "texture": "#2"},
				"down": {"uv": [0, 0, 16, 16], "texture": "#2"}
			}
		},
		{
			"from": [-7.3, 0.03251, 1.11584],
			"to": [-1.9, 5.43251, 6.51584],
			"rotation": {"angle": 0, "axis": "y", "origin": [-6.4, -2.66749, 11.91584]},
			"faces": {
				"north": {"uv": [0, 0, 16, 16], "texture": "#2"},
				"east": {"uv": [0, 0, 16, 16], "texture": "#2"},
				"south": {"uv": [0, 0, 16, 16], "texture": "#2"},
				"west": {"uv": [0, 0, 16, 16], "texture": "#2"},
				"up": {"uv": [0, 0, 16, 16], "texture": "#2"},
				"down": {"uv": [0, 0, 16, 16], "texture": "#2"}
			}
		},
		{
			"from": [-8.2, -0.86749, -2.48416],
			"to": [-2.8, 4.53251, 2.91584],
			"rotation": {"angle": 0, "axis": "y", "origin": [-6.4, -2.66749, 11.91584]},
			"faces": {
				"north": {"uv": [0, 0, 16, 16], "texture": "#2"},
				"east": {"uv": [0, 0, 16, 16], "texture": "#2"},
				"south": {"uv": [0, 0, 16, 16], "texture": "#2"},
				"west": {"uv": [0, 0, 16, 16], "texture": "#2"},
				"up": {"uv": [0, 0, 16, 16], "texture": "#2"},
				"down": {"uv": [0, 0, 16, 16], "texture": "#2"}
			}
		},
		{
			"from": [-5.95, -2.66749, -11.93416],
			"to": [-4.15, 0.93251, -10.13416],
			"rotation": {"angle": 0, "axis": "y", "origin": [-5.95, -2.66749, 10.11584]},
			"faces": {
				"north": {"uv": [0, 0, 1, 2], "texture": "#0"},
				"east": {"uv": [0, 0, 1, 2], "texture": "#0"},
				"south": {"uv": [0, 0, 1, 2], "texture": "#0"},
				"west": {"uv": [0, 0, 1, 2], "texture": "#0"},
				"up": {"uv": [0, 0, 1, 1], "texture": "#0"},
				"down": {"uv": [0, 0, 1, 1], "texture": "#0"}
			}
		},
		{
			"from": [-8.65, -2.66749, -11.48416],
			"to": [-6.85, 0.93251, -9.68416],
			"rotation": {"angle": 0, "axis": "y", "origin": [-5.95, -2.66749, 10.11584]},
			"faces": {
				"north": {"uv": [0, 0, 1, 2], "texture": "#0"},
				"east": {"uv": [0, 0, 1, 2], "texture": "#0"},
				"south": {"uv": [0, 0, 1, 2], "texture": "#0"},
				"west": {"uv": [0, 0, 1, 2], "texture": "#0"},
				"up": {"uv": [0, 0, 1, 1], "texture": "#0"},
				"down": {"uv": [0, 0, 1, 1], "texture": "#0"}
			}
		},
		{
			"from": [-3.25, -2.66749, -11.48416],
			"to": [-1.45, 0.93251, -9.68416],
			"rotation": {"angle": 0, "axis": "y", "origin": [-5.95, -2.66749, 10.11584]},
			"faces": {
				"north": {"uv": [0, 0, 1, 2], "texture": "#0"},
				"east": {"uv": [0, 0, 1, 2], "texture": "#0"},
				"south": {"uv": [0, 0, 1, 2], "texture": "#0"},
				"west": {"uv": [0, 0, 1, 2], "texture": "#0"},
				"up": {"uv": [0, 0, 1, 1], "texture": "#0"},
				"down": {"uv": [0, 0, 1, 1], "texture": "#0"}
			}
		},
		{
			"from": [-1.45, -2.66749, -7.88416],
			"to": [0.35, 0.93251, -6.08416],
			"rotation": {"angle": 22.5, "axis": "z", "origin": [-0.55, -0.86749, -6.98416]},
			"faces": {
				"north": {"uv": [0, 0, 1, 2], "texture": "#0"},
				"east": {"uv": [0, 0, 1, 2], "texture": "#0"},
				"south": {"uv": [0, 0, 1, 2], "texture": "#0"},
				"west": {"uv": [0, 0, 1, 2], "texture": "#0"},
				"up": {"uv": [0, 0, 1, 1], "texture": "#0"},
				"down": {"uv": [0, 0, 1, 1], "texture": "#0"}
			}
		},
		{
			"from": [-7.54825, 0.93251, -11.34527],
			"to": [-5.74825, 2.73251, -5.94527],
			"rotation": {"angle": 22.5, "axis": "y", "origin": [-6.64825, 1.83251, -8.64527]},
			"faces": {
				"north": {"uv": [0, 0, 1, 1], "texture": "#0"},
				"east": {"uv": [0, 0, 3, 1], "texture": "#0"},
				"south": {"uv": [0, 0, 1, 1], "texture": "#0"},
				"west": {"uv": [0, 0, 3, 1], "texture": "#0"},
				"up": {"uv": [0, 0, 1, 3], "texture": "#0"},
				"down": {"uv": [0, 0, 1, 3], "texture": "#0"}
			}
		},
		{
			"from": [-5.95, 0.93251, -11.48416],
			"to": [-4.15, 2.73251, -6.08416],
			"rotation": {"angle": 0, "axis": "y", "origin": [-6.4, 1.83251, -8.78416]},
			"faces": {
				"north": {"uv": [0, 0, 1, 1], "texture": "#0"},
				"east": {"uv": [0, 0, 3, 1], "texture": "#0"},
				"south": {"uv": [0, 0, 1, 1], "texture": "#0"},
				"west": {"uv": [0, 0, 3, 1], "texture": "#0"},
				"up": {"uv": [0, 0, 1, 3], "texture": "#0"},
				"down": {"uv": [0, 0, 1, 3], "texture": "#0"}
			}
		},
		{
			"from": [-4.35175, 0.93251, -11.34527],
			"to": [-2.55175, 2.73251, -5.94527],
			"rotation": {"angle": -22.5, "axis": "y", "origin": [-3.45175, 1.83251, -8.64527]},
			"faces": {
				"north": {"uv": [0, 0, 1, 1], "texture": "#0"},
				"east": {"uv": [0, 0, 3, 1], "texture": "#0"},
				"south": {"uv": [0, 0, 1, 1], "texture": "#0"},
				"west": {"uv": [0, 0, 3, 1], "texture": "#0"},
				"up": {"uv": [0, 0, 1, 3], "texture": "#0"},
				"down": {"uv": [0, 0, 1, 3], "texture": "#0"}
			}
		},
		{
			"from": [-3.85292, 0.6899, -8.41137],
			"to": [-2.05292, 2.4899, -3.01137],
			"rotation": {"angle": -45, "axis": "y", "origin": [-2.95292, 2.0399, -4.81137]},
			"faces": {
				"north": {"uv": [0, 0, 1, 1], "texture": "#0"},
				"east": {"uv": [0, 0, 3, 1], "texture": "#0"},
				"south": {"uv": [0, 0, 1, 1], "texture": "#0"},
				"west": {"uv": [0, 0, 3, 1], "texture": "#0"},
				"up": {"uv": [0, 0, 1, 3], "texture": "#0"},
				"down": {"uv": [0, 0, 1, 3], "texture": "#0"}
			}
		},
		{
			"from": [-6.85, 0.93251, -6.08416],
			"to": [-3.25, 2.73251, -2.48416],
			"rotation": {"angle": 0, "axis": "y", "origin": [-6.4, -2.66749, 11.91584]},
			"faces": {
				"north": {"uv": [0, 0, 2, 1], "texture": "#0"},
				"east": {"uv": [0, 0, 2, 1], "texture": "#0"},
				"south": {"uv": [0, 0, 2, 1], "texture": "#0"},
				"west": {"uv": [0, 0, 2, 1], "texture": "#0"},
				"up": {"uv": [0, 0, 2, 2], "texture": "#0"},
				"down": {"uv": [0, 0, 2, 2], "texture": "#0"}
			}
		},
		{
			"from": [17, 0.93251, 4.71584],
			"to": [22.4, 6.33251, 10.11584],
			"rotation": {"angle": 0, "axis": "y", "origin": [20.15, 1.38251, -1.80916]},
			"faces": {
				"north": {"uv": [16, 0, 0, 16], "texture": "#2"},
				"east": {"uv": [16, 0, 0, 16], "texture": "#2"},
				"south": {"uv": [16, 0, 0, 16], "texture": "#2"},
				"west": {"uv": [16, 0, 0, 16], "texture": "#2"},
				"up": {"uv": [16, 0, 0, 16], "texture": "#2"},
				"down": {"uv": [16, 0, 0, 16], "texture": "#2"}
			}
		},
		{
			"from": [17.9, 0.03251, 1.11584],
			"to": [23.3, 5.43251, 6.51584],
			"rotation": {"angle": 0, "axis": "y", "origin": [20.15, 1.38251, -1.80916]},
			"faces": {
				"north": {"uv": [16, 0, 0, 16], "texture": "#2"},
				"east": {"uv": [16, 0, 0, 16], "texture": "#2"},
				"south": {"uv": [16, 0, 0, 16], "texture": "#2"},
				"west": {"uv": [16, 0, 0, 16], "texture": "#2"},
				"up": {"uv": [16, 0, 0, 16], "texture": "#2"},
				"down": {"uv": [16, 0, 0, 16], "texture": "#2"}
			}
		},
		{
			"from": [18.8, -0.86749, -2.48416],
			"to": [24.2, 4.53251, 2.91584],
			"rotation": {"angle": 0, "axis": "y", "origin": [20.15, 1.38251, -1.80916]},
			"faces": {
				"north": {"uv": [16, 0, 0, 16], "texture": "#2"},
				"east": {"uv": [16, 0, 0, 16], "texture": "#2"},
				"south": {"uv": [16, 0, 0, 16], "texture": "#2"},
				"west": {"uv": [16, 0, 0, 16], "texture": "#2"},
				"up": {"uv": [16, 0, 0, 16], "texture": "#2"},
				"down": {"uv": [16, 0, 0, 16], "texture": "#2"}
			}
		},
		{
			"from": [22.85, -2.66749, -11.48416],
			"to": [24.65, 0.93251, -9.68416],
			"rotation": {"angle": 0, "axis": "y", "origin": [20.15, 1.38251, -1.80916]},
			"faces": {
				"north": {"uv": [1, 0, 2, 2], "texture": "#0"},
				"east": {"uv": [1, 0, 2, 2], "texture": "#0"},
				"south": {"uv": [1, 0, 2, 2], "texture": "#0"},
				"west": {"uv": [1, 0, 2, 2], "texture": "#0"},
				"up": {"uv": [1, 0, 2, 1], "texture": "#0"},
				"down": {"uv": [1, 0, 2, 1], "texture": "#0"}
			}
		},
		{
			"from": [20.15, -2.66749, -11.93416],
			"to": [21.95, 0.93251, -10.13416],
			"rotation": {"angle": 0, "axis": "y", "origin": [20.15, 1.38251, -1.80916]},
			"faces": {
				"north": {"uv": [1, 0, 2, 2], "texture": "#0"},
				"east": {"uv": [1, 0, 2, 2], "texture": "#0"},
				"south": {"uv": [1, 0, 2, 2], "texture": "#0"},
				"west": {"uv": [1, 0, 2, 2], "texture": "#0"},
				"up": {"uv": [1, 0, 2, 1], "texture": "#0"},
				"down": {"uv": [1, 0, 2, 1], "texture": "#0"}
			}
		},
		{
			"from": [17.45, -2.66749, -11.48416],
			"to": [19.25, 0.93251, -9.68416],
			"rotation": {"angle": 0, "axis": "y", "origin": [20.15, 1.38251, -1.80916]},
			"faces": {
				"north": {"uv": [1, 0, 2, 2], "texture": "#0"},
				"east": {"uv": [1, 0, 2, 2], "texture": "#0"},
				"south": {"uv": [1, 0, 2, 2], "texture": "#0"},
				"west": {"uv": [1, 0, 2, 2], "texture": "#0"},
				"up": {"uv": [1, 0, 2, 1], "texture": "#0"},
				"down": {"uv": [1, 0, 2, 1], "texture": "#0"}
			}
		},
		{
			"from": [16.78507, -3.87388, -7.88416],
			"to": [18.58507, -0.27388, -6.08416],
			"rotation": {"angle": -22.5, "axis": "z", "origin": [20.15, 1.38251, -1.80916]},
			"faces": {
				"north": {"uv": [1, 0, 2, 2], "texture": "#0"},
				"east": {"uv": [1, 0, 2, 2], "texture": "#0"},
				"south": {"uv": [1, 0, 2, 2], "texture": "#0"},
				"west": {"uv": [1, 0, 2, 2], "texture": "#0"},
				"up": {"uv": [1, 0, 2, 1], "texture": "#0"},
				"down": {"uv": [1, 0, 2, 1], "texture": "#0"}
			}
		},
		{
			"from": [18.94201, 0.93251, -11.78094],
			"to": [20.74201, 2.73251, -6.38094],
			"rotation": {"angle": -22.5, "axis": "y", "origin": [20.15, 1.38251, -1.80916]},
			"faces": {
				"north": {"uv": [1, 0, 2, 1], "texture": "#0"},
				"east": {"uv": [3, 0, 6, 1], "texture": "#0"},
				"south": {"uv": [1, 0, 2, 1], "texture": "#0"},
				"west": {"uv": [3, 0, 6, 1], "texture": "#0"},
				"up": {"uv": [1, 0, 2, 3], "texture": "#0"},
				"down": {"uv": [1, 0, 2, 3], "texture": "#0"}
			}
		},
		{
			"from": [21.22097, 0.93251, -11.09211],
			"to": [23.02097, 2.73251, -5.69211],
			"rotation": {"angle": 22.5, "axis": "y", "origin": [20.15, 1.38251, -1.80916]},
			"faces": {
				"north": {"uv": [1, 0, 2, 1], "texture": "#0"},
				"east": {"uv": [3, 0, 6, 1], "texture": "#0"},
				"south": {"uv": [1, 0, 2, 1], "texture": "#0"},
				"west": {"uv": [3, 0, 6, 1], "texture": "#0"},
				"up": {"uv": [1, 0, 2, 3], "texture": "#0"},
				"down": {"uv": [1, 0, 2, 3], "texture": "#0"}
			}
		},
		{
			"from": [20.15, 0.93251, -11.48416],
			"to": [21.95, 2.73251, -6.08416],
			"rotation": {"angle": 0, "axis": "y", "origin": [20.15, 1.38251, -1.80916]},
			"faces": {
				"north": {"uv": [1, 0, 2, 1], "texture": "#0"},
				"east": {"uv": [3, 0, 6, 1], "texture": "#0"},
				"south": {"uv": [1, 0, 2, 1], "texture": "#0"},
				"west": {"uv": [3, 0, 6, 1], "texture": "#0"},
				"up": {"uv": [1, 0, 2, 3], "texture": "#0"},
				"down": {"uv": [1, 0, 2, 3], "texture": "#0"}
			}
		},
		{
			"from": [20.52642, 0.6899, -8.3785],
			"to": [22.32642, 2.4899, -2.9785],
			"rotation": {"angle": 45, "axis": "y", "origin": [20.15, 1.38251, -1.80916]},
			"faces": {
				"north": {"uv": [1, 0, 2, 1], "texture": "#0"},
				"east": {"uv": [3, 0, 6, 1], "texture": "#0"},
				"south": {"uv": [1, 0, 2, 1], "texture": "#0"},
				"west": {"uv": [3, 0, 6, 1], "texture": "#0"},
				"up": {"uv": [1, 0, 2, 3], "texture": "#0"},
				"down": {"uv": [1, 0, 2, 3], "texture": "#0"}
			}
		},
		{
			"from": [19.25, 0.93251, -6.08416],
			"to": [22.85, 2.73251, -2.48416],
			"rotation": {"angle": 0, "axis": "y", "origin": [20.15, 1.38251, -1.80916]},
			"faces": {
				"north": {"uv": [2, 0, 4, 1], "texture": "#0"},
				"east": {"uv": [2, 0, 4, 1], "texture": "#0"},
				"south": {"uv": [2, 0, 4, 1], "texture": "#0"},
				"west": {"uv": [2, 0, 4, 1], "texture": "#0"},
				"up": {"uv": [2, 0, 4, 2], "texture": "#0"},
				"down": {"uv": [2, 0, 4, 2], "texture": "#0"}
			}
		},
		{
			"from": [5.3, 4.53251, 20.91584],
			"to": [10.7, 9.93251, 26.31584],
			"rotation": {"angle": 0, "axis": "y", "origin": [-6.4, -4.46749, 11.91584]},
			"faces": {
				"north": {"uv": [0, 0, 16, 16], "texture": "#2"},
				"east": {"uv": [0, 0, 16, 16], "texture": "#2"},
				"south": {"uv": [0, 0, 16, 16], "texture": "#2"},
				"west": {"uv": [0, 0, 16, 16], "texture": "#2"},
				"up": {"uv": [0, 0, 16, 16], "texture": "#2"},
				"down": {"uv": [0, 0, 16, 16], "texture": "#2"}
			}
		},
		{
			"from": [6, 9, 11],
			"to": [10, 13, 13],
			"faces": {
				"north": {"uv": [0, 0, 4, 4], "texture": "#0"},
				"east": {"uv": [0, 0, 2, 4], "texture": "#0"},
				"south": {"uv": [0, 0, 4, 4], "texture": "#0"},
				"west": {"uv": [0, 0, 2, 4], "texture": "#0"},
				"up": {"uv": [0, 0, 4, 2], "texture": "#0"},
				"down": {"uv": [0, 0, 4, 2], "texture": "#0"}
			}
		},
		{
			"from": [6, 9, 15],
			"to": [10, 13, 17],
			"faces": {
				"north": {"uv": [0, 0, 4, 4], "texture": "#0"},
				"east": {"uv": [0, 0, 2, 4], "texture": "#0"},
				"south": {"uv": [0, 0, 4, 4], "texture": "#0"},
				"west": {"uv": [0, 0, 2, 4], "texture": "#0"},
				"up": {"uv": [0, 0, 4, 2], "texture": "#0"},
				"down": {"uv": [0, 0, 4, 2], "texture": "#0"}
			}
		},
		{
			"from": [6, 9, 19],
			"to": [10, 13, 21],
			"faces": {
				"north": {"uv": [0, 0, 4, 4], "texture": "#0"},
				"east": {"uv": [0, 0, 2, 4], "texture": "#0"},
				"south": {"uv": [0, 0, 4, 4], "texture": "#0"},
				"west": {"uv": [0, 0, 2, 4], "texture": "#0"},
				"up": {"uv": [0, 0, 4, 2], "texture": "#0"},
				"down": {"uv": [0, 0, 4, 2], "texture": "#0"}
			}
		},
		{
			"from": [6, 9, 23],
			"to": [10, 13, 25],
			"faces": {
				"north": {"uv": [0, 0, 4, 4], "texture": "#0"},
				"east": {"uv": [0, 0, 2, 4], "texture": "#0"},
				"south": {"uv": [0, 0, 4, 4], "texture": "#0"},
				"west": {"uv": [0, 0, 2, 4], "texture": "#0"},
				"up": {"uv": [0, 0, 4, 2], "texture": "#0"},
				"down": {"uv": [0, 0, 4, 2], "texture": "#0"}
			}
		},
		{
			"from": [6, 7, 23.5],
			"to": [10, 9, 27.5],
			"rotation": {"angle": -22.5, "axis": "x", "origin": [8, 11, 24]},
			"faces": {
				"north": {"uv": [0, 0, 4, 2], "rotation": 180, "texture": "#0"},
				"east": {"uv": [0, 0, 2, 4], "rotation": 270, "texture": "#0"},
				"south": {"uv": [0, 0, 4, 2], "texture": "#0"},
				"west": {"uv": [0, 0, 2, 4], "rotation": 90, "texture": "#0"},
				"up": {"uv": [0, 0, 4, 4], "rotation": 180, "texture": "#0"},
				"down": {"uv": [0, 0, 4, 4], "texture": "#0"}
			}
		},
		{
			"from": [6, 3, 23.5],
			"to": [10, 5, 27.5],
			"rotation": {"angle": -22.5, "axis": "x", "origin": [8, 11, 24]},
			"faces": {
				"north": {"uv": [0, 0, 4, 2], "rotation": 180, "texture": "#0"},
				"east": {"uv": [0, 0, 2, 4], "rotation": 270, "texture": "#0"},
				"south": {"uv": [0, 0, 4, 2], "texture": "#0"},
				"west": {"uv": [0, 0, 2, 4], "rotation": 90, "texture": "#0"},
				"up": {"uv": [0, 0, 4, 4], "rotation": 180, "texture": "#0"},
				"down": {"uv": [0, 0, 4, 4], "texture": "#0"}
			}
		},
		{
			"from": [6, -1, 23.5],
			"to": [10, 1, 27.5],
			"rotation": {"angle": -22.5, "axis": "x", "origin": [8, 11, 24]},
			"faces": {
				"north": {"uv": [0, 0, 4, 2], "rotation": 180, "texture": "#0"},
				"east": {"uv": [0, 0, 2, 4], "rotation": 270, "texture": "#0"},
				"south": {"uv": [0, 0, 4, 2], "texture": "#0"},
				"west": {"uv": [0, 0, 2, 4], "rotation": 90, "texture": "#0"},
				"up": {"uv": [0, 0, 4, 4], "rotation": 180, "texture": "#0"},
				"down": {"uv": [0, 0, 4, 4], "texture": "#0"}
			}
		}
	],
	"display": {
		"head": {
			"translation": [0, 0, -16.25],
			"scale": [4, 4, 4]
		}
	}
}