{
	"credit": "Made with Blockbench",
	"textures": {
		"0": "block/bone_block_side",
		"2": "block/soul_sand",
		"particle": "block/bone_block_side"
	},
	"elements": [
		{
			"from": [4.88, 1.21226, 12.83059],
			"to": [11.9, 8.23226, 19.85059],
			"rotation": {"angle": 0, "axis": "y", "origin": [4.88, -3.46774, 22.19059]},
			"faces": {
				"north": {"uv": [0, 0, 16, 16], "tintindex": 0,"texture": "#2"},
				"east": {"uv": [0, 0, 16, 16], "tintindex": 0,"texture": "#2"},
				"south": {"uv": [0, 0, 16, 16], "tintindex": 0,"texture": "#2"},
				"west": {"uv": [0, 0, 16, 16], "tintindex": 0,"texture": "#2"},
				"up": {"uv": [0, 0, 16, 16], "tintindex": 0,"texture": "#2"},
				"down": {"uv": [0, 0, 16, 16], "tintindex": 0,"texture": "#2"}
			}
		},
		{
			"from": [3.71, 0.04226, 8.15059],
			"to": [10.73, 7.06226, 15.17059],
			"rotation": {"angle": 0, "axis": "y", "origin": [4.88, -3.46774, 22.19059]},
			"faces": {
				"north": {"uv": [0, 0, 16, 16], "tintindex": 0,"texture": "#2"},
				"east": {"uv": [0, 0, 16, 16], "tintindex": 0,"texture": "#2"},
				"south": {"uv": [0, 0, 16, 16], "tintindex": 0,"texture": "#2"},
				"west": {"uv": [0, 0, 16, 16], "tintindex": 0,"texture": "#2"},
				"up": {"uv": [0, 0, 16, 16], "tintindex": 0,"texture": "#2"},
				"down": {"uv": [0, 0, 16, 16], "tintindex": 0,"texture": "#2"}
			}
		},
		{
			"from": [2.54, -1.12774, 3.47059],
			"to": [9.56, 5.89226, 10.49059],
			"rotation": {"angle": 0, "axis": "y", "origin": [4.88, -3.46774, 22.19059]},
			"faces": {
				"north": {"uv": [0, 0, 16, 16], "tintindex": 0,"texture": "#2"},
				"east": {"uv": [0, 0, 16, 16], "tintindex": 0,"texture": "#2"},
				"south": {"uv": [0, 0, 16, 16], "tintindex": 0,"texture": "#2"},
				"west": {"uv": [0, 0, 16, 16], "tintindex": 0,"texture": "#2"},
				"up": {"uv": [0, 0, 16, 16], "tintindex": 0,"texture": "#2"},
				"down": {"uv": [0, 0, 16, 16], "tintindex": 0,"texture": "#2"}
			}
		},
		{
			"from": [5.465, -3.46774, -8.81441],
			"to": [7.805, 1.21226, -6.47441],
			"rotation": {"angle": 0, "axis": "y", "origin": [5.465, -3.46774, 19.85059]},
			"faces": {
				"north": {"uv": [0, 0, 1, 2], "tintindex": 0,"texture": "#0"},
				"east": {"uv": [0, 0, 1, 2], "tintindex": 0,"texture": "#0"},
				"south": {"uv": [0, 0, 1, 2], "tintindex": 0,"texture": "#0"},
				"west": {"uv": [0, 0, 1, 2], "tintindex": 0,"texture": "#0"},
				"up": {"uv": [0, 0, 1, 1], "tintindex": 0,"texture": "#0"},
				"down": {"uv": [0, 0, 1, 1], "tintindex": 0,"texture": "#0"}
			}
		},
		{
			"from": [1.955, -3.46774, -8.22941],
			"to": [4.295, 1.21226, -5.88941],
			"rotation": {"angle": 0, "axis": "y", "origin": [5.465, -3.46774, 19.85059]},
			"faces": {
				"north": {"uv": [0, 0, 1, 2], "tintindex": 0,"texture": "#0"},
				"east": {"uv": [0, 0, 1, 2], "tintindex": 0,"texture": "#0"},
				"south": {"uv": [0, 0, 1, 2], "tintindex": 0,"texture": "#0"},
				"west": {"uv": [0, 0, 1, 2], "tintindex": 0,"texture": "#0"},
				"up": {"uv": [0, 0, 1, 1], "tintindex": 0,"texture": "#0"},
				"down": {"uv": [0, 0, 1, 1], "tintindex": 0,"texture": "#0"}
			}
		},
		{
			"from": [8.975, -3.46774, -8.22941],
			"to": [11.315, 1.21226, -5.88941],
			"rotation": {"angle": 0, "axis": "y", "origin": [5.465, -3.46774, 19.85059]},
			"faces": {
				"north": {"uv": [0, 0, 1, 2], "tintindex": 0,"texture": "#0"},
				"east": {"uv": [0, 0, 1, 2], "tintindex": 0,"texture": "#0"},
				"south": {"uv": [0, 0, 1, 2], "tintindex": 0,"texture": "#0"},
				"west": {"uv": [0, 0, 1, 2], "tintindex": 0,"texture": "#0"},
				"up": {"uv": [0, 0, 1, 1], "tintindex": 0,"texture": "#0"},
				"down": {"uv": [0, 0, 1, 1], "tintindex": 0,"texture": "#0"}
			}
		},
		{
			"from": [11.315, -3.46774, -3.54941],
			"to": [13.655, 1.21226, -1.20941],
			"rotation": {"angle": 22.5, "axis": "z", "origin": [12.485, -1.12774, -2.37941]},
			"faces": {
				"north": {"uv": [0, 0, 1, 2], "tintindex": 0,"texture": "#0"},
				"east": {"uv": [0, 0, 1, 2], "tintindex": 0,"texture": "#0"},
				"south": {"uv": [0, 0, 1, 2], "tintindex": 0,"texture": "#0"},
				"west": {"uv": [0, 0, 1, 2], "tintindex": 0,"texture": "#0"},
				"up": {"uv": [0, 0, 1, 1], "tintindex": 0,"texture": "#0"},
				"down": {"uv": [0, 0, 1, 1], "tintindex": 0,"texture": "#0"}
			}
		},
		{
			"from": [3.38728, 1.21226, -8.04885],
			"to": [5.72728, 3.55226, -1.02885],
			"rotation": {"angle": 22.5, "axis": "y", "origin": [4.55727, 2.38226, -4.53885]},
			"faces": {
				"north": {"uv": [0, 0, 1, 1], "tintindex": 0,"texture": "#0"},
				"east": {"uv": [0, 0, 3, 1], "tintindex": 0,"texture": "#0"},
				"south": {"uv": [0, 0, 1, 1], "tintindex": 0,"texture": "#0"},
				"west": {"uv": [0, 0, 3, 1], "tintindex": 0,"texture": "#0"},
				"up": {"uv": [0, 0, 1, 3], "tintindex": 0,"texture": "#0"},
				"down": {"uv": [0, 0, 1, 3], "tintindex": 0,"texture": "#0"}
			}
		},
		{
			"from": [5.465, 1.21226, -8.22941],
			"to": [7.805, 3.55226, -1.20941],
			"rotation": {"angle": 0, "axis": "y", "origin": [4.88, 2.38226, -4.71941]},
			"faces": {
				"north": {"uv": [0, 0, 1, 1], "tintindex": 0,"texture": "#0"},
				"east": {"uv": [0, 0, 3, 1], "tintindex": 0,"texture": "#0"},
				"south": {"uv": [0, 0, 1, 1], "tintindex": 0,"texture": "#0"},
				"west": {"uv": [0, 0, 3, 1], "tintindex": 0,"texture": "#0"},
				"up": {"uv": [0, 0, 1, 3], "tintindex": 0,"texture": "#0"},
				"down": {"uv": [0, 0, 1, 3], "tintindex": 0,"texture": "#0"}
			}
		},
		{
			"from": [7.54273, 1.21226, -8.04885],
			"to": [9.88273, 3.55226, -1.02885],
			"rotation": {"angle": -22.5, "axis": "y", "origin": [8.71272, 2.38226, -4.53885]},
			"faces": {
				"north": {"uv": [0, 0, 1, 1], "tintindex": 0,"texture": "#0"},
				"east": {"uv": [0, 0, 3, 1], "tintindex": 0,"texture": "#0"},
				"south": {"uv": [0, 0, 1, 1], "tintindex": 0,"texture": "#0"},
				"west": {"uv": [0, 0, 3, 1], "tintindex": 0,"texture": "#0"},
				"up": {"uv": [0, 0, 1, 3], "tintindex": 0,"texture": "#0"},
				"down": {"uv": [0, 0, 1, 3], "tintindex": 0,"texture": "#0"}
			}
		},
		{
			"from": [8.1912, 0.89687, -4.23478],
			"to": [10.5312, 3.23687, 2.78522],
			"rotation": {"angle": -45, "axis": "y", "origin": [9.3612, 2.65187, 0.44522]},
			"faces": {
				"north": {"uv": [0, 0, 1, 1], "tintindex": 0,"texture": "#0"},
				"east": {"uv": [0, 0, 3, 1], "tintindex": 0,"texture": "#0"},
				"south": {"uv": [0, 0, 1, 1], "tintindex": 0,"texture": "#0"},
				"west": {"uv": [0, 0, 3, 1], "tintindex": 0,"texture": "#0"},
				"up": {"uv": [0, 0, 1, 3], "tintindex": 0,"texture": "#0"},
				"down": {"uv": [0, 0, 1, 3], "tintindex": 0,"texture": "#0"}
			}
		},
		{
			"from": [4.295, 1.21226, -1.20941],
			"to": [8.975, 3.55226, 3.47059],
			"rotation": {"angle": 0, "axis": "y", "origin": [4.88, -3.46774, 22.19059]},
			"faces": {
				"north": {"uv": [0, 0, 2, 1], "tintindex": 0,"texture": "#0"},
				"east": {"uv": [0, 0, 2, 1], "tintindex": 0,"texture": "#0"},
				"south": {"uv": [0, 0, 2, 1], "tintindex": 0,"texture": "#0"},
				"west": {"uv": [0, 0, 2, 1], "tintindex": 0,"texture": "#0"},
				"up": {"uv": [0, 0, 2, 2], "tintindex": 0,"texture": "#0"},
				"down": {"uv": [0, 0, 2, 2], "tintindex": 0,"texture": "#0"}
			}
		}
	],
	"display": {
		"head": {
			"translation": [0, 7, -34.25],
			"scale": [4, 4, 4]
		}
	}
}