{
	"credit": "Made with Blockbench",
	"textures": {
		"0": "block/bone_block_side",
		"2": "block/soul_sand",
		"particle": "block/bone_block_side"
	},
	"elements": [
		{
			"from": [4.1, 1.21226, 12.83059],
			"to": [11.12, 8.23226, 19.85059],
			"rotation": {"angle": 0, "axis": "y", "origin": [11.12, -3.46774, 22.19059]},
			"faces": {
				"north": {"uv": [16, 0, 0, 16], "tintindex": 0,"texture": "#2"},
				"east": {"uv": [16, 0, 0, 16], "tintindex": 0,"texture": "#2"},
				"south": {"uv": [16, 0, 0, 16], "tintindex": 0,"texture": "#2"},
				"west": {"uv": [16, 0, 0, 16], "tintindex": 0,"texture": "#2"},
				"up": {"uv": [16, 0, 0, 16], "tintindex": 0,"texture": "#2"},
				"down": {"uv": [16, 0, 0, 16], "tintindex": 0,"texture": "#2"}
			}
		},
		{
			"from": [5.27, 0.04226, 8.15059],
			"to": [12.29, 7.06226, 15.17059],
			"rotation": {"angle": 0, "axis": "y", "origin": [11.12, -3.46774, 22.19059]},
			"faces": {
				"north": {"uv": [16, 0, 0, 16], "tintindex": 0,"texture": "#2"},
				"east": {"uv": [16, 0, 0, 16], "tintindex": 0,"texture": "#2"},
				"south": {"uv": [16, 0, 0, 16], "tintindex": 0,"texture": "#2"},
				"west": {"uv": [16, 0, 0, 16], "tintindex": 0,"texture": "#2"},
				"up": {"uv": [16, 0, 0, 16], "tintindex": 0,"texture": "#2"},
				"down": {"uv": [16, 0, 0, 16], "tintindex": 0,"texture": "#2"}
			}
		},
		{
			"from": [6.44, -1.12774, 3.47059],
			"to": [13.46, 5.89226, 10.49059],
			"rotation": {"angle": 0, "axis": "y", "origin": [11.12, -3.46774, 22.19059]},
			"faces": {
				"north": {"uv": [16, 0, 0, 16], "tintindex": 0,"texture": "#2"},
				"east": {"uv": [16, 0, 0, 16], "tintindex": 0,"texture": "#2"},
				"south": {"uv": [16, 0, 0, 16], "tintindex": 0,"texture": "#2"},
				"west": {"uv": [16, 0, 0, 16], "tintindex": 0,"texture": "#2"},
				"up": {"uv": [16, 0, 0, 16], "tintindex": 0,"texture": "#2"},
				"down": {"uv": [16, 0, 0, 16], "tintindex": 0,"texture": "#2"}
			}
		},
		{
			"from": [8.195, -3.46774, -8.81441],
			"to": [10.535, 1.21226, -6.47441],
			"rotation": {"angle": 0, "axis": "y", "origin": [10.535, -3.46774, 19.85059]},
			"faces": {
				"north": {"uv": [1, 0, 0, 2], "tintindex": 0,"texture": "#0"},
				"east": {"uv": [1, 0, 0, 2], "tintindex": 0,"texture": "#0"},
				"south": {"uv": [1, 0, 0, 2], "tintindex": 0,"texture": "#0"},
				"west": {"uv": [1, 0, 0, 2], "tintindex": 0,"texture": "#0"},
				"up": {"uv": [1, 0, 0, 1], "tintindex": 0,"texture": "#0"},
				"down": {"uv": [1, 0, 0, 1], "tintindex": 0,"texture": "#0"}
			}
		},
		{
			"from": [11.705, -3.46774, -8.22941],
			"to": [14.045, 1.21226, -5.88941],
			"rotation": {"angle": 0, "axis": "y", "origin": [10.535, -3.46774, 19.85059]},
			"faces": {
				"north": {"uv": [1, 0, 0, 2], "tintindex": 0,"texture": "#0"},
				"east": {"uv": [1, 0, 0, 2], "tintindex": 0,"texture": "#0"},
				"south": {"uv": [1, 0, 0, 2], "tintindex": 0,"texture": "#0"},
				"west": {"uv": [1, 0, 0, 2], "tintindex": 0,"texture": "#0"},
				"up": {"uv": [1, 0, 0, 1], "tintindex": 0,"texture": "#0"},
				"down": {"uv": [1, 0, 0, 1], "tintindex": 0,"texture": "#0"}
			}
		},
		{
			"from": [4.685, -3.46774, -8.22941],
			"to": [7.025, 1.21226, -5.88941],
			"rotation": {"angle": 0, "axis": "y", "origin": [10.535, -3.46774, 19.85059]},
			"faces": {
				"north": {"uv": [1, 0, 0, 2], "tintindex": 0,"texture": "#0"},
				"east": {"uv": [1, 0, 0, 2], "tintindex": 0,"texture": "#0"},
				"south": {"uv": [1, 0, 0, 2], "tintindex": 0,"texture": "#0"},
				"west": {"uv": [1, 0, 0, 2], "tintindex": 0,"texture": "#0"},
				"up": {"uv": [1, 0, 0, 1], "tintindex": 0,"texture": "#0"},
				"down": {"uv": [1, 0, 0, 1], "tintindex": 0,"texture": "#0"}
			}
		},
		{
			"from": [2.345, -3.46774, -3.54941],
			"to": [4.685, 1.21226, -1.20941],
			"rotation": {"angle": -22.5, "axis": "z", "origin": [3.515, -1.12774, -2.37941]},
			"faces": {
				"north": {"uv": [1, 0, 0, 2], "tintindex": 0,"texture": "#0"},
				"east": {"uv": [1, 0, 0, 2], "tintindex": 0,"texture": "#0"},
				"south": {"uv": [1, 0, 0, 2], "tintindex": 0,"texture": "#0"},
				"west": {"uv": [1, 0, 0, 2], "tintindex": 0,"texture": "#0"},
				"up": {"uv": [1, 0, 0, 1], "tintindex": 0,"texture": "#0"},
				"down": {"uv": [1, 0, 0, 1], "tintindex": 0,"texture": "#0"}
			}
		},
		{
			"from": [10.27272, 1.21226, -8.04885],
			"to": [12.61273, 3.55226, -1.02885],
			"rotation": {"angle": -22.5, "axis": "y", "origin": [11.44273, 2.38226, -4.53885]},
			"faces": {
				"north": {"uv": [1, 0, 0, 1], "tintindex": 0,"texture": "#0"},
				"east": {"uv": [3, 0, 0, 1], "tintindex": 0,"texture": "#0"},
				"south": {"uv": [1, 0, 0, 1], "tintindex": 0,"texture": "#0"},
				"west": {"uv": [3, 0, 0, 1], "tintindex": 0,"texture": "#0"},
				"up": {"uv": [1, 0, 0, 3], "tintindex": 0,"texture": "#0"},
				"down": {"uv": [1, 0, 0, 3], "tintindex": 0,"texture": "#0"}
			}
		},
		{
			"from": [8.195, 1.21226, -8.22941],
			"to": [10.535, 3.55226, -1.20941],
			"rotation": {"angle": 0, "axis": "y", "origin": [11.12, 2.38226, -4.71941]},
			"faces": {
				"north": {"uv": [1, 0, 0, 1], "tintindex": 0,"texture": "#0"},
				"east": {"uv": [3, 0, 0, 1], "tintindex": 0,"texture": "#0"},
				"south": {"uv": [1, 0, 0, 1], "tintindex": 0,"texture": "#0"},
				"west": {"uv": [3, 0, 0, 1], "tintindex": 0,"texture": "#0"},
				"up": {"uv": [1, 0, 0, 3], "tintindex": 0,"texture": "#0"},
				"down": {"uv": [1, 0, 0, 3], "tintindex": 0,"texture": "#0"}
			}
		},
		{
			"from": [6.11727, 1.21226, -8.04885],
			"to": [8.45727, 3.55226, -1.02885],
			"rotation": {"angle": 22.5, "axis": "y", "origin": [7.28728, 2.38226, -4.53885]},
			"faces": {
				"north": {"uv": [1, 0, 0, 1], "tintindex": 0,"texture": "#0"},
				"east": {"uv": [3, 0, 0, 1], "tintindex": 0,"texture": "#0"},
				"south": {"uv": [1, 0, 0, 1], "tintindex": 0,"texture": "#0"},
				"west": {"uv": [3, 0, 0, 1], "tintindex": 0,"texture": "#0"},
				"up": {"uv": [1, 0, 0, 3], "tintindex": 0,"texture": "#0"},
				"down": {"uv": [1, 0, 0, 3], "tintindex": 0,"texture": "#0"}
			}
		},
		{
			"from": [5.4688, 0.89687, -4.23478],
			"to": [7.8088, 3.23687, 2.78522],
			"rotation": {"angle": 45, "axis": "y", "origin": [6.6388, 2.65187, 0.44522]},
			"faces": {
				"north": {"uv": [1, 0, 0, 1], "tintindex": 0,"texture": "#0"},
				"east": {"uv": [3, 0, 0, 1], "tintindex": 0,"texture": "#0"},
				"south": {"uv": [1, 0, 0, 1], "tintindex": 0,"texture": "#0"},
				"west": {"uv": [3, 0, 0, 1], "tintindex": 0,"texture": "#0"},
				"up": {"uv": [1, 0, 0, 3], "tintindex": 0,"texture": "#0"},
				"down": {"uv": [1, 0, 0, 3], "tintindex": 0,"texture": "#0"}
			}
		},
		{
			"from": [7.025, 1.21226, -1.20941],
			"to": [11.705, 3.55226, 3.47059],
			"rotation": {"angle": 0, "axis": "y", "origin": [11.12, -3.46774, 22.19059]},
			"faces": {
				"north": {"uv": [2, 0, 0, 1], "tintindex": 0,"texture": "#0"},
				"east": {"uv": [2, 0, 0, 1], "tintindex": 0,"texture": "#0"},
				"south": {"uv": [2, 0, 0, 1], "tintindex": 0,"texture": "#0"},
				"west": {"uv": [2, 0, 0, 1], "tintindex": 0,"texture": "#0"},
				"up": {"uv": [2, 0, 0, 2], "tintindex": 0,"texture": "#0"},
				"down": {"uv": [2, 0, 0, 2], "tintindex": 0,"texture": "#0"}
			}
		}
	],
	"display": {
		"head": {
			"translation": [0, 7, -34.25],
			"scale": [4, 4, 4]
		}
	}
}