{
	"credit": "Made with Blockbench",
	"textures": {
		"9": "block/black_glazed_terracotta",
		"10": "block/quartz_block_top",
		"particle": "block/bone_block_side"
	},
	"elements": [
		{
			"from": [19.7, 0.63213, -2.90107],
			"to": [21.572, 6.24813, -1.02907],
			"rotation": {"angle": 45, "axis": "z", "origin": [5.66, 3.44013, -1.96507]},
			"faces": {
				"north": {"uv": [0, 0, 1, 3], "tintindex": 0,"texture": "#10"},
				"east": {"uv": [0, 0, 1, 3], "tintindex": 0,"texture": "#10"},
				"south": {"uv": [0, 0, 1, 3], "tintindex": 0,"texture": "#10"},
				"west": {"uv": [0, 0, 1, 3], "tintindex": 0,"texture": "#10"},
				"up": {"uv": [0, 0, 1, 1], "tintindex": 0,"texture": "#10"},
				"down": {"uv": [0, 0, 1, 1], "tintindex": 0,"texture": "#10"}
			}
		},
		{
			"from": [1.448, 14.7111, 3.41005],
			"to": [18.296, 16.5831, 5.28205],
			"rotation": {"angle": 45, "axis": "y", "origin": [8.468, 15.6471, 4.34605]},
			"faces": {
				"north": {"uv": [0, 0, 1, 9], "rotation": 90, "tintindex": 0,"texture": "#10"},
				"east": {"uv": [0, 0, 1, 1], "rotation": 270, "tintindex": 0,"texture": "#10"},
				"south": {"uv": [0, 0, 1, 9], "rotation": 270, "tintindex": 0,"texture": "#10"},
				"west": {"uv": [0, 0, 1, 1], "rotation": 270, "tintindex": 0,"texture": "#10"},
				"up": {"uv": [0, 0, 1, 9], "rotation": 270, "tintindex": 0,"texture": "#10"},
				"down": {"uv": [0, 0, 1, 9], "rotation": 270, "tintindex": 0,"texture": "#10"}
			}
		},
		{
			"from": [-0.95047, 14.7111, 0.60361],
			"to": [15.89753, 16.5831, 2.47561],
			"rotation": {"angle": 22.5, "axis": "y", "origin": [5.60153, 15.6471, 1.53961]},
			"faces": {
				"north": {"uv": [0, 0, 1, 9], "rotation": 90, "tintindex": 0,"texture": "#10"},
				"east": {"uv": [0, 0, 1, 1], "rotation": 270, "tintindex": 0,"texture": "#10"},
				"south": {"uv": [0, 0, 1, 9], "rotation": 270, "tintindex": 0,"texture": "#10"},
				"west": {"uv": [0, 0, 1, 1], "rotation": 270, "tintindex": 0,"texture": "#10"},
				"up": {"uv": [0, 0, 1, 9], "rotation": 270, "tintindex": 0,"texture": "#10"},
				"down": {"uv": [0, 0, 1, 9], "rotation": 270, "tintindex": 0,"texture": "#10"}
			}
		},
		{
			"from": [-10.55763, 12.99969, 3.1822],
			"to": [0.67437, 14.87169, 5.0542],
			"rotation": {"angle": 45, "axis": "z", "origin": [-2.13363, 13.93569, 4.1182]},
			"faces": {
				"north": {"uv": [0, 0, 1, 6], "rotation": 90, "tintindex": 0,"texture": "#10"},
				"east": {"uv": [0, 0, 1, 1], "rotation": 270, "tintindex": 0,"texture": "#10"},
				"south": {"uv": [0, 0, 1, 6], "rotation": 270, "tintindex": 0,"texture": "#10"},
				"west": {"uv": [0, 0, 1, 1], "rotation": 270, "tintindex": 0,"texture": "#10"},
				"up": {"uv": [0, 0, 1, 6], "rotation": 270, "tintindex": 0,"texture": "#10"},
				"down": {"uv": [0, 0, 1, 6], "rotation": 270, "tintindex": 0,"texture": "#10"}
			}
		},
		{
			"from": [-5.03345, 12.99969, 8.64809],
			"to": [4.32655, 14.87169, 10.52009],
			"rotation": {"angle": 45, "axis": "z", "origin": [1.51855, 13.93569, 3.96809]},
			"faces": {
				"north": {"uv": [0, 0, 1, 5], "rotation": 90, "tintindex": 0,"texture": "#10"},
				"east": {"uv": [0, 0, 1, 1], "rotation": 270, "tintindex": 0,"texture": "#10"},
				"south": {"uv": [0, 0, 1, 5], "rotation": 270, "tintindex": 0,"texture": "#10"},
				"west": {"uv": [0, 0, 1, 1], "rotation": 270, "tintindex": 0,"texture": "#10"},
				"up": {"uv": [0, 0, 1, 5], "rotation": 270, "tintindex": 0,"texture": "#10"},
				"down": {"uv": [0, 0, 1, 5], "rotation": 270, "tintindex": 0,"texture": "#10"}
			}
		},
		{
			"from": [1.89865, 12.99969, 12.90759],
			"to": [9.38665, 14.87169, 14.77959],
			"rotation": {"angle": 45, "axis": "z", "origin": [6.57865, 13.93569, 4.48359]},
			"faces": {
				"north": {"uv": [0, 0, 1, 4], "rotation": 90, "tintindex": 0,"texture": "#10"},
				"east": {"uv": [0, 0, 1, 1], "rotation": 270, "tintindex": 0,"texture": "#10"},
				"south": {"uv": [0, 0, 1, 4], "rotation": 270, "tintindex": 0,"texture": "#10"},
				"west": {"uv": [0, 0, 1, 1], "rotation": 270, "tintindex": 0,"texture": "#10"},
				"up": {"uv": [0, 0, 1, 4], "rotation": 270, "tintindex": 0,"texture": "#10"},
				"down": {"uv": [0, 0, 1, 4], "rotation": 270, "tintindex": 0,"texture": "#10"}
			}
		},
		{
			"from": [2.45805, 0.59924, 12.90759],
			"to": [4.33005, 10.42724, 14.77959],
			"rotation": {"angle": -22.5, "axis": "z", "origin": [0.8988, 12.61199, 8.98089]},
			"faces": {
				"north": {"uv": [0, 0, 1, 4], "rotation": 180, "tintindex": 0,"texture": "#10"},
				"east": {"uv": [0, 0, 1, 4], "rotation": 180, "tintindex": 0,"texture": "#10"},
				"south": {"uv": [0, 0, 1, 4], "rotation": 180, "tintindex": 0,"texture": "#10"},
				"west": {"uv": [0, 0, 1, 4], "rotation": 180, "tintindex": 0,"texture": "#10"},
				"up": {"uv": [0, 0, 1, 1], "rotation": 180, "tintindex": 0,"texture": "#10"},
				"down": {"uv": [0, 0, 1, 1], "rotation": 180, "tintindex": 0,"texture": "#10"}
			}
		},
		{
			"from": [-2.87497, -4.26578, 8.64809],
			"to": [-1.00297, 7.43422, 10.52009],
			"rotation": {"angle": -22.5, "axis": "z", "origin": [0.8988, 12.61199, 8.98089]},
			"faces": {
				"north": {"uv": [0, 0, 1, 5], "rotation": 180, "tintindex": 0,"texture": "#10"},
				"east": {"uv": [0, 0, 1, 5], "rotation": 180, "tintindex": 0,"texture": "#10"},
				"south": {"uv": [0, 0, 1, 5], "rotation": 180, "tintindex": 0,"texture": "#10"},
				"west": {"uv": [0, 0, 1, 5], "rotation": 180, "tintindex": 0,"texture": "#10"},
				"up": {"uv": [0, 0, 1, 1], "rotation": 180, "tintindex": 0,"texture": "#10"},
				"down": {"uv": [0, 0, 1, 1], "rotation": 180, "tintindex": 0,"texture": "#10"}
			}
		},
		{
			"from": [-6.04246, -8.72027, 3.1822],
			"to": [-4.17046, 4.85173, 5.0542],
			"rotation": {"angle": -22.5, "axis": "z", "origin": [0.8988, 12.61199, 8.98089]},
			"faces": {
				"north": {"uv": [0, 0, 1, 6], "rotation": 180, "tintindex": 0,"texture": "#10"},
				"east": {"uv": [0, 0, 1, 6], "rotation": 180, "tintindex": 0,"texture": "#10"},
				"south": {"uv": [0, 0, 1, 6], "rotation": 180, "tintindex": 0,"texture": "#10"},
				"west": {"uv": [0, 0, 1, 6], "rotation": 180, "tintindex": 0,"texture": "#10"},
				"up": {"uv": [0, 0, 1, 1], "rotation": 180, "tintindex": 0,"texture": "#10"},
				"down": {"uv": [0, 0, 1, 1], "rotation": 180, "tintindex": 0,"texture": "#10"}
			}
		},
		{
			"from": [11.77121, 14.7111, -2.79848],
			"to": [13.64321, 16.5831, 14.04952],
			"rotation": {"angle": -22.5, "axis": "y", "origin": [12.70721, 15.6471, 3.75352]},
			"faces": {
				"north": {"uv": [0, 0, 1, 1], "rotation": 270, "tintindex": 0,"texture": "#10"},
				"east": {"uv": [0, 0, 1, 9], "rotation": 90, "tintindex": 0,"texture": "#10"},
				"south": {"uv": [0, 0, 1, 1], "rotation": 270, "tintindex": 0,"texture": "#10"},
				"west": {"uv": [0, 0, 1, 9], "rotation": 270, "tintindex": 0,"texture": "#10"},
				"up": {"uv": [0, 0, 1, 9], "tintindex": 0,"texture": "#10"},
				"down": {"uv": [0, 0, 1, 9], "rotation": 180, "tintindex": 0,"texture": "#10"}
			}
		},
		{
			"from": [12.68, 13.73613, -3.83707],
			"to": [16.424, 17.48013, -0.09307],
			"rotation": {"angle": 0, "axis": "y", "origin": [10.34, -8.72788, -2.90107]},
			"faces": {
				"north": {"uv": [0, 0, 16, 16], "tintindex": 0,"texture": "#9"},
				"east": {"uv": [0, 0, 16, 16], "tintindex": 0,"texture": "#9"},
				"south": {"uv": [0, 0, 16, 16], "tintindex": 0,"texture": "#9"},
				"west": {"uv": [0, 0, 16, 16], "tintindex": 0,"texture": "#9"},
				"up": {"uv": [0, 0, 16, 16], "tintindex": 0,"texture": "#9"},
				"down": {"uv": [0, 0, 16, 16], "tintindex": 0,"texture": "#9"}
			}
		},
		{
			"from": [-2.296, 13.73613, 1.77893],
			"to": [1.448, 17.48013, 5.52293],
			"rotation": {"angle": 0, "axis": "y", "origin": [10.34, -8.72788, -2.90107]},
			"faces": {
				"north": {"uv": [0, 0, 16, 16], "tintindex": 0,"texture": "#9"},
				"east": {"uv": [0, 0, 16, 16], "tintindex": 0,"texture": "#9"},
				"south": {"uv": [0, 0, 16, 16], "tintindex": 0,"texture": "#9"},
				"west": {"uv": [0, 0, 16, 16], "tintindex": 0,"texture": "#9"},
				"up": {"uv": [0, 0, 16, 16], "tintindex": 0,"texture": "#9"},
				"down": {"uv": [0, 0, 16, 16], "tintindex": 0,"texture": "#9"}
			}
		},
		{
			"from": [-3.232, 13.73613, 8.79893],
			"to": [0.512, 17.48013, 12.54293],
			"rotation": {"angle": 45, "axis": "y", "origin": [-0.424, 15.60813, 3.65093]},
			"faces": {
				"north": {"uv": [0, 0, 16, 16], "tintindex": 0,"texture": "#9"},
				"east": {"uv": [0, 0, 16, 16], "tintindex": 0,"texture": "#9"},
				"south": {"uv": [0, 0, 16, 16], "tintindex": 0,"texture": "#9"},
				"west": {"uv": [0, 0, 16, 16], "tintindex": 0,"texture": "#9"},
				"up": {"uv": [0, 0, 16, 16], "tintindex": 0,"texture": "#9"},
				"down": {"uv": [0, 0, 16, 16], "tintindex": 0,"texture": "#9"}
			}
		},
		{
			"from": [7.62204, 13.73613, 11.61668],
			"to": [11.36604, 17.48013, 15.36068],
			"rotation": {"angle": 0, "axis": "y", "origin": [3.87804, 15.60813, 9.27668]},
			"faces": {
				"north": {"uv": [0, 0, 16, 16], "tintindex": 0,"texture": "#9"},
				"east": {"uv": [0, 0, 16, 16], "tintindex": 0,"texture": "#9"},
				"south": {"uv": [0, 0, 16, 16], "tintindex": 0,"texture": "#9"},
				"west": {"uv": [0, 0, 16, 16], "tintindex": 0,"texture": "#9"},
				"up": {"uv": [0, 0, 16, 16], "tintindex": 0,"texture": "#9"},
				"down": {"uv": [0, 0, 16, 16], "tintindex": 0,"texture": "#9"}
			}
		},
		{
			"from": [-9.316, 6.71613, 1.77893],
			"to": [-5.572, 10.46013, 5.52293],
			"rotation": {"angle": 0, "axis": "y", "origin": [3.32, -15.74787, -2.90107]},
			"faces": {
				"north": {"uv": [0, 0, 16, 16], "tintindex": 0,"texture": "#9"},
				"east": {"uv": [0, 0, 16, 16], "tintindex": 0,"texture": "#9"},
				"south": {"uv": [0, 0, 16, 16], "tintindex": 0,"texture": "#9"},
				"west": {"uv": [0, 0, 16, 16], "tintindex": 0,"texture": "#9"},
				"up": {"uv": [0, 0, 16, 16], "tintindex": 0,"texture": "#9"},
				"down": {"uv": [0, 0, 16, 16], "tintindex": 0,"texture": "#9"}
			}
		},
		{
			"from": [-10.252, 6.71613, 8.79893],
			"to": [-6.508, 10.46013, 12.54293],
			"rotation": {"angle": 45, "axis": "y", "origin": [-7.444, 8.58813, 3.65093]},
			"faces": {
				"north": {"uv": [0, 0, 16, 16], "tintindex": 0,"texture": "#9"},
				"east": {"uv": [0, 0, 16, 16], "tintindex": 0,"texture": "#9"},
				"south": {"uv": [0, 0, 16, 16], "tintindex": 0,"texture": "#9"},
				"west": {"uv": [0, 0, 16, 16], "tintindex": 0,"texture": "#9"},
				"up": {"uv": [0, 0, 16, 16], "tintindex": 0,"texture": "#9"},
				"down": {"uv": [0, 0, 16, 16], "tintindex": 0,"texture": "#9"}
			}
		},
		{
			"from": [0.60204, 6.71613, 11.61668],
			"to": [4.34604, 10.46013, 15.36068],
			"rotation": {"angle": 0, "axis": "y", "origin": [-3.14196, 8.58813, 9.27668]},
			"faces": {
				"north": {"uv": [0, 0, 16, 16], "tintindex": 0,"texture": "#9"},
				"east": {"uv": [0, 0, 16, 16], "tintindex": 0,"texture": "#9"},
				"south": {"uv": [0, 0, 16, 16], "tintindex": 0,"texture": "#9"},
				"west": {"uv": [0, 0, 16, 16], "tintindex": 0,"texture": "#9"},
				"up": {"uv": [0, 0, 16, 16], "tintindex": 0,"texture": "#9"},
				"down": {"uv": [0, 0, 16, 16], "tintindex": 0,"texture": "#9"}
			}
		}
	],
	"display": {
		"head": {
			"rotation": [0, -90, 0],
			"translation": [-39.75, -20, -40],
			"scale": [4, 4, 4]
		}
	}
}