{
	"credit": "Made with Blockbench",
	"textures": {
		"9": "block/black_glazed_terracotta",
		"10": "block/quartz_block_top",
		"particle": "block/bone_block_side"
	},
	"elements": [
		{
			"from": [-5.572, 0.63213, -2.90107],
			"to": [-3.7, 6.24813, -1.02907],
			"rotation": {"angle": -45, "axis": "z", "origin": [10.34, 3.44013, -1.96507]},
			"faces": {
				"north": {"uv": [1, 0, 0, 3], "tintindex": 0,"texture": "#10"},
				"east": {"uv": [1, 0, 0, 3], "tintindex": 0,"texture": "#10"},
				"south": {"uv": [1, 0, 0, 3], "tintindex": 0,"texture": "#10"},
				"west": {"uv": [1, 0, 0, 3], "tintindex": 0,"texture": "#10"},
				"up": {"uv": [1, 0, 0, 1], "tintindex": 0,"texture": "#10"},
				"down": {"uv": [1, 0, 0, 1], "tintindex": 0,"texture": "#10"}
			}
		},
		{
			"from": [-2.296, 14.7111, 3.41005],
			"to": [14.552, 16.5831, 5.28205],
			"rotation": {"angle": -45, "axis": "y", "origin": [7.532, 15.6471, 4.34605]},
			"faces": {
				"north": {"uv": [0, 9, 1, 0], "rotation": 90, "tintindex": 0,"texture": "#10"},
				"east": {"uv": [0, 1, 1, 0], "rotation": 270, "tintindex": 0,"texture": "#10"},
				"south": {"uv": [0, 9, 1, 0], "rotation": 270, "tintindex": 0,"texture": "#10"},
				"west": {"uv": [0, 1, 1, 0], "rotation": 270, "tintindex": 0,"texture": "#10"},
				"up": {"uv": [0, 9, 1, 0], "rotation": 270, "tintindex": 0,"texture": "#10"},
				"down": {"uv": [0, 9, 1, 0], "rotation": 270, "tintindex": 0,"texture": "#10"}
			}
		},
		{
			"from": [0.10247, 14.7111, 0.60361],
			"to": [16.95047, 16.5831, 2.47561],
			"rotation": {"angle": -22.5, "axis": "y", "origin": [10.39847, 15.6471, 1.53961]},
			"faces": {
				"north": {"uv": [0, 9, 1, 0], "rotation": 90, "tintindex": 0,"texture": "#10"},
				"east": {"uv": [0, 1, 1, 0], "rotation": 270, "tintindex": 0,"texture": "#10"},
				"south": {"uv": [0, 9, 1, 0], "rotation": 270, "tintindex": 0,"texture": "#10"},
				"west": {"uv": [0, 1, 1, 0], "rotation": 270, "tintindex": 0,"texture": "#10"},
				"up": {"uv": [0, 9, 1, 0], "rotation": 270, "tintindex": 0,"texture": "#10"},
				"down": {"uv": [0, 9, 1, 0], "rotation": 270, "tintindex": 0,"texture": "#10"}
			}
		},
		{
			"from": [15.32563, 12.99969, 3.1822],
			"to": [26.55763, 14.87169, 5.0542],
			"rotation": {"angle": -45, "axis": "z", "origin": [18.13363, 13.93569, 4.1182]},
			"faces": {
				"north": {"uv": [0, 6, 1, 0], "rotation": 90, "tintindex": 0,"texture": "#10"},
				"east": {"uv": [0, 1, 1, 0], "rotation": 270, "tintindex": 0,"texture": "#10"},
				"south": {"uv": [0, 6, 1, 0], "rotation": 270, "tintindex": 0,"texture": "#10"},
				"west": {"uv": [0, 1, 1, 0], "rotation": 270, "tintindex": 0,"texture": "#10"},
				"up": {"uv": [0, 6, 1, 0], "rotation": 270, "tintindex": 0,"texture": "#10"},
				"down": {"uv": [0, 6, 1, 0], "rotation": 270, "tintindex": 0,"texture": "#10"}
			}
		},
		{
			"from": [11.67345, 12.99969, 8.64809],
			"to": [21.03345, 14.87169, 10.52009],
			"rotation": {"angle": -45, "axis": "z", "origin": [14.48145, 13.93569, 3.96809]},
			"faces": {
				"north": {"uv": [0, 5, 1, 0], "rotation": 90, "tintindex": 0,"texture": "#10"},
				"east": {"uv": [0, 1, 1, 0], "rotation": 270, "tintindex": 0,"texture": "#10"},
				"south": {"uv": [0, 5, 1, 0], "rotation": 270, "tintindex": 0,"texture": "#10"},
				"west": {"uv": [0, 1, 1, 0], "rotation": 270, "tintindex": 0,"texture": "#10"},
				"up": {"uv": [0, 5, 1, 0], "rotation": 270, "tintindex": 0,"texture": "#10"},
				"down": {"uv": [0, 5, 1, 0], "rotation": 270, "tintindex": 0,"texture": "#10"}
			}
		},
		{
			"from": [6.61336, 12.99969, 12.90759],
			"to": [14.10136, 14.87169, 14.77959],
			"rotation": {"angle": -45, "axis": "z", "origin": [9.42136, 13.93569, 4.48359]},
			"faces": {
				"north": {"uv": [0, 4, 1, 0], "rotation": 90, "tintindex": 0,"texture": "#10"},
				"east": {"uv": [0, 1, 1, 0], "rotation": 270, "tintindex": 0,"texture": "#10"},
				"south": {"uv": [0, 4, 1, 0], "rotation": 270, "tintindex": 0,"texture": "#10"},
				"west": {"uv": [0, 1, 1, 0], "rotation": 270, "tintindex": 0,"texture": "#10"},
				"up": {"uv": [0, 4, 1, 0], "rotation": 270, "tintindex": 0,"texture": "#10"},
				"down": {"uv": [0, 4, 1, 0], "rotation": 270, "tintindex": 0,"texture": "#10"}
			}
		},
		{
			"from": [11.66995, 0.59924, 12.90759],
			"to": [13.54195, 10.42724, 14.77959],
			"rotation": {"angle": 22.5, "axis": "z", "origin": [15.1012, 12.61199, 8.98089]},
			"faces": {
				"north": {"uv": [1, 0, 0, 4], "rotation": 180, "tintindex": 0,"texture": "#10"},
				"east": {"uv": [1, 0, 0, 4], "rotation": 180, "tintindex": 0,"texture": "#10"},
				"south": {"uv": [1, 0, 0, 4], "rotation": 180, "tintindex": 0,"texture": "#10"},
				"west": {"uv": [1, 0, 0, 4], "rotation": 180, "tintindex": 0,"texture": "#10"},
				"up": {"uv": [1, 0, 0, 1], "rotation": 180, "tintindex": 0,"texture": "#10"},
				"down": {"uv": [1, 0, 0, 1], "rotation": 180, "tintindex": 0,"texture": "#10"}
			}
		},
		{
			"from": [17.00297, -4.26578, 8.64809],
			"to": [18.87497, 7.43422, 10.52009],
			"rotation": {"angle": 22.5, "axis": "z", "origin": [15.1012, 12.61199, 8.98089]},
			"faces": {
				"north": {"uv": [1, 0, 0, 5], "rotation": 180, "tintindex": 0,"texture": "#10"},
				"east": {"uv": [1, 0, 0, 5], "rotation": 180, "tintindex": 0,"texture": "#10"},
				"south": {"uv": [1, 0, 0, 5], "rotation": 180, "tintindex": 0,"texture": "#10"},
				"west": {"uv": [1, 0, 0, 5], "rotation": 180, "tintindex": 0,"texture": "#10"},
				"up": {"uv": [1, 0, 0, 1], "rotation": 180, "tintindex": 0,"texture": "#10"},
				"down": {"uv": [1, 0, 0, 1], "rotation": 180, "tintindex": 0,"texture": "#10"}
			}
		},
		{
			"from": [20.17046, -8.72027, 3.1822],
			"to": [22.04246, 4.85173, 5.0542],
			"rotation": {"angle": 22.5, "axis": "z", "origin": [15.1012, 12.61199, 8.98089]},
			"faces": {
				"north": {"uv": [1, 0, 0, 6], "rotation": 180, "tintindex": 0,"texture": "#10"},
				"east": {"uv": [1, 0, 0, 6], "rotation": 180, "tintindex": 0,"texture": "#10"},
				"south": {"uv": [1, 0, 0, 6], "rotation": 180, "tintindex": 0,"texture": "#10"},
				"west": {"uv": [1, 0, 0, 6], "rotation": 180, "tintindex": 0,"texture": "#10"},
				"up": {"uv": [1, 0, 0, 1], "rotation": 180, "tintindex": 0,"texture": "#10"},
				"down": {"uv": [1, 0, 0, 1], "rotation": 180, "tintindex": 0,"texture": "#10"}
			}
		},
		{
			"from": [2.35679, 14.7111, -2.79848],
			"to": [4.22879, 16.5831, 14.04952],
			"rotation": {"angle": 22.5, "axis": "y", "origin": [3.29279, 15.6471, 3.75352]},
			"faces": {
				"north": {"uv": [0, 1, 1, 0], "rotation": 270, "tintindex": 0,"texture": "#10"},
				"east": {"uv": [0, 9, 1, 0], "rotation": 270, "tintindex": 0,"texture": "#10"},
				"south": {"uv": [0, 1, 1, 0], "rotation": 270, "tintindex": 0,"texture": "#10"},
				"west": {"uv": [0, 9, 1, 0], "rotation": 90, "tintindex": 0,"texture": "#10"},
				"up": {"uv": [1, 0, 0, 9], "tintindex": 0,"texture": "#10"},
				"down": {"uv": [1, 0, 0, 9], "rotation": 180, "tintindex": 0,"texture": "#10"}
			}
		},
		{
			"from": [-0.424, 13.73613, -3.83707],
			"to": [3.32, 17.48013, -0.09307],
			"rotation": {"angle": 0, "axis": "y", "origin": [5.66, -8.72788, -2.90107]},
			"faces": {
				"north": {"uv": [16, 0, 0, 16], "tintindex": 0,"texture": "#9"},
				"east": {"uv": [16, 0, 0, 16], "tintindex": 0,"texture": "#9"},
				"south": {"uv": [16, 0, 0, 16], "tintindex": 0,"texture": "#9"},
				"west": {"uv": [16, 0, 0, 16], "tintindex": 0,"texture": "#9"},
				"up": {"uv": [16, 0, 0, 16], "tintindex": 0,"texture": "#9"},
				"down": {"uv": [16, 0, 0, 16], "tintindex": 0,"texture": "#9"}
			}
		},
		{
			"from": [14.552, 13.73613, 1.77893],
			"to": [18.296, 17.48013, 5.52293],
			"rotation": {"angle": 0, "axis": "y", "origin": [5.66, -8.72788, -2.90107]},
			"faces": {
				"north": {"uv": [16, 0, 0, 16], "tintindex": 0,"texture": "#9"},
				"east": {"uv": [16, 0, 0, 16], "tintindex": 0,"texture": "#9"},
				"south": {"uv": [16, 0, 0, 16], "tintindex": 0,"texture": "#9"},
				"west": {"uv": [16, 0, 0, 16], "tintindex": 0,"texture": "#9"},
				"up": {"uv": [16, 0, 0, 16], "tintindex": 0,"texture": "#9"},
				"down": {"uv": [16, 0, 0, 16], "tintindex": 0,"texture": "#9"}
			}
		},
		{
			"from": [15.488, 13.73613, 8.79893],
			"to": [19.232, 17.48013, 12.54293],
			"rotation": {"angle": -45, "axis": "y", "origin": [16.424, 15.60813, 3.65093]},
			"faces": {
				"north": {"uv": [16, 0, 0, 16], "tintindex": 0,"texture": "#9"},
				"east": {"uv": [16, 0, 0, 16], "tintindex": 0,"texture": "#9"},
				"south": {"uv": [16, 0, 0, 16], "tintindex": 0,"texture": "#9"},
				"west": {"uv": [16, 0, 0, 16], "tintindex": 0,"texture": "#9"},
				"up": {"uv": [16, 0, 0, 16], "tintindex": 0,"texture": "#9"},
				"down": {"uv": [16, 0, 0, 16], "tintindex": 0,"texture": "#9"}
			}
		},
		{
			"from": [4.63396, 13.73613, 11.61668],
			"to": [8.37796, 17.48013, 15.36068],
			"rotation": {"angle": 0, "axis": "y", "origin": [12.12196, 15.60813, 9.27668]},
			"faces": {
				"north": {"uv": [16, 0, 0, 16], "tintindex": 0,"texture": "#9"},
				"east": {"uv": [16, 0, 0, 16], "tintindex": 0,"texture": "#9"},
				"south": {"uv": [16, 0, 0, 16], "tintindex": 0,"texture": "#9"},
				"west": {"uv": [16, 0, 0, 16], "tintindex": 0,"texture": "#9"},
				"up": {"uv": [16, 0, 0, 16], "tintindex": 0,"texture": "#9"},
				"down": {"uv": [16, 0, 0, 16], "tintindex": 0,"texture": "#9"}
			}
		},
		{
			"from": [21.572, 6.71613, 1.77893],
			"to": [25.316, 10.46013, 5.52293],
			"rotation": {"angle": 0, "axis": "y", "origin": [12.68, -15.74787, -2.90107]},
			"faces": {
				"north": {"uv": [16, 0, 0, 16], "tintindex": 0,"texture": "#9"},
				"east": {"uv": [16, 0, 0, 16], "tintindex": 0,"texture": "#9"},
				"south": {"uv": [16, 0, 0, 16], "tintindex": 0,"texture": "#9"},
				"west": {"uv": [16, 0, 0, 16], "tintindex": 0,"texture": "#9"},
				"up": {"uv": [16, 0, 0, 16], "tintindex": 0,"texture": "#9"},
				"down": {"uv": [16, 0, 0, 16], "tintindex": 0,"texture": "#9"}
			}
		},
		{
			"from": [22.508, 6.71613, 8.79893],
			"to": [26.252, 10.46013, 12.54293],
			"rotation": {"angle": -45, "axis": "y", "origin": [23.444, 8.58813, 3.65093]},
			"faces": {
				"north": {"uv": [16, 0, 0, 16], "tintindex": 0,"texture": "#9"},
				"east": {"uv": [16, 0, 0, 16], "tintindex": 0,"texture": "#9"},
				"south": {"uv": [16, 0, 0, 16], "tintindex": 0,"texture": "#9"},
				"west": {"uv": [16, 0, 0, 16], "tintindex": 0,"texture": "#9"},
				"up": {"uv": [16, 0, 0, 16], "tintindex": 0,"texture": "#9"},
				"down": {"uv": [16, 0, 0, 16], "tintindex": 0,"texture": "#9"}
			}
		},
		{
			"from": [11.65396, 6.71613, 11.61668],
			"to": [15.39796, 10.46013, 15.36068],
			"rotation": {"angle": 0, "axis": "y", "origin": [19.14196, 8.58813, 9.27668]},
			"faces": {
				"north": {"uv": [16, 0, 0, 16], "tintindex": 0,"texture": "#9"},
				"east": {"uv": [16, 0, 0, 16], "tintindex": 0,"texture": "#9"},
				"south": {"uv": [16, 0, 0, 16], "tintindex": 0,"texture": "#9"},
				"west": {"uv": [16, 0, 0, 16], "tintindex": 0,"texture": "#9"},
				"up": {"uv": [16, 0, 0, 16], "tintindex": 0,"texture": "#9"},
				"down": {"uv": [16, 0, 0, 16], "tintindex": 0,"texture": "#9"}
			}
		}
	],
	"display": {
		"head": {
			"rotation": [0, 90, 0],
			"translation": [39.75, -20, -40],
			"scale": [4, 4, 4]
		}
	}
}