{
	"credit": "Made with Blockbench",
	"textures": {
		"1": "block/sea_lantern",
		"2": "block/warped_stem",
		"particle": "block/warped_stem"
	},
	"elements": [
		{
			"from": [7, 18, 7],
			"to": [9, 20, 9],
			"rotation": {"angle": 0, "axis": "y", "origin": [0, 9, 0]},
			"faces": {
				"north": {"uv": [0, 0, 16, 16], "texture": "#1"},
				"east": {"uv": [0, 0, 16, 16], "texture": "#1"},
				"south": {"uv": [0, 0, 16, 16], "texture": "#1"},
				"west": {"uv": [0, 0, 16, 16], "texture": "#1"},
				"up": {"uv": [0, 0, 16, 16], "texture": "#1"},
				"down": {"uv": [0, 0, 16, 16], "texture": "#1"}
			}
		},
		{
			"from": [7.5, 16, 6],
			"to": [8.5, 17, 10],
			"rotation": {"angle": 0, "axis": "y", "origin": [0, 9, 0]},
			"faces": {
				"north": {"uv": [0, 0, 1, 1], "texture": "#2"},
				"east": {"uv": [0, 0, 4, 1], "texture": "#2"},
				"south": {"uv": [0, 0, 1, 1], "texture": "#2"},
				"west": {"uv": [0, 0, 4, 1], "texture": "#2"},
				"up": {"uv": [8, 7, 9, 11], "texture": "#1"},
				"down": {"uv": [0, 0, 1, 4], "texture": "#2"}
			}
		},
		{
			"from": [7.4, 14.81493, 9.95775],
			"to": [8.6, 18.81493, 10.95775],
			"rotation": {"angle": 22.5, "axis": "x", "origin": [7.9, 17.81493, 13.45775]},
			"faces": {
				"north": {"uv": [7, 8, 8.2, 14], "rotation": 180, "texture": "#1"},
				"east": {"uv": [0, 0, 6, 1], "rotation": 270, "texture": "#2"},
				"south": {"uv": [0, 0, 1.2, 6], "texture": "#2"},
				"west": {"uv": [0, 0, 6, 1], "rotation": 90, "texture": "#2"},
				"up": {"uv": [0, 0, 1.2, 1], "rotation": 180, "texture": "#2"},
				"down": {"uv": [0, 0, 1.2, 1], "texture": "#2"}
			}
		},
		{
			"from": [7.4, 14.81493, 5.04225],
			"to": [8.6, 18.81493, 6.04225],
			"rotation": {"angle": -22.5, "axis": "x", "origin": [7.9, 17.81493, 2.54225]},
			"faces": {
				"north": {"uv": [1, 0, 2.2, 6], "texture": "#2"},
				"east": {"uv": [0, 1, 6, 2], "rotation": 270, "texture": "#2"},
				"south": {"uv": [8, 7, 9.2, 13], "rotation": 180, "texture": "#1"},
				"west": {"uv": [0, 1, 6, 2], "rotation": 90, "texture": "#2"},
				"up": {"uv": [0, 1, 1.2, 2], "rotation": 180, "texture": "#2"},
				"down": {"uv": [0, 1, 1.2, 2], "texture": "#2"}
			}
		},
		{
			"from": [9.98164, 16.99091, 7.4],
			"to": [10.98164, 20.99091, 8.6],
			"rotation": {"angle": -22.5, "axis": "z", "origin": [8, 18.96298, 8]},
			"faces": {
				"north": {"uv": [0, 1, 6, 2], "rotation": 90, "texture": "#2"},
				"east": {"uv": [1, 0, 2.2, 6], "texture": "#2"},
				"south": {"uv": [0, 1, 6, 2], "rotation": 270, "texture": "#2"},
				"west": {"uv": [8, 7, 9.2, 13], "rotation": 180, "texture": "#1"},
				"up": {"uv": [0, 1, 1.2, 2], "rotation": 270, "texture": "#2"},
				"down": {"uv": [0, 1, 1.2, 2], "rotation": 270, "texture": "#2"}
			}
		},
		{
			"from": [9.26297, 18.75618, 7.5],
			"to": [10.26297, 21.75618, 8.5],
			"rotation": {"angle": 45, "axis": "z", "origin": [9.76297, 20.75618, 8]},
			"faces": {
				"north": {"uv": [0, 1, 6, 2], "rotation": 90, "texture": "#2"},
				"east": {"uv": [1, 0, 2.2, 6], "texture": "#2"},
				"south": {"uv": [0, 1, 6, 2], "rotation": 270, "texture": "#2"},
				"west": {"uv": [10, 10, 11.2, 16], "rotation": 180, "texture": "#1"},
				"up": {"uv": [0, 1, 1.2, 2], "rotation": 270, "texture": "#2"},
				"down": {"uv": [0, 1, 1.2, 2], "rotation": 270, "texture": "#2"}
			}
		},
		{
			"from": [5.38348, 18.90262, 7.5],
			"to": [6.38348, 21.90262, 8.5],
			"rotation": {"angle": -45, "axis": "z", "origin": [5.88348, 20.40262, 8]},
			"faces": {
				"north": {"uv": [0, 2, 6, 1], "rotation": 90, "texture": "#2"},
				"east": {"uv": [11.2, 10, 10, 16], "rotation": 180, "texture": "#1"},
				"south": {"uv": [0, 2, 6, 1], "rotation": 270, "texture": "#2"},
				"west": {"uv": [2.2, 0, 1, 6], "texture": "#2"},
				"up": {"uv": [0, 2, 1.2, 1], "rotation": 270, "texture": "#2"},
				"down": {"uv": [0, 2, 1.2, 1], "rotation": 270, "texture": "#2"}
			}
		},
		{
			"from": [7.5, 17.40602, 6.00339],
			"to": [8.5, 20.40602, 7.00339],
			"rotation": {"angle": 45, "axis": "x", "origin": [8, 20.40262, 8]},
			"faces": {
				"north": {"uv": [2.2, 0, 1, 6], "texture": "#2"},
				"east": {"uv": [0, 2, 6, 1], "rotation": 90, "texture": "#2"},
				"south": {"uv": [11.2, 10, 10, 16], "rotation": 180, "texture": "#1"},
				"west": {"uv": [0, 2, 6, 1], "rotation": 270, "texture": "#2"},
				"up": {"uv": [0, 2, 1.2, 1], "texture": "#2"},
				"down": {"uv": [0, 2, 1.2, 1], "rotation": 180, "texture": "#2"}
			}
		},
		{
			"from": [7.5, 17.40602, 8.99661],
			"to": [8.5, 20.40602, 9.99661],
			"rotation": {"angle": -45, "axis": "x", "origin": [8, 20.40262, 8]},
			"faces": {
				"north": {"uv": [10, 10, 11.2, 16], "rotation": 180, "texture": "#1"},
				"east": {"uv": [0, 1, 6, 2], "rotation": 90, "texture": "#2"},
				"south": {"uv": [1, 0, 2.2, 6], "texture": "#2"},
				"west": {"uv": [0, 1, 6, 2], "rotation": 270, "texture": "#2"},
				"up": {"uv": [0, 1, 1.2, 2], "texture": "#2"},
				"down": {"uv": [0, 1, 1.2, 2], "rotation": 180, "texture": "#2"}
			}
		},
		{
			"from": [5.01836, 16.99091, 7.4],
			"to": [6.01836, 20.99091, 8.6],
			"rotation": {"angle": 22.5, "axis": "z", "origin": [8, 18.96298, 8]},
			"faces": {
				"north": {"uv": [0, 0, 6, 1], "rotation": 90, "texture": "#2"},
				"east": {"uv": [7, 7, 8.2, 13], "rotation": 180, "texture": "#1"},
				"south": {"uv": [0, 0, 6, 1], "rotation": 270, "texture": "#2"},
				"west": {"uv": [0, 0, 1.2, 6], "texture": "#2"},
				"up": {"uv": [0, 0, 1.2, 1], "rotation": 270, "texture": "#2"},
				"down": {"uv": [0, 0, 1.2, 1], "rotation": 270, "texture": "#2"}
			}
		},
		{
			"from": [6, 16, 7.5],
			"to": [10, 17, 8.5],
			"rotation": {"angle": 0, "axis": "y", "origin": [8, 21.5, 8]},
			"faces": {
				"north": {"uv": [0, 0, 4, 1], "texture": "#2"},
				"east": {"uv": [0, 0, 1, 1], "texture": "#2"},
				"south": {"uv": [0, 0, 4, 1], "texture": "#2"},
				"west": {"uv": [0, 0, 1, 1], "texture": "#2"},
				"up": {"uv": [8, 6, 9, 10], "rotation": 270, "texture": "#1"},
				"down": {"uv": [0, 0, 1, 4], "rotation": 90, "texture": "#2"}
			}
		},
		{
			"from": [7.5, 1, 7.5],
			"to": [8.5, 16, 8.5],
			"rotation": {"angle": 0, "axis": "y", "origin": [0, 9, 0]},
			"faces": {
				"north": {"uv": [0, 0, 1, 15], "texture": "#2"},
				"east": {"uv": [0, 0, 1, 15], "texture": "#2"},
				"south": {"uv": [0, 0, 1, 15], "texture": "#2"},
				"west": {"uv": [0, 0, 1, 15], "texture": "#2"},
				"up": {"uv": [0, 0, 1, 1], "texture": "#2"},
				"down": {"uv": [0, 0, 1, 1], "texture": "#2"}
			}
		},
		{
			"from": [7, 14.5, 7],
			"to": [9, 16.5, 9],
			"rotation": {"angle": 0, "axis": "y", "origin": [0, 1, 0]},
			"faces": {
				"north": {"uv": [0, 0, 16, 16], "texture": "#2"},
				"east": {"uv": [0, 0, 16, 16], "texture": "#2"},
				"south": {"uv": [0, 0, 16, 16], "texture": "#2"},
				"west": {"uv": [0, 0, 16, 16], "texture": "#2"},
				"up": {"uv": [0, 0, 16, 16], "texture": "#2"},
				"down": {"uv": [0, 0, 16, 16], "texture": "#2"}
			}
		},
		{
			"from": [7, 12.5, 7],
			"to": [9, 14.5, 9],
			"rotation": {"angle": 45, "axis": "y", "origin": [8, 13.5, 8]},
			"faces": {
				"north": {"uv": [0, 0, 16, 16], "texture": "#2"},
				"east": {"uv": [0, 0, 16, 16], "texture": "#2"},
				"south": {"uv": [0, 0, 16, 16], "texture": "#2"},
				"west": {"uv": [0, 0, 16, 16], "texture": "#2"},
				"up": {"uv": [0, 0, 16, 16], "texture": "#2"},
				"down": {"uv": [0, 0, 16, 16], "texture": "#2"}
			}
		},
		{
			"from": [7, 2.5, 7],
			"to": [9, 4.5, 9],
			"rotation": {"angle": 0, "axis": "y", "origin": [0, -11, 0]},
			"faces": {
				"north": {"uv": [0, 0, 16, 16], "texture": "#2"},
				"east": {"uv": [0, 0, 16, 16], "texture": "#2"},
				"south": {"uv": [0, 0, 16, 16], "texture": "#2"},
				"west": {"uv": [0, 0, 16, 16], "texture": "#2"},
				"up": {"uv": [0, 0, 16, 16], "texture": "#2"},
				"down": {"uv": [0, 0, 16, 16], "texture": "#2"}
			}
		},
		{
			"from": [7, 0.5, 7],
			"to": [9, 2.5, 9],
			"rotation": {"angle": 45, "axis": "y", "origin": [8, 1.5, 8]},
			"faces": {
				"north": {"uv": [0, 0, 16, 16], "texture": "#2"},
				"east": {"uv": [0, 0, 16, 16], "texture": "#2"},
				"south": {"uv": [0, 0, 16, 16], "texture": "#2"},
				"west": {"uv": [0, 0, 16, 16], "texture": "#2"},
				"up": {"uv": [0, 0, 16, 16], "texture": "#2"},
				"down": {"uv": [0, 0, 16, 16], "texture": "#2"}
			}
		}
	],
	"gui_light": "front",
	"display": {
		"thirdperson_righthand": {
			"translation": [0, -0.75, 1]
		},
		"thirdperson_lefthand": {
			"translation": [0, -0.75, 1]
		},
		"firstperson_righthand": {
			"translation": [0, -0.75, 1]
		},
		"firstperson_lefthand": {
			"translation": [0, -0.75, 1]
		},
		"ground": {
			"rotation": [46, 0, 0],
			"translation": [0, 4.75, 0]
		},
		"gui": {
			"rotation": [15, 29, -53],
			"translation": [-1.75, -1.75, 0],
			"scale": [0.8, 0.8, 0.8]
		}
	}
}