{
	"credit": "Made with Blockbench",
	"textures": {
		"0": "block/oak_log",
		"1": "block/spruce_planks",
		"particle": "block/oak_log"
	},
	"elements": [
		{
			"from": [7.5, 0, 7.5],
			"to": [8.5, 4, 8.5],
			"faces": {
				"north": {"uv": [0, 0, 2, 8], "texture": "#0"},
				"east": {"uv": [0, 0, 2, 8], "texture": "#0"},
				"south": {"uv": [0, 0, 2, 8], "texture": "#0"},
				"west": {"uv": [0, 0, 2, 8], "texture": "#0"},
				"up": {"uv": [0, 0, 2, 2], "texture": "#0"},
				"down": {"uv": [0, 0, 2, 2], "texture": "#0"}
			}
		},
		{
			"from": [7.7, 4, 7.7],
			"to": [8.3, 12, 8.3],
			"faces": {
				"north": {"uv": [0, 0, 1.599, 16], "texture": "#1"},
				"east": {"uv": [0, 0, 1.599, 16], "texture": "#1"},
				"south": {"uv": [0, 0, 1.599, 16], "texture": "#1"},
				"west": {"uv": [0, 0, 1.599, 16], "texture": "#1"},
				"up": {"uv": [0, 0, 1.599, 1.599], "texture": "#1"},
				"down": {"uv": [0, 0, 1.599, 1.599], "texture": "#1"}
			}
		}
	],
	"gui_light": "front",	"display": {
		"thirdperson_righthand": {
			"translation": [0, 7.75, 0]
		},
		"thirdperson_lefthand": {
			"translation": [0, 7.75, 0]
		},
		"firstperson_righthand": {
			"translation": [0, 7.75, 0]
		},
		"firstperson_lefthand": {
			"translation": [0, 7.75, 0]
		},
		"ground": {
			"rotation": [8, 0, 0],
			"translation": [0, 4.75, 0]
		},
		"gui": {
			"rotation": [0, 30, 43],
			"translation": [-1.5, 1.75, 0],
			"scale": [1.5, 1.5, 1.5]
		}
	}
}