{
	"credit": "Made with Blockbench",
	"textures": {
		"0": "block/sandstone_bottom",
		"1": "block/sandstone_top",
		"2": "block/nether_wart_block",
		"3": "block/bone_block_side",
		"particle": "block/red_sandstone_bottom"
	},
	"elements": [
		{
			"from": [23, 1.25, 2],
			"to": [26, 3.25, 14],
			"rotation": {"angle": 0, "axis": "y", "origin": [0, 3.25, 0]},
			"faces": {
				"north": {"uv": [0, 2, 3, 4], "tintindex": 0,"texture": "#1"},
				"east": {"uv": [0, 2, 12, 4], "tintindex": 0,"texture": "#1"},
				"south": {"uv": [0, 2, 3, 4], "tintindex": 0,"texture": "#1"},
				"west": {"uv": [0, 2, 12, 4], "tintindex": 0,"texture": "#1"},
				"up": {"uv": [0, 4, 3, 16], "tintindex": 0,"texture": "#1"},
				"down": {"uv": [0, 4, 3, 16], "tintindex": 0,"texture": "#1"}
			}
		},
		{
			"from": [10.03494, 1.35, -1.17565],
			"to": [26.03494, 3.35, 1.82435],
			"rotation": {"angle": -22.5, "axis": "y", "origin": [18.03494, 2.35, 0.32435]},
			"faces": {
				"north": {"uv": [0, 2, 16, 4], "tintindex": 0,"texture": "#1"},
				"east": {"uv": [0, 2, 3, 4], "tintindex": 0,"texture": "#1"},
				"south": {"uv": [0, 2, 16, 4], "tintindex": 0,"texture": "#1"},
				"west": {"uv": [0, 2, 3, 4], "tintindex": 0,"texture": "#1"},
				"up": {"uv": [3, 0, 6, 16], "rotation": 90, "tintindex": 0,"texture": "#1"},
				"down": {"uv": [3, 0, 6, 16], "rotation": 270, "tintindex": 0,"texture": "#1"}
			}
		},
		{
			"from": [-0.78207, 1.25, -4.12293],
			"to": [11.21793, 3.25, -1.12293],
			"rotation": {"angle": 0, "axis": "y", "origin": [3.21793, 2.35, -2.62293]},
			"faces": {
				"north": {"uv": [0, 2, 12, 4], "tintindex": 0,"texture": "#1"},
				"east": {"uv": [0, 2, 3, 4], "tintindex": 0,"texture": "#1"},
				"south": {"uv": [0, 2, 12, 4], "tintindex": 0,"texture": "#1"},
				"west": {"uv": [0, 2, 3, 4], "tintindex": 0,"texture": "#1"},
				"up": {"uv": [3, 0, 6, 12], "rotation": 90, "tintindex": 0,"texture": "#1"},
				"down": {"uv": [3, 0, 6, 12], "rotation": 270, "tintindex": 0,"texture": "#1"}
			}
		},
		{
			"from": [-0.78207, 1.25, 17.12293],
			"to": [11.21793, 3.25, 20.12293],
			"rotation": {"angle": 0, "axis": "y", "origin": [3.21793, 2.35, -2.37707]},
			"faces": {
				"north": {"uv": [0, 2, 12, 4], "tintindex": 0,"texture": "#1"},
				"east": {"uv": [0, 2, 3, 4], "tintindex": 0,"texture": "#1"},
				"south": {"uv": [0, 2, 12, 4], "tintindex": 0,"texture": "#1"},
				"west": {"uv": [0, 2, 3, 4], "tintindex": 0,"texture": "#1"},
				"up": {"uv": [3, 0, 6, 12], "rotation": 90, "tintindex": 0,"texture": "#1"},
				"down": {"uv": [3, 0, 6, 12], "rotation": 270, "tintindex": 0,"texture": "#1"}
			}
		},
		{
			"from": [10.03494, 1.35, 14.17565],
			"to": [26.03494, 3.35, 17.17565],
			"rotation": {"angle": 22.5, "axis": "y", "origin": [18.03494, 2.35, 15.67565]},
			"faces": {
				"north": {"uv": [0, 2, 16, 4], "tintindex": 0,"texture": "#1"},
				"east": {"uv": [0, 2, 3, 4], "tintindex": 0,"texture": "#1"},
				"south": {"uv": [0, 2, 16, 4], "tintindex": 0,"texture": "#1"},
				"west": {"uv": [0, 2, 3, 4], "tintindex": 0,"texture": "#1"},
				"up": {"uv": [3, 0, 6, 16], "rotation": 90, "tintindex": 0,"texture": "#1"},
				"down": {"uv": [3, 0, 6, 16], "rotation": 270, "tintindex": 0,"texture": "#1"}
			}
		},
		{
			"from": [20, 1.75, 2],
			"to": [24, 6.75, 14],
			"rotation": {"angle": 0, "axis": "y", "origin": [0, 2, 0]},
			"faces": {
				"north": {"uv": [0, 2, 3, 0], "tintindex": 0,"texture": "#1"},
				"east": {"uv": [0, 2, 12, 0], "tintindex": 0,"texture": "#1"},
				"south": {"uv": [0, 2, 3, 0], "tintindex": 0,"texture": "#1"},
				"west": {"uv": [0, 2, 12, 0], "tintindex": 0,"texture": "#1"},
				"up": {"uv": [0, 12, 3, 0], "tintindex": 0,"texture": "#1"},
				"down": {"uv": [9, 12, 12, 0], "tintindex": 0,"texture": "#2"}
			}
		},
		{
			"from": [15, 1.75, -0.5],
			"to": [20, 8.75, 16.5],
			"rotation": {"angle": 0, "axis": "y", "origin": [0, 2, 0]},
			"faces": {
				"north": {"uv": [0, 3, 5, 0], "tintindex": 0,"texture": "#1"},
				"east": {"uv": [0, 3, 15, 0], "tintindex": 0,"texture": "#1"},
				"south": {"uv": [0, 3, 5, 0], "tintindex": 0,"texture": "#1"},
				"west": {"uv": [0, 3, 15, 0], "tintindex": 0,"texture": "#1"},
				"up": {"uv": [0, 15, 5, 0], "tintindex": 0,"texture": "#1"},
				"down": {"uv": [7, 16, 12, 1], "tintindex": 0,"texture": "#2"}
			}
		},
		{
			"from": [10, 1.75, -2],
			"to": [15, 10.75, 18],
			"rotation": {"angle": 0, "axis": "y", "origin": [0, 2, 0]},
			"faces": {
				"north": {"uv": [0, 4, 5, 0], "tintindex": 0,"texture": "#1"},
				"east": {"uv": [0, 4, 16, 0], "tintindex": 0,"texture": "#1"},
				"south": {"uv": [0, 4, 5, 0], "tintindex": 0,"texture": "#1"},
				"west": {"uv": [0, 4, 16, 0], "tintindex": 0,"texture": "#1"},
				"up": {"uv": [0, 16, 5, 0], "tintindex": 0,"texture": "#1"},
				"down": {"uv": [6, 16, 11, 0], "tintindex": 0,"texture": "#2"}
			}
		},
		{
			"from": [-1, 2, -3],
			"to": [10, 12, 19],
			"rotation": {"angle": 0, "axis": "y", "origin": [0, 2, 0]},
			"faces": {
				"north": {"uv": [0, 6, 11, 16], "tintindex": 0,"texture": "#1"},
				"east": {"uv": [0, 6, 16, 16], "tintindex": 0,"texture": "#1"},
				"south": {"uv": [0, 6, 11, 16], "tintindex": 0,"texture": "#1"},
				"west": {"uv": [0, 6, 16, 16], "tintindex": 0,"texture": "#1"},
				"up": {"uv": [0, 0, 11, 16], "tintindex": 0,"texture": "#1"},
				"down": {"uv": [0, 0, 11, 16], "tintindex": 0,"texture": "#2"}
			}
		},
		{
			"from": [-11.75, -2, -4],
			"to": [-0.75, 14, 20],
			"rotation": {"angle": 0, "axis": "y", "origin": [0, 2, 0]},
			"faces": {
				"north": {"uv": [0, 0, 11, 16], "tintindex": 0,"texture": "#1"},
				"east": {"uv": [0, 0, 16, 16], "tintindex": 0,"texture": "#1"},
				"south": {"uv": [0, 0, 11, 16], "tintindex": 0,"texture": "#1"},
				"west": {"uv": [0, 0, 16, 16], "tintindex": 0,"texture": "#1"},
				"up": {"uv": [0, 0, 11, 16], "tintindex": 0,"texture": "#1"},
				"down": {"uv": [0, 0, 11, 16], "tintindex": 0,"texture": "#1"}
			}
		},
		{
			"from": [-1, 0, -1],
			"to": [3, 4, 0],
			"rotation": {"angle": -45, "axis": "z", "origin": [2, 1, 0.5]},
			"faces": {
				"north": {"uv": [0, 4, 4, 8], "tintindex": 0,"texture": "#3"},
				"east": {"uv": [0, 4, 1, 8], "tintindex": 0,"texture": "#3"},
				"south": {"uv": [0, 4, 4, 8], "tintindex": 0,"texture": "#3"},
				"west": {"uv": [0, 4, 1, 8], "tintindex": 0,"texture": "#3"},
				"up": {"uv": [0, 1, 4, 2], "tintindex": 0,"texture": "#3"},
				"down": {"uv": [0, 1, 4, 2], "tintindex": 0,"texture": "#3"}
			}
		},
		{
			"from": [3, 4, -1],
			"to": [7, 8, 0],
			"rotation": {"angle": -45, "axis": "z", "origin": [2, 1, 0.5]},
			"faces": {
				"north": {"uv": [0, 4, 4, 8], "tintindex": 0,"texture": "#3"},
				"east": {"uv": [0, 4, 1, 8], "tintindex": 0,"texture": "#3"},
				"south": {"uv": [0, 4, 4, 8], "tintindex": 0,"texture": "#3"},
				"west": {"uv": [0, 4, 1, 8], "tintindex": 0,"texture": "#3"},
				"up": {"uv": [0, 1, 4, 2], "tintindex": 0,"texture": "#3"},
				"down": {"uv": [0, 1, 4, 2], "tintindex": 0,"texture": "#3"}
			}
		},
		{
			"from": [7, 8, 0],
			"to": [11, 12, 1],
			"rotation": {"angle": -45, "axis": "z", "origin": [2, 1, 0.5]},
			"faces": {
				"north": {"uv": [0, 4, 4, 8], "tintindex": 0,"texture": "#3"},
				"east": {"uv": [0, 4, 1, 8], "tintindex": 0,"texture": "#3"},
				"south": {"uv": [0, 4, 4, 8], "tintindex": 0,"texture": "#3"},
				"west": {"uv": [0, 4, 1, 8], "tintindex": 0,"texture": "#3"},
				"up": {"uv": [0, 1, 4, 2], "tintindex": 0,"texture": "#3"},
				"down": {"uv": [0, 1, 4, 2], "tintindex": 0,"texture": "#3"}
			}
		},
		{
			"from": [7, 8, 15],
			"to": [11, 12, 16],
			"rotation": {"angle": -45, "axis": "z", "origin": [2, 1, 0.5]},
			"faces": {
				"north": {"uv": [0, 4, 4, 8], "tintindex": 0,"texture": "#3"},
				"east": {"uv": [0, 4, 1, 8], "tintindex": 0,"texture": "#3"},
				"south": {"uv": [0, 4, 4, 8], "tintindex": 0,"texture": "#3"},
				"west": {"uv": [0, 4, 1, 8], "tintindex": 0,"texture": "#3"},
				"up": {"uv": [0, 1, 4, 2], "tintindex": 0,"texture": "#3"},
				"down": {"uv": [0, 1, 4, 2], "tintindex": 0,"texture": "#3"}
			}
		},
		{
			"from": [3, 4, 16],
			"to": [7, 8, 17],
			"rotation": {"angle": -45, "axis": "z", "origin": [2, 1, 0.5]},
			"faces": {
				"north": {"uv": [0, 4, 4, 8], "tintindex": 0,"texture": "#3"},
				"east": {"uv": [0, 4, 1, 8], "tintindex": 0,"texture": "#3"},
				"south": {"uv": [0, 4, 4, 8], "tintindex": 0,"texture": "#3"},
				"west": {"uv": [0, 4, 1, 8], "tintindex": 0,"texture": "#3"},
				"up": {"uv": [0, 1, 4, 2], "tintindex": 0,"texture": "#3"},
				"down": {"uv": [0, 1, 4, 2], "tintindex": 0,"texture": "#3"}
			}
		},
		{
			"from": [-1, 0, 16],
			"to": [3, 4, 17],
			"rotation": {"angle": -45, "axis": "z", "origin": [2, 1, 0.5]},
			"faces": {
				"north": {"uv": [0, 4, 4, 8], "tintindex": 0,"texture": "#3"},
				"east": {"uv": [0, 4, 1, 8], "tintindex": 0,"texture": "#3"},
				"south": {"uv": [0, 4, 4, 8], "tintindex": 0,"texture": "#3"},
				"west": {"uv": [0, 4, 1, 8], "tintindex": 0,"texture": "#3"},
				"up": {"uv": [0, 1, 4, 2], "tintindex": 0,"texture": "#3"},
				"down": {"uv": [0, 1, 4, 2], "tintindex": 0,"texture": "#3"}
			}
		},
		{
			"from": [10, 11, 2.25],
			"to": [14, 15, 3.25],
			"rotation": {"angle": -45, "axis": "z", "origin": [2, 1, 0.5]},
			"faces": {
				"north": {"uv": [0, 4, 4, 8], "tintindex": 0,"texture": "#3"},
				"east": {"uv": [0, 4, 1, 8], "tintindex": 0,"texture": "#3"},
				"south": {"uv": [0, 4, 4, 8], "tintindex": 0,"texture": "#3"},
				"west": {"uv": [0, 4, 1, 8], "tintindex": 0,"texture": "#3"},
				"up": {"uv": [0, 1, 4, 2], "tintindex": 0,"texture": "#3"},
				"down": {"uv": [0, 1, 4, 2], "tintindex": 0,"texture": "#3"}
			}
		},
		{
			"from": [21.05635, -1.58579, 2.75],
			"to": [22.05635, 2.41421, 6.75],
			"rotation": {"angle": -45, "axis": "x", "origin": [17.55635, 2.41421, 2.75]},
			"faces": {
				"north": {"uv": [0, 4, 1, 8], "tintindex": 0,"texture": "#3"},
				"east": {"uv": [0, 4, 4, 8], "tintindex": 0,"texture": "#3"},
				"south": {"uv": [0, 4, 1, 8], "tintindex": 0,"texture": "#3"},
				"west": {"uv": [0, 4, 4, 8], "tintindex": 0,"texture": "#3"},
				"up": {"uv": [4, 0, 8, 1], "rotation": 90, "tintindex": 0,"texture": "#3"},
				"down": {"uv": [4, 0, 8, 1], "rotation": 270, "tintindex": 0,"texture": "#3"}
			}
		},
		{
			"from": [21.05635, -5.58579, 6.75],
			"to": [22.05635, -1.58579, 10.75],
			"rotation": {"angle": -45, "axis": "x", "origin": [17.55635, 2.41421, 2.75]},
			"faces": {
				"north": {"uv": [0, 4, 1, 8], "tintindex": 0,"texture": "#3"},
				"east": {"uv": [0, 4, 4, 8], "tintindex": 0,"texture": "#3"},
				"south": {"uv": [0, 4, 1, 8], "tintindex": 0,"texture": "#3"},
				"west": {"uv": [0, 4, 4, 8], "tintindex": 0,"texture": "#3"},
				"up": {"uv": [4, 0, 8, 1], "rotation": 90, "tintindex": 0,"texture": "#3"},
				"down": {"uv": [4, 0, 8, 1], "rotation": 270, "tintindex": 0,"texture": "#3"}
			}
		},
		{
			"from": [10, 11, 12.75],
			"to": [14, 15, 13.75],
			"rotation": {"angle": -45, "axis": "z", "origin": [2, 1, 0.5]},
			"faces": {
				"north": {"uv": [0, 4, 4, 8], "tintindex": 0,"texture": "#3"},
				"east": {"uv": [0, 4, 1, 8], "tintindex": 0,"texture": "#3"},
				"south": {"uv": [0, 4, 4, 8], "tintindex": 0,"texture": "#3"},
				"west": {"uv": [0, 4, 1, 8], "tintindex": 0,"texture": "#3"},
				"up": {"uv": [0, 1, 4, 2], "tintindex": 0,"texture": "#3"},
				"down": {"uv": [0, 1, 4, 2], "tintindex": 0,"texture": "#3"}
			}
		},
		{
			"from": [-8, -2.25, -1],
			"to": [0, 1.75, 17],
			"rotation": {"angle": 0, "axis": "y", "origin": [0, 2, 0]},
			"faces": {
				"north": {"uv": [0, 4, 8, 8], "tintindex": 0,"texture": "#2"},
				"east": {"uv": [0, 4, 16, 8], "tintindex": 0,"texture": "#2"},
				"south": {"uv": [0, 4, 8, 8], "tintindex": 0,"texture": "#2"},
				"west": {"uv": [0, 4, 16, 8], "tintindex": 0,"texture": "#2"},
				"up": {"uv": [0, 0, 8, 16], "tintindex": 0,"texture": "#2"},
				"down": {"uv": [0, 0, 8, 16], "tintindex": 0,"texture": "#2"}
			}
		},
		{
			"from": [22.92807, 2.63896, 4],
			"to": [24.92807, 8.63896, 12],
			"rotation": {"angle": 22.5, "axis": "z", "origin": [23.92807, 5.63896, 6]},
			"faces": {
				"north": {"uv": [0, 0, 6, 2], "rotation": 270, "tintindex": 0,"texture": "#0"},
				"east": {"uv": [0, 0, 6, 8], "rotation": 90, "tintindex": 0,"texture": "#0"},
				"south": {"uv": [0, 0, 6, 2], "rotation": 90, "tintindex": 0,"texture": "#0"},
				"west": {"uv": [0, 0, 6, 8], "rotation": 90, "tintindex": 0,"texture": "#0"},
				"up": {"uv": [0, 0, 8, 2], "rotation": 90, "tintindex": 0,"texture": "#0"},
				"down": {"uv": [0, 0, 8, 2], "rotation": 90, "tintindex": 0,"texture": "#0"}
			}
		},
		{
			"from": [9.66376, 7.59147, 3.5],
			"to": [23.66376, 10.59147, 12.5],
			"rotation": {"angle": -22.5, "axis": "z", "origin": [19.16376, 9.59147, 8]},
			"faces": {
				"north": {"uv": [0, 0, 14, 3], "tintindex": 0,"texture": "#0"},
				"east": {"uv": [0, 0, 9, 3], "tintindex": 0,"texture": "#0"},
				"south": {"uv": [0, 0, 14, 3], "tintindex": 0,"texture": "#0"},
				"west": {"uv": [0, 0, 9, 3], "tintindex": 0,"texture": "#0"},
				"up": {"uv": [0, 0, 14, 9], "tintindex": 0,"texture": "#0"},
				"down": {"uv": [0, 0, 14, 9], "tintindex": 0,"texture": "#0"}
			}
		},
		{
			"from": [-1.23041, 11.15085, 3],
			"to": [10.76959, 14.15085, 13],
			"rotation": {"angle": 0, "axis": "z", "origin": [3.76959, 12.65085, 8]},
			"faces": {
				"north": {"uv": [0, 0, 12, 3], "tintindex": 0,"texture": "#0"},
				"east": {"uv": [0, 0, 10, 3], "tintindex": 0,"texture": "#0"},
				"south": {"uv": [0, 0, 12, 3], "tintindex": 0,"texture": "#0"},
				"west": {"uv": [0, 0, 10, 3], "tintindex": 0,"texture": "#0"},
				"up": {"uv": [0, 0, 12, 10], "tintindex": 0,"texture": "#0"},
				"down": {"uv": [0, 0, 12, 10], "tintindex": 0,"texture": "#0"}
			}
		},
		{
			"from": [-12.23041, 12.15085, 3],
			"to": [-1.23041, 15.15085, 13],
			"rotation": {"angle": 0, "axis": "z", "origin": [3.76959, 12.65085, 8]},
			"faces": {
				"north": {"uv": [0, 0, 11, 3], "tintindex": 0,"texture": "#0"},
				"east": {"uv": [0, 0, 10, 3], "tintindex": 0,"texture": "#0"},
				"south": {"uv": [0, 0, 11, 3], "tintindex": 0,"texture": "#0"},
				"west": {"uv": [0, 0, 10, 3], "tintindex": 0,"texture": "#0"},
				"up": {"uv": [0, 0, 11, 10], "tintindex": 0,"texture": "#0"},
				"down": {"uv": [0, 0, 11, 10], "tintindex": 0,"texture": "#0"}
			}
		}
	],
	"display": {
		"head": {
			"rotation": [0, 90, 0],
			"translation": [0, 22.75, -45.5],
			"scale": [3, 3, 3]
		}
	}
}