{
	"credit": "Made with Blockbench",
	"textures": {
		"1": "block/sandstone_top",
		"2": "block/nether_wart_block",
		"3": "block/bone_block_side",
		"particle": "block/red_sandstone_bottom"
	},
	"elements": [
		{
			"from": [23, 0, 2],
			"to": [26, 2, 14],
			"faces": {
				"north": {"uv": [0, 0, 3, 2], "tintindex": 0,"texture": "#1"},
				"east": {"uv": [0, 0, 12, 2], "tintindex": 0,"texture": "#1"},
				"south": {"uv": [0, 0, 3, 2], "tintindex": 0,"texture": "#1"},
				"west": {"uv": [0, 0, 12, 2], "tintindex": 0,"texture": "#1"},
				"up": {"uv": [0, 0, 3, 12], "tintindex": 0,"texture": "#1"},
				"down": {"uv": [0, 0, 3, 12], "tintindex": 0,"texture": "#1"}
			}
		},
		{
			"from": [10.03494, -0.1, -1.17565],
			"to": [26.03494, 1.9, 1.82435],
			"rotation": {"angle": -22.5, "axis": "y", "origin": [18.03494, 0.9, 0.32435]},
			"faces": {
				"north": {"uv": [0, 0, 16, 2], "tintindex": 0,"texture": "#1"},
				"east": {"uv": [0, 0, 3, 2], "tintindex": 0,"texture": "#1"},
				"south": {"uv": [0, 0, 16, 2], "tintindex": 0,"texture": "#1"},
				"west": {"uv": [0, 0, 3, 2], "tintindex": 0,"texture": "#1"},
				"up": {"uv": [0, 0, 3, 16], "rotation": 270, "tintindex": 0,"texture": "#1"},
				"down": {"uv": [0, 0, 3, 16], "rotation": 90, "tintindex": 0,"texture": "#1"}
			}
		},
		{
			"from": [-0.78207, 0, -4.12293],
			"to": [11.21793, 2, -1.12293],
			"rotation": {"angle": 0, "axis": "y", "origin": [3.21793, 0.9, -2.62293]},
			"faces": {
				"north": {"uv": [0, 0, 12, 2], "tintindex": 0,"texture": "#1"},
				"east": {"uv": [0, 0, 3, 2], "tintindex": 0,"texture": "#1"},
				"south": {"uv": [0, 0, 12, 2], "tintindex": 0,"texture": "#1"},
				"west": {"uv": [0, 0, 3, 2], "tintindex": 0,"texture": "#1"},
				"up": {"uv": [0, 0, 3, 12], "rotation": 270, "tintindex": 0,"texture": "#1"},
				"down": {"uv": [0, 0, 3, 12], "rotation": 90, "tintindex": 0,"texture": "#1"}
			}
		},
		{
			"from": [-0.78207, 0, 17.12293],
			"to": [11.21793, 2, 20.12293],
			"rotation": {"angle": 0, "axis": "y", "origin": [3.21793, 0.9, -2.37707]},
			"faces": {
				"north": {"uv": [0, 0, 12, 2], "tintindex": 0,"texture": "#1"},
				"east": {"uv": [0, 0, 3, 2], "tintindex": 0,"texture": "#1"},
				"south": {"uv": [0, 0, 12, 2], "tintindex": 0,"texture": "#1"},
				"west": {"uv": [0, 0, 3, 2], "tintindex": 0,"texture": "#1"},
				"up": {"uv": [0, 0, 3, 12], "rotation": 270, "tintindex": 0,"texture": "#1"},
				"down": {"uv": [0, 0, 3, 12], "rotation": 90, "tintindex": 0,"texture": "#1"}
			}
		},
		{
			"from": [10.03494, -0.1, 14.17565],
			"to": [26.03494, 1.9, 17.17565],
			"rotation": {"angle": 22.5, "axis": "y", "origin": [18.03494, 0.9, 15.67565]},
			"faces": {
				"north": {"uv": [0, 0, 16, 2], "tintindex": 0,"texture": "#1"},
				"east": {"uv": [0, 0, 3, 2], "tintindex": 0,"texture": "#1"},
				"south": {"uv": [0, 0, 16, 2], "tintindex": 0,"texture": "#1"},
				"west": {"uv": [0, 0, 3, 2], "tintindex": 0,"texture": "#1"},
				"up": {"uv": [0, 0, 3, 16], "rotation": 270, "tintindex": 0,"texture": "#1"},
				"down": {"uv": [0, 0, 3, 16], "rotation": 90, "tintindex": 0,"texture": "#1"}
			}
		},
		{
			"from": [20, -3.75, 2],
			"to": [23, 0.25, 14],
			"faces": {
				"north": {"uv": [0, 0, 3, 2], "tintindex": 0,"texture": "#1"},
				"east": {"uv": [0, 0, 12, 2], "tintindex": 0,"texture": "#1"},
				"south": {"uv": [0, 0, 3, 2], "tintindex": 0,"texture": "#1"},
				"west": {"uv": [0, 0, 12, 2], "tintindex": 0,"texture": "#1"},
				"up": {"uv": [9, 0, 12, 12], "tintindex": 0,"texture": "#2"},
				"down": {"uv": [0, 0, 3, 12], "tintindex": 0,"texture": "#1"}
			}
		},
		{
			"from": [15, -4.75, -0.5],
			"to": [20, 0.25, 16.5],
			"faces": {
				"north": {"uv": [0, 0, 5, 3], "tintindex": 0,"texture": "#1"},
				"east": {"uv": [0, 0, 15, 3], "tintindex": 0,"texture": "#1"},
				"south": {"uv": [0, 0, 5, 3], "tintindex": 0,"texture": "#1"},
				"west": {"uv": [0, 0, 15, 3], "tintindex": 0,"texture": "#1"},
				"up": {"uv": [7, 1, 12, 16], "tintindex": 0,"texture": "#2"},
				"down": {"uv": [0, 0, 5, 15], "tintindex": 0,"texture": "#1"}
			}
		},
		{
			"from": [10, -5.75, -2],
			"to": [15, 0.25, 18],
			"faces": {
				"north": {"uv": [0, 0, 5, 4], "tintindex": 0,"texture": "#1"},
				"east": {"uv": [0, 0, 16, 4], "tintindex": 0,"texture": "#1"},
				"south": {"uv": [0, 0, 5, 4], "tintindex": 0,"texture": "#1"},
				"west": {"uv": [0, 0, 16, 4], "tintindex": 0,"texture": "#1"},
				"up": {"uv": [6, 0, 11, 16], "tintindex": 0,"texture": "#2"},
				"down": {"uv": [0, 0, 5, 16], "tintindex": 0,"texture": "#1"}
			}
		},
		{
			"from": [-1, -7, -3],
			"to": [10, 0, 19],
			"faces": {
				"north": {"uv": [0, 0, 11, 7], "tintindex": 0,"texture": "#1"},
				"east": {"uv": [0, 0, 16, 7], "tintindex": 0,"texture": "#1"},
				"south": {"uv": [0, 0, 11, 7], "tintindex": 0,"texture": "#1"},
				"west": {"uv": [0, 0, 16, 7], "tintindex": 0,"texture": "#1"},
				"up": {"uv": [0, 0, 11, 16], "tintindex": 0,"texture": "#2"},
				"down": {"uv": [0, 0, 11, 16], "tintindex": 0,"texture": "#1"}
			}
		},
		{
			"from": [-11.75, -7, -4],
			"to": [-0.75, 3, 20],
			"faces": {
				"north": {"uv": [0, 0, 11, 10], "tintindex": 0,"texture": "#1"},
				"east": {"uv": [0, 0, 16, 10], "tintindex": 0,"texture": "#1"},
				"south": {"uv": [0, 0, 11, 10], "tintindex": 0,"texture": "#1"},
				"west": {"uv": [0, 0, 16, 10], "tintindex": 0,"texture": "#1"},
				"up": {"uv": [0, 0, 11, 16], "tintindex": 0,"texture": "#1"},
				"down": {"uv": [0, 0, 11, 16], "tintindex": 0,"texture": "#1"}
			}
		},
		{
			"from": [-1, -2, -1],
			"to": [3, 2, 0],
			"rotation": {"angle": 45, "axis": "z", "origin": [2, 1, 0.5]},
			"faces": {
				"north": {"uv": [0, 0, 4, 4], "tintindex": 0,"texture": "#3"},
				"east": {"uv": [0, 0, 1, 4], "tintindex": 0,"texture": "#3"},
				"south": {"uv": [0, 0, 4, 4], "tintindex": 0,"texture": "#3"},
				"west": {"uv": [0, 0, 1, 4], "tintindex": 0,"texture": "#3"},
				"up": {"uv": [0, 0, 4, 1], "tintindex": 0,"texture": "#3"},
				"down": {"uv": [0, 0, 4, 1], "tintindex": 0,"texture": "#3"}
			}
		},
		{
			"from": [3, -6, -1],
			"to": [7, -2, 0],
			"rotation": {"angle": 45, "axis": "z", "origin": [2, 1, 0.5]},
			"faces": {
				"north": {"uv": [0, 0, 4, 4], "tintindex": 0,"texture": "#3"},
				"east": {"uv": [0, 0, 1, 4], "tintindex": 0,"texture": "#3"},
				"south": {"uv": [0, 0, 4, 4], "tintindex": 0,"texture": "#3"},
				"west": {"uv": [0, 0, 1, 4], "tintindex": 0,"texture": "#3"},
				"up": {"uv": [0, 0, 4, 1], "tintindex": 0,"texture": "#3"},
				"down": {"uv": [0, 0, 4, 1], "tintindex": 0,"texture": "#3"}
			}
		},
		{
			"from": [7, -10, 0],
			"to": [11, -6, 1],
			"rotation": {"angle": 45, "axis": "z", "origin": [2, 1, 0.5]},
			"faces": {
				"north": {"uv": [0, 0, 4, 4], "tintindex": 0,"texture": "#3"},
				"east": {"uv": [0, 0, 1, 4], "tintindex": 0,"texture": "#3"},
				"south": {"uv": [0, 0, 4, 4], "tintindex": 0,"texture": "#3"},
				"west": {"uv": [0, 0, 1, 4], "tintindex": 0,"texture": "#3"},
				"up": {"uv": [0, 0, 4, 1], "tintindex": 0,"texture": "#3"},
				"down": {"uv": [0, 0, 4, 1], "tintindex": 0,"texture": "#3"}
			}
		},
		{
			"from": [7, -10, 15],
			"to": [11, -6, 16],
			"rotation": {"angle": 45, "axis": "z", "origin": [2, 1, 0.5]},
			"faces": {
				"north": {"uv": [0, 0, 4, 4], "tintindex": 0,"texture": "#3"},
				"east": {"uv": [0, 0, 1, 4], "tintindex": 0,"texture": "#3"},
				"south": {"uv": [0, 0, 4, 4], "tintindex": 0,"texture": "#3"},
				"west": {"uv": [0, 0, 1, 4], "tintindex": 0,"texture": "#3"},
				"up": {"uv": [0, 0, 4, 1], "tintindex": 0,"texture": "#3"},
				"down": {"uv": [0, 0, 4, 1], "tintindex": 0,"texture": "#3"}
			}
		},
		{
			"from": [3, -6, 16],
			"to": [7, -2, 17],
			"rotation": {"angle": 45, "axis": "z", "origin": [2, 1, 0.5]},
			"faces": {
				"north": {"uv": [0, 0, 4, 4], "tintindex": 0,"texture": "#3"},
				"east": {"uv": [0, 0, 1, 4], "tintindex": 0,"texture": "#3"},
				"south": {"uv": [0, 0, 4, 4], "tintindex": 0,"texture": "#3"},
				"west": {"uv": [0, 0, 1, 4], "tintindex": 0,"texture": "#3"},
				"up": {"uv": [0, 0, 4, 1], "tintindex": 0,"texture": "#3"},
				"down": {"uv": [0, 0, 4, 1], "tintindex": 0,"texture": "#3"}
			}
		},
		{
			"from": [-1, -2, 16],
			"to": [3, 2, 17],
			"rotation": {"angle": 45, "axis": "z", "origin": [2, 1, 0.5]},
			"faces": {
				"north": {"uv": [0, 0, 4, 4], "tintindex": 0,"texture": "#3"},
				"east": {"uv": [0, 0, 1, 4], "tintindex": 0,"texture": "#3"},
				"south": {"uv": [0, 0, 4, 4], "tintindex": 0,"texture": "#3"},
				"west": {"uv": [0, 0, 1, 4], "tintindex": 0,"texture": "#3"},
				"up": {"uv": [0, 0, 4, 1], "tintindex": 0,"texture": "#3"},
				"down": {"uv": [0, 0, 4, 1], "tintindex": 0,"texture": "#3"}
			}
		},
		{
			"from": [10, -13, 2.25],
			"to": [14, -9, 3.25],
			"rotation": {"angle": 45, "axis": "z", "origin": [2, 1, 0.5]},
			"faces": {
				"north": {"uv": [0, 0, 4, 4], "tintindex": 0,"texture": "#3"},
				"east": {"uv": [0, 0, 1, 4], "tintindex": 0,"texture": "#3"},
				"south": {"uv": [0, 0, 4, 4], "tintindex": 0,"texture": "#3"},
				"west": {"uv": [0, 0, 1, 4], "tintindex": 0,"texture": "#3"},
				"up": {"uv": [0, 0, 4, 1], "tintindex": 0,"texture": "#3"},
				"down": {"uv": [0, 0, 4, 1], "tintindex": 0,"texture": "#3"}
			}
		},
		{
			"from": [21.05635, -0.41421, 2.75],
			"to": [22.05635, 3.58579, 6.75],
			"rotation": {"angle": 45, "axis": "x", "origin": [17.55635, -0.41421, 2.75]},
			"faces": {
				"north": {"uv": [0, 0, 1, 4], "tintindex": 0,"texture": "#3"},
				"east": {"uv": [0, 0, 4, 4], "tintindex": 0,"texture": "#3"},
				"south": {"uv": [0, 0, 1, 4], "tintindex": 0,"texture": "#3"},
				"west": {"uv": [0, 0, 4, 4], "tintindex": 0,"texture": "#3"},
				"up": {"uv": [0, 0, 4, 1], "rotation": 270, "tintindex": 0,"texture": "#3"},
				"down": {"uv": [0, 0, 4, 1], "rotation": 90, "tintindex": 0,"texture": "#3"}
			}
		},
		{
			"from": [21.05635, 3.58579, 6.75],
			"to": [22.05635, 7.58579, 10.75],
			"rotation": {"angle": 45, "axis": "x", "origin": [17.55635, -0.41421, 2.75]},
			"faces": {
				"north": {"uv": [0, 0, 1, 4], "tintindex": 0,"texture": "#3"},
				"east": {"uv": [0, 0, 4, 4], "tintindex": 0,"texture": "#3"},
				"south": {"uv": [0, 0, 1, 4], "tintindex": 0,"texture": "#3"},
				"west": {"uv": [0, 0, 4, 4], "tintindex": 0,"texture": "#3"},
				"up": {"uv": [0, 0, 4, 1], "rotation": 270, "tintindex": 0,"texture": "#3"},
				"down": {"uv": [0, 0, 4, 1], "rotation": 90, "tintindex": 0,"texture": "#3"}
			}
		},
		{
			"from": [10, -13, 12.75],
			"to": [14, -9, 13.75],
			"rotation": {"angle": 45, "axis": "z", "origin": [2, 1, 0.5]},
			"faces": {
				"north": {"uv": [0, 0, 4, 4], "tintindex": 0,"texture": "#3"},
				"east": {"uv": [0, 0, 1, 4], "tintindex": 0,"texture": "#3"},
				"south": {"uv": [0, 0, 4, 4], "tintindex": 0,"texture": "#3"},
				"west": {"uv": [0, 0, 1, 4], "tintindex": 0,"texture": "#3"},
				"up": {"uv": [0, 0, 4, 1], "tintindex": 0,"texture": "#3"},
				"down": {"uv": [0, 0, 4, 1], "tintindex": 0,"texture": "#3"}
			}
		},
		{
			"from": [-8, 0, -1],
			"to": [0, 4, 17],
			"faces": {
				"north": {"uv": [0, 0, 8, 4], "tintindex": 0,"texture": "#2"},
				"east": {"uv": [0, 0, 16, 4], "tintindex": 0,"texture": "#2"},
				"south": {"uv": [0, 0, 8, 4], "tintindex": 0,"texture": "#2"},
				"west": {"uv": [0, 0, 16, 4], "tintindex": 0,"texture": "#2"},
				"up": {"uv": [0, 0, 8, 16], "tintindex": 0,"texture": "#2"},
				"down": {"uv": [0, 0, 8, 16], "tintindex": 0,"texture": "#2"}
			}
		}
	],
	"display": {
		"head": {
			"rotation": [0, 90, 0],
			"translation": [0, 10.75, -45.5],
			"scale": [3, 3, 3]
		}
	}
}