{
	"credit": "Made with Blockbench",
	"textures": {
		"0": "block/sandstone_bottom",
		"1": "block/sandstone_top",
		"4": "block/red_sandstone_bottom",
		"particle": "block/red_sandstone_bottom"
	},
	"elements": [
		{
			"from": [-11, -13, 2],
			"to": [19, 17, 14],
			"faces": {
				"north": {"uv": [0, 0, 16, 16], "tintindex": 0,"texture": "#0"},
				"east": {"uv": [0, 0, 12, 16], "tintindex": 0,"texture": "#0"},
				"south": {"uv": [0, 0, 16, 16], "tintindex": 0,"texture": "#0"},
				"west": {"uv": [0, 0, 12, 16], "tintindex": 0,"texture": "#0"},
				"up": {"uv": [0, 0, 16, 12], "tintindex": 0,"texture": "#0"},
				"down": {"uv": [0, 0, 16, 12], "tintindex": 0,"texture": "#0"}
			}
		},
		{
			"from": [-11, -4, -6],
			"to": [19, 8, 24],
			"rotation": {"angle": 0, "axis": "x", "origin": [4, 2, 8]},
			"faces": {
				"north": {"uv": [0, 0, 16, 12], "rotation": 180, "tintindex": 0,"texture": "#0"},
				"east": {"uv": [0, 0, 12, 16], "rotation": 270, "tintindex": 0,"texture": "#0"},
				"south": {"uv": [0, 0, 16, 12], "tintindex": 0,"texture": "#0"},
				"west": {"uv": [0, 0, 12, 16], "rotation": 90, "tintindex": 0,"texture": "#0"},
				"up": {"uv": [0, 0, 16, 16], "rotation": 180, "tintindex": 0,"texture": "#0"},
				"down": {"uv": [0, 0, 16, 16], "tintindex": 0,"texture": "#0"}
			}
		},
		{
			"from": [-12, -10, -4],
			"to": [20, 14, 20],
			"faces": {
				"north": {"uv": [0, 0, 16, 16], "tintindex": 0,"texture": "#1"},
				"east": {"uv": [0, 0, 16, 16], "tintindex": 0,"texture": "#1"},
				"south": {"uv": [0, 0, 16, 16], "tintindex": 0,"texture": "#1"},
				"west": {"uv": [0, 0, 16, 16], "tintindex": 0,"texture": "#1"},
				"up": {"uv": [0, 0, 16, 16], "tintindex": 0,"texture": "#1"},
				"down": {"uv": [0, 0, 16, 16], "tintindex": 0,"texture": "#1"}
			}
		},
		{
			"from": [20, -6, 0],
			"to": [21, 10, 16],
			"faces": {
				"north": {"uv": [0, 0, 1, 16], "tintindex": 0,"texture": "#4"},
				"east": {"uv": [0, 0, 16, 16], "tintindex": 0,"texture": "#4"},
				"south": {"uv": [0, 0, 1, 16], "tintindex": 0,"texture": "#4"},
				"west": {"uv": [0, 0, 16, 16], "tintindex": 0,"texture": "#4"},
				"up": {"uv": [0, 0, 1, 16], "tintindex": 0,"texture": "#4"},
				"down": {"uv": [0, 0, 1, 16], "tintindex": 0,"texture": "#4"}
			}
		}
	],
	"display": {
		"head": {
			"rotation": [0, -90, 0],
			"translation": [0, 21.5, -37.5],
			"scale": [3, 3, 3]
		}
	}
}