{
	"credit": "Made with Blockbench",
	"textures": {
		"0": "block/nether_wart_block",
		"1": "block/brown_wool",
		"2": "block/white_wool",
		"3": "block/brown_mushroom_block",
		"4": "block/black_concrete",
		"5": "block/redstone_block",
		"6": "block/crimson_stem",
		"particle": "block/nether_wart_block"
	},
	"elements": [
		{
			"from": [4, 1, -2],
			"to": [12, 11, 2],
			"rotation": {"angle": -45, "axis": "x", "origin": [8, 0.5, 1.5]},
			"faces": {
				"north": {"uv": [0, 0, 8, 10], "rotation": 180, "tintindex": 0,"texture": "#2"},
				"east": {"uv": [5, 1, 15, 5], "rotation": 270, "tintindex": 0,"texture": "#2"},
				"south": {"uv": [0, 0, 8, 10], "tintindex": 0,"texture": "#2"},
				"west": {"uv": [1, 3, 11, 7], "rotation": 90, "tintindex": 0,"texture": "#2"},
				"up": {"uv": [6, 5, 14, 9], "rotation": 180, "tintindex": 0,"texture": "#2"},
				"down": {"uv": [4, 7, 12, 11], "tintindex": 0,"texture": "#2"}
			}
		},
		{
			"from": [3.9, 1, 1],
			"to": [12.1, 11, 10],
			"rotation": {"angle": -45, "axis": "x", "origin": [8, 0.5, 1.5]},
			"faces": {
				"north": {"uv": [0, 0, 8, 10], "rotation": 180, "tintindex": 0,"texture": "#0"},
				"east": {"uv": [5, 1, 15, 5], "rotation": 270, "tintindex": 0,"texture": "#0"},
				"south": {"uv": [0, 0, 8, 10], "tintindex": 0,"texture": "#0"},
				"west": {"uv": [1, 3, 11, 7], "rotation": 90, "tintindex": 0,"texture": "#0"},
				"up": {"uv": [6, 5, 14, 9], "rotation": 180, "tintindex": 0,"texture": "#0"},
				"down": {"uv": [4, 7, 12, 11], "tintindex": 0,"texture": "#0"}
			}
		},
		{
			"from": [4, 11.93408, -7.54386],
			"to": [9, 19.93408, 0.75614],
			"rotation": {"angle": -22.5, "axis": "x", "origin": [7.9, 12.93408, 4.05614]},
			"faces": {
				"north": {"uv": [0, 0, 8, 10], "rotation": 180, "tintindex": 0,"texture": "#1"},
				"east": {"uv": [5, 1, 15, 5], "rotation": 270, "tintindex": 0,"texture": "#1"},
				"south": {"uv": [0, 0, 8, 10], "tintindex": 0,"texture": "#1"},
				"west": {"uv": [1, 3, 11, 7], "rotation": 90, "tintindex": 0,"texture": "#1"},
				"up": {"uv": [6, 5, 14, 9], "rotation": 180, "tintindex": 0,"texture": "#1"},
				"down": {"uv": [4, 7, 12, 11], "tintindex": 0,"texture": "#1"}
			}
		},
		{
			"from": [9, 11.93408, -7.54386],
			"to": [12, 19.93408, 0.75614],
			"rotation": {"angle": -22.5, "axis": "x", "origin": [7.9, 12.93408, 4.05614]},
			"faces": {
				"north": {"uv": [0, 0, 8, 10], "rotation": 180, "tintindex": 0,"texture": "#0"},
				"east": {"uv": [5, 1, 15, 5], "rotation": 270, "tintindex": 0,"texture": "#0"},
				"south": {"uv": [0, 0, 8, 10], "tintindex": 0,"texture": "#0"},
				"west": {"uv": [1, 3, 11, 7], "rotation": 90, "tintindex": 0,"texture": "#0"},
				"up": {"uv": [6, 5, 14, 9], "rotation": 180, "tintindex": 0,"texture": "#0"},
				"down": {"uv": [4, 7, 12, 11], "tintindex": 0,"texture": "#0"}
			}
		},
		{
			"from": [4.1, 5.44975, -8.39949],
			"to": [11.9, 13.44975, -4.39949],
			"rotation": {"angle": 0, "axis": "x", "origin": [8, 10.44975, -6.39949]},
			"faces": {
				"north": {"uv": [0, 0, 8, 10], "rotation": 180, "tintindex": 0,"texture": "#2"},
				"east": {"uv": [5, 1, 15, 5], "rotation": 270, "tintindex": 0,"texture": "#2"},
				"south": {"uv": [0, 0, 8, 10], "tintindex": 0,"texture": "#2"},
				"west": {"uv": [1, 3, 11, 7], "rotation": 90, "tintindex": 0,"texture": "#2"},
				"up": {"uv": [6, 5, 14, 9], "rotation": 180, "tintindex": 0,"texture": "#2"},
				"down": {"uv": [4, 7, 12, 11], "tintindex": 0,"texture": "#2"}
			}
		},
		{
			"from": [5, 14.5, -15.75],
			"to": [11, 17.5, -2.75],
			"rotation": {"angle": 0, "axis": "y", "origin": [0, -3, 0]},
			"faces": {
				"north": {"uv": [0, 0, 6, 3], "tintindex": 0,"texture": "#1"},
				"east": {"uv": [0, 0, 13, 3], "tintindex": 0,"texture": "#1"},
				"south": {"uv": [0, 0, 6, 3], "tintindex": 0,"texture": "#1"},
				"west": {"uv": [0, 0, 13, 3], "tintindex": 0,"texture": "#1"},
				"up": {"uv": [0, 0, 6, 13], "tintindex": 0,"texture": "#1"},
				"down": {"uv": [0, 0, 6, 13], "tintindex": 0,"texture": "#1"}
			}
		},
		{
			"from": [5.1, 12.5, -15],
			"to": [10.9, 14.5, -4],
			"rotation": {"angle": 0, "axis": "y", "origin": [0, -3, 0]},
			"faces": {
				"north": {"uv": [0, 0, 5.8, 2], "tintindex": 0,"texture": "#2"},
				"east": {"uv": [0, 0, 11, 2], "tintindex": 0,"texture": "#2"},
				"south": {"uv": [0, 0, 5.8, 2], "tintindex": 0,"texture": "#2"},
				"west": {"uv": [0, 0, 11, 2], "tintindex": 0,"texture": "#2"},
				"up": {"uv": [0, 0, 5.8, 11], "tintindex": 0,"texture": "#2"},
				"down": {"uv": [0, 0, 5.8, 11], "tintindex": 0,"texture": "#2"}
			}
		},
		{
			"from": [7, 15.75, -16],
			"to": [9, 17.75, -14],
			"rotation": {"angle": 0, "axis": "y", "origin": [0, -3, 0]},
			"faces": {
				"north": {"uv": [0, 0, 2, 2], "tintindex": 0,"texture": "#4"},
				"east": {"uv": [0, 0, 2, 2], "tintindex": 0,"texture": "#4"},
				"south": {"uv": [0, 0, 2, 2], "tintindex": 0,"texture": "#4"},
				"west": {"uv": [0, 0, 2, 2], "tintindex": 0,"texture": "#4"},
				"up": {"uv": [0, 0, 2, 2], "tintindex": 0,"texture": "#4"},
				"down": {"uv": [0, 0, 2, 2], "tintindex": 0,"texture": "#4"}
			}
		},
		{
			"from": [5.5, 17, -14],
			"to": [10.5, 20, -2],
			"rotation": {"angle": 0, "axis": "y", "origin": [0, -3, 0]},
			"faces": {
				"north": {"uv": [0, 0, 5, 3], "tintindex": 0,"texture": "#6"},
				"east": {"uv": [0, 0, 12, 3], "tintindex": 0,"texture": "#6"},
				"south": {"uv": [0, 0, 5, 3], "tintindex": 0,"texture": "#6"},
				"west": {"uv": [0, 0, 12, 3], "tintindex": 0,"texture": "#6"},
				"up": {"uv": [0, 0, 5, 12], "tintindex": 0,"texture": "#6"},
				"down": {"uv": [0, 0, 5, 12], "tintindex": 0,"texture": "#6"}
			}
		},
		{
			"from": [6, 19.5, -11.25],
			"to": [10, 21.5, -2.25],
			"rotation": {"angle": 0, "axis": "y", "origin": [0, -3, 0]},
			"faces": {
				"north": {"uv": [5, 8, 9, 10], "tintindex": 0,"texture": "#6"},
				"east": {"uv": [4, 10, 13, 12], "tintindex": 0,"texture": "#6"},
				"south": {"uv": [6, 8, 10, 10], "tintindex": 0,"texture": "#6"},
				"west": {"uv": [4, 9, 13, 11], "tintindex": 0,"texture": "#6"},
				"up": {"uv": [9, 4, 13, 13], "tintindex": 0,"texture": "#6"},
				"down": {"uv": [5, 4, 9, 13], "tintindex": 0,"texture": "#6"}
			}
		},
		{
			"from": [5, 17.5, -9],
			"to": [11, 19, -7.5],
			"rotation": {"angle": -22.5, "axis": "x", "origin": [8, 18.75, -8.75]},
			"faces": {
				"north": {"uv": [0, 0, 6, 1.5], "tintindex": 0,"texture": "#5"},
				"east": {"uv": [0, 0, 1.5, 1.5], "tintindex": 0,"texture": "#5"},
				"south": {"uv": [0, 0, 6, 1.5], "tintindex": 0,"texture": "#5"},
				"west": {"uv": [0, 0, 1.5, 1.5], "tintindex": 0,"texture": "#5"},
				"up": {"uv": [0, 0, 6, 1.5], "tintindex": 0,"texture": "#5"},
				"down": {"uv": [0, 0, 6, 1.5], "tintindex": 0,"texture": "#5"}
			}
		},
		{
			"from": [4.5, 18, -4],
			"to": [6.5, 22, 0],
			"rotation": {"angle": -22.5, "axis": "x", "origin": [8, 20, -2]},
			"faces": {
				"north": {"uv": [0, 0, 2, 4], "tintindex": 0,"texture": "#0"},
				"east": {"uv": [0, 0, 4, 4], "tintindex": 0,"texture": "#0"},
				"south": {"uv": [0, 0, 2, 4], "tintindex": 0,"texture": "#0"},
				"west": {"uv": [0, 0, 4, 4], "tintindex": 0,"texture": "#0"},
				"up": {"uv": [0, 0, 2, 4], "tintindex": 0,"texture": "#0"},
				"down": {"uv": [0, 0, 2, 4], "tintindex": 0,"texture": "#0"}
			}
		},
		{
			"from": [9.5, 18, -4],
			"to": [11.5, 22, 0],
			"rotation": {"angle": -22.5, "axis": "x", "origin": [8, 20, -2]},
			"faces": {
				"north": {"uv": [0, 0, 2, 4], "tintindex": 0,"texture": "#0"},
				"east": {"uv": [0, 0, 4, 4], "tintindex": 0,"texture": "#0"},
				"south": {"uv": [0, 0, 2, 4], "tintindex": 0,"texture": "#0"},
				"west": {"uv": [0, 0, 4, 4], "tintindex": 0,"texture": "#0"},
				"up": {"uv": [0, 0, 2, 4], "tintindex": 0,"texture": "#0"},
				"down": {"uv": [0, 0, 2, 4], "tintindex": 0,"texture": "#0"}
			}
		},
		{
			"from": [6.25, 21, -4.5],
			"to": [7.25, 24, -3.5],
			"rotation": {"angle": 22.5, "axis": "x", "origin": [6.5, 23.5, -5.5]},
			"faces": {
				"north": {"uv": [0, 0, 1, 3], "tintindex": 0,"texture": "#3"},
				"east": {"uv": [0, 0, 1, 3], "tintindex": 0,"texture": "#3"},
				"south": {"uv": [0, 0, 1, 3], "tintindex": 0,"texture": "#3"},
				"west": {"uv": [0, 0, 1, 3], "tintindex": 0,"texture": "#3"},
				"up": {"uv": [0, 0, 1, 1], "tintindex": 0,"texture": "#3"},
				"down": {"uv": [0, 0, 1, 1], "tintindex": 0,"texture": "#3"}
			}
		},
		{
			"from": [6.25, 22.5, -5.75],
			"to": [7.25, 25.5, -4.75],
			"rotation": {"angle": -22.5, "axis": "x", "origin": [6.5, 23.5, -5.5]},
			"faces": {
				"north": {"uv": [0, 0, 1, 3], "tintindex": 0,"texture": "#3"},
				"east": {"uv": [0, 0, 1, 3], "tintindex": 0,"texture": "#3"},
				"south": {"uv": [0, 0, 1, 3], "tintindex": 0,"texture": "#3"},
				"west": {"uv": [0, 0, 1, 3], "tintindex": 0,"texture": "#3"},
				"up": {"uv": [0, 0, 1, 1], "tintindex": 0,"texture": "#3"},
				"down": {"uv": [0, 0, 1, 1], "tintindex": 0,"texture": "#3"}
			}
		},
		{
			"from": [6.25, 26.5, -7.5],
			"to": [7.25, 29, -6.5],
			"rotation": {"angle": -22.5, "axis": "x", "origin": [6.5, 23.5, -5.5]},
			"faces": {
				"north": {"uv": [0, 0, 1, 2.5], "tintindex": 0,"texture": "#3"},
				"east": {"uv": [0, 0, 1, 2.5], "tintindex": 0,"texture": "#3"},
				"south": {"uv": [0, 0, 1, 2.5], "tintindex": 0,"texture": "#3"},
				"west": {"uv": [0, 0, 1, 2.5], "tintindex": 0,"texture": "#3"},
				"up": {"uv": [0, 0, 1, 1], "tintindex": 0,"texture": "#3"},
				"down": {"uv": [0, 0, 1, 1], "tintindex": 0,"texture": "#3"}
			}
		},
		{
			"from": [6.15, 24.59985, -9.2685],
			"to": [7.35, 26.09985, -6.2685],
			"rotation": {"angle": 22.5, "axis": "x", "origin": [6.85, 23.84985, -7.2685]},
			"faces": {
				"north": {"uv": [0, 0, 1.2, 1.5], "rotation": 180, "tintindex": 0,"texture": "#3"},
				"east": {"uv": [0, 0, 1.5, 3], "rotation": 90, "tintindex": 0,"texture": "#3"},
				"south": {"uv": [0, 0, 1.2, 1.5], "tintindex": 0,"texture": "#3"},
				"west": {"uv": [0, 0, 1.5, 3], "rotation": 270, "tintindex": 0,"texture": "#3"},
				"up": {"uv": [0, 0, 1.2, 3], "tintindex": 0,"texture": "#3"},
				"down": {"uv": [0, 0, 1.2, 3], "rotation": 180, "tintindex": 0,"texture": "#3"}
			}
		},
		{
			"from": [2.45076, 22.57926, -5.33941],
			"to": [5.45076, 23.57926, 4.66059],
			"rotation": {"angle": -22.5, "axis": "y", "origin": [3.95076, 22.57926, -0.33941]},
			"faces": {
				"north": {"uv": [0, 0, 3, 1], "tintindex": 0,"texture": "#3"},
				"east": {"uv": [0, 0, 10, 1], "tintindex": 0,"texture": "#3"},
				"south": {"uv": [0, 0, 3, 1], "tintindex": 0,"texture": "#3"},
				"west": {"uv": [0, 0, 10, 1], "tintindex": 0,"texture": "#3"},
				"up": {"uv": [0, 0, 3, 10], "tintindex": 0,"texture": "#3"},
				"down": {"uv": [0, 0, 3, 10], "tintindex": 0,"texture": "#3"}
			}
		},
		{
			"from": [-1.57683, 23.82926, 3.60402],
			"to": [3.42317, 25.32926, 13.60402],
			"rotation": {"angle": -22.5, "axis": "x", "origin": [0.92317, 23.07926, 8.60402]},
			"faces": {
				"north": {"uv": [0, 0, 5, 1.5], "tintindex": 0,"texture": "#3"},
				"east": {"uv": [0, 0, 10, 1.5], "tintindex": 0,"texture": "#3"},
				"south": {"uv": [0, 0, 5, 1.5], "tintindex": 0,"texture": "#3"},
				"west": {"uv": [0, 0, 10, 1.5], "tintindex": 0,"texture": "#3"},
				"up": {"uv": [0, 0, 5, 10], "tintindex": 0,"texture": "#3"},
				"down": {"uv": [0, 0, 5, 10], "tintindex": 0,"texture": "#3"}
			}
		},
		{
			"from": [-2.25, 25.5, 12],
			"to": [-1.25, 29, 13],
			"rotation": {"angle": 22.5, "axis": "z", "origin": [-2.5, 26.5, 10.5]},
			"faces": {
				"north": {"uv": [0, 0, 1, 3.5], "tintindex": 0,"texture": "#3"},
				"east": {"uv": [0, 0, 1, 3.5], "tintindex": 0,"texture": "#3"},
				"south": {"uv": [0, 0, 1, 3.5], "tintindex": 0,"texture": "#3"},
				"west": {"uv": [0, 0, 1, 3.5], "tintindex": 0,"texture": "#3"},
				"up": {"uv": [0, 0, 1, 1], "tintindex": 0,"texture": "#3"},
				"down": {"uv": [0, 0, 1, 1], "tintindex": 0,"texture": "#3"}
			}
		},
		{
			"from": [0.25157, 25.49895, 12.25],
			"to": [1.25157, 29, 13.25],
			"rotation": {"angle": 22.5, "axis": "x", "origin": [-1.99843, 27.24895, 14.5]},
			"faces": {
				"north": {"uv": [0, 0, 1, 3.50105], "tintindex": 0,"texture": "#3"},
				"east": {"uv": [0, 0, 1, 3.50105], "tintindex": 0,"texture": "#3"},
				"south": {"uv": [0, 0, 1, 3.50105], "tintindex": 0,"texture": "#3"},
				"west": {"uv": [0, 0, 1, 3.50105], "tintindex": 0,"texture": "#3"},
				"up": {"uv": [0, 0, 1, 1], "tintindex": 0,"texture": "#3"},
				"down": {"uv": [0, 0, 1, 1], "tintindex": 0,"texture": "#3"}
			}
		},
		{
			"from": [2.25157, 25.49895, 12.25],
			"to": [3.25157, 29, 13.25],
			"rotation": {"angle": 22.5, "axis": "x", "origin": [-1.99843, 27.24895, 14.5]},
			"faces": {
				"north": {"uv": [0, 0, 1, 3.50105], "tintindex": 0,"texture": "#3"},
				"east": {"uv": [0, 0, 1, 3.50105], "tintindex": 0,"texture": "#3"},
				"south": {"uv": [0, 0, 1, 3.50105], "tintindex": 0,"texture": "#3"},
				"west": {"uv": [0, 0, 1, 3.50105], "tintindex": 0,"texture": "#3"},
				"up": {"uv": [0, 0, 1, 1], "tintindex": 0,"texture": "#3"},
				"down": {"uv": [0, 0, 1, 1], "tintindex": 0,"texture": "#3"}
			}
		},
		{
			"from": [-2.25, 24.5, 10],
			"to": [-1.25, 29, 11],
			"rotation": {"angle": 22.5, "axis": "z", "origin": [-2.5, 26.5, 10.5]},
			"faces": {
				"north": {"uv": [0, 0, 1, 4.5], "tintindex": 0,"texture": "#3"},
				"east": {"uv": [0, 0, 1, 4.5], "tintindex": 0,"texture": "#3"},
				"south": {"uv": [0, 0, 1, 4.5], "tintindex": 0,"texture": "#3"},
				"west": {"uv": [0, 0, 1, 4.5], "tintindex": 0,"texture": "#3"},
				"up": {"uv": [0, 0, 1, 1], "tintindex": 0,"texture": "#3"},
				"down": {"uv": [0, 0, 1, 1], "tintindex": 0,"texture": "#3"}
			}
		},
		{
			"from": [-2.75, 23.75, 8],
			"to": [-1.75, 28.75, 9],
			"rotation": {"angle": 22.5, "axis": "z", "origin": [-2.5, 26.5, 10.5]},
			"faces": {
				"north": {"uv": [0, 0, 1, 5], "tintindex": 0,"texture": "#3"},
				"east": {"uv": [0, 0, 1, 5], "tintindex": 0,"texture": "#3"},
				"south": {"uv": [0, 0, 1, 5], "tintindex": 0,"texture": "#3"},
				"west": {"uv": [0, 0, 1, 5], "tintindex": 0,"texture": "#3"},
				"up": {"uv": [0, 0, 1, 1], "tintindex": 0,"texture": "#3"},
				"down": {"uv": [0, 0, 1, 1], "tintindex": 0,"texture": "#3"}
			}
		},
		{
			"from": [-3, 23.25, 6],
			"to": [-2, 27.25, 7],
			"rotation": {"angle": 22.5, "axis": "z", "origin": [-2.5, 26.5, 10.5]},
			"faces": {
				"north": {"uv": [0, 0, 1, 4], "tintindex": 0,"texture": "#3"},
				"east": {"uv": [0, 0, 1, 4], "tintindex": 0,"texture": "#3"},
				"south": {"uv": [0, 0, 1, 4], "tintindex": 0,"texture": "#3"},
				"west": {"uv": [0, 0, 1, 4], "tintindex": 0,"texture": "#3"},
				"up": {"uv": [0, 0, 1, 1], "tintindex": 0,"texture": "#3"},
				"down": {"uv": [0, 0, 1, 1], "tintindex": 0,"texture": "#3"}
			}
		},
		{
			"from": [-3, 22.25, 4],
			"to": [-2, 25.25, 5],
			"rotation": {"angle": 22.5, "axis": "z", "origin": [-2.5, 26.5, 10.5]},
			"faces": {
				"north": {"uv": [0, 0, 1, 3], "tintindex": 0,"texture": "#3"},
				"east": {"uv": [0, 0, 1, 3], "tintindex": 0,"texture": "#3"},
				"south": {"uv": [0, 0, 1, 3], "tintindex": 0,"texture": "#3"},
				"west": {"uv": [0, 0, 1, 3], "tintindex": 0,"texture": "#3"},
				"up": {"uv": [0, 0, 1, 1], "tintindex": 0,"texture": "#3"},
				"down": {"uv": [0, 0, 1, 1], "tintindex": 0,"texture": "#3"}
			}
		},
		{
			"from": [3.07402, 22.76589, -4.23044],
			"to": [4.07402, 27.76589, -3.23044],
			"rotation": {"angle": -22.5, "axis": "x", "origin": [3.57402, 25.26589, -3.73044]},
			"faces": {
				"north": {"uv": [0, 0, 1, 5], "tintindex": 0,"texture": "#3"},
				"east": {"uv": [0, 0, 1, 5], "tintindex": 0,"texture": "#3"},
				"south": {"uv": [0, 0, 1, 5], "tintindex": 0,"texture": "#3"},
				"west": {"uv": [0, 0, 1, 5], "tintindex": 0,"texture": "#3"},
				"up": {"uv": [0, 0, 1, 1], "tintindex": 0,"texture": "#3"},
				"down": {"uv": [0, 0, 1, 1], "tintindex": 0,"texture": "#3"}
			}
		},
		{
			"from": [1.32402, 20.76589, 0.26956],
			"to": [2.32402, 26.76589, 1.26956],
			"rotation": {"angle": -22.5, "axis": "x", "origin": [3.57402, 25.26589, -3.73044]},
			"faces": {
				"north": {"uv": [0, 0, 1, 6], "tintindex": 0,"texture": "#3"},
				"east": {"uv": [0, 0, 1, 6], "tintindex": 0,"texture": "#3"},
				"south": {"uv": [0, 0, 1, 6], "tintindex": 0,"texture": "#3"},
				"west": {"uv": [0, 0, 1, 6], "tintindex": 0,"texture": "#3"},
				"up": {"uv": [0, 0, 1, 1], "tintindex": 0,"texture": "#3"},
				"down": {"uv": [0, 0, 1, 1], "tintindex": 0,"texture": "#3"}
			}
		},
		{
			"from": [10.54924, 22.57926, -5.33941],
			"to": [13.54924, 23.57926, 4.66059],
			"rotation": {"angle": 22.5, "axis": "y", "origin": [12.04924, 22.57926, -0.33941]},
			"faces": {
				"north": {"uv": [3, 0, 6, 1], "tintindex": 0,"texture": "#3"},
				"east": {"uv": [6, 0, 16, 1], "tintindex": 0,"texture": "#3"},
				"south": {"uv": [3, 0, 6, 1], "tintindex": 0,"texture": "#3"},
				"west": {"uv": [6, 0, 16, 1], "tintindex": 0,"texture": "#3"},
				"up": {"uv": [3, 0, 6, 10], "tintindex": 0,"texture": "#3"},
				"down": {"uv": [3, 0, 6, 10], "tintindex": 0,"texture": "#3"}
			}
		},
		{
			"from": [12.57683, 23.82926, 3.60402],
			"to": [17.57683, 25.32926, 13.60402],
			"rotation": {"angle": -22.5, "axis": "x", "origin": [15.07683, 23.07926, 8.60402]},
			"faces": {
				"north": {"uv": [5, 0, 10, 1.5], "tintindex": 0,"texture": "#3"},
				"east": {"uv": [6, 0, 16, 1.5], "tintindex": 0,"texture": "#3"},
				"south": {"uv": [5, 0, 10, 1.5], "tintindex": 0,"texture": "#3"},
				"west": {"uv": [6, 0, 16, 1.5], "tintindex": 0,"texture": "#3"},
				"up": {"uv": [5, 0, 10, 10], "tintindex": 0,"texture": "#3"},
				"down": {"uv": [5, 0, 10, 10], "tintindex": 0,"texture": "#3"}
			}
		},
		{
			"from": [17.25, 25.5, 12],
			"to": [18.25, 29, 13],
			"rotation": {"angle": -22.5, "axis": "z", "origin": [18.5, 26.5, 10.5]},
			"faces": {
				"north": {"uv": [1, 0, 2, 3.5], "tintindex": 0,"texture": "#3"},
				"east": {"uv": [1, 0, 2, 3.5], "tintindex": 0,"texture": "#3"},
				"south": {"uv": [1, 0, 2, 3.5], "tintindex": 0,"texture": "#3"},
				"west": {"uv": [1, 0, 2, 3.5], "tintindex": 0,"texture": "#3"},
				"up": {"uv": [1, 0, 2, 1], "tintindex": 0,"texture": "#3"},
				"down": {"uv": [1, 0, 2, 1], "tintindex": 0,"texture": "#3"}
			}
		},
		{
			"from": [17.25, 24.5, 10],
			"to": [18.25, 29, 11],
			"rotation": {"angle": -22.5, "axis": "z", "origin": [18.5, 26.5, 10.5]},
			"faces": {
				"north": {"uv": [1, 0, 2, 4.5], "tintindex": 0,"texture": "#3"},
				"east": {"uv": [1, 0, 2, 4.5], "tintindex": 0,"texture": "#3"},
				"south": {"uv": [1, 0, 2, 4.5], "tintindex": 0,"texture": "#3"},
				"west": {"uv": [1, 0, 2, 4.5], "tintindex": 0,"texture": "#3"},
				"up": {"uv": [1, 0, 2, 1], "tintindex": 0,"texture": "#3"},
				"down": {"uv": [1, 0, 2, 1], "tintindex": 0,"texture": "#3"}
			}
		},
		{
			"from": [17.75, 23.75, 8],
			"to": [18.75, 28.75, 9],
			"rotation": {"angle": -22.5, "axis": "z", "origin": [18.5, 26.5, 10.5]},
			"faces": {
				"north": {"uv": [1, 0, 2, 5], "tintindex": 0,"texture": "#3"},
				"east": {"uv": [1, 0, 2, 5], "tintindex": 0,"texture": "#3"},
				"south": {"uv": [1, 0, 2, 5], "tintindex": 0,"texture": "#3"},
				"west": {"uv": [1, 0, 2, 5], "tintindex": 0,"texture": "#3"},
				"up": {"uv": [1, 0, 2, 1], "tintindex": 0,"texture": "#3"},
				"down": {"uv": [1, 0, 2, 1], "tintindex": 0,"texture": "#3"}
			}
		},
		{
			"from": [18, 23.25, 6],
			"to": [19, 27.25, 7],
			"rotation": {"angle": -22.5, "axis": "z", "origin": [18.5, 26.5, 10.5]},
			"faces": {
				"north": {"uv": [1, 0, 2, 4], "tintindex": 0,"texture": "#3"},
				"east": {"uv": [1, 0, 2, 4], "tintindex": 0,"texture": "#3"},
				"south": {"uv": [1, 0, 2, 4], "tintindex": 0,"texture": "#3"},
				"west": {"uv": [1, 0, 2, 4], "tintindex": 0,"texture": "#3"},
				"up": {"uv": [1, 0, 2, 1], "tintindex": 0,"texture": "#3"},
				"down": {"uv": [1, 0, 2, 1], "tintindex": 0,"texture": "#3"}
			}
		},
		{
			"from": [18, 22.25, 4],
			"to": [19, 25.25, 5],
			"rotation": {"angle": -22.5, "axis": "z", "origin": [18.5, 26.5, 10.5]},
			"faces": {
				"north": {"uv": [1, 0, 2, 3], "tintindex": 0,"texture": "#3"},
				"east": {"uv": [1, 0, 2, 3], "tintindex": 0,"texture": "#3"},
				"south": {"uv": [1, 0, 2, 3], "tintindex": 0,"texture": "#3"},
				"west": {"uv": [1, 0, 2, 3], "tintindex": 0,"texture": "#3"},
				"up": {"uv": [1, 0, 2, 1], "tintindex": 0,"texture": "#3"},
				"down": {"uv": [1, 0, 2, 1], "tintindex": 0,"texture": "#3"}
			}
		},
		{
			"from": [14.74843, 25.49895, 12.25],
			"to": [15.74843, 29, 13.25],
			"rotation": {"angle": 22.5, "axis": "x", "origin": [17.99843, 27.24895, 14.5]},
			"faces": {
				"north": {"uv": [1, 0, 2, 3.50105], "tintindex": 0,"texture": "#3"},
				"east": {"uv": [1, 0, 2, 3.50105], "tintindex": 0,"texture": "#3"},
				"south": {"uv": [1, 0, 2, 3.50105], "tintindex": 0,"texture": "#3"},
				"west": {"uv": [1, 0, 2, 3.50105], "tintindex": 0,"texture": "#3"},
				"up": {"uv": [1, 0, 2, 1], "tintindex": 0,"texture": "#3"},
				"down": {"uv": [1, 0, 2, 1], "tintindex": 0,"texture": "#3"}
			}
		},
		{
			"from": [12.74843, 25.49895, 12.25],
			"to": [13.74843, 29, 13.25],
			"rotation": {"angle": 22.5, "axis": "x", "origin": [17.99843, 27.24895, 14.5]},
			"faces": {
				"north": {"uv": [1, 0, 2, 3.50105], "tintindex": 0,"texture": "#3"},
				"east": {"uv": [1, 0, 2, 3.50105], "tintindex": 0,"texture": "#3"},
				"south": {"uv": [1, 0, 2, 3.50105], "tintindex": 0,"texture": "#3"},
				"west": {"uv": [1, 0, 2, 3.50105], "tintindex": 0,"texture": "#3"},
				"up": {"uv": [1, 0, 2, 1], "tintindex": 0,"texture": "#3"},
				"down": {"uv": [1, 0, 2, 1], "tintindex": 0,"texture": "#3"}
			}
		},
		{
			"from": [13.67598, 20.76589, 0.26956],
			"to": [14.67598, 26.76589, 1.26956],
			"rotation": {"angle": -22.5, "axis": "x", "origin": [12.42598, 25.26589, -3.73044]},
			"faces": {
				"north": {"uv": [1, 0, 2, 6], "tintindex": 0,"texture": "#3"},
				"east": {"uv": [1, 0, 2, 6], "tintindex": 0,"texture": "#3"},
				"south": {"uv": [1, 0, 2, 6], "tintindex": 0,"texture": "#3"},
				"west": {"uv": [1, 0, 2, 6], "tintindex": 0,"texture": "#3"},
				"up": {"uv": [1, 0, 2, 1], "tintindex": 0,"texture": "#3"},
				"down": {"uv": [1, 0, 2, 1], "tintindex": 0,"texture": "#3"}
			}
		},
		{
			"from": [8.75, 21, -4.5],
			"to": [9.75, 24, -3.5],
			"rotation": {"angle": 22.5, "axis": "x", "origin": [9.5, 23.5, -5.5]},
			"faces": {
				"north": {"uv": [1, 0, 2, 3], "tintindex": 0,"texture": "#3"},
				"east": {"uv": [1, 0, 2, 3], "tintindex": 0,"texture": "#3"},
				"south": {"uv": [1, 0, 2, 3], "tintindex": 0,"texture": "#3"},
				"west": {"uv": [1, 0, 2, 3], "tintindex": 0,"texture": "#3"},
				"up": {"uv": [1, 0, 2, 1], "tintindex": 0,"texture": "#3"},
				"down": {"uv": [1, 0, 2, 1], "tintindex": 0,"texture": "#3"}
			}
		},
		{
			"from": [8.75, 22.5, -5.75],
			"to": [9.75, 25.5, -4.75],
			"rotation": {"angle": -22.5, "axis": "x", "origin": [9.5, 23.5, -5.5]},
			"faces": {
				"north": {"uv": [1, 0, 2, 3], "tintindex": 0,"texture": "#3"},
				"east": {"uv": [1, 0, 2, 3], "tintindex": 0,"texture": "#3"},
				"south": {"uv": [1, 0, 2, 3], "tintindex": 0,"texture": "#3"},
				"west": {"uv": [1, 0, 2, 3], "tintindex": 0,"texture": "#3"},
				"up": {"uv": [1, 0, 2, 1], "tintindex": 0,"texture": "#3"},
				"down": {"uv": [1, 0, 2, 1], "tintindex": 0,"texture": "#3"}
			}
		},
		{
			"from": [8.65, 24.59985, -9.2685],
			"to": [9.85, 26.09985, -6.2685],
			"rotation": {"angle": 22.5, "axis": "x", "origin": [9.15, 23.84985, -7.2685]},
			"faces": {
				"north": {"uv": [1.2, 0, 2.4, 1.5], "rotation": 180, "tintindex": 0,"texture": "#3"},
				"east": {"uv": [0, 3, 1.5, 6], "rotation": 270, "tintindex": 0,"texture": "#3"},
				"south": {"uv": [1.2, 0, 2.4, 1.5], "tintindex": 0,"texture": "#3"},
				"west": {"uv": [0, 3, 1.5, 6], "rotation": 90, "tintindex": 0,"texture": "#3"},
				"up": {"uv": [1.2, 0, 2.4, 3], "tintindex": 0,"texture": "#3"},
				"down": {"uv": [1.2, 0, 2.4, 3], "rotation": 180, "tintindex": 0,"texture": "#3"}
			}
		},
		{
			"from": [8.75, 26.5, -7.5],
			"to": [9.75, 29, -6.5],
			"rotation": {"angle": -22.5, "axis": "x", "origin": [9.5, 23.5, -5.5]},
			"faces": {
				"north": {"uv": [1, 0, 2, 2.5], "tintindex": 0,"texture": "#3"},
				"east": {"uv": [1, 0, 2, 2.5], "tintindex": 0,"texture": "#3"},
				"south": {"uv": [1, 0, 2, 2.5], "tintindex": 0,"texture": "#3"},
				"west": {"uv": [1, 0, 2, 2.5], "tintindex": 0,"texture": "#3"},
				"up": {"uv": [1, 0, 2, 1], "tintindex": 0,"texture": "#3"},
				"down": {"uv": [1, 0, 2, 1], "tintindex": 0,"texture": "#3"}
			}
		},
		{
			"from": [11.92598, 22.76589, -4.23044],
			"to": [12.92598, 27.76589, -3.23044],
			"rotation": {"angle": -22.5, "axis": "x", "origin": [12.42598, 25.26589, -3.73044]},
			"faces": {
				"north": {"uv": [1, 0, 2, 5], "tintindex": 0,"texture": "#3"},
				"east": {"uv": [1, 0, 2, 5], "tintindex": 0,"texture": "#3"},
				"south": {"uv": [1, 0, 2, 5], "tintindex": 0,"texture": "#3"},
				"west": {"uv": [1, 0, 2, 5], "tintindex": 0,"texture": "#3"},
				"up": {"uv": [1, 0, 2, 1], "tintindex": 0,"texture": "#3"},
				"down": {"uv": [1, 0, 2, 1], "tintindex": 0,"texture": "#3"}
			}
		}
	],
	"display": {
		"head": {
			"translation": [0, 9.75, 21],
			"scale": [3, 3, 3]
		}
	}
}