{
	"credit": "Made with Blockbench",
	"textures": {
		"0": "block/nether_wart_block",
		"6": "block/crimson_stem",
		"particle": "block/nether_wart_block"
	},
	"elements": [
		{
			"from": [12.5, -16, 25.75],
			"to": [15.5, -14, 29.75],
			"rotation": {"angle": 0, "axis": "y", "origin": [15, -15, 0.75]},
			"faces": {
				"north": {"uv": [3, 0, 0, 2], "tintindex": 0,"texture": "#6"},
				"east": {"uv": [4, 0, 0, 2], "tintindex": 0,"texture": "#6"},
				"south": {"uv": [3, 0, 0, 2], "tintindex": 0,"texture": "#6"},
				"west": {"uv": [4, 0, 0, 2], "tintindex": 0,"texture": "#6"},
				"up": {"uv": [3, 0, 0, 4], "tintindex": 0,"texture": "#6"},
				"down": {"uv": [3, 0, 0, 4], "tintindex": 0,"texture": "#6"}
			}
		},
		{
			"from": [13.25, -15, 26],
			"to": [15.25, -4, 28],
			"rotation": {"angle": -22.5, "axis": "x", "origin": [11.5, -10.5, 28.75]},
			"faces": {
				"north": {"uv": [2, 0, 0, 11], "tintindex": 0,"texture": "#0"},
				"east": {"uv": [2, 0, 0, 11], "tintindex": 0,"texture": "#0"},
				"south": {"uv": [2, 0, 0, 11], "tintindex": 0,"texture": "#0"},
				"west": {"uv": [2, 0, 0, 11], "tintindex": 0,"texture": "#0"},
				"up": {"uv": [2, 0, 0, 2], "tintindex": 0,"texture": "#0"},
				"down": {"uv": [2, 0, 0, 2], "tintindex": 0,"texture": "#0"}
			}
		},
		{
			"from": [13.5, -16, 23.75],
			"to": [14.5, -15, 26.75],
			"rotation": {"angle": 0, "axis": "y", "origin": [12.5, -16, 10.75]},
			"faces": {
				"north": {"uv": [1, 0, 0, 1], "tintindex": 0,"texture": "#0"},
				"east": {"uv": [3, 0, 0, 1], "tintindex": 0,"texture": "#0"},
				"south": {"uv": [1, 0, 0, 1], "tintindex": 0,"texture": "#0"},
				"west": {"uv": [3, 0, 0, 1], "tintindex": 0,"texture": "#0"},
				"up": {"uv": [1, 0, 0, 3], "tintindex": 0,"texture": "#0"},
				"down": {"uv": [1, 0, 0, 3], "tintindex": 0,"texture": "#0"}
			}
		},
		{
			"from": [14.75, -16, 23.75],
			"to": [15.75, -15, 26.75],
			"rotation": {"angle": -22.5, "axis": "y", "origin": [15, -15.5, 25.25]},
			"faces": {
				"north": {"uv": [1, 0, 0, 1], "tintindex": 0,"texture": "#0"},
				"east": {"uv": [3, 0, 0, 1], "tintindex": 0,"texture": "#0"},
				"south": {"uv": [1, 0, 0, 1], "tintindex": 0,"texture": "#0"},
				"west": {"uv": [3, 0, 0, 1], "tintindex": 0,"texture": "#0"},
				"up": {"uv": [1, 0, 0, 3], "tintindex": 0,"texture": "#0"},
				"down": {"uv": [1, 0, 0, 3], "tintindex": 0,"texture": "#0"}
			}
		},
		{
			"from": [12.25, -16, 23.75],
			"to": [13.25, -15, 26.75],
			"rotation": {"angle": 22.5, "axis": "y", "origin": [13, -15.5, 25.25]},
			"faces": {
				"north": {"uv": [1, 0, 0, 1], "tintindex": 0,"texture": "#0"},
				"east": {"uv": [3, 0, 0, 1], "tintindex": 0,"texture": "#0"},
				"south": {"uv": [1, 0, 0, 1], "tintindex": 0,"texture": "#0"},
				"west": {"uv": [3, 0, 0, 1], "tintindex": 0,"texture": "#0"},
				"up": {"uv": [1, 0, 0, 3], "tintindex": 0,"texture": "#0"},
				"down": {"uv": [1, 0, 0, 3], "tintindex": 0,"texture": "#0"}
			}
		},
		{
			"from": [13, -6, 22.75],
			"to": [17, 1, 27.75],
			"rotation": {"angle": 0, "axis": "y", "origin": [14, -12, 10.75]},
			"faces": {
				"north": {"uv": [4, 0, 0, 7], "tintindex": 0,"texture": "#6"},
				"east": {"uv": [5, 0, 0, 7], "tintindex": 0,"texture": "#6"},
				"south": {"uv": [4, 0, 0, 7], "tintindex": 0,"texture": "#6"},
				"west": {"uv": [5, 0, 0, 7], "tintindex": 0,"texture": "#6"},
				"up": {"uv": [4, 0, 0, 5], "tintindex": 0,"texture": "#6"},
				"down": {"uv": [4, 0, 0, 5], "tintindex": 0,"texture": "#6"}
			}
		},
		{
			"from": [12, -4, 19.75],
			"to": [18, 8, 28.75],
			"rotation": {"angle": 0, "axis": "y", "origin": [14, -15, 10.75]},
			"faces": {
				"north": {"uv": [6, 0, 0, 12], "tintindex": 0,"texture": "#0"},
				"east": {"uv": [9, 0, 0, 12], "tintindex": 0,"texture": "#0"},
				"south": {"uv": [6, 0, 0, 12], "tintindex": 0,"texture": "#0"},
				"west": {"uv": [9, 0, 0, 12], "tintindex": 0,"texture": "#0"},
				"up": {"uv": [6, 0, 0, 9], "tintindex": 0,"texture": "#0"},
				"down": {"uv": [6, 0, 0, 9], "tintindex": 0,"texture": "#0"}
			}
		}
	],
	"display": {
		"head": {
			"translation": [-23.5, 17.5, -55],
			"scale": [3, 3, 3]
		}
	}
}