{
	"credit": "Made with Blockbench",
	"textures": {
		"1": "block/brown_wool",
		"7": "block/ancient_debris_side",
		"particle": "block/nether_wart_block"
	},
	"elements": [
		{
			"from": [0, -16, 3],
			"to": [3, -14, 8],
			"rotation": {"angle": 0, "axis": "y", "origin": [0.5, -15, 2]},
			"faces": {
				"north": {"uv": [0, 0, 3, 2], "tintindex": 0,"texture": "#7"},
				"east": {"uv": [0, 0, 5, 2], "tintindex": 0,"texture": "#7"},
				"south": {"uv": [0, 0, 3, 2], "tintindex": 0,"texture": "#7"},
				"west": {"uv": [0, 0, 5, 2], "tintindex": 0,"texture": "#7"},
				"up": {"uv": [0, 0, 3, 5], "tintindex": 0,"texture": "#7"},
				"down": {"uv": [0, 0, 3, 5], "tintindex": 0,"texture": "#7"}
			}
		},
		{
			"from": [0.1, -14, 3.25],
			"to": [2.9, -5, 6.25],
			"rotation": {"angle": -22.5, "axis": "x", "origin": [1.5, -10, 6.5]},
			"faces": {
				"north": {"uv": [0, 0, 2.8, 9], "tintindex": 0,"texture": "#1"},
				"east": {"uv": [0, 0, 3, 9], "tintindex": 0,"texture": "#1"},
				"south": {"uv": [0, 0, 2.8, 9], "tintindex": 0,"texture": "#1"},
				"west": {"uv": [0, 0, 3, 9], "tintindex": 0,"texture": "#1"},
				"up": {"uv": [0, 0, 2.8, 3], "tintindex": 0,"texture": "#1"},
				"down": {"uv": [0, 0, 2.8, 3], "tintindex": 0,"texture": "#1"}
			}
		},
		{
			"from": [0, -6.85896, 1.43173],
			"to": [3, 7.14104, 5.43173],
			"rotation": {"angle": 0, "axis": "x", "origin": [1.6, -4.85896, 3.43173]},
			"faces": {
				"north": {"uv": [0, 0, 3, 14], "tintindex": 0,"texture": "#1"},
				"east": {"uv": [0, 0, 4, 14], "tintindex": 0,"texture": "#1"},
				"south": {"uv": [0, 0, 3, 14], "tintindex": 0,"texture": "#1"},
				"west": {"uv": [0, 0, 4, 14], "tintindex": 0,"texture": "#1"},
				"up": {"uv": [0, 0, 3, 4], "tintindex": 0,"texture": "#1"},
				"down": {"uv": [0, 0, 3, 4], "tintindex": 0,"texture": "#1"}
			}
		}
	],
	"display": {
		"head": {
			"translation": [19.5, 13.5, 15],
			"scale": [3, 3, 3]
		}
	}
}