{
	"credit": "Made with Blockbench",
	"textures": {
		"0": "block/nether_wart_block",
		"1": "block/brown_wool",
		"2": "block/white_wool",
		"3": "block/brown_mushroom_block",
		"4": "block/black_concrete",
		"5": "block/redstone_block",
		"6": "block/crimson_stem",
		"7": "block/ancient_debris_side",
		"particle": "block/nether_wart_block"
	},
	"elements": [
		{
			"from": [0, -16, 3],
			"to": [3, -14, 8],
			"rotation": {"angle": 0, "axis": "y", "origin": [0.5, -15, 2]},
			"faces": {
				"north": {"uv": [0, 0, 3, 2], "texture": "#7"},
				"east": {"uv": [0, 0, 5, 2], "texture": "#7"},
				"south": {"uv": [0, 0, 3, 2], "texture": "#7"},
				"west": {"uv": [0, 0, 5, 2], "texture": "#7"},
				"up": {"uv": [0, 0, 3, 5], "texture": "#7"},
				"down": {"uv": [0, 0, 3, 5], "texture": "#7"}
			}
		},
		{
			"from": [-1, -16, 25.75],
			"to": [2, -14, 29.75],
			"rotation": {"angle": 0, "axis": "y", "origin": [-0.5, -15, 0.75]},
			"faces": {
				"north": {"uv": [0, 0, 3, 2], "texture": "#6"},
				"east": {"uv": [0, 0, 4, 2], "texture": "#6"},
				"south": {"uv": [0, 0, 3, 2], "texture": "#6"},
				"west": {"uv": [0, 0, 4, 2], "texture": "#6"},
				"up": {"uv": [0, 0, 3, 4], "texture": "#6"},
				"down": {"uv": [0, 0, 3, 4], "texture": "#6"}
			}
		},
		{
			"from": [13, -16, 3],
			"to": [16, -14, 8],
			"rotation": {"angle": 0, "axis": "y", "origin": [-5.5, -15, 2]},
			"faces": {
				"north": {"uv": [0, 0, 3, 2], "texture": "#7"},
				"east": {"uv": [0, 0, 5, 2], "texture": "#7"},
				"south": {"uv": [0, 0, 3, 2], "texture": "#7"},
				"west": {"uv": [0, 0, 5, 2], "texture": "#7"},
				"up": {"uv": [0, 0, 3, 5], "texture": "#7"},
				"down": {"uv": [0, 0, 3, 5], "texture": "#7"}
			}
		},
		{
			"from": [-0.75, -15, 26],
			"to": [1.25, -4, 28],
			"rotation": {"angle": -22.5, "axis": "x", "origin": [3, -10.5, 28.75]},
			"faces": {
				"north": {"uv": [0, 0, 2, 11], "texture": "#0"},
				"east": {"uv": [0, 0, 2, 11], "texture": "#0"},
				"south": {"uv": [0, 0, 2, 11], "texture": "#0"},
				"west": {"uv": [0, 0, 2, 11], "texture": "#0"},
				"up": {"uv": [0, 0, 2, 2], "texture": "#0"},
				"down": {"uv": [0, 0, 2, 2], "texture": "#0"}
			}
		},
		{
			"from": [0, -16, 23.75],
			"to": [1, -15, 26.75],
			"rotation": {"angle": 0, "axis": "y", "origin": [2, -16, 10.75]},
			"faces": {
				"north": {"uv": [0, 0, 1, 1], "texture": "#0"},
				"east": {"uv": [0, 0, 3, 1], "texture": "#0"},
				"south": {"uv": [0, 0, 1, 1], "texture": "#0"},
				"west": {"uv": [0, 0, 3, 1], "texture": "#0"},
				"up": {"uv": [0, 0, 1, 3], "texture": "#0"},
				"down": {"uv": [0, 0, 1, 3], "texture": "#0"}
			}
		},
		{
			"from": [-1.25, -16, 23.75],
			"to": [-0.25, -15, 26.75],
			"rotation": {"angle": 22.5, "axis": "y", "origin": [-0.5, -15.5, 25.25]},
			"faces": {
				"north": {"uv": [0, 0, 1, 1], "texture": "#0"},
				"east": {"uv": [0, 0, 3, 1], "texture": "#0"},
				"south": {"uv": [0, 0, 1, 1], "texture": "#0"},
				"west": {"uv": [0, 0, 3, 1], "texture": "#0"},
				"up": {"uv": [0, 0, 1, 3], "texture": "#0"},
				"down": {"uv": [0, 0, 1, 3], "texture": "#0"}
			}
		},
		{
			"from": [1.25, -16, 23.75],
			"to": [2.25, -15, 26.75],
			"rotation": {"angle": -22.5, "axis": "y", "origin": [1.5, -15.5, 25.25]},
			"faces": {
				"north": {"uv": [0, 0, 1, 1], "texture": "#0"},
				"east": {"uv": [0, 0, 3, 1], "texture": "#0"},
				"south": {"uv": [0, 0, 1, 1], "texture": "#0"},
				"west": {"uv": [0, 0, 3, 1], "texture": "#0"},
				"up": {"uv": [0, 0, 1, 3], "texture": "#0"},
				"down": {"uv": [0, 0, 1, 3], "texture": "#0"}
			}
		},
		{
			"from": [-1, -6, 22.75],
			"to": [3, 1, 27.75],
			"rotation": {"angle": 0, "axis": "y", "origin": [2, -12, 10.75]},
			"faces": {
				"north": {"uv": [0, 0, 4, 7], "texture": "#6"},
				"east": {"uv": [0, 0, 5, 7], "texture": "#6"},
				"south": {"uv": [0, 0, 4, 7], "texture": "#6"},
				"west": {"uv": [0, 0, 5, 7], "texture": "#6"},
				"up": {"uv": [0, 0, 4, 5], "texture": "#6"},
				"down": {"uv": [0, 0, 4, 5], "texture": "#6"}
			}
		},
		{
			"from": [-2, -4, 19.75],
			"to": [4, 8, 28.75],
			"rotation": {"angle": 0, "axis": "y", "origin": [2, -15, 10.75]},
			"faces": {
				"north": {"uv": [0, 0, 6, 12], "texture": "#0"},
				"east": {"uv": [0, 0, 9, 12], "texture": "#0"},
				"south": {"uv": [0, 0, 6, 12], "texture": "#0"},
				"west": {"uv": [0, 0, 9, 12], "texture": "#0"},
				"up": {"uv": [0, 0, 6, 9], "texture": "#0"},
				"down": {"uv": [0, 0, 6, 9], "texture": "#0"}
			}
		},
		{
			"from": [13, -16, 25.75],
			"to": [16, -14, 29.75],
			"rotation": {"angle": 0, "axis": "y", "origin": [13.5, -15, 0.75]},
			"faces": {
				"north": {"uv": [0, 0, 3, 2], "texture": "#6"},
				"east": {"uv": [0, 0, 4, 2], "texture": "#6"},
				"south": {"uv": [0, 0, 3, 2], "texture": "#6"},
				"west": {"uv": [0, 0, 4, 2], "texture": "#6"},
				"up": {"uv": [0, 0, 3, 4], "texture": "#6"},
				"down": {"uv": [0, 0, 3, 4], "texture": "#6"}
			}
		},
		{
			"from": [14, -16, 23.75],
			"to": [15, -15, 26.75],
			"rotation": {"angle": 0, "axis": "y", "origin": [16, -16, 10.75]},
			"faces": {
				"north": {"uv": [0, 0, 1, 1], "texture": "#0"},
				"east": {"uv": [0, 0, 3, 1], "texture": "#0"},
				"south": {"uv": [0, 0, 1, 1], "texture": "#0"},
				"west": {"uv": [0, 0, 3, 1], "texture": "#0"},
				"up": {"uv": [0, 0, 1, 3], "texture": "#0"},
				"down": {"uv": [0, 0, 1, 3], "texture": "#0"}
			}
		},
		{
			"from": [12.75, -16, 23.75],
			"to": [13.75, -15, 26.75],
			"rotation": {"angle": 22.5, "axis": "y", "origin": [13.5, -15.5, 25.25]},
			"faces": {
				"north": {"uv": [0, 0, 1, 1], "texture": "#0"},
				"east": {"uv": [0, 0, 3, 1], "texture": "#0"},
				"south": {"uv": [0, 0, 1, 1], "texture": "#0"},
				"west": {"uv": [0, 0, 3, 1], "texture": "#0"},
				"up": {"uv": [0, 0, 1, 3], "texture": "#0"},
				"down": {"uv": [0, 0, 1, 3], "texture": "#0"}
			}
		},
		{
			"from": [15.25, -16, 23.75],
			"to": [16.25, -15, 26.75],
			"rotation": {"angle": -22.5, "axis": "y", "origin": [15.5, -15.5, 25.25]},
			"faces": {
				"north": {"uv": [0, 0, 1, 1], "texture": "#0"},
				"east": {"uv": [0, 0, 3, 1], "texture": "#0"},
				"south": {"uv": [0, 0, 1, 1], "texture": "#0"},
				"west": {"uv": [0, 0, 3, 1], "texture": "#0"},
				"up": {"uv": [0, 0, 1, 3], "texture": "#0"},
				"down": {"uv": [0, 0, 1, 3], "texture": "#0"}
			}
		},
		{
			"from": [13, -6, 22.75],
			"to": [17, 1, 27.75],
			"rotation": {"angle": 0, "axis": "y", "origin": [16, -12, 10.75]},
			"faces": {
				"north": {"uv": [0, 0, 4, 7], "texture": "#6"},
				"east": {"uv": [0, 0, 5, 7], "texture": "#6"},
				"south": {"uv": [0, 0, 4, 7], "texture": "#6"},
				"west": {"uv": [0, 0, 5, 7], "texture": "#6"},
				"up": {"uv": [0, 0, 4, 5], "texture": "#6"},
				"down": {"uv": [0, 0, 4, 5], "texture": "#6"}
			}
		},
		{
			"from": [12, -4, 19.75],
			"to": [18, 8, 28.75],
			"rotation": {"angle": 0, "axis": "y", "origin": [16, -15, 10.75]},
			"faces": {
				"north": {"uv": [0, 0, 6, 12], "texture": "#0"},
				"east": {"uv": [0, 0, 9, 12], "texture": "#0"},
				"south": {"uv": [0, 0, 6, 12], "texture": "#0"},
				"west": {"uv": [0, 0, 9, 12], "texture": "#0"},
				"up": {"uv": [0, 0, 6, 9], "texture": "#0"},
				"down": {"uv": [0, 0, 6, 9], "texture": "#0"}
			}
		},
		{
			"from": [13.25, -15, 26],
			"to": [15.25, -4, 28],
			"rotation": {"angle": -22.5, "axis": "x", "origin": [17, -10.5, 28.75]},
			"faces": {
				"north": {"uv": [0, 0, 2, 11], "texture": "#0"},
				"east": {"uv": [0, 0, 2, 11], "texture": "#0"},
				"south": {"uv": [0, 0, 2, 11], "texture": "#0"},
				"west": {"uv": [0, 0, 2, 11], "texture": "#0"},
				"up": {"uv": [0, 0, 2, 2], "texture": "#0"},
				"down": {"uv": [0, 0, 2, 2], "texture": "#0"}
			}
		},
		{
			"from": [0.1, -14, 3.25],
			"to": [2.9, -5, 6.25],
			"rotation": {"angle": -22.5, "axis": "x", "origin": [1.5, -10, 6.5]},
			"faces": {
				"north": {"uv": [0, 0, 2.8, 9], "texture": "#1"},
				"east": {"uv": [0, 0, 3, 9], "texture": "#1"},
				"south": {"uv": [0, 0, 2.8, 9], "texture": "#1"},
				"west": {"uv": [0, 0, 3, 9], "texture": "#1"},
				"up": {"uv": [0, 0, 2.8, 3], "texture": "#1"},
				"down": {"uv": [0, 0, 2.8, 3], "texture": "#1"}
			}
		},
		{
			"from": [0, -6.85896, 1.43173],
			"to": [3, 7.14104, 5.43173],
			"rotation": {"angle": 0, "axis": "x", "origin": [1.6, -4.85896, 3.43173]},
			"faces": {
				"north": {"uv": [0, 0, 3, 14], "texture": "#1"},
				"east": {"uv": [0, 0, 4, 14], "texture": "#1"},
				"south": {"uv": [0, 0, 3, 14], "texture": "#1"},
				"west": {"uv": [0, 0, 4, 14], "texture": "#1"},
				"up": {"uv": [0, 0, 3, 4], "texture": "#1"},
				"down": {"uv": [0, 0, 3, 4], "texture": "#1"}
			}
		},
		{
			"from": [13, -6.85896, 1.43173],
			"to": [16, 7.14104, 5.43173],
			"rotation": {"angle": 0, "axis": "x", "origin": [14.6, -4.85896, 3.43173]},
			"faces": {
				"north": {"uv": [0, 0, 3, 14], "texture": "#1"},
				"east": {"uv": [0, 0, 4, 14], "texture": "#1"},
				"south": {"uv": [0, 0, 3, 14], "texture": "#1"},
				"west": {"uv": [0, 0, 4, 14], "texture": "#1"},
				"up": {"uv": [0, 0, 3, 4], "texture": "#1"},
				"down": {"uv": [0, 0, 3, 4], "texture": "#1"}
			}
		},
		{
			"from": [13.1, -14, 3.25],
			"to": [15.9, -5, 6.25],
			"rotation": {"angle": -22.5, "axis": "x", "origin": [14.5, -10, 6.5]},
			"faces": {
				"north": {"uv": [0, 0, 2.8, 9], "texture": "#1"},
				"east": {"uv": [0, 0, 3, 9], "texture": "#1"},
				"south": {"uv": [0, 0, 2.8, 9], "texture": "#1"},
				"west": {"uv": [0, 0, 3, 9], "texture": "#1"},
				"up": {"uv": [0, 0, 2.8, 3], "texture": "#1"},
				"down": {"uv": [0, 0, 2.8, 3], "texture": "#1"}
			}
		},
		{
			"from": [2, -1, -1],
			"to": [14, 9, 14],
			"rotation": {"angle": 0, "axis": "y", "origin": [0, -15, 11]},
			"faces": {
				"north": {"uv": [0, 0, 12, 10], "texture": "#1"},
				"east": {"uv": [0, 0, 15, 10], "texture": "#1"},
				"south": {"uv": [0, 0, 12, 10], "texture": "#1"},
				"west": {"uv": [0, 0, 15, 10], "texture": "#1"},
				"up": {"uv": [0, 0, 12, 15], "texture": "#1"},
				"down": {"uv": [0, 0, 12, 15], "texture": "#1"}
			}
		},
		{
			"from": [3, -1, 14],
			"to": [13, 9, 29],
			"rotation": {"angle": 0, "axis": "y", "origin": [0, -15, 11]},
			"faces": {
				"north": {"uv": [0, 0, 10, 10], "texture": "#0"},
				"east": {"uv": [0, 0, 15, 10], "texture": "#0"},
				"south": {"uv": [0, 0, 10, 10], "texture": "#0"},
				"west": {"uv": [0, 0, 15, 10], "texture": "#0"},
				"up": {"uv": [0, 0, 10, 15], "texture": "#0"},
				"down": {"uv": [0, 0, 10, 15], "texture": "#0"}
			}
		},
		{
			"from": [-0.5, 0, -1],
			"to": [4.5, 9, 6],
			"rotation": {"angle": -22.5, "axis": "x", "origin": [8, 5, 3]},
			"faces": {
				"north": {"uv": [0, 0, 5, 9], "texture": "#1"},
				"east": {"uv": [0, 0, 7, 9], "texture": "#1"},
				"south": {"uv": [0, 0, 5, 9], "texture": "#1"},
				"west": {"uv": [0, 0, 7, 9], "texture": "#1"},
				"up": {"uv": [0, 0, 5, 7], "texture": "#1"},
				"down": {"uv": [0, 0, 5, 7], "texture": "#1"}
			}
		},
		{
			"from": [11.5, 0, -1],
			"to": [16.5, 9, 6],
			"rotation": {"angle": -22.5, "axis": "x", "origin": [8, 5, 3]},
			"faces": {
				"north": {"uv": [0, 0, 5, 9], "texture": "#1"},
				"east": {"uv": [0, 0, 7, 9], "texture": "#1"},
				"south": {"uv": [0, 0, 5, 9], "texture": "#1"},
				"west": {"uv": [0, 0, 7, 9], "texture": "#1"},
				"up": {"uv": [0, 0, 5, 7], "texture": "#1"},
				"down": {"uv": [0, 0, 5, 7], "texture": "#1"}
			}
		},
		{
			"from": [3.5, -2, -1.3],
			"to": [12.5, -1, 15.7],
			"rotation": {"angle": 0, "axis": "y", "origin": [0, -15, 11]},
			"faces": {
				"north": {"uv": [0, 0, 9, 1], "texture": "#2"},
				"east": {"uv": [0, 0, 16, 1], "texture": "#2"},
				"south": {"uv": [0, 0, 9, 1], "texture": "#2"},
				"west": {"uv": [0, 0, 16, 1], "texture": "#2"},
				"up": {"uv": [0, 0, 9, 16], "texture": "#2"},
				"down": {"uv": [0, 0, 9, 16], "texture": "#2"}
			}
		},
		{
			"from": [4, 6.41912, -1.03598],
			"to": [12, 9.41912, 10.96402],
			"rotation": {"angle": 22.5, "axis": "x", "origin": [6, 7.81912, 4.46402]},
			"faces": {
				"north": {"uv": [0, 0, 8, 3], "texture": "#1"},
				"east": {"uv": [0, 0, 12, 3], "texture": "#1"},
				"south": {"uv": [0, 0, 8, 3], "texture": "#1"},
				"west": {"uv": [0, 0, 12, 3], "texture": "#1"},
				"up": {"uv": [0, 0, 8, 12], "texture": "#1"},
				"down": {"uv": [0, 0, 8, 12], "texture": "#1"}
			}
		},
		{
			"from": [6, 8.41912, -1.03598],
			"to": [10, 11.41912, 10.96402],
			"rotation": {"angle": 22.5, "axis": "x", "origin": [6, 7.81912, 4.46402]},
			"faces": {
				"north": {"uv": [0, 0, 4, 3], "texture": "#0"},
				"east": {"uv": [0, 0, 12, 3], "texture": "#0"},
				"south": {"uv": [0, 0, 4, 3], "texture": "#0"},
				"west": {"uv": [0, 0, 12, 3], "texture": "#0"},
				"up": {"uv": [0, 0, 4, 12], "texture": "#0"},
				"down": {"uv": [0, 0, 4, 12], "texture": "#0"}
			}
		},
		{
			"from": [4, 1, -2],
			"to": [12, 11, 2],
			"rotation": {"angle": -45, "axis": "x", "origin": [8, 0.5, 1.5]},
			"faces": {
				"north": {"uv": [0, 0, 8, 10], "rotation": 180, "texture": "#2"},
				"east": {"uv": [5, 1, 15, 5], "rotation": 270, "texture": "#2"},
				"south": {"uv": [0, 0, 8, 10], "texture": "#2"},
				"west": {"uv": [1, 3, 11, 7], "rotation": 90, "texture": "#2"},
				"up": {"uv": [6, 5, 14, 9], "rotation": 180, "texture": "#2"},
				"down": {"uv": [4, 7, 12, 11], "texture": "#2"}
			}
		},
		{
			"from": [3.9, 1, 1],
			"to": [12.1, 11, 10],
			"rotation": {"angle": -45, "axis": "x", "origin": [8, 0.5, 1.5]},
			"faces": {
				"north": {"uv": [0, 0, 8, 10], "rotation": 180, "texture": "#0"},
				"east": {"uv": [5, 1, 15, 5], "rotation": 270, "texture": "#0"},
				"south": {"uv": [0, 0, 8, 10], "texture": "#0"},
				"west": {"uv": [1, 3, 11, 7], "rotation": 90, "texture": "#0"},
				"up": {"uv": [6, 5, 14, 9], "rotation": 180, "texture": "#0"},
				"down": {"uv": [4, 7, 12, 11], "texture": "#0"}
			}
		},
		{
			"from": [4, 11.93408, -7.54386],
			"to": [9, 19.93408, 0.75614],
			"rotation": {"angle": -22.5, "axis": "x", "origin": [7.9, 12.93408, 4.05614]},
			"faces": {
				"north": {"uv": [0, 0, 8, 10], "rotation": 180, "texture": "#1"},
				"east": {"uv": [5, 1, 15, 5], "rotation": 270, "texture": "#1"},
				"south": {"uv": [0, 0, 8, 10], "texture": "#1"},
				"west": {"uv": [1, 3, 11, 7], "rotation": 90, "texture": "#1"},
				"up": {"uv": [6, 5, 14, 9], "rotation": 180, "texture": "#1"},
				"down": {"uv": [4, 7, 12, 11], "texture": "#1"}
			}
		},
		{
			"from": [9, 11.93408, -7.54386],
			"to": [12, 19.93408, 0.75614],
			"rotation": {"angle": -22.5, "axis": "x", "origin": [7.9, 12.93408, 4.05614]},
			"faces": {
				"north": {"uv": [0, 0, 8, 10], "rotation": 180, "texture": "#0"},
				"east": {"uv": [5, 1, 15, 5], "rotation": 270, "texture": "#0"},
				"south": {"uv": [0, 0, 8, 10], "texture": "#0"},
				"west": {"uv": [1, 3, 11, 7], "rotation": 90, "texture": "#0"},
				"up": {"uv": [6, 5, 14, 9], "rotation": 180, "texture": "#0"},
				"down": {"uv": [4, 7, 12, 11], "texture": "#0"}
			}
		},
		{
			"from": [4.1, 5.44975, -8.39949],
			"to": [11.9, 13.44975, -4.39949],
			"rotation": {"angle": 0, "axis": "x", "origin": [8, 10.44975, -6.39949]},
			"faces": {
				"north": {"uv": [0, 0, 8, 10], "rotation": 180, "texture": "#2"},
				"east": {"uv": [5, 1, 15, 5], "rotation": 270, "texture": "#2"},
				"south": {"uv": [0, 0, 8, 10], "texture": "#2"},
				"west": {"uv": [1, 3, 11, 7], "rotation": 90, "texture": "#2"},
				"up": {"uv": [6, 5, 14, 9], "rotation": 180, "texture": "#2"},
				"down": {"uv": [4, 7, 12, 11], "texture": "#2"}
			}
		},
		{
			"from": [5, 3, 28.5],
			"to": [9, 9, 31.5],
			"rotation": {"angle": -22.5, "axis": "x", "origin": [7, 7, 30]},
			"faces": {
				"north": {"uv": [7, 6, 11, 10], "texture": "#6"},
				"east": {"uv": [4, 4, 6, 8], "texture": "#6"},
				"south": {"uv": [7, 6, 11, 10], "texture": "#6"},
				"west": {"uv": [9, 6, 11, 10], "texture": "#6"},
				"up": {"uv": [6, 6, 10, 8], "texture": "#6"},
				"down": {"uv": [6, 4, 10, 6], "texture": "#6"}
			}
		},
		{
			"from": [5, 14.5, -15.75],
			"to": [11, 17.5, -2.75],
			"rotation": {"angle": 0, "axis": "y", "origin": [0, -3, 0]},
			"faces": {
				"north": {"uv": [0, 0, 6, 3], "texture": "#1"},
				"east": {"uv": [0, 0, 13, 3], "texture": "#1"},
				"south": {"uv": [0, 0, 6, 3], "texture": "#1"},
				"west": {"uv": [0, 0, 13, 3], "texture": "#1"},
				"up": {"uv": [0, 0, 6, 13], "texture": "#1"},
				"down": {"uv": [0, 0, 6, 13], "texture": "#1"}
			}
		},
		{
			"from": [5.1, 12.5, -15],
			"to": [10.9, 14.5, -4],
			"rotation": {"angle": 0, "axis": "y", "origin": [0, -3, 0]},
			"faces": {
				"north": {"uv": [0, 0, 5.8, 2], "texture": "#2"},
				"east": {"uv": [0, 0, 11, 2], "texture": "#2"},
				"south": {"uv": [0, 0, 5.8, 2], "texture": "#2"},
				"west": {"uv": [0, 0, 11, 2], "texture": "#2"},
				"up": {"uv": [0, 0, 5.8, 11], "texture": "#2"},
				"down": {"uv": [0, 0, 5.8, 11], "texture": "#2"}
			}
		},
		{
			"from": [7, 15.75, -16],
			"to": [9, 17.75, -14],
			"rotation": {"angle": 0, "axis": "y", "origin": [0, -3, 0]},
			"faces": {
				"north": {"uv": [0, 0, 2, 2], "texture": "#4"},
				"east": {"uv": [0, 0, 2, 2], "texture": "#4"},
				"south": {"uv": [0, 0, 2, 2], "texture": "#4"},
				"west": {"uv": [0, 0, 2, 2], "texture": "#4"},
				"up": {"uv": [0, 0, 2, 2], "texture": "#4"},
				"down": {"uv": [0, 0, 2, 2], "texture": "#4"}
			}
		},
		{
			"from": [5.5, 17, -14],
			"to": [10.5, 20, -2],
			"rotation": {"angle": 0, "axis": "y", "origin": [0, -3, 0]},
			"faces": {
				"north": {"uv": [0, 0, 5, 3], "texture": "#6"},
				"east": {"uv": [0, 0, 12, 3], "texture": "#6"},
				"south": {"uv": [0, 0, 5, 3], "texture": "#6"},
				"west": {"uv": [0, 0, 12, 3], "texture": "#6"},
				"up": {"uv": [0, 0, 5, 12], "texture": "#6"},
				"down": {"uv": [0, 0, 5, 12], "texture": "#6"}
			}
		},
		{
			"from": [6, 19.5, -11.25],
			"to": [10, 21.5, -2.25],
			"rotation": {"angle": 0, "axis": "y", "origin": [0, -3, 0]},
			"faces": {
				"north": {"uv": [5, 8, 9, 10], "texture": "#6"},
				"east": {"uv": [4, 10, 13, 12], "texture": "#6"},
				"south": {"uv": [6, 8, 10, 10], "texture": "#6"},
				"west": {"uv": [4, 9, 13, 11], "texture": "#6"},
				"up": {"uv": [9, 4, 13, 13], "texture": "#6"},
				"down": {"uv": [5, 4, 9, 13], "texture": "#6"}
			}
		},
		{
			"from": [5, 17.5, -9],
			"to": [11, 19, -7.5],
			"rotation": {"angle": -22.5, "axis": "x", "origin": [8, 18.75, -8.75]},
			"faces": {
				"north": {"uv": [0, 0, 6, 1.5], "texture": "#5"},
				"east": {"uv": [0, 0, 1.5, 1.5], "texture": "#5"},
				"south": {"uv": [0, 0, 6, 1.5], "texture": "#5"},
				"west": {"uv": [0, 0, 1.5, 1.5], "texture": "#5"},
				"up": {"uv": [0, 0, 6, 1.5], "texture": "#5"},
				"down": {"uv": [0, 0, 6, 1.5], "texture": "#5"}
			}
		},
		{
			"from": [4.5, 18, -4],
			"to": [6.5, 22, 0],
			"rotation": {"angle": -22.5, "axis": "x", "origin": [8, 20, -2]},
			"faces": {
				"north": {"uv": [0, 0, 2, 4], "texture": "#0"},
				"east": {"uv": [0, 0, 4, 4], "texture": "#0"},
				"south": {"uv": [0, 0, 2, 4], "texture": "#0"},
				"west": {"uv": [0, 0, 4, 4], "texture": "#0"},
				"up": {"uv": [0, 0, 2, 4], "texture": "#0"},
				"down": {"uv": [0, 0, 2, 4], "texture": "#0"}
			}
		},
		{
			"from": [9.5, 18, -4],
			"to": [11.5, 22, 0],
			"rotation": {"angle": -22.5, "axis": "x", "origin": [8, 20, -2]},
			"faces": {
				"north": {"uv": [0, 0, 2, 4], "texture": "#0"},
				"east": {"uv": [0, 0, 4, 4], "texture": "#0"},
				"south": {"uv": [0, 0, 2, 4], "texture": "#0"},
				"west": {"uv": [0, 0, 4, 4], "texture": "#0"},
				"up": {"uv": [0, 0, 2, 4], "texture": "#0"},
				"down": {"uv": [0, 0, 2, 4], "texture": "#0"}
			}
		},
		{
			"from": [6.25, 21, -4.5],
			"to": [7.25, 24, -3.5],
			"rotation": {"angle": 22.5, "axis": "x", "origin": [6.5, 23.5, -5.5]},
			"faces": {
				"north": {"uv": [0, 0, 1, 3], "texture": "#3"},
				"east": {"uv": [0, 0, 1, 3], "texture": "#3"},
				"south": {"uv": [0, 0, 1, 3], "texture": "#3"},
				"west": {"uv": [0, 0, 1, 3], "texture": "#3"},
				"up": {"uv": [0, 0, 1, 1], "texture": "#3"},
				"down": {"uv": [0, 0, 1, 1], "texture": "#3"}
			}
		},
		{
			"from": [6.25, 22.5, -5.75],
			"to": [7.25, 25.5, -4.75],
			"rotation": {"angle": -22.5, "axis": "x", "origin": [6.5, 23.5, -5.5]},
			"faces": {
				"north": {"uv": [0, 0, 1, 3], "texture": "#3"},
				"east": {"uv": [0, 0, 1, 3], "texture": "#3"},
				"south": {"uv": [0, 0, 1, 3], "texture": "#3"},
				"west": {"uv": [0, 0, 1, 3], "texture": "#3"},
				"up": {"uv": [0, 0, 1, 1], "texture": "#3"},
				"down": {"uv": [0, 0, 1, 1], "texture": "#3"}
			}
		},
		{
			"from": [6.25, 26.5, -7.5],
			"to": [7.25, 29, -6.5],
			"rotation": {"angle": -22.5, "axis": "x", "origin": [6.5, 23.5, -5.5]},
			"faces": {
				"north": {"uv": [0, 0, 1, 2.5], "texture": "#3"},
				"east": {"uv": [0, 0, 1, 2.5], "texture": "#3"},
				"south": {"uv": [0, 0, 1, 2.5], "texture": "#3"},
				"west": {"uv": [0, 0, 1, 2.5], "texture": "#3"},
				"up": {"uv": [0, 0, 1, 1], "texture": "#3"},
				"down": {"uv": [0, 0, 1, 1], "texture": "#3"}
			}
		},
		{
			"from": [6.15, 24.59985, -9.2685],
			"to": [7.35, 26.09985, -6.2685],
			"rotation": {"angle": 22.5, "axis": "x", "origin": [6.85, 23.84985, -7.2685]},
			"faces": {
				"north": {"uv": [0, 0, 1.2, 1.5], "rotation": 180, "texture": "#3"},
				"east": {"uv": [0, 0, 1.5, 3], "rotation": 90, "texture": "#3"},
				"south": {"uv": [0, 0, 1.2, 1.5], "texture": "#3"},
				"west": {"uv": [0, 0, 1.5, 3], "rotation": 270, "texture": "#3"},
				"up": {"uv": [0, 0, 1.2, 3], "texture": "#3"},
				"down": {"uv": [0, 0, 1.2, 3], "rotation": 180, "texture": "#3"}
			}
		},
		{
			"from": [2.45076, 22.57926, -5.33941],
			"to": [5.45076, 23.57926, 4.66059],
			"rotation": {"angle": -22.5, "axis": "y", "origin": [3.95076, 22.57926, -0.33941]},
			"faces": {
				"north": {"uv": [0, 0, 3, 1], "texture": "#3"},
				"east": {"uv": [0, 0, 10, 1], "texture": "#3"},
				"south": {"uv": [0, 0, 3, 1], "texture": "#3"},
				"west": {"uv": [0, 0, 10, 1], "texture": "#3"},
				"up": {"uv": [0, 0, 3, 10], "texture": "#3"},
				"down": {"uv": [0, 0, 3, 10], "texture": "#3"}
			}
		},
		{
			"from": [-1.57683, 23.82926, 3.60402],
			"to": [3.42317, 25.32926, 13.60402],
			"rotation": {"angle": -22.5, "axis": "x", "origin": [0.92317, 23.07926, 8.60402]},
			"faces": {
				"north": {"uv": [0, 0, 5, 1.5], "texture": "#3"},
				"east": {"uv": [0, 0, 10, 1.5], "texture": "#3"},
				"south": {"uv": [0, 0, 5, 1.5], "texture": "#3"},
				"west": {"uv": [0, 0, 10, 1.5], "texture": "#3"},
				"up": {"uv": [0, 0, 5, 10], "texture": "#3"},
				"down": {"uv": [0, 0, 5, 10], "texture": "#3"}
			}
		},
		{
			"from": [-2.25, 25.5, 12],
			"to": [-1.25, 29, 13],
			"rotation": {"angle": 22.5, "axis": "z", "origin": [-2.5, 26.5, 10.5]},
			"faces": {
				"north": {"uv": [0, 0, 1, 3.5], "texture": "#3"},
				"east": {"uv": [0, 0, 1, 3.5], "texture": "#3"},
				"south": {"uv": [0, 0, 1, 3.5], "texture": "#3"},
				"west": {"uv": [0, 0, 1, 3.5], "texture": "#3"},
				"up": {"uv": [0, 0, 1, 1], "texture": "#3"},
				"down": {"uv": [0, 0, 1, 1], "texture": "#3"}
			}
		},
		{
			"from": [0.25157, 25.49895, 12.25],
			"to": [1.25157, 29, 13.25],
			"rotation": {"angle": 22.5, "axis": "x", "origin": [-1.99843, 27.24895, 14.5]},
			"faces": {
				"north": {"uv": [0, 0, 1, 3.50105], "texture": "#3"},
				"east": {"uv": [0, 0, 1, 3.50105], "texture": "#3"},
				"south": {"uv": [0, 0, 1, 3.50105], "texture": "#3"},
				"west": {"uv": [0, 0, 1, 3.50105], "texture": "#3"},
				"up": {"uv": [0, 0, 1, 1], "texture": "#3"},
				"down": {"uv": [0, 0, 1, 1], "texture": "#3"}
			}
		},
		{
			"from": [2.25157, 25.49895, 12.25],
			"to": [3.25157, 29, 13.25],
			"rotation": {"angle": 22.5, "axis": "x", "origin": [-1.99843, 27.24895, 14.5]},
			"faces": {
				"north": {"uv": [0, 0, 1, 3.50105], "texture": "#3"},
				"east": {"uv": [0, 0, 1, 3.50105], "texture": "#3"},
				"south": {"uv": [0, 0, 1, 3.50105], "texture": "#3"},
				"west": {"uv": [0, 0, 1, 3.50105], "texture": "#3"},
				"up": {"uv": [0, 0, 1, 1], "texture": "#3"},
				"down": {"uv": [0, 0, 1, 1], "texture": "#3"}
			}
		},
		{
			"from": [-2.25, 24.5, 10],
			"to": [-1.25, 29, 11],
			"rotation": {"angle": 22.5, "axis": "z", "origin": [-2.5, 26.5, 10.5]},
			"faces": {
				"north": {"uv": [0, 0, 1, 4.5], "texture": "#3"},
				"east": {"uv": [0, 0, 1, 4.5], "texture": "#3"},
				"south": {"uv": [0, 0, 1, 4.5], "texture": "#3"},
				"west": {"uv": [0, 0, 1, 4.5], "texture": "#3"},
				"up": {"uv": [0, 0, 1, 1], "texture": "#3"},
				"down": {"uv": [0, 0, 1, 1], "texture": "#3"}
			}
		},
		{
			"from": [-2.75, 23.75, 8],
			"to": [-1.75, 28.75, 9],
			"rotation": {"angle": 22.5, "axis": "z", "origin": [-2.5, 26.5, 10.5]},
			"faces": {
				"north": {"uv": [0, 0, 1, 5], "texture": "#3"},
				"east": {"uv": [0, 0, 1, 5], "texture": "#3"},
				"south": {"uv": [0, 0, 1, 5], "texture": "#3"},
				"west": {"uv": [0, 0, 1, 5], "texture": "#3"},
				"up": {"uv": [0, 0, 1, 1], "texture": "#3"},
				"down": {"uv": [0, 0, 1, 1], "texture": "#3"}
			}
		},
		{
			"from": [-3, 23.25, 6],
			"to": [-2, 27.25, 7],
			"rotation": {"angle": 22.5, "axis": "z", "origin": [-2.5, 26.5, 10.5]},
			"faces": {
				"north": {"uv": [0, 0, 1, 4], "texture": "#3"},
				"east": {"uv": [0, 0, 1, 4], "texture": "#3"},
				"south": {"uv": [0, 0, 1, 4], "texture": "#3"},
				"west": {"uv": [0, 0, 1, 4], "texture": "#3"},
				"up": {"uv": [0, 0, 1, 1], "texture": "#3"},
				"down": {"uv": [0, 0, 1, 1], "texture": "#3"}
			}
		},
		{
			"from": [-3, 22.25, 4],
			"to": [-2, 25.25, 5],
			"rotation": {"angle": 22.5, "axis": "z", "origin": [-2.5, 26.5, 10.5]},
			"faces": {
				"north": {"uv": [0, 0, 1, 3], "texture": "#3"},
				"east": {"uv": [0, 0, 1, 3], "texture": "#3"},
				"south": {"uv": [0, 0, 1, 3], "texture": "#3"},
				"west": {"uv": [0, 0, 1, 3], "texture": "#3"},
				"up": {"uv": [0, 0, 1, 1], "texture": "#3"},
				"down": {"uv": [0, 0, 1, 1], "texture": "#3"}
			}
		},
		{
			"from": [3.07402, 22.76589, -4.23044],
			"to": [4.07402, 27.76589, -3.23044],
			"rotation": {"angle": -22.5, "axis": "x", "origin": [3.57402, 25.26589, -3.73044]},
			"faces": {
				"north": {"uv": [0, 0, 1, 5], "texture": "#3"},
				"east": {"uv": [0, 0, 1, 5], "texture": "#3"},
				"south": {"uv": [0, 0, 1, 5], "texture": "#3"},
				"west": {"uv": [0, 0, 1, 5], "texture": "#3"},
				"up": {"uv": [0, 0, 1, 1], "texture": "#3"},
				"down": {"uv": [0, 0, 1, 1], "texture": "#3"}
			}
		},
		{
			"from": [1.32402, 20.76589, 0.26956],
			"to": [2.32402, 26.76589, 1.26956],
			"rotation": {"angle": -22.5, "axis": "x", "origin": [3.57402, 25.26589, -3.73044]},
			"faces": {
				"north": {"uv": [0, 0, 1, 6], "texture": "#3"},
				"east": {"uv": [0, 0, 1, 6], "texture": "#3"},
				"south": {"uv": [0, 0, 1, 6], "texture": "#3"},
				"west": {"uv": [0, 0, 1, 6], "texture": "#3"},
				"up": {"uv": [0, 0, 1, 1], "texture": "#3"},
				"down": {"uv": [0, 0, 1, 1], "texture": "#3"}
			}
		},
		{
			"from": [10.54924, 22.57926, -5.33941],
			"to": [13.54924, 23.57926, 4.66059],
			"rotation": {"angle": 22.5, "axis": "y", "origin": [12.04924, 22.57926, -0.33941]},
			"faces": {
				"north": {"uv": [3, 0, 6, 1], "texture": "#3"},
				"east": {"uv": [6, 0, 16, 1], "texture": "#3"},
				"south": {"uv": [3, 0, 6, 1], "texture": "#3"},
				"west": {"uv": [6, 0, 16, 1], "texture": "#3"},
				"up": {"uv": [3, 0, 6, 10], "texture": "#3"},
				"down": {"uv": [3, 0, 6, 10], "texture": "#3"}
			}
		},
		{
			"from": [12.57683, 23.82926, 3.60402],
			"to": [17.57683, 25.32926, 13.60402],
			"rotation": {"angle": -22.5, "axis": "x", "origin": [15.07683, 23.07926, 8.60402]},
			"faces": {
				"north": {"uv": [5, 0, 10, 1.5], "texture": "#3"},
				"east": {"uv": [6, 0, 16, 1.5], "texture": "#3"},
				"south": {"uv": [5, 0, 10, 1.5], "texture": "#3"},
				"west": {"uv": [6, 0, 16, 1.5], "texture": "#3"},
				"up": {"uv": [5, 0, 10, 10], "texture": "#3"},
				"down": {"uv": [5, 0, 10, 10], "texture": "#3"}
			}
		},
		{
			"from": [17.25, 25.5, 12],
			"to": [18.25, 29, 13],
			"rotation": {"angle": -22.5, "axis": "z", "origin": [18.5, 26.5, 10.5]},
			"faces": {
				"north": {"uv": [1, 0, 2, 3.5], "texture": "#3"},
				"east": {"uv": [1, 0, 2, 3.5], "texture": "#3"},
				"south": {"uv": [1, 0, 2, 3.5], "texture": "#3"},
				"west": {"uv": [1, 0, 2, 3.5], "texture": "#3"},
				"up": {"uv": [1, 0, 2, 1], "texture": "#3"},
				"down": {"uv": [1, 0, 2, 1], "texture": "#3"}
			}
		},
		{
			"from": [17.25, 24.5, 10],
			"to": [18.25, 29, 11],
			"rotation": {"angle": -22.5, "axis": "z", "origin": [18.5, 26.5, 10.5]},
			"faces": {
				"north": {"uv": [1, 0, 2, 4.5], "texture": "#3"},
				"east": {"uv": [1, 0, 2, 4.5], "texture": "#3"},
				"south": {"uv": [1, 0, 2, 4.5], "texture": "#3"},
				"west": {"uv": [1, 0, 2, 4.5], "texture": "#3"},
				"up": {"uv": [1, 0, 2, 1], "texture": "#3"},
				"down": {"uv": [1, 0, 2, 1], "texture": "#3"}
			}
		},
		{
			"from": [17.75, 23.75, 8],
			"to": [18.75, 28.75, 9],
			"rotation": {"angle": -22.5, "axis": "z", "origin": [18.5, 26.5, 10.5]},
			"faces": {
				"north": {"uv": [1, 0, 2, 5], "texture": "#3"},
				"east": {"uv": [1, 0, 2, 5], "texture": "#3"},
				"south": {"uv": [1, 0, 2, 5], "texture": "#3"},
				"west": {"uv": [1, 0, 2, 5], "texture": "#3"},
				"up": {"uv": [1, 0, 2, 1], "texture": "#3"},
				"down": {"uv": [1, 0, 2, 1], "texture": "#3"}
			}
		},
		{
			"from": [18, 23.25, 6],
			"to": [19, 27.25, 7],
			"rotation": {"angle": -22.5, "axis": "z", "origin": [18.5, 26.5, 10.5]},
			"faces": {
				"north": {"uv": [1, 0, 2, 4], "texture": "#3"},
				"east": {"uv": [1, 0, 2, 4], "texture": "#3"},
				"south": {"uv": [1, 0, 2, 4], "texture": "#3"},
				"west": {"uv": [1, 0, 2, 4], "texture": "#3"},
				"up": {"uv": [1, 0, 2, 1], "texture": "#3"},
				"down": {"uv": [1, 0, 2, 1], "texture": "#3"}
			}
		},
		{
			"from": [18, 22.25, 4],
			"to": [19, 25.25, 5],
			"rotation": {"angle": -22.5, "axis": "z", "origin": [18.5, 26.5, 10.5]},
			"faces": {
				"north": {"uv": [1, 0, 2, 3], "texture": "#3"},
				"east": {"uv": [1, 0, 2, 3], "texture": "#3"},
				"south": {"uv": [1, 0, 2, 3], "texture": "#3"},
				"west": {"uv": [1, 0, 2, 3], "texture": "#3"},
				"up": {"uv": [1, 0, 2, 1], "texture": "#3"},
				"down": {"uv": [1, 0, 2, 1], "texture": "#3"}
			}
		},
		{
			"from": [14.74843, 25.49895, 12.25],
			"to": [15.74843, 29, 13.25],
			"rotation": {"angle": 22.5, "axis": "x", "origin": [17.99843, 27.24895, 14.5]},
			"faces": {
				"north": {"uv": [1, 0, 2, 3.50105], "texture": "#3"},
				"east": {"uv": [1, 0, 2, 3.50105], "texture": "#3"},
				"south": {"uv": [1, 0, 2, 3.50105], "texture": "#3"},
				"west": {"uv": [1, 0, 2, 3.50105], "texture": "#3"},
				"up": {"uv": [1, 0, 2, 1], "texture": "#3"},
				"down": {"uv": [1, 0, 2, 1], "texture": "#3"}
			}
		},
		{
			"from": [12.74843, 25.49895, 12.25],
			"to": [13.74843, 29, 13.25],
			"rotation": {"angle": 22.5, "axis": "x", "origin": [17.99843, 27.24895, 14.5]},
			"faces": {
				"north": {"uv": [1, 0, 2, 3.50105], "texture": "#3"},
				"east": {"uv": [1, 0, 2, 3.50105], "texture": "#3"},
				"south": {"uv": [1, 0, 2, 3.50105], "texture": "#3"},
				"west": {"uv": [1, 0, 2, 3.50105], "texture": "#3"},
				"up": {"uv": [1, 0, 2, 1], "texture": "#3"},
				"down": {"uv": [1, 0, 2, 1], "texture": "#3"}
			}
		},
		{
			"from": [13.67598, 20.76589, 0.26956],
			"to": [14.67598, 26.76589, 1.26956],
			"rotation": {"angle": -22.5, "axis": "x", "origin": [12.42598, 25.26589, -3.73044]},
			"faces": {
				"north": {"uv": [1, 0, 2, 6], "texture": "#3"},
				"east": {"uv": [1, 0, 2, 6], "texture": "#3"},
				"south": {"uv": [1, 0, 2, 6], "texture": "#3"},
				"west": {"uv": [1, 0, 2, 6], "texture": "#3"},
				"up": {"uv": [1, 0, 2, 1], "texture": "#3"},
				"down": {"uv": [1, 0, 2, 1], "texture": "#3"}
			}
		},
		{
			"from": [8.75, 21, -4.5],
			"to": [9.75, 24, -3.5],
			"rotation": {"angle": 22.5, "axis": "x", "origin": [9.5, 23.5, -5.5]},
			"faces": {
				"north": {"uv": [1, 0, 2, 3], "texture": "#3"},
				"east": {"uv": [1, 0, 2, 3], "texture": "#3"},
				"south": {"uv": [1, 0, 2, 3], "texture": "#3"},
				"west": {"uv": [1, 0, 2, 3], "texture": "#3"},
				"up": {"uv": [1, 0, 2, 1], "texture": "#3"},
				"down": {"uv": [1, 0, 2, 1], "texture": "#3"}
			}
		},
		{
			"from": [8.75, 22.5, -5.75],
			"to": [9.75, 25.5, -4.75],
			"rotation": {"angle": -22.5, "axis": "x", "origin": [9.5, 23.5, -5.5]},
			"faces": {
				"north": {"uv": [1, 0, 2, 3], "texture": "#3"},
				"east": {"uv": [1, 0, 2, 3], "texture": "#3"},
				"south": {"uv": [1, 0, 2, 3], "texture": "#3"},
				"west": {"uv": [1, 0, 2, 3], "texture": "#3"},
				"up": {"uv": [1, 0, 2, 1], "texture": "#3"},
				"down": {"uv": [1, 0, 2, 1], "texture": "#3"}
			}
		},
		{
			"from": [8.65, 24.59985, -9.2685],
			"to": [9.85, 26.09985, -6.2685],
			"rotation": {"angle": 22.5, "axis": "x", "origin": [9.15, 23.84985, -7.2685]},
			"faces": {
				"north": {"uv": [1.2, 0, 2.4, 1.5], "rotation": 180, "texture": "#3"},
				"east": {"uv": [0, 3, 1.5, 6], "rotation": 270, "texture": "#3"},
				"south": {"uv": [1.2, 0, 2.4, 1.5], "texture": "#3"},
				"west": {"uv": [0, 3, 1.5, 6], "rotation": 90, "texture": "#3"},
				"up": {"uv": [1.2, 0, 2.4, 3], "texture": "#3"},
				"down": {"uv": [1.2, 0, 2.4, 3], "rotation": 180, "texture": "#3"}
			}
		},
		{
			"from": [8.75, 26.5, -7.5],
			"to": [9.75, 29, -6.5],
			"rotation": {"angle": -22.5, "axis": "x", "origin": [9.5, 23.5, -5.5]},
			"faces": {
				"north": {"uv": [1, 0, 2, 2.5], "texture": "#3"},
				"east": {"uv": [1, 0, 2, 2.5], "texture": "#3"},
				"south": {"uv": [1, 0, 2, 2.5], "texture": "#3"},
				"west": {"uv": [1, 0, 2, 2.5], "texture": "#3"},
				"up": {"uv": [1, 0, 2, 1], "texture": "#3"},
				"down": {"uv": [1, 0, 2, 1], "texture": "#3"}
			}
		},
		{
			"from": [11.92598, 22.76589, -4.23044],
			"to": [12.92598, 27.76589, -3.23044],
			"rotation": {"angle": -22.5, "axis": "x", "origin": [12.42598, 25.26589, -3.73044]},
			"faces": {
				"north": {"uv": [1, 0, 2, 5], "texture": "#3"},
				"east": {"uv": [1, 0, 2, 5], "texture": "#3"},
				"south": {"uv": [1, 0, 2, 5], "texture": "#3"},
				"west": {"uv": [1, 0, 2, 5], "texture": "#3"},
				"up": {"uv": [1, 0, 2, 1], "texture": "#3"},
				"down": {"uv": [1, 0, 2, 1], "texture": "#3"}
			}
		},
		{
			"from": [1.75, 5.03033, 9.12652],
			"to": [3.75, 14.03033, 13.12652],
			"rotation": {"angle": 45, "axis": "x", "origin": [2.75, 13.03033, 11.12652]},
			"faces": {
				"north": {"uv": [0, 0, 2, 9], "texture": "#6"},
				"east": {"uv": [0, 0, 4, 9], "texture": "#6"},
				"south": {"uv": [0, 0, 2, 9], "texture": "#6"},
				"west": {"uv": [0, 0, 4, 9], "texture": "#6"},
				"up": {"uv": [0, 0, 2, 4], "texture": "#6"},
				"down": {"uv": [0, 0, 2, 4], "texture": "#6"}
			}
		},
		{
			"from": [1.65, 9.56733, 11.10265],
			"to": [3.85, 18.56733, 15.10265],
			"rotation": {"angle": 22.5, "axis": "x", "origin": [2.75, 15.60766, 21.10265]},
			"faces": {
				"north": {"uv": [0, 0, 2.2, 9], "texture": "#6"},
				"east": {"uv": [0, 0, 4, 9], "texture": "#6"},
				"south": {"uv": [0, 0, 2.2, 9], "texture": "#6"},
				"west": {"uv": [0, 0, 4, 9], "texture": "#6"},
				"up": {"uv": [0, 0, 2.2, 4], "texture": "#6"},
				"down": {"uv": [0, 0, 2.2, 4], "texture": "#6"}
			}
		},
		{
			"from": [-0.91537, 18.16887, 12.9238],
			"to": [1.28463, 22.16887, 27.9238],
			"rotation": {"angle": -22.5, "axis": "y", "origin": [0.18463, 20.16887, 19.40864]},
			"faces": {
				"north": {"uv": [0, 0, 2.2, 4], "rotation": 180, "texture": "#6"},
				"east": {"uv": [0, 0, 4, 15], "rotation": 270, "texture": "#6"},
				"south": {"uv": [0, 0, 2.2, 4], "texture": "#6"},
				"west": {"uv": [0, 0, 4, 15], "rotation": 90, "texture": "#6"},
				"up": {"uv": [0, 0, 2.2, 15], "rotation": 180, "texture": "#6"},
				"down": {"uv": [0, 0, 2.2, 15], "texture": "#6"}
			}
		},
		{
			"from": [5, 5, 9],
			"to": [11, 10, 21],
			"rotation": {"angle": 0, "axis": "y", "origin": [0, -3, 0]},
			"faces": {
				"north": {"uv": [0, 0, 6, 5], "texture": "#6"},
				"east": {"uv": [0, 0, 12, 5], "texture": "#6"},
				"south": {"uv": [0, 0, 6, 5], "texture": "#6"},
				"west": {"uv": [0, 0, 12, 5], "texture": "#6"},
				"up": {"uv": [0, 0, 6, 12], "texture": "#6"},
				"down": {"uv": [0, 0, 6, 12], "texture": "#6"}
			}
		},
		{
			"from": [4, 5, 5],
			"to": [12, 11, 13],
			"rotation": {"angle": 0, "axis": "y", "origin": [0, -3, 0]},
			"faces": {
				"north": {"uv": [0, 0, 8, 6], "texture": "#6"},
				"east": {"uv": [0, 0, 8, 6], "texture": "#6"},
				"south": {"uv": [0, 0, 8, 6], "texture": "#6"},
				"west": {"uv": [0, 0, 8, 6], "texture": "#6"},
				"up": {"uv": [0, 0, 8, 8], "texture": "#6"},
				"down": {"uv": [0, 0, 8, 8], "texture": "#6"}
			}
		},
		{
			"from": [-0.75, 16, 13],
			"to": [0.25, 19, 28],
			"rotation": {"angle": -22.5, "axis": "y", "origin": [0.5, 17.5, 20.5]},
			"faces": {
				"north": {"uv": [0, 0, 1, 3], "texture": "#0"},
				"east": {"uv": [0, 0, 15, 3], "texture": "#0"},
				"south": {"uv": [0, 0, 1, 3], "texture": "#0"},
				"west": {"uv": [0, 0, 15, 3], "texture": "#0"},
				"up": {"uv": [0, 0, 1, 15], "texture": "#0"},
				"down": {"uv": [0, 0, 1, 15], "texture": "#0"}
			}
		},
		{
			"from": [-0.75, 13, 13],
			"to": [0.25, 16, 26],
			"rotation": {"angle": -22.5, "axis": "y", "origin": [0.5, 17.5, 20.5]},
			"faces": {
				"north": {"uv": [0, 0, 1, 3], "texture": "#0"},
				"east": {"uv": [0, 0, 13, 3], "texture": "#0"},
				"south": {"uv": [0, 0, 1, 3], "texture": "#0"},
				"west": {"uv": [0, 0, 13, 3], "texture": "#0"},
				"up": {"uv": [0, 0, 1, 13], "texture": "#0"},
				"down": {"uv": [0, 0, 1, 13], "texture": "#0"}
			}
		},
		{
			"from": [-0.75, 10, 10],
			"to": [0.25, 13, 24],
			"rotation": {"angle": -22.5, "axis": "y", "origin": [0.5, 17.5, 20.5]},
			"faces": {
				"north": {"uv": [0, 0, 1, 3], "texture": "#0"},
				"east": {"uv": [0, 0, 14, 3], "texture": "#0"},
				"south": {"uv": [0, 0, 1, 3], "texture": "#0"},
				"west": {"uv": [0, 0, 14, 3], "texture": "#0"},
				"up": {"uv": [0, 0, 1, 14], "texture": "#0"},
				"down": {"uv": [0, 0, 1, 14], "texture": "#0"}
			}
		},
		{
			"from": [14.71537, 18.16887, 12.9238],
			"to": [16.91537, 22.16887, 27.9238],
			"rotation": {"angle": 22.5, "axis": "y", "origin": [15.81537, 20.16887, 19.40864]},
			"faces": {
				"north": {"uv": [2.2, 0, 4.4, 4], "rotation": 180, "texture": "#6"},
				"east": {"uv": [0, 1, 4, 16], "rotation": 90, "texture": "#6"},
				"south": {"uv": [2.2, 0, 4.4, 4], "texture": "#6"},
				"west": {"uv": [0, 1, 4, 16], "rotation": 270, "texture": "#6"},
				"up": {"uv": [2.2, 0, 4.4, 15], "rotation": 180, "texture": "#6"},
				"down": {"uv": [2.2, 0, 4.4, 15], "texture": "#6"}
			}
		},
		{
			"from": [12.15, 9.56733, 11.10265],
			"to": [14.35, 18.56733, 15.10265],
			"rotation": {"angle": 22.5, "axis": "x", "origin": [13.25, 15.60766, 21.10265]},
			"faces": {
				"north": {"uv": [2.2, 0, 4.4, 9], "texture": "#6"},
				"east": {"uv": [4, 0, 8, 9], "texture": "#6"},
				"south": {"uv": [2.2, 0, 4.4, 9], "texture": "#6"},
				"west": {"uv": [4, 0, 8, 9], "texture": "#6"},
				"up": {"uv": [2.2, 0, 4.4, 4], "texture": "#6"},
				"down": {"uv": [2.2, 0, 4.4, 4], "texture": "#6"}
			}
		},
		{
			"from": [15.75, 10, 10],
			"to": [16.75, 13, 24],
			"rotation": {"angle": 22.5, "axis": "y", "origin": [15.5, 17.5, 20.5]},
			"faces": {
				"north": {"uv": [1, 0, 2, 3], "texture": "#0"},
				"east": {"uv": [2, 0, 16, 3], "texture": "#0"},
				"south": {"uv": [1, 0, 2, 3], "texture": "#0"},
				"west": {"uv": [2, 0, 16, 3], "texture": "#0"},
				"up": {"uv": [1, 0, 2, 14], "texture": "#0"},
				"down": {"uv": [1, 0, 2, 14], "texture": "#0"}
			}
		},
		{
			"from": [15.75, 13, 13],
			"to": [16.75, 16, 26],
			"rotation": {"angle": 22.5, "axis": "y", "origin": [15.5, 17.5, 20.5]},
			"faces": {
				"north": {"uv": [1, 0, 2, 3], "texture": "#0"},
				"east": {"uv": [3, 0, 16, 3], "texture": "#0"},
				"south": {"uv": [1, 0, 2, 3], "texture": "#0"},
				"west": {"uv": [3, 0, 16, 3], "texture": "#0"},
				"up": {"uv": [1, 0, 2, 13], "texture": "#0"},
				"down": {"uv": [1, 0, 2, 13], "texture": "#0"}
			}
		},
		{
			"from": [15.75, 16, 13],
			"to": [16.75, 19, 28],
			"rotation": {"angle": 22.5, "axis": "y", "origin": [15.5, 17.5, 20.5]},
			"faces": {
				"north": {"uv": [1, 0, 2, 3], "texture": "#0"},
				"east": {"uv": [1, 0, 16, 3], "texture": "#0"},
				"south": {"uv": [1, 0, 2, 3], "texture": "#0"},
				"west": {"uv": [1, 0, 16, 3], "texture": "#0"},
				"up": {"uv": [1, 0, 2, 15], "texture": "#0"},
				"down": {"uv": [1, 0, 2, 15], "texture": "#0"}
			}
		},
		{
			"from": [12.25, 5.03033, 9.12652],
			"to": [14.25, 14.03033, 13.12652],
			"rotation": {"angle": 45, "axis": "x", "origin": [13.25, 13.03033, 11.12652]},
			"faces": {
				"north": {"uv": [2, 0, 4, 9], "texture": "#6"},
				"east": {"uv": [4, 0, 8, 9], "texture": "#6"},
				"south": {"uv": [2, 0, 4, 9], "texture": "#6"},
				"west": {"uv": [4, 0, 8, 9], "texture": "#6"},
				"up": {"uv": [2, 0, 4, 4], "texture": "#6"},
				"down": {"uv": [2, 0, 4, 4], "texture": "#6"}
			}
		},
		{
			"from": [1.9, 3, 12],
			"to": [14.1, 9, 16],
			"rotation": {"angle": 22.5, "axis": "x", "origin": [1.5, 4, 13]},
			"faces": {
				"north": {"uv": [0, 0, 12.2, 6], "texture": "#0"},
				"east": {"uv": [0, 0, 4, 6], "texture": "#0"},
				"south": {"uv": [0, 0, 12.2, 6], "texture": "#0"},
				"west": {"uv": [0, 0, 4, 6], "texture": "#0"},
				"up": {"uv": [0, 0, 12.2, 4], "texture": "#0"},
				"down": {"uv": [0, 0, 12.2, 4], "texture": "#0"}
			}
		}
	],
	"display": {
		"head": {
			"translation": [0, 0, -6.5],
			"scale": [4, 4, 4]
		}
	}
}