{
	"credit": "Made with Blockbench",
	"textures": {
		"0": "block/nether_wart_block",
		"6": "block/crimson_stem",
		"particle": "block/nether_wart_block"
	},
	"elements": [
		{
			"from": [0.5, -16, 25.75],
			"to": [3.5, -14, 29.75],
			"rotation": {"angle": 0, "axis": "y", "origin": [1, -15, 0.75]},
			"faces": {
				"north": {"uv": [0, 0, 3, 2], "tintindex": 0,"texture": "#6"},
				"east": {"uv": [0, 0, 4, 2], "tintindex": 0,"texture": "#6"},
				"south": {"uv": [0, 0, 3, 2], "tintindex": 0,"texture": "#6"},
				"west": {"uv": [0, 0, 4, 2], "tintindex": 0,"texture": "#6"},
				"up": {"uv": [0, 0, 3, 4], "tintindex": 0,"texture": "#6"},
				"down": {"uv": [0, 0, 3, 4], "tintindex": 0,"texture": "#6"}
			}
		},
		{
			"from": [0.75, -15, 26],
			"to": [2.75, -4, 28],
			"rotation": {"angle": -22.5, "axis": "x", "origin": [4.5, -10.5, 28.75]},
			"faces": {
				"north": {"uv": [0, 0, 2, 11], "tintindex": 0,"texture": "#0"},
				"east": {"uv": [0, 0, 2, 11], "tintindex": 0,"texture": "#0"},
				"south": {"uv": [0, 0, 2, 11], "tintindex": 0,"texture": "#0"},
				"west": {"uv": [0, 0, 2, 11], "tintindex": 0,"texture": "#0"},
				"up": {"uv": [0, 0, 2, 2], "tintindex": 0,"texture": "#0"},
				"down": {"uv": [0, 0, 2, 2], "tintindex": 0,"texture": "#0"}
			}
		},
		{
			"from": [1.5, -16, 23.75],
			"to": [2.5, -15, 26.75],
			"rotation": {"angle": 0, "axis": "y", "origin": [3.5, -16, 10.75]},
			"faces": {
				"north": {"uv": [0, 0, 1, 1], "tintindex": 0,"texture": "#0"},
				"east": {"uv": [0, 0, 3, 1], "tintindex": 0,"texture": "#0"},
				"south": {"uv": [0, 0, 1, 1], "tintindex": 0,"texture": "#0"},
				"west": {"uv": [0, 0, 3, 1], "tintindex": 0,"texture": "#0"},
				"up": {"uv": [0, 0, 1, 3], "tintindex": 0,"texture": "#0"},
				"down": {"uv": [0, 0, 1, 3], "tintindex": 0,"texture": "#0"}
			}
		},
		{
			"from": [0.25, -16, 23.75],
			"to": [1.25, -15, 26.75],
			"rotation": {"angle": 22.5, "axis": "y", "origin": [1, -15.5, 25.25]},
			"faces": {
				"north": {"uv": [0, 0, 1, 1], "tintindex": 0,"texture": "#0"},
				"east": {"uv": [0, 0, 3, 1], "tintindex": 0,"texture": "#0"},
				"south": {"uv": [0, 0, 1, 1], "tintindex": 0,"texture": "#0"},
				"west": {"uv": [0, 0, 3, 1], "tintindex": 0,"texture": "#0"},
				"up": {"uv": [0, 0, 1, 3], "tintindex": 0,"texture": "#0"},
				"down": {"uv": [0, 0, 1, 3], "tintindex": 0,"texture": "#0"}
			}
		},
		{
			"from": [2.75, -16, 23.75],
			"to": [3.75, -15, 26.75],
			"rotation": {"angle": -22.5, "axis": "y", "origin": [3, -15.5, 25.25]},
			"faces": {
				"north": {"uv": [0, 0, 1, 1], "tintindex": 0,"texture": "#0"},
				"east": {"uv": [0, 0, 3, 1], "tintindex": 0,"texture": "#0"},
				"south": {"uv": [0, 0, 1, 1], "tintindex": 0,"texture": "#0"},
				"west": {"uv": [0, 0, 3, 1], "tintindex": 0,"texture": "#0"},
				"up": {"uv": [0, 0, 1, 3], "tintindex": 0,"texture": "#0"},
				"down": {"uv": [0, 0, 1, 3], "tintindex": 0,"texture": "#0"}
			}
		},
		{
			"from": [-1, -6, 22.75],
			"to": [3, 1, 27.75],
			"rotation": {"angle": 0, "axis": "y", "origin": [2, -12, 10.75]},
			"faces": {
				"north": {"uv": [0, 0, 4, 7], "tintindex": 0,"texture": "#6"},
				"east": {"uv": [0, 0, 5, 7], "tintindex": 0,"texture": "#6"},
				"south": {"uv": [0, 0, 4, 7], "tintindex": 0,"texture": "#6"},
				"west": {"uv": [0, 0, 5, 7], "tintindex": 0,"texture": "#6"},
				"up": {"uv": [0, 0, 4, 5], "tintindex": 0,"texture": "#6"},
				"down": {"uv": [0, 0, 4, 5], "tintindex": 0,"texture": "#6"}
			}
		},
		{
			"from": [-2, -4, 19.75],
			"to": [4, 8, 28.75],
			"rotation": {"angle": 0, "axis": "y", "origin": [2, -15, 10.75]},
			"faces": {
				"north": {"uv": [0, 0, 6, 12], "tintindex": 0,"texture": "#0"},
				"east": {"uv": [0, 0, 9, 12], "tintindex": 0,"texture": "#0"},
				"south": {"uv": [0, 0, 6, 12], "tintindex": 0,"texture": "#0"},
				"west": {"uv": [0, 0, 9, 12], "tintindex": 0,"texture": "#0"},
				"up": {"uv": [0, 0, 6, 9], "tintindex": 0,"texture": "#0"},
				"down": {"uv": [0, 0, 6, 9], "tintindex": 0,"texture": "#0"}
			}
		}
	],
	"display": {
		"head": {
			"translation": [0, 17.5, -55],
			"scale": [3, 3, 3]
		}
	}
}