{
	"credit": "Made with Blockbench",
	"textures": {
		"0": "block/nether_wart_block",
		"1": "block/brown_wool",
		"2": "block/white_wool",
		"6": "block/crimson_stem",
		"particle": "block/nether_wart_block"
	},
	"elements": [
		{
			"from": [2, -1, -1],
			"to": [14, 9, 14],
			"rotation": {"angle": 0, "axis": "y", "origin": [0, -15, 11]},
			"faces": {
				"north": {"uv": [0, 0, 12, 10], "tintindex": 0,"texture": "#1"},
				"east": {"uv": [0, 0, 15, 10], "tintindex": 0,"texture": "#1"},
				"south": {"uv": [0, 0, 12, 10], "tintindex": 0,"texture": "#1"},
				"west": {"uv": [0, 0, 15, 10], "tintindex": 0,"texture": "#1"},
				"up": {"uv": [0, 0, 12, 15], "tintindex": 0,"texture": "#1"},
				"down": {"uv": [0, 0, 12, 15], "tintindex": 0,"texture": "#1"}
			}
		},
		{
			"from": [3, -1, 14],
			"to": [13, 9, 29],
			"rotation": {"angle": 0, "axis": "y", "origin": [0, -15, 11]},
			"faces": {
				"north": {"uv": [0, 0, 10, 10], "tintindex": 0,"texture": "#0"},
				"east": {"uv": [0, 0, 15, 10], "tintindex": 0,"texture": "#0"},
				"south": {"uv": [0, 0, 10, 10], "tintindex": 0,"texture": "#0"},
				"west": {"uv": [0, 0, 15, 10], "tintindex": 0,"texture": "#0"},
				"up": {"uv": [0, 0, 10, 15], "tintindex": 0,"texture": "#0"},
				"down": {"uv": [0, 0, 10, 15], "tintindex": 0,"texture": "#0"}
			}
		},
		{
			"from": [-0.5, 0, -1],
			"to": [4.5, 9, 6],
			"rotation": {"angle": -22.5, "axis": "x", "origin": [8, 5, 3]},
			"faces": {
				"north": {"uv": [0, 0, 5, 9], "tintindex": 0,"texture": "#1"},
				"east": {"uv": [0, 0, 7, 9], "tintindex": 0,"texture": "#1"},
				"south": {"uv": [0, 0, 5, 9], "tintindex": 0,"texture": "#1"},
				"west": {"uv": [0, 0, 7, 9], "tintindex": 0,"texture": "#1"},
				"up": {"uv": [0, 0, 5, 7], "tintindex": 0,"texture": "#1"},
				"down": {"uv": [0, 0, 5, 7], "tintindex": 0,"texture": "#1"}
			}
		},
		{
			"from": [11.5, 0, -1],
			"to": [16.5, 9, 6],
			"rotation": {"angle": -22.5, "axis": "x", "origin": [8, 5, 3]},
			"faces": {
				"north": {"uv": [0, 0, 5, 9], "tintindex": 0,"texture": "#1"},
				"east": {"uv": [0, 0, 7, 9], "tintindex": 0,"texture": "#1"},
				"south": {"uv": [0, 0, 5, 9], "tintindex": 0,"texture": "#1"},
				"west": {"uv": [0, 0, 7, 9], "tintindex": 0,"texture": "#1"},
				"up": {"uv": [0, 0, 5, 7], "tintindex": 0,"texture": "#1"},
				"down": {"uv": [0, 0, 5, 7], "tintindex": 0,"texture": "#1"}
			}
		},
		{
			"from": [3.5, -2, -1.3],
			"to": [12.5, -1, 15.7],
			"rotation": {"angle": 0, "axis": "y", "origin": [0, -15, 11]},
			"faces": {
				"north": {"uv": [0, 0, 9, 1], "tintindex": 0,"texture": "#2"},
				"east": {"uv": [0, 0, 16, 1], "tintindex": 0,"texture": "#2"},
				"south": {"uv": [0, 0, 9, 1], "tintindex": 0,"texture": "#2"},
				"west": {"uv": [0, 0, 16, 1], "tintindex": 0,"texture": "#2"},
				"up": {"uv": [0, 0, 9, 16], "tintindex": 0,"texture": "#2"},
				"down": {"uv": [0, 0, 9, 16], "tintindex": 0,"texture": "#2"}
			}
		},
		{
			"from": [4, 6.41912, -1.03598],
			"to": [12, 9.41912, 10.96402],
			"rotation": {"angle": 22.5, "axis": "x", "origin": [6, 7.81912, 4.46402]},
			"faces": {
				"north": {"uv": [0, 0, 8, 3], "tintindex": 0,"texture": "#1"},
				"east": {"uv": [0, 0, 12, 3], "tintindex": 0,"texture": "#1"},
				"south": {"uv": [0, 0, 8, 3], "tintindex": 0,"texture": "#1"},
				"west": {"uv": [0, 0, 12, 3], "tintindex": 0,"texture": "#1"},
				"up": {"uv": [0, 0, 8, 12], "tintindex": 0,"texture": "#1"},
				"down": {"uv": [0, 0, 8, 12], "tintindex": 0,"texture": "#1"}
			}
		},
		{
			"from": [6, 8.41912, -1.03598],
			"to": [10, 11.41912, 10.96402],
			"rotation": {"angle": 22.5, "axis": "x", "origin": [6, 7.81912, 4.46402]},
			"faces": {
				"north": {"uv": [0, 0, 4, 3], "tintindex": 0,"texture": "#0"},
				"east": {"uv": [0, 0, 12, 3], "tintindex": 0,"texture": "#0"},
				"south": {"uv": [0, 0, 4, 3], "tintindex": 0,"texture": "#0"},
				"west": {"uv": [0, 0, 12, 3], "tintindex": 0,"texture": "#0"},
				"up": {"uv": [0, 0, 4, 12], "tintindex": 0,"texture": "#0"},
				"down": {"uv": [0, 0, 4, 12], "tintindex": 0,"texture": "#0"}
			}
		},
		{
			"from": [5, 3, 28.5],
			"to": [9, 9, 31.5],
			"rotation": {"angle": -22.5, "axis": "x", "origin": [7, 7, 30]},
			"faces": {
				"north": {"uv": [7, 6, 11, 10], "tintindex": 0,"texture": "#6"},
				"east": {"uv": [4, 4, 6, 8], "tintindex": 0,"texture": "#6"},
				"south": {"uv": [7, 6, 11, 10], "tintindex": 0,"texture": "#6"},
				"west": {"uv": [9, 6, 11, 10], "tintindex": 0,"texture": "#6"},
				"up": {"uv": [6, 6, 10, 8], "tintindex": 0,"texture": "#6"},
				"down": {"uv": [6, 4, 10, 6], "tintindex": 0,"texture": "#6"}
			}
		},
		{
			"from": [1.75, 5.03033, 9.12652],
			"to": [3.75, 14.03033, 13.12652],
			"rotation": {"angle": 45, "axis": "x", "origin": [2.75, 13.03033, 11.12652]},
			"faces": {
				"north": {"uv": [0, 0, 2, 9], "tintindex": 0,"texture": "#6"},
				"east": {"uv": [0, 0, 4, 9], "tintindex": 0,"texture": "#6"},
				"south": {"uv": [0, 0, 2, 9], "tintindex": 0,"texture": "#6"},
				"west": {"uv": [0, 0, 4, 9], "tintindex": 0,"texture": "#6"},
				"up": {"uv": [0, 0, 2, 4], "tintindex": 0,"texture": "#6"},
				"down": {"uv": [0, 0, 2, 4], "tintindex": 0,"texture": "#6"}
			}
		},
		{
			"from": [1.65, 9.56733, 11.10265],
			"to": [3.85, 18.56733, 15.10265],
			"rotation": {"angle": 22.5, "axis": "x", "origin": [2.75, 15.60766, 21.10265]},
			"faces": {
				"north": {"uv": [0, 0, 2.2, 9], "tintindex": 0,"texture": "#6"},
				"east": {"uv": [0, 0, 4, 9], "tintindex": 0,"texture": "#6"},
				"south": {"uv": [0, 0, 2.2, 9], "tintindex": 0,"texture": "#6"},
				"west": {"uv": [0, 0, 4, 9], "tintindex": 0,"texture": "#6"},
				"up": {"uv": [0, 0, 2.2, 4], "tintindex": 0,"texture": "#6"},
				"down": {"uv": [0, 0, 2.2, 4], "tintindex": 0,"texture": "#6"}
			}
		},
		{
			"from": [-0.91537, 18.16887, 12.9238],
			"to": [1.28463, 22.16887, 27.9238],
			"rotation": {"angle": -22.5, "axis": "y", "origin": [0.18463, 20.16887, 19.40864]},
			"faces": {
				"north": {"uv": [0, 0, 2.2, 4], "rotation": 180, "tintindex": 0,"texture": "#6"},
				"east": {"uv": [0, 0, 4, 15], "rotation": 270, "tintindex": 0,"texture": "#6"},
				"south": {"uv": [0, 0, 2.2, 4], "tintindex": 0,"texture": "#6"},
				"west": {"uv": [0, 0, 4, 15], "rotation": 90, "tintindex": 0,"texture": "#6"},
				"up": {"uv": [0, 0, 2.2, 15], "rotation": 180, "tintindex": 0,"texture": "#6"},
				"down": {"uv": [0, 0, 2.2, 15], "tintindex": 0,"texture": "#6"}
			}
		},
		{
			"from": [5, 5, 9],
			"to": [11, 10, 21],
			"rotation": {"angle": 0, "axis": "y", "origin": [0, -3, 0]},
			"faces": {
				"north": {"uv": [0, 0, 6, 5], "tintindex": 0,"texture": "#6"},
				"east": {"uv": [0, 0, 12, 5], "tintindex": 0,"texture": "#6"},
				"south": {"uv": [0, 0, 6, 5], "tintindex": 0,"texture": "#6"},
				"west": {"uv": [0, 0, 12, 5], "tintindex": 0,"texture": "#6"},
				"up": {"uv": [0, 0, 6, 12], "tintindex": 0,"texture": "#6"},
				"down": {"uv": [0, 0, 6, 12], "tintindex": 0,"texture": "#6"}
			}
		},
		{
			"from": [4, 5, 5],
			"to": [12, 11, 13],
			"rotation": {"angle": 0, "axis": "y", "origin": [0, -3, 0]},
			"faces": {
				"north": {"uv": [0, 0, 8, 6], "tintindex": 0,"texture": "#6"},
				"east": {"uv": [0, 0, 8, 6], "tintindex": 0,"texture": "#6"},
				"south": {"uv": [0, 0, 8, 6], "tintindex": 0,"texture": "#6"},
				"west": {"uv": [0, 0, 8, 6], "tintindex": 0,"texture": "#6"},
				"up": {"uv": [0, 0, 8, 8], "tintindex": 0,"texture": "#6"},
				"down": {"uv": [0, 0, 8, 8], "tintindex": 0,"texture": "#6"}
			}
		},
		{
			"from": [-0.75, 16, 13],
			"to": [0.25, 19, 28],
			"rotation": {"angle": -22.5, "axis": "y", "origin": [0.5, 17.5, 20.5]},
			"faces": {
				"north": {"uv": [0, 0, 1, 3], "tintindex": 0,"texture": "#0"},
				"east": {"uv": [0, 0, 15, 3], "tintindex": 0,"texture": "#0"},
				"south": {"uv": [0, 0, 1, 3], "tintindex": 0,"texture": "#0"},
				"west": {"uv": [0, 0, 15, 3], "tintindex": 0,"texture": "#0"},
				"up": {"uv": [0, 0, 1, 15], "tintindex": 0,"texture": "#0"},
				"down": {"uv": [0, 0, 1, 15], "tintindex": 0,"texture": "#0"}
			}
		},
		{
			"from": [-0.75, 13, 13],
			"to": [0.25, 16, 26],
			"rotation": {"angle": -22.5, "axis": "y", "origin": [0.5, 17.5, 20.5]},
			"faces": {
				"north": {"uv": [0, 0, 1, 3], "tintindex": 0,"texture": "#0"},
				"east": {"uv": [0, 0, 13, 3], "tintindex": 0,"texture": "#0"},
				"south": {"uv": [0, 0, 1, 3], "tintindex": 0,"texture": "#0"},
				"west": {"uv": [0, 0, 13, 3], "tintindex": 0,"texture": "#0"},
				"up": {"uv": [0, 0, 1, 13], "tintindex": 0,"texture": "#0"},
				"down": {"uv": [0, 0, 1, 13], "tintindex": 0,"texture": "#0"}
			}
		},
		{
			"from": [-0.75, 10, 10],
			"to": [0.25, 13, 24],
			"rotation": {"angle": -22.5, "axis": "y", "origin": [0.5, 17.5, 20.5]},
			"faces": {
				"north": {"uv": [0, 0, 1, 3], "tintindex": 0,"texture": "#0"},
				"east": {"uv": [0, 0, 14, 3], "tintindex": 0,"texture": "#0"},
				"south": {"uv": [0, 0, 1, 3], "tintindex": 0,"texture": "#0"},
				"west": {"uv": [0, 0, 14, 3], "tintindex": 0,"texture": "#0"},
				"up": {"uv": [0, 0, 1, 14], "tintindex": 0,"texture": "#0"},
				"down": {"uv": [0, 0, 1, 14], "tintindex": 0,"texture": "#0"}
			}
		},
		{
			"from": [14.71537, 18.16887, 12.9238],
			"to": [16.91537, 22.16887, 27.9238],
			"rotation": {"angle": 22.5, "axis": "y", "origin": [15.81537, 20.16887, 19.40864]},
			"faces": {
				"north": {"uv": [2.2, 0, 4.4, 4], "rotation": 180, "tintindex": 0,"texture": "#6"},
				"east": {"uv": [0, 1, 4, 16], "rotation": 90, "tintindex": 0,"texture": "#6"},
				"south": {"uv": [2.2, 0, 4.4, 4], "tintindex": 0,"texture": "#6"},
				"west": {"uv": [0, 1, 4, 16], "rotation": 270, "tintindex": 0,"texture": "#6"},
				"up": {"uv": [2.2, 0, 4.4, 15], "rotation": 180, "tintindex": 0,"texture": "#6"},
				"down": {"uv": [2.2, 0, 4.4, 15], "tintindex": 0,"texture": "#6"}
			}
		},
		{
			"from": [12.15, 9.56733, 11.10265],
			"to": [14.35, 18.56733, 15.10265],
			"rotation": {"angle": 22.5, "axis": "x", "origin": [13.25, 15.60766, 21.10265]},
			"faces": {
				"north": {"uv": [2.2, 0, 4.4, 9], "tintindex": 0,"texture": "#6"},
				"east": {"uv": [4, 0, 8, 9], "tintindex": 0,"texture": "#6"},
				"south": {"uv": [2.2, 0, 4.4, 9], "tintindex": 0,"texture": "#6"},
				"west": {"uv": [4, 0, 8, 9], "tintindex": 0,"texture": "#6"},
				"up": {"uv": [2.2, 0, 4.4, 4], "tintindex": 0,"texture": "#6"},
				"down": {"uv": [2.2, 0, 4.4, 4], "tintindex": 0,"texture": "#6"}
			}
		},
		{
			"from": [15.75, 10, 10],
			"to": [16.75, 13, 24],
			"rotation": {"angle": 22.5, "axis": "y", "origin": [15.5, 17.5, 20.5]},
			"faces": {
				"north": {"uv": [1, 0, 2, 3], "tintindex": 0,"texture": "#0"},
				"east": {"uv": [2, 0, 16, 3], "tintindex": 0,"texture": "#0"},
				"south": {"uv": [1, 0, 2, 3], "tintindex": 0,"texture": "#0"},
				"west": {"uv": [2, 0, 16, 3], "tintindex": 0,"texture": "#0"},
				"up": {"uv": [1, 0, 2, 14], "tintindex": 0,"texture": "#0"},
				"down": {"uv": [1, 0, 2, 14], "tintindex": 0,"texture": "#0"}
			}
		},
		{
			"from": [15.75, 13, 13],
			"to": [16.75, 16, 26],
			"rotation": {"angle": 22.5, "axis": "y", "origin": [15.5, 17.5, 20.5]},
			"faces": {
				"north": {"uv": [1, 0, 2, 3], "tintindex": 0,"texture": "#0"},
				"east": {"uv": [3, 0, 16, 3], "tintindex": 0,"texture": "#0"},
				"south": {"uv": [1, 0, 2, 3], "tintindex": 0,"texture": "#0"},
				"west": {"uv": [3, 0, 16, 3], "tintindex": 0,"texture": "#0"},
				"up": {"uv": [1, 0, 2, 13], "tintindex": 0,"texture": "#0"},
				"down": {"uv": [1, 0, 2, 13], "tintindex": 0,"texture": "#0"}
			}
		},
		{
			"from": [15.75, 16, 13],
			"to": [16.75, 19, 28],
			"rotation": {"angle": 22.5, "axis": "y", "origin": [15.5, 17.5, 20.5]},
			"faces": {
				"north": {"uv": [1, 0, 2, 3], "tintindex": 0,"texture": "#0"},
				"east": {"uv": [1, 0, 16, 3], "tintindex": 0,"texture": "#0"},
				"south": {"uv": [1, 0, 2, 3], "tintindex": 0,"texture": "#0"},
				"west": {"uv": [1, 0, 16, 3], "tintindex": 0,"texture": "#0"},
				"up": {"uv": [1, 0, 2, 15], "tintindex": 0,"texture": "#0"},
				"down": {"uv": [1, 0, 2, 15], "tintindex": 0,"texture": "#0"}
			}
		},
		{
			"from": [12.25, 5.03033, 9.12652],
			"to": [14.25, 14.03033, 13.12652],
			"rotation": {"angle": 45, "axis": "x", "origin": [13.25, 13.03033, 11.12652]},
			"faces": {
				"north": {"uv": [2, 0, 4, 9], "tintindex": 0,"texture": "#6"},
				"east": {"uv": [4, 0, 8, 9], "tintindex": 0,"texture": "#6"},
				"south": {"uv": [2, 0, 4, 9], "tintindex": 0,"texture": "#6"},
				"west": {"uv": [4, 0, 8, 9], "tintindex": 0,"texture": "#6"},
				"up": {"uv": [2, 0, 4, 4], "tintindex": 0,"texture": "#6"},
				"down": {"uv": [2, 0, 4, 4], "tintindex": 0,"texture": "#6"}
			}
		},
		{
			"from": [1.9, 3, 12],
			"to": [14.1, 9, 16],
			"rotation": {"angle": 22.5, "axis": "x", "origin": [1.5, 4, 13]},
			"faces": {
				"north": {"uv": [0, 0, 12.2, 6], "tintindex": 0,"texture": "#0"},
				"east": {"uv": [0, 0, 4, 6], "tintindex": 0,"texture": "#0"},
				"south": {"uv": [0, 0, 12.2, 6], "tintindex": 0,"texture": "#0"},
				"west": {"uv": [0, 0, 4, 6], "tintindex": 0,"texture": "#0"},
				"up": {"uv": [0, 0, 12.2, 4], "tintindex": 0,"texture": "#0"},
				"down": {"uv": [0, 0, 12.2, 4], "tintindex": 0,"texture": "#0"}
			}
		}
	],
	"display": {
		"head": {
			"translation": [0, 12.5, -43],
			"scale": [3, 3, 3]
		}
	}
}