{
	"credit": "Made with Blockbench",
	"textures": {
		"1": "block/yellow_concrete",
		"2": "block/blackstone_top",
		"3": "block/blackstone",
		"4": "block/light_gray_concrete_powder",
		"particle": "block/black_shulker_box"
	},
	"elements": [
		{
			"from": [4.1, 0, -5.5],
			"to": [11.9, 6.5, 2.3],
			"rotation": {"angle": 0, "axis": "y", "origin": [8, 3.25, -1.6]},
			"faces": {
				"north": {"uv": [0, 0, 6, 5], "tintindex": 0,"texture": "#3"},
				"east": {"uv": [0, 0, 6, 5], "tintindex": 0,"texture": "#3"},
				"south": {"uv": [0, 0, 6, 5], "tintindex": 0,"texture": "#3"},
				"west": {"uv": [0, 0, 6, 5], "tintindex": 0,"texture": "#3"},
				"up": {"uv": [0, 0, 6, 6], "tintindex": 0,"texture": "#3"},
				"down": {"uv": [0, 0, 6, 6], "tintindex": 0,"texture": "#3"}
			}
		},
		{
			"from": [5.4, 5.2, -4.2],
			"to": [10.6, 9.1, 3.6],
			"rotation": {"angle": 0, "axis": "y", "origin": [8, 6.5, -2.9]},
			"faces": {
				"north": {"uv": [0, 0, 4, 3], "tintindex": 0,"texture": "#2"},
				"east": {"uv": [0, 0, 6, 3], "tintindex": 0,"texture": "#2"},
				"south": {"uv": [0, 0, 4, 3], "tintindex": 0,"texture": "#2"},
				"west": {"uv": [0, 0, 6, 3], "tintindex": 0,"texture": "#2"},
				"up": {"uv": [0, 0, 4, 6], "tintindex": 0,"texture": "#2"},
				"down": {"uv": [0, 0, 4, 6], "tintindex": 0,"texture": "#2"}
			}
		},
		{
			"from": [4.75, 6.5, -4.85],
			"to": [6.05, 7.8, -3.55],
			"rotation": {"angle": 45, "axis": "x", "origin": [5.4, 7.15, -4.2]},
			"faces": {
				"north": {"uv": [0, 0, 1, 1], "tintindex": 0,"texture": "#1"},
				"east": {"uv": [0, 0, 1, 1], "tintindex": 0,"texture": "#1"},
				"south": {"uv": [0, 0, 1, 1], "tintindex": 0,"texture": "#1"},
				"west": {"uv": [0, 0, 1, 1], "tintindex": 0,"texture": "#1"},
				"up": {"uv": [0, 0, 1, 1], "tintindex": 0,"texture": "#1"},
				"down": {"uv": [0, 0, 1, 1], "tintindex": 0,"texture": "#1"}
			}
		},
		{
			"from": [4.75, 6.5, -1.925],
			"to": [6.05, 7.8, -0.625],
			"rotation": {"angle": 45, "axis": "y", "origin": [5.4, 7.15, -1.275]},
			"faces": {
				"north": {"uv": [0, 0, 1, 1], "rotation": 180, "tintindex": 0,"texture": "#1"},
				"east": {"uv": [0, 0, 1, 1], "rotation": 270, "tintindex": 0,"texture": "#1"},
				"south": {"uv": [0, 0, 1, 1], "tintindex": 0,"texture": "#1"},
				"west": {"uv": [0, 0, 1, 1], "rotation": 90, "tintindex": 0,"texture": "#1"},
				"up": {"uv": [0, 0, 1, 1], "rotation": 180, "tintindex": 0,"texture": "#1"},
				"down": {"uv": [0, 0, 1, 1], "tintindex": 0,"texture": "#1"}
			}
		},
		{
			"from": [9.95, 6.5, -1.925],
			"to": [11.25, 7.8, -0.625],
			"rotation": {"angle": 45, "axis": "y", "origin": [10.6, 7.15, -1.275]},
			"faces": {
				"north": {"uv": [0, 0, 1, 1], "rotation": 180, "tintindex": 0,"texture": "#1"},
				"east": {"uv": [0, 0, 1, 1], "rotation": 270, "tintindex": 0,"texture": "#1"},
				"south": {"uv": [0, 0, 1, 1], "tintindex": 0,"texture": "#1"},
				"west": {"uv": [0, 0, 1, 1], "rotation": 90, "tintindex": 0,"texture": "#1"},
				"up": {"uv": [0, 0, 1, 1], "rotation": 180, "tintindex": 0,"texture": "#1"},
				"down": {"uv": [0, 0, 1, 1], "tintindex": 0,"texture": "#1"}
			}
		},
		{
			"from": [9.95, 6.5, -4.85],
			"to": [11.25, 7.8, -3.55],
			"rotation": {"angle": 45, "axis": "x", "origin": [10.6, 7.15, -4.2]},
			"faces": {
				"north": {"uv": [0, 0, 1, 1], "tintindex": 0,"texture": "#1"},
				"east": {"uv": [0, 0, 1, 1], "tintindex": 0,"texture": "#1"},
				"south": {"uv": [0, 0, 1, 1], "tintindex": 0,"texture": "#1"},
				"west": {"uv": [0, 0, 1, 1], "tintindex": 0,"texture": "#1"},
				"up": {"uv": [0, 0, 1, 1], "tintindex": 0,"texture": "#1"},
				"down": {"uv": [0, 0, 1, 1], "tintindex": 0,"texture": "#1"}
			}
		},
		{
			"from": [8.325, 7.475, -4.85],
			"to": [9.625, 8.775, -3.55],
			"rotation": {"angle": 45, "axis": "x", "origin": [8.975, 8.125, -4.2]},
			"faces": {
				"north": {"uv": [0, 0, 1, 1], "tintindex": 0,"texture": "#1"},
				"east": {"uv": [0, 0, 1, 1], "tintindex": 0,"texture": "#1"},
				"south": {"uv": [0, 0, 1, 1], "tintindex": 0,"texture": "#1"},
				"west": {"uv": [0, 0, 1, 1], "tintindex": 0,"texture": "#1"},
				"up": {"uv": [0, 0, 1, 1], "tintindex": 0,"texture": "#1"},
				"down": {"uv": [0, 0, 1, 1], "tintindex": 0,"texture": "#1"}
			}
		},
		{
			"from": [6.375, 7.475, -4.85],
			"to": [7.675, 8.775, -3.55],
			"rotation": {"angle": 45, "axis": "x", "origin": [7.025, 8.125, -4.2]},
			"faces": {
				"north": {"uv": [0, 0, 1, 1], "tintindex": 0,"texture": "#1"},
				"east": {"uv": [0, 0, 1, 1], "tintindex": 0,"texture": "#1"},
				"south": {"uv": [0, 0, 1, 1], "tintindex": 0,"texture": "#1"},
				"west": {"uv": [0, 0, 1, 1], "tintindex": 0,"texture": "#1"},
				"up": {"uv": [0, 0, 1, 1], "tintindex": 0,"texture": "#1"},
				"down": {"uv": [0, 0, 1, 1], "tintindex": 0,"texture": "#1"}
			}
		},
		{
			"from": [4.1, 2.6, -6.8],
			"to": [5.4, 3.9, -4.2],
			"rotation": {"angle": 45, "axis": "y", "origin": [4.75, 3.25, -5.5]},
			"faces": {
				"north": {"uv": [0, 0, 1, 1], "tintindex": 0,"texture": "#2"},
				"east": {"uv": [0, 0, 1, 1], "tintindex": 0,"texture": "#2"},
				"south": {"uv": [0, 0, 1, 1], "tintindex": 0,"texture": "#2"},
				"west": {"uv": [0, 0, 1, 1], "tintindex": 0,"texture": "#2"},
				"up": {"uv": [0, 0, 1, 1], "tintindex": 0,"texture": "#2"},
				"down": {"uv": [0, 0, 1, 1], "tintindex": 0,"texture": "#2"}
			}
		},
		{
			"from": [10.795, 2.6, -6.8],
			"to": [12.095, 3.9, -4.2],
			"rotation": {"angle": -45, "axis": "y", "origin": [11.445, 3.25, -5.5]},
			"faces": {
				"north": {"uv": [0, 0, 1, 1], "tintindex": 0,"texture": "#2"},
				"east": {"uv": [0, 0, 1, 1], "tintindex": 0,"texture": "#2"},
				"south": {"uv": [0, 0, 1, 1], "tintindex": 0,"texture": "#2"},
				"west": {"uv": [0, 0, 1, 1], "tintindex": 0,"texture": "#2"},
				"up": {"uv": [0, 0, 1, 1], "tintindex": 0,"texture": "#2"},
				"down": {"uv": [0, 0, 1, 1], "tintindex": 0,"texture": "#2"}
			}
		},
		{
			"from": [3.37114, 2.6, -8.55962],
			"to": [4.67114, 3.9, -5.95962],
			"rotation": {"angle": 0, "axis": "y", "origin": [4.02114, 3.25, -7.25962]},
			"faces": {
				"north": {"uv": [0, 0, 1, 1], "tintindex": 0,"texture": "#2"},
				"east": {"uv": [0, 0, 1, 1], "tintindex": 0,"texture": "#2"},
				"south": {"uv": [0, 0, 1, 1], "tintindex": 0,"texture": "#2"},
				"west": {"uv": [0, 0, 1, 1], "tintindex": 0,"texture": "#2"},
				"up": {"uv": [0, 0, 1, 1], "tintindex": 0,"texture": "#2"},
				"down": {"uv": [0, 0, 1, 1], "tintindex": 0,"texture": "#2"}
			}
		},
		{
			"from": [11.52386, 2.6, -8.55962],
			"to": [12.82386, 3.9, -5.95962],
			"rotation": {"angle": 0, "axis": "y", "origin": [12.17386, 3.25, -7.25962]},
			"faces": {
				"north": {"uv": [0, 0, 1, 1], "tintindex": 0,"texture": "#2"},
				"east": {"uv": [0, 0, 1, 1], "tintindex": 0,"texture": "#2"},
				"south": {"uv": [0, 0, 1, 1], "tintindex": 0,"texture": "#2"},
				"west": {"uv": [0, 0, 1, 1], "tintindex": 0,"texture": "#2"},
				"up": {"uv": [0, 0, 1, 1], "tintindex": 0,"texture": "#2"},
				"down": {"uv": [0, 0, 1, 1], "tintindex": 0,"texture": "#2"}
			}
		},
		{
			"from": [6.05, 3.25, 1.975],
			"to": [9.95, 7.15, 16.275],
			"rotation": {"angle": 0, "axis": "y", "origin": [8, 5.2, 9.125]},
			"faces": {
				"north": {"uv": [0, 0, 3, 3], "tintindex": 0,"texture": "#2"},
				"east": {"uv": [0, 0, 11, 3], "tintindex": 0,"texture": "#2"},
				"south": {"uv": [0, 0, 3, 3], "tintindex": 0,"texture": "#2"},
				"west": {"uv": [0, 0, 11, 3], "tintindex": 0,"texture": "#2"},
				"up": {"uv": [0, 0, 3, 11], "tintindex": 0,"texture": "#2"},
				"down": {"uv": [0, 0, 3, 11], "tintindex": 0,"texture": "#2"}
			}
		},
		{
			"from": [5, 2, 3],
			"to": [7, 4, 7],
			"rotation": {"angle": -22.5, "axis": "y", "origin": [6, 3, 5]},
			"faces": {
				"north": {"uv": [0, 0, 2, 2], "tintindex": 0,"texture": "#4"},
				"east": {"uv": [0, 0, 4, 2], "tintindex": 0,"texture": "#4"},
				"south": {"uv": [0, 0, 2, 2], "tintindex": 0,"texture": "#4"},
				"west": {"uv": [0, 0, 4, 2], "tintindex": 0,"texture": "#4"},
				"up": {"uv": [0, 0, 2, 4], "tintindex": 0,"texture": "#4"},
				"down": {"uv": [0, 0, 2, 4], "tintindex": 0,"texture": "#4"}
			}
		},
		{
			"from": [9, 2, 3],
			"to": [11, 4, 7],
			"rotation": {"angle": 22.5, "axis": "y", "origin": [10, 3, 5]},
			"faces": {
				"north": {"uv": [0, 0, 2, 2], "tintindex": 0,"texture": "#4"},
				"east": {"uv": [0, 0, 4, 2], "tintindex": 0,"texture": "#4"},
				"south": {"uv": [0, 0, 2, 2], "tintindex": 0,"texture": "#4"},
				"west": {"uv": [0, 0, 4, 2], "tintindex": 0,"texture": "#4"},
				"up": {"uv": [0, 0, 2, 4], "tintindex": 0,"texture": "#4"},
				"down": {"uv": [0, 0, 2, 4], "tintindex": 0,"texture": "#4"}
			}
		},
		{
			"from": [5, 2, 9],
			"to": [7, 4, 13],
			"rotation": {"angle": -22.5, "axis": "y", "origin": [6, 3, 11]},
			"faces": {
				"north": {"uv": [0, 0, 2, 2], "tintindex": 0,"texture": "#4"},
				"east": {"uv": [0, 0, 4, 2], "tintindex": 0,"texture": "#4"},
				"south": {"uv": [0, 0, 2, 2], "tintindex": 0,"texture": "#4"},
				"west": {"uv": [0, 0, 4, 2], "tintindex": 0,"texture": "#4"},
				"up": {"uv": [0, 0, 2, 4], "tintindex": 0,"texture": "#4"},
				"down": {"uv": [0, 0, 2, 4], "tintindex": 0,"texture": "#4"}
			}
		},
		{
			"from": [9, 2, 9],
			"to": [11, 4, 13],
			"rotation": {"angle": 22.5, "axis": "y", "origin": [10, 3, 11]},
			"faces": {
				"north": {"uv": [0, 0, 2, 2], "tintindex": 0,"texture": "#4"},
				"east": {"uv": [0, 0, 4, 2], "tintindex": 0,"texture": "#4"},
				"south": {"uv": [0, 0, 2, 2], "tintindex": 0,"texture": "#4"},
				"west": {"uv": [0, 0, 4, 2], "tintindex": 0,"texture": "#4"},
				"up": {"uv": [0, 0, 2, 4], "tintindex": 0,"texture": "#4"},
				"down": {"uv": [0, 0, 2, 4], "tintindex": 0,"texture": "#4"}
			}
		},
		{
			"from": [5, 6, 3],
			"to": [7, 8, 7],
			"rotation": {"angle": -22.5, "axis": "y", "origin": [6, 7, 5]},
			"faces": {
				"north": {"uv": [0, 0, 2, 2], "tintindex": 0,"texture": "#4"},
				"east": {"uv": [0, 0, 4, 2], "tintindex": 0,"texture": "#4"},
				"south": {"uv": [0, 0, 2, 2], "tintindex": 0,"texture": "#4"},
				"west": {"uv": [0, 0, 4, 2], "tintindex": 0,"texture": "#4"},
				"up": {"uv": [0, 0, 2, 4], "tintindex": 0,"texture": "#4"},
				"down": {"uv": [0, 0, 2, 4], "tintindex": 0,"texture": "#4"}
			}
		},
		{
			"from": [9, 6, 3],
			"to": [11, 8, 7],
			"rotation": {"angle": 22.5, "axis": "y", "origin": [10, 7, 5]},
			"faces": {
				"north": {"uv": [0, 0, 2, 2], "tintindex": 0,"texture": "#4"},
				"east": {"uv": [0, 0, 4, 2], "tintindex": 0,"texture": "#4"},
				"south": {"uv": [0, 0, 2, 2], "tintindex": 0,"texture": "#4"},
				"west": {"uv": [0, 0, 4, 2], "tintindex": 0,"texture": "#4"},
				"up": {"uv": [0, 0, 2, 4], "tintindex": 0,"texture": "#4"},
				"down": {"uv": [0, 0, 2, 4], "tintindex": 0,"texture": "#4"}
			}
		},
		{
			"from": [7, 7, 3],
			"to": [9, 9, 7],
			"rotation": {"angle": -22.5, "axis": "x", "origin": [8, 8, 5]},
			"faces": {
				"north": {"uv": [0, 0, 2, 2], "tintindex": 0,"texture": "#4"},
				"east": {"uv": [0, 0, 4, 2], "tintindex": 0,"texture": "#4"},
				"south": {"uv": [0, 0, 2, 2], "tintindex": 0,"texture": "#4"},
				"west": {"uv": [0, 0, 4, 2], "tintindex": 0,"texture": "#4"},
				"up": {"uv": [0, 0, 2, 4], "tintindex": 0,"texture": "#4"},
				"down": {"uv": [0, 0, 2, 4], "tintindex": 0,"texture": "#4"}
			}
		},
		{
			"from": [7, 7, 9],
			"to": [9, 9, 13],
			"rotation": {"angle": -22.5, "axis": "x", "origin": [8, 8, 11]},
			"faces": {
				"north": {"uv": [0, 0, 2, 2], "tintindex": 0,"texture": "#4"},
				"east": {"uv": [0, 0, 4, 2], "tintindex": 0,"texture": "#4"},
				"south": {"uv": [0, 0, 2, 2], "tintindex": 0,"texture": "#4"},
				"west": {"uv": [0, 0, 4, 2], "tintindex": 0,"texture": "#4"},
				"up": {"uv": [0, 0, 2, 4], "tintindex": 0,"texture": "#4"},
				"down": {"uv": [0, 0, 2, 4], "tintindex": 0,"texture": "#4"}
			}
		},
		{
			"from": [5, 6, 9],
			"to": [7, 8, 13],
			"rotation": {"angle": -22.5, "axis": "y", "origin": [6, 7, 11]},
			"faces": {
				"north": {"uv": [0, 0, 2, 2], "tintindex": 0,"texture": "#4"},
				"east": {"uv": [0, 0, 4, 2], "tintindex": 0,"texture": "#4"},
				"south": {"uv": [0, 0, 2, 2], "tintindex": 0,"texture": "#4"},
				"west": {"uv": [0, 0, 4, 2], "tintindex": 0,"texture": "#4"},
				"up": {"uv": [0, 0, 2, 4], "tintindex": 0,"texture": "#4"},
				"down": {"uv": [0, 0, 2, 4], "tintindex": 0,"texture": "#4"}
			}
		},
		{
			"from": [9, 6, 9],
			"to": [11, 8, 13],
			"rotation": {"angle": 22.5, "axis": "y", "origin": [10, 7, 11]},
			"faces": {
				"north": {"uv": [0, 0, 2, 2], "tintindex": 0,"texture": "#4"},
				"east": {"uv": [0, 0, 4, 2], "tintindex": 0,"texture": "#4"},
				"south": {"uv": [0, 0, 2, 2], "tintindex": 0,"texture": "#4"},
				"west": {"uv": [0, 0, 4, 2], "tintindex": 0,"texture": "#4"},
				"up": {"uv": [0, 0, 2, 4], "tintindex": 0,"texture": "#4"},
				"down": {"uv": [0, 0, 2, 4], "tintindex": 0,"texture": "#4"}
			}
		}
	],
	"display": {
		"head": {
			"translation": [0, 8, 33.25],
			"scale": [4, 4, 4]
		}
	}
}