{
	"credit": "Made with Blockbench",
	"textures": {
		"2": "block/blackstone_top",
		"5": "block/redstone_lamp",
		"particle": "block/black_shulker_box"
	},
	"elements": [
		{
			"from": [1, -2, 0],
			"to": [15, 10, 10],
			"rotation": {"angle": 0, "axis": "y", "origin": [9, 6, 8]},
			"faces": {
				"north": {"uv": [0, 0, 14, 12], "tintindex": 0,"texture": "#2"},
				"east": {"uv": [0, 0, 10, 12], "tintindex": 0,"texture": "#2"},
				"south": {"uv": [0, 0, 14, 12], "tintindex": 0,"texture": "#2"},
				"west": {"uv": [0, 0, 10, 12], "tintindex": 0,"texture": "#2"},
				"up": {"uv": [0, 0, 14, 10], "tintindex": 0,"texture": "#2"},
				"down": {"uv": [0, 0, 14, 10], "tintindex": 0,"texture": "#2"}
			}
		},
		{
			"from": [-6, 8, 0],
			"to": [3, 11, 28],
			"rotation": {"angle": -22.5, "axis": "y", "origin": [-1.5, 9.5, 14]},
			"faces": {
				"north": {"uv": [0, 0, 9, 3], "tintindex": 0,"texture": "#2"},
				"east": {"uv": [0, 0, 16, 3], "tintindex": 0,"texture": "#2"},
				"south": {"uv": [0, 0, 9, 3], "tintindex": 0,"texture": "#2"},
				"west": {"uv": [0, 0, 16, 3], "tintindex": 0,"texture": "#2"},
				"up": {"uv": [0, 0, 9, 16], "tintindex": 0,"texture": "#2"},
				"down": {"uv": [0, 0, 9, 16], "tintindex": 0,"texture": "#2"}
			}
		},
		{
			"from": [-15.5, 2, 9.5],
			"to": [12.5, 5, 18.5],
			"rotation": {"angle": 45, "axis": "y", "origin": [-1.5, 3.5, 14]},
			"faces": {
				"north": {"uv": [0, 0, 16, 3], "tintindex": 0,"texture": "#2"},
				"east": {"uv": [0, 0, 9, 3], "tintindex": 0,"texture": "#2"},
				"south": {"uv": [0, 0, 16, 3], "tintindex": 0,"texture": "#2"},
				"west": {"uv": [0, 0, 9, 3], "tintindex": 0,"texture": "#2"},
				"up": {"uv": [0, 0, 9, 16], "rotation": 90, "tintindex": 0,"texture": "#2"},
				"down": {"uv": [0, 0, 9, 16], "rotation": 270, "tintindex": 0,"texture": "#2"}
			}
		},
		{
			"from": [16, 2, 0],
			"to": [25, 5, 28],
			"rotation": {"angle": 45, "axis": "y", "origin": [20.5, 3.5, 14]},
			"faces": {
				"north": {"uv": [0, 0, 9, 3], "tintindex": 0,"texture": "#2"},
				"east": {"uv": [0, 0, 16, 3], "tintindex": 0,"texture": "#2"},
				"south": {"uv": [0, 0, 9, 3], "tintindex": 0,"texture": "#2"},
				"west": {"uv": [0, 0, 16, 3], "tintindex": 0,"texture": "#2"},
				"up": {"uv": [0, 0, 9, 16], "tintindex": 0,"texture": "#2"},
				"down": {"uv": [0, 0, 9, 16], "tintindex": 0,"texture": "#2"}
			}
		},
		{
			"from": [-2.29989, 13.47175, -1.14805],
			"to": [6.70011, 16.47175, 26.85195],
			"rotation": {"angle": -22.5, "axis": "x", "origin": [2.20011, 14.97175, 12.85195]},
			"faces": {
				"north": {"uv": [0, 0, 9, 3], "tintindex": 0,"texture": "#2"},
				"east": {"uv": [0, 0, 16, 3], "tintindex": 0,"texture": "#2"},
				"south": {"uv": [0, 0, 9, 3], "tintindex": 0,"texture": "#2"},
				"west": {"uv": [0, 0, 16, 3], "tintindex": 0,"texture": "#2"},
				"up": {"uv": [0, 0, 9, 16], "tintindex": 0,"texture": "#2"},
				"down": {"uv": [0, 0, 9, 16], "tintindex": 0,"texture": "#2"}
			}
		},
		{
			"from": [9.29989, 13.47175, -1.14805],
			"to": [18.29989, 16.47175, 26.85195],
			"rotation": {"angle": -22.5, "axis": "x", "origin": [13.79989, 14.97175, 12.85195]},
			"faces": {
				"north": {"uv": [0, 0, 9, 3], "tintindex": 0,"texture": "#2"},
				"east": {"uv": [0, 0, 16, 3], "tintindex": 0,"texture": "#2"},
				"south": {"uv": [0, 0, 9, 3], "tintindex": 0,"texture": "#2"},
				"west": {"uv": [0, 0, 16, 3], "tintindex": 0,"texture": "#2"},
				"up": {"uv": [0, 0, 9, 16], "tintindex": 0,"texture": "#2"},
				"down": {"uv": [0, 0, 9, 16], "tintindex": 0,"texture": "#2"}
			}
		},
		{
			"from": [13, 8, 0],
			"to": [22, 11, 28],
			"rotation": {"angle": 22.5, "axis": "y", "origin": [17.5, 9.5, 14]},
			"faces": {
				"north": {"uv": [0, 0, 9, 3], "tintindex": 0,"texture": "#2"},
				"east": {"uv": [0, 0, 16, 3], "tintindex": 0,"texture": "#2"},
				"south": {"uv": [0, 0, 9, 3], "tintindex": 0,"texture": "#2"},
				"west": {"uv": [0, 0, 16, 3], "tintindex": 0,"texture": "#2"},
				"up": {"uv": [0, 0, 9, 16], "tintindex": 0,"texture": "#2"},
				"down": {"uv": [0, 0, 9, 16], "tintindex": 0,"texture": "#2"}
			}
		},
		{
			"from": [-5, -4, 2.48528],
			"to": [7, 8, 14.48528],
			"rotation": {"angle": 45, "axis": "y", "origin": [1, 2, 8.48528]},
			"faces": {
				"north": {"uv": [0, 0, 12, 12], "tintindex": 0,"texture": "#2"},
				"east": {"uv": [0, 0, 12, 12], "tintindex": 0,"texture": "#2"},
				"south": {"uv": [0, 0, 12, 12], "tintindex": 0,"texture": "#2"},
				"west": {"uv": [0, 0, 12, 12], "tintindex": 0,"texture": "#2"},
				"up": {"uv": [0, 0, 12, 12], "tintindex": 0,"texture": "#2"},
				"down": {"uv": [0, 0, 12, 12], "tintindex": 0,"texture": "#2"}
			}
		},
		{
			"from": [9, -4, 2.48528],
			"to": [21, 8, 14.48528],
			"rotation": {"angle": 45, "axis": "y", "origin": [15, 2, 8.48528]},
			"faces": {
				"north": {"uv": [0, 0, 12, 12], "tintindex": 0,"texture": "#2"},
				"east": {"uv": [0, 0, 12, 12], "tintindex": 0,"texture": "#2"},
				"south": {"uv": [0, 0, 12, 12], "tintindex": 0,"texture": "#2"},
				"west": {"uv": [0, 0, 12, 12], "tintindex": 0,"texture": "#2"},
				"up": {"uv": [0, 0, 12, 12], "tintindex": 0,"texture": "#2"},
				"down": {"uv": [0, 0, 12, 12], "tintindex": 0,"texture": "#2"}
			}
		},
		{
			"from": [0, -5, 4],
			"to": [14, -1, 16],
			"rotation": {"angle": 0, "axis": "y", "origin": [8, 3, 12]},
			"faces": {
				"north": {"uv": [0, 0, 14, 4], "tintindex": 0,"texture": "#5"},
				"east": {"uv": [0, 0, 12, 4], "tintindex": 0,"texture": "#5"},
				"south": {"uv": [0, 0, 14, 4], "tintindex": 0,"texture": "#5"},
				"west": {"uv": [0, 0, 12, 4], "tintindex": 0,"texture": "#5"},
				"up": {"uv": [1, 2, 15, 14], "tintindex": 0,"texture": "#5"},
				"down": {"uv": [1, 1, 15, 13], "tintindex": 0,"texture": "#5"}
			}
		},
		{
			"from": [3, -1.75, 9],
			"to": [13, 8.25, 20],
			"rotation": {"angle": 0, "axis": "y", "origin": [3.5, -1.25, 9.5]},
			"faces": {
				"north": {"uv": [0, 0, 10, 10], "tintindex": 0,"texture": "#2"},
				"east": {"uv": [0, 0, 11, 10], "tintindex": 0,"texture": "#2"},
				"south": {"uv": [0, 0, 10, 10], "tintindex": 0,"texture": "#2"},
				"west": {"uv": [0, 0, 11, 10], "tintindex": 0,"texture": "#2"},
				"up": {"uv": [0, 0, 10, 11], "tintindex": 0,"texture": "#2"},
				"down": {"uv": [0, 0, 10, 11], "tintindex": 0,"texture": "#2"}
			}
		}
	],
	"display": {
		"head": {
			"translation": [0, 29.25, -36.25],
			"scale": [4, 4, 4]
		}
	}
}