{
	"credit": "Made with Blockbench",
	"textures": {
		"2": "block/blackstone_top",
		"5": "block/redstone_lamp",
		"particle": "block/black_shulker_box"
	},
	"elements": [
		{
			"from": [2, -4, 2.48528],
			"to": [14, 8, 14.48528],
			"rotation": {"angle": 45, "axis": "y", "origin": [8, 2, 8.48528]},
			"faces": {
				"north": {"uv": [0, 0, 12, 12], "tintindex": 0,"texture": "#2"},
				"east": {"uv": [0, 0, 12, 12], "tintindex": 0,"texture": "#2"},
				"south": {"uv": [0, 0, 12, 12], "tintindex": 0,"texture": "#2"},
				"west": {"uv": [0, 0, 12, 12], "tintindex": 0,"texture": "#2"},
				"up": {"uv": [0, 0, 12, 12], "tintindex": 0,"texture": "#2"},
				"down": {"uv": [0, 0, 12, 12], "tintindex": 0,"texture": "#2"}
			}
		},
		{
			"from": [2, -2, 6.48528],
			"to": [14, 10, 18.48528],
			"rotation": {"angle": 45, "axis": "y", "origin": [8, 4, 12.48528]},
			"faces": {
				"north": {"uv": [0, 0, 12, 12], "tintindex": 0,"texture": "#2"},
				"east": {"uv": [0, 0, 12, 12], "tintindex": 0,"texture": "#2"},
				"south": {"uv": [0, 0, 12, 12], "tintindex": 0,"texture": "#2"},
				"west": {"uv": [0, 0, 12, 12], "tintindex": 0,"texture": "#2"},
				"up": {"uv": [0, 0, 12, 12], "tintindex": 0,"texture": "#2"},
				"down": {"uv": [0, 0, 12, 12], "tintindex": 0,"texture": "#2"}
			}
		},
		{
			"from": [2, -3, 10.48528],
			"to": [14, 9, 22.48528],
			"rotation": {"angle": 45, "axis": "y", "origin": [8, 3, 16.48528]},
			"faces": {
				"north": {"uv": [0, 0, 12, 12], "tintindex": 0,"texture": "#2"},
				"east": {"uv": [0, 0, 12, 12], "tintindex": 0,"texture": "#2"},
				"south": {"uv": [0, 0, 12, 12], "tintindex": 0,"texture": "#2"},
				"west": {"uv": [0, 0, 12, 12], "tintindex": 0,"texture": "#2"},
				"up": {"uv": [0, 0, 12, 12], "tintindex": 0,"texture": "#2"},
				"down": {"uv": [0, 0, 12, 12], "tintindex": 0,"texture": "#2"}
			}
		},
		{
			"from": [2, -4.5, 2],
			"to": [14, -1.5, 12],
			"rotation": {"angle": 0, "axis": "y", "origin": [10, 3.5, 10]},
			"faces": {
				"north": {"uv": [0, 0, 14, 4], "tintindex": 0,"texture": "#5"},
				"east": {"uv": [0, 0, 12, 4], "tintindex": 0,"texture": "#5"},
				"south": {"uv": [0, 0, 14, 4], "tintindex": 0,"texture": "#5"},
				"west": {"uv": [0, 0, 12, 4], "tintindex": 0,"texture": "#5"},
				"up": {"uv": [1, 2, 15, 14], "tintindex": 0,"texture": "#5"},
				"down": {"uv": [1, 1, 15, 13], "tintindex": 0,"texture": "#5"}
			}
		},
		{
			"from": [3, -4.25, 12],
			"to": [13, -1.25, 20],
			"rotation": {"angle": 0, "axis": "y", "origin": [11, 3.75, 20]},
			"faces": {
				"north": {"uv": [0, 0, 14, 4], "tintindex": 0,"texture": "#5"},
				"east": {"uv": [0, 0, 12, 4], "tintindex": 0,"texture": "#5"},
				"south": {"uv": [0, 0, 14, 4], "tintindex": 0,"texture": "#5"},
				"west": {"uv": [0, 0, 12, 4], "tintindex": 0,"texture": "#5"},
				"up": {"uv": [1, 2, 15, 14], "tintindex": 0,"texture": "#5"},
				"down": {"uv": [1, 1, 15, 13], "tintindex": 0,"texture": "#5"}
			}
		},
		{
			"from": [3, -1.75, -5],
			"to": [13, 8.25, 6],
			"rotation": {"angle": 0, "axis": "y", "origin": [3.5, -1.25, -4.5]},
			"faces": {
				"north": {"uv": [0, 0, 10, 10], "tintindex": 0,"texture": "#2"},
				"east": {"uv": [0, 0, 11, 10], "tintindex": 0,"texture": "#2"},
				"south": {"uv": [0, 0, 10, 10], "tintindex": 0,"texture": "#2"},
				"west": {"uv": [0, 0, 11, 10], "tintindex": 0,"texture": "#2"},
				"up": {"uv": [0, 0, 10, 11], "tintindex": 0,"texture": "#2"},
				"down": {"uv": [0, 0, 10, 11], "tintindex": 0,"texture": "#2"}
			}
		},
		{
			"from": [3, -1.75, 6],
			"to": [13, 8.25, 24],
			"rotation": {"angle": 0, "axis": "y", "origin": [3.5, -1.25, 6.5]},
			"faces": {
				"north": {"uv": [0, 0, 10, 10], "tintindex": 0,"texture": "#2"},
				"east": {"uv": [0, 0, 16, 10], "tintindex": 0,"texture": "#2"},
				"south": {"uv": [0, 0, 10, 10], "tintindex": 0,"texture": "#2"},
				"west": {"uv": [0, 0, 16, 10], "tintindex": 0,"texture": "#2"},
				"up": {"uv": [0, 0, 10, 16], "tintindex": 0,"texture": "#2"},
				"down": {"uv": [0, 0, 10, 16], "tintindex": 0,"texture": "#2"}
			}
		},
		{
			"from": [4, -1.75, 17],
			"to": [12, 6.25, 32],
			"rotation": {"angle": 0, "axis": "y", "origin": [4.5, -1.25, 17.5]},
			"faces": {
				"north": {"uv": [0, 0, 8, 8], "tintindex": 0,"texture": "#2"},
				"east": {"uv": [0, 0, 15, 8], "tintindex": 0,"texture": "#2"},
				"south": {"uv": [0, 0, 8, 8], "tintindex": 0,"texture": "#2"},
				"west": {"uv": [0, 0, 15, 8], "tintindex": 0,"texture": "#2"},
				"up": {"uv": [0, 0, 8, 15], "tintindex": 0,"texture": "#2"},
				"down": {"uv": [0, 0, 8, 15], "tintindex": 0,"texture": "#2"}
			}
		}
	],
	"display": {
		"head": {
			"translation": [0, 29.25, 31.5],
			"scale": [4, 4, 4]
		}
	}
}