{
	"credit": "Made with Blockbench",
	"textures": {
		"0": "block/cobweb",
		"particle": "block/cobweb"
	},
	"elements": [
		{
			"from": [0, 0, 7],
			"to": [16, 16, 7.1],
			"rotation": {"angle": 0, "axis": "y", "origin": [8, 8, 7.05]},
			"faces": {
				"north": {"uv": [0, 0, 16, 16], "tintindex": 0,"texture": "#0"},
				"east": {"uv": [0, 0, 0.1, 16], "tintindex": 0,"texture": "#0"},
				"south": {"uv": [0, 0, 16, 16], "tintindex": 0,"texture": "#0"},
				"west": {"uv": [0, 0, 0.1, 16], "tintindex": 0,"texture": "#0"},
				"up": {"uv": [0, 0, 16, 0.1], "tintindex": 0,"texture": "#0"},
				"down": {"uv": [0, 0, 16, 0.1], "tintindex": 0,"texture": "#0"}
			}
		},
		{
			"from": [7.95, 0, -0.95],
			"to": [8.05, 16, 15.05],
			"rotation": {"angle": 0, "axis": "y", "origin": [8, 8, 7.05]},
			"faces": {
				"north": {"uv": [0, 0, 0.1, 16], "tintindex": 0,"texture": "#0"},
				"east": {"uv": [0, 0, 16, 16], "tintindex": 0,"texture": "#0"},
				"south": {"uv": [0, 0, 0.1, 16], "tintindex": 0,"texture": "#0"},
				"west": {"uv": [0, 0, 16, 16], "tintindex": 0,"texture": "#0"},
				"up": {"uv": [0, 0, 16, 0.1], "rotation": 270, "tintindex": 0,"texture": "#0"},
				"down": {"uv": [0, 0, 16, 0.1], "rotation": 90, "tintindex": 0,"texture": "#0"}
			}
		}
	],
	"display": {
		"head": {
			"translation": [0, -15, 2.25],
			"scale": [4, 4, 4]
		}
	}
}