{
	"credit": "Made with Blockbench",
	"textures": {
		"0": "item/custom/mob/aera",
		"particle": "item/custom/mob/aera"
	},
	"elements": [
		{
			"name": "custom",
			"from": [8, -10, 0],
			"to": [12, 2, 4],
			"faces": {
				"north": {"uv": [3, 5, 4, 8], "texture": "#0"},
				"east": {"uv": [2, 5, 3, 8], "texture": "#0"},
				"south": {"uv": [1, 5, 2, 8], "texture": "#0"},
				"west": {"uv": [0, 5, 1, 8], "texture": "#0"},
				"up": {"uv": [1, 4, 2, 5], "rotation": 180, "texture": "#0"},
				"down": {"uv": [2, 4, 3, 5], "rotation": 180, "texture": "#0"}
			}
		},
		{
			"name": "custom",
			"from": [4, -10, 0],
			"to": [8, 2, 4],
			"faces": {
				"north": {"uv": [7, 13, 8, 16], "texture": "#0"},
				"east": {"uv": [6, 13, 7, 16], "texture": "#0"},
				"south": {"uv": [5, 13, 6, 16], "texture": "#0"},
				"west": {"uv": [4, 13, 5, 16], "texture": "#0"},
				"up": {"uv": [5, 12, 6, 13], "rotation": 180, "texture": "#0"},
				"down": {"uv": [6, 12, 7, 13], "rotation": 180, "texture": "#0"}
			}
		},
		{
			"from": [4, 2, 0],
			"to": [12, 14, 4],
			"faces": {
				"north": {"uv": [8, 5, 10, 8], "texture": "#0"},
				"east": {"uv": [7, 5, 8, 8], "texture": "#0"},
				"south": {"uv": [5, 5, 7, 8], "texture": "#0"},
				"west": {"uv": [4, 5, 5, 8], "texture": "#0"},
				"up": {"uv": [5, 4, 7, 5], "rotation": 180, "texture": "#0"},
				"down": {"uv": [7, 4, 9, 5], "rotation": 180, "texture": "#0"}
			}
		},
		{
			"from": [4, 14, -2],
			"to": [12, 22, 6],
			"faces": {
				"north": {"uv": [6, 2, 8, 4], "texture": "#0"},
				"east": {"uv": [3.75, 2, 5.75, 4], "texture": "#0"},
				"south": {"uv": [2, 2, 4, 4], "texture": "#0"},
				"west": {"uv": [0, 2, 2, 4], "texture": "#0"},
				"up": {"uv": [2, 0, 4, 2], "rotation": 180, "texture": "#0"},
				"down": {"uv": [4, 0, 6, 2], "rotation": 180, "texture": "#0"}
			}
		},
		{
			"from": [-0.68192, 2.53075, -0.1],
			"to": [2.31808, 14.53075, 3.9],
			"rotation": {"angle": -22.5, "axis": "z", "origin": [0.81808, 8.53075, 1.9]},
			"faces": {
				"north": {"uv": [12.75, 5, 13.5, 8], "texture": "#0"},
				"east": {"uv": [11.75, 5, 12.75, 8], "texture": "#0"},
				"south": {"uv": [11, 5, 11.75, 8], "texture": "#0"},
				"west": {"uv": [10, 5, 11, 8], "texture": "#0"},
				"up": {"uv": [11, 4, 11.75, 5], "rotation": 180, "texture": "#0"},
				"down": {"uv": [11.75, 4, 12.5, 5], "rotation": 180, "texture": "#0"}
			}
		},
		{
			"from": [13.68192, 2.53075, -0.1],
			"to": [16.68192, 14.53075, 3.9],
			"rotation": {"angle": 22.5, "axis": "z", "origin": [15.18192, 8.53075, 1.9]},
			"faces": {
				"north": {"uv": [10.75, 13, 11.5, 16], "texture": "#0"},
				"east": {"uv": [9.75, 13, 10.75, 16], "texture": "#0"},
				"south": {"uv": [9, 13, 9.75, 16], "texture": "#0"},
				"west": {"uv": [8, 13, 9, 16], "texture": "#0"},
				"up": {"uv": [9, 12, 9.75, 13], "rotation": 180, "texture": "#0"},
				"down": {"uv": [10.25, 12, 11, 13], "rotation": 180, "texture": "#0"}
			}
		},
		{
			"name": "wing",
			"from": [0, 9, -1],
			"to": [5, 13, 0],
			"rotation": {"angle": -22.5, "axis": "z", "origin": [4.5, 11.5, -0.5]},
			"faces": {
				"north": {"uv": [14.5, 8.75, 16, 9.75], "texture": "#0"},
				"east": {"uv": [13.75, 8.75, 14, 9.75], "texture": "#0"},
				"south": {"uv": [11.75, 8.75, 13.25, 9.75], "texture": "#0"},
				"west": {"uv": [13.5, 8.75, 13.75, 9.75], "texture": "#0"},
				"up": {"uv": [11.75, 8.75, 13, 9], "rotation": 180, "texture": "#0"},
				"down": {"uv": [12.25, 9.5, 13.5, 9.75], "rotation": 180, "texture": "#0"}
			}
		},
		{
			"name": "wing",
			"from": [11, 9, -1],
			"to": [16, 13, 0],
			"rotation": {"angle": 22.5, "axis": "z", "origin": [11.49295, 11.5, -0.50605]},
			"faces": {
				"north": {"uv": [14.5, 8.75, 16, 9.75], "texture": "#0"},
				"east": {"uv": [13.75, 8.75, 14, 9.75], "texture": "#0"},
				"south": {"uv": [11.75, 8.75, 13.25, 9.75], "texture": "#0"},
				"west": {"uv": [13.5, 8.75, 13.75, 9.75], "texture": "#0"},
				"up": {"uv": [11.75, 8.75, 13, 9], "rotation": 180, "texture": "#0"},
				"down": {"uv": [12.25, 9.5, 13.5, 9.75], "rotation": 180, "texture": "#0"}
			}
		},
		{
			"name": "hair",
			"from": [4, 9, -1.5],
			"to": [12, 14, 0],
			"faces": {
				"north": {"uv": [8, 9, 10, 10.5], "texture": "#0"},
				"east": {"uv": [9.5, 9, 10, 10.5], "texture": "#0"},
				"south": {"uv": [8, 9, 10, 10.5], "texture": "#0"},
				"west": {"uv": [8, 9, 8.5, 10.5], "texture": "#0"},
				"up": {"uv": [0, 0, 8, 1], "rotation": 180, "texture": "#0"},
				"down": {"uv": [8, 10.25, 10, 10.75], "rotation": 180, "texture": "#0"}
			}
		}
	],
	"display": {
		"thirdperson_lefthand": {
			"rotation": [0, 180, 0],
			"translation": [0, -4, 0]
		}
	}
}