{
	"credit": "Made with Blockbench",
	"textures": {
		"1": "block/lapis_block",
		"2": "block/iron_block",
		"particle": "block/iron_block"
	},
	"elements": [
		{
			"from": [7, 0.35, 0.75],
			"to": [9, 1.35, 2.75],
			"rotation": {"angle": -22.5, "axis": "x", "origin": [8, 0.85, 2.25]},
			"faces": {
				"north": {"uv": [5, 3, 7, 5], "texture": "#2"},
				"east": {"uv": [4, 4, 6, 6], "texture": "#2"},
				"south": {"uv": [4, 3, 6, 5], "texture": "#2"},
				"west": {"uv": [5, 3, 7, 5], "texture": "#2"},
				"up": {"uv": [4, 3, 6, 5], "texture": "#1"},
				"down": {"uv": [5, 4, 7, 6], "texture": "#2"}
			}
		},
		{
			"from": [6.5, 0, 2.5],
			"to": [11.5, 1, 3.5],
			"rotation": {"angle": 45, "axis": "y", "origin": [9, 0.625, 8.53553]},
			"faces": {
				"north": {"uv": [0, 0, 5, 1], "texture": "#2"},
				"east": {"uv": [0, 0, 1, 1], "texture": "#2"},
				"south": {"uv": [0, 0, 5, 1], "texture": "#2"},
				"west": {"uv": [0, 0, 1, 1], "texture": "#2"},
				"up": {"uv": [0, 0, 1, 5], "rotation": 270, "texture": "#2"},
				"down": {"uv": [0, 0, 1, 5], "rotation": 90, "texture": "#2"}
			}
		},
		{
			"from": [2.96447, 0.25, 6.03553],
			"to": [3.96447, 1.25, 11.03553],
			"rotation": {"angle": 0, "axis": "y", "origin": [9, 0.625, 8.53553]},
			"faces": {
				"north": {"uv": [0, 0, 1, 1], "texture": "#2"},
				"east": {"uv": [0, 0, 5, 1], "texture": "#2"},
				"south": {"uv": [0, 0, 1, 1], "texture": "#2"},
				"west": {"uv": [0, 0, 5, 1], "texture": "#2"},
				"up": {"uv": [0, 0, 1, 5], "rotation": 180, "texture": "#2"},
				"down": {"uv": [0, 0, 1, 5], "rotation": 180, "texture": "#2"}
			}
		},
		{
			"from": [6.5, 0.25, 2.5],
			"to": [9.5, 1.25, 3.5],
			"rotation": {"angle": 0, "axis": "y", "origin": [9, 0.625, 8.53553]},
			"faces": {
				"north": {"uv": [0, 0, 3, 1], "texture": "#2"},
				"east": {"uv": [0, 0, 1, 1], "texture": "#2"},
				"south": {"uv": [0, 0, 3, 1], "texture": "#2"},
				"west": {"uv": [0, 0, 1, 1], "texture": "#2"},
				"up": {"uv": [0, 0, 1, 3], "rotation": 270, "texture": "#2"},
				"down": {"uv": [0, 0, 1, 3], "rotation": 90, "texture": "#2"}
			}
		},
		{
			"from": [12.03553, 0, 6.03553],
			"to": [13.03553, 1, 11.03553],
			"rotation": {"angle": 45, "axis": "y", "origin": [7, 0.625, 8.53553]},
			"faces": {
				"north": {"uv": [0, 0, 1, 1], "texture": "#2"},
				"east": {"uv": [0, 0, 5, 1], "texture": "#2"},
				"south": {"uv": [0, 0, 1, 1], "texture": "#2"},
				"west": {"uv": [0, 0, 5, 1], "texture": "#2"},
				"up": {"uv": [0, 0, 1, 5], "texture": "#2"},
				"down": {"uv": [0, 0, 1, 5], "texture": "#2"}
			}
		},
		{
			"from": [12.03553, 0.25, 6.03553],
			"to": [13.03553, 1.25, 11.03553],
			"rotation": {"angle": 0, "axis": "y", "origin": [7, 0.625, 8.53553]},
			"faces": {
				"north": {"uv": [0, 0, 1, 1], "texture": "#2"},
				"east": {"uv": [0, 0, 5, 1], "texture": "#2"},
				"south": {"uv": [0, 0, 1, 1], "texture": "#2"},
				"west": {"uv": [0, 0, 5, 1], "texture": "#2"},
				"up": {"uv": [0, 0, 1, 5], "texture": "#2"},
				"down": {"uv": [0, 0, 1, 5], "texture": "#2"}
			}
		},
		{
			"from": [4.5, 0, 13.57107],
			"to": [9.5, 1, 14.57107],
			"rotation": {"angle": 45, "axis": "y", "origin": [7, 0.625, 8.53553]},
			"faces": {
				"north": {"uv": [0, 0, 5, 1], "texture": "#2"},
				"east": {"uv": [0, 0, 1, 1], "texture": "#2"},
				"south": {"uv": [0, 0, 5, 1], "texture": "#2"},
				"west": {"uv": [0, 0, 1, 1], "texture": "#2"},
				"up": {"uv": [0, 0, 1, 5], "rotation": 90, "texture": "#2"},
				"down": {"uv": [0, 0, 1, 5], "rotation": 270, "texture": "#2"}
			}
		},
		{
			"from": [6.5, 0.25, 13.57107],
			"to": [9.5, 1.25, 14.57107],
			"rotation": {"angle": 0, "axis": "y", "origin": [9, 0.625, 8.53553]},
			"faces": {
				"north": {"uv": [0, 0, 3, 1], "texture": "#2"},
				"east": {"uv": [0, 0, 1, 1], "texture": "#2"},
				"south": {"uv": [0, 0, 3, 1], "texture": "#2"},
				"west": {"uv": [0, 0, 1, 1], "texture": "#2"},
				"up": {"uv": [0, 0, 1, 3], "rotation": 90, "texture": "#2"},
				"down": {"uv": [0, 0, 1, 3], "rotation": 270, "texture": "#2"}
			}
		},
		{
			"from": [2.96447, 0, 6.03553],
			"to": [3.96447, 1, 11.03553],
			"rotation": {"angle": 45, "axis": "y", "origin": [9, 0.625, 8.53553]},
			"faces": {
				"north": {"uv": [0, 0, 1, 1], "texture": "#2"},
				"east": {"uv": [0, 0, 5, 1], "texture": "#2"},
				"south": {"uv": [0, 0, 1, 1], "texture": "#2"},
				"west": {"uv": [0, 0, 5, 1], "texture": "#2"},
				"up": {"uv": [0, 0, 1, 5], "rotation": 180, "texture": "#2"},
				"down": {"uv": [0, 0, 1, 5], "rotation": 180, "texture": "#2"}
			}
		}
	],
	"display": {
		"thirdperson_righthand": {
			"translation": [-1, 2.75, 1],
			"scale": [0.5, 0.5, 0.5]
		},
		"thirdperson_lefthand": {
			"translation": [-1, 2.75, 1],
			"scale": [0.5, 0.5, 0.5]
		},
		"firstperson_righthand": {
			"translation": [-1, 2.75, 1],
			"scale": [0.5, 0.5, 0.5]
		},
		"firstperson_lefthand": {
			"translation": [-1, 2.75, 1],
			"scale": [0.5, 0.5, 0.5]
		},
		"ground": {
			"rotation": [20, 0, 0],
			"translation": [-1, 8, 1],
			"scale": [0.5, 0.5, 0.5]
		},
		"gui": {
			"rotation": [44, 180, 0],
			"translation": [0.75, 5, 0]
		},
		"fixed": {
			"translation": [0, 7, 2.25]
		}
	}
}