{
	"credit": "Made with Blockbench",
	"textures": {
		"1": "block/red_glazed_terracotta",
		"2": "block/black_glazed_terracotta",
		"3": "block/quartz_block_side",
		"4": "block/black_concrete",
		"5": "block/large_fern_top",
		"particle": "block/black_concrete"
	},
	"elements": [
		{
			"from": [6, 0.25, 6],
			"to": [10, 1.25, 10],
			"faces": {
				"north": {"uv": [0, 0, 4, 1], "texture": "#3"},
				"east": {"uv": [0, 0, 4, 1], "texture": "#3"},
				"south": {"uv": [0, 0, 4, 1], "texture": "#3"},
				"west": {"uv": [0, 0, 4, 1], "texture": "#3"},
				"up": {"uv": [0, 0, 4, 4], "texture": "#3"},
				"down": {"uv": [0, 0, 4, 4], "texture": "#3"}
			}
		},
		{
			"from": [5.75, 0.75, 5],
			"to": [10.25, 1.25, 6],
			"rotation": {"angle": 0, "axis": "y", "origin": [8, 0.75, 8]},
			"faces": {
				"north": {"uv": [0, 0, 4.5, 0.5], "texture": "#1"},
				"east": {"uv": [0, 0, 1, 0.5], "texture": "#1"},
				"south": {"uv": [0, 0, 4.5, 0.5], "texture": "#1"},
				"west": {"uv": [0, 0, 1, 0.5], "texture": "#1"},
				"up": {"uv": [0, 0, 1, 4.5], "rotation": 270, "texture": "#1"},
				"down": {"uv": [0, 0, 1, 4.5], "rotation": 90, "texture": "#1"}
			}
		},
		{
			"from": [5.75, 0.75, 10],
			"to": [10.25, 1.25, 11],
			"rotation": {"angle": 0, "axis": "y", "origin": [8, 0.75, 8]},
			"faces": {
				"north": {"uv": [0, 0, 4.5, 0.5], "texture": "#1"},
				"east": {"uv": [0, 0, 1, 0.5], "texture": "#1"},
				"south": {"uv": [0, 0, 4.5, 0.5], "texture": "#1"},
				"west": {"uv": [0, 0, 1, 0.5], "texture": "#1"},
				"up": {"uv": [0, 0, 1, 4.5], "rotation": 270, "texture": "#1"},
				"down": {"uv": [0, 0, 1, 4.5], "rotation": 90, "texture": "#1"}
			}
		},
		{
			"from": [10, 0.75, 5.75],
			"to": [11, 1.25, 10.25],
			"rotation": {"angle": 0, "axis": "y", "origin": [8, 0.75, 8]},
			"faces": {
				"north": {"uv": [0, 0, 1, 0.5], "texture": "#1"},
				"east": {"uv": [0, 0, 4.5, 0.5], "texture": "#1"},
				"south": {"uv": [0, 0, 1, 0.5], "texture": "#1"},
				"west": {"uv": [0, 0, 4.5, 0.5], "texture": "#1"},
				"up": {"uv": [0, 0, 1, 4.5], "rotation": 180, "texture": "#1"},
				"down": {"uv": [0, 0, 1, 4.5], "rotation": 180, "texture": "#1"}
			}
		},
		{
			"from": [5, 0.75, 5.75],
			"to": [6, 1.25, 10.25],
			"rotation": {"angle": 0, "axis": "y", "origin": [8, 0.75, 8]},
			"faces": {
				"north": {"uv": [0, 0, 1, 0.5], "texture": "#1"},
				"east": {"uv": [0, 0, 4.5, 0.5], "texture": "#1"},
				"south": {"uv": [0, 0, 1, 0.5], "texture": "#1"},
				"west": {"uv": [0, 0, 4.5, 0.5], "texture": "#1"},
				"up": {"uv": [0, 0, 1, 4.5], "rotation": 180, "texture": "#1"},
				"down": {"uv": [0, 0, 1, 4.5], "rotation": 180, "texture": "#1"}
			}
		},
		{
			"from": [5.5, 0.8, 6],
			"to": [6, 1.3, 10],
			"faces": {
				"north": {"uv": [0, 0, 0.5, 0.5], "texture": "#2"},
				"east": {"uv": [0, 0, 4, 0.5], "texture": "#2"},
				"south": {"uv": [0, 0, 0.5, 0.5], "texture": "#2"},
				"west": {"uv": [0, 0, 4, 0.5], "texture": "#2"},
				"up": {"uv": [0, 0, 0.5, 4], "texture": "#2"},
				"down": {"uv": [0, 0, 0.5, 4], "texture": "#2"}
			}
		},
		{
			"from": [10, 0.8, 6],
			"to": [10.5, 1.3, 10],
			"faces": {
				"north": {"uv": [0, 0, 0.5, 0.5], "texture": "#2"},
				"east": {"uv": [0, 0, 4, 0.5], "texture": "#2"},
				"south": {"uv": [0, 0, 0.5, 0.5], "texture": "#2"},
				"west": {"uv": [0, 0, 4, 0.5], "texture": "#2"},
				"up": {"uv": [0, 0, 0.5, 4], "texture": "#2"},
				"down": {"uv": [0, 0, 0.5, 4], "texture": "#2"}
			}
		},
		{
			"from": [6, 0.8, 5.5],
			"to": [10, 1.3, 6],
			"rotation": {"angle": 0, "axis": "y", "origin": [8, 1, 8]},
			"faces": {
				"north": {"uv": [0, 0, 4, 0.5], "texture": "#2"},
				"east": {"uv": [0, 0, 0.5, 0.5], "texture": "#2"},
				"south": {"uv": [0, 0, 4, 0.5], "texture": "#2"},
				"west": {"uv": [0, 0, 0.5, 0.5], "texture": "#2"},
				"up": {"uv": [0, 0, 0.5, 4], "rotation": 270, "texture": "#2"},
				"down": {"uv": [0, 0, 0.5, 4], "rotation": 90, "texture": "#2"}
			}
		},
		{
			"from": [6, 0.8, 10],
			"to": [10, 1.3, 10.5],
			"rotation": {"angle": 0, "axis": "y", "origin": [8, 1, 8]},
			"faces": {
				"north": {"uv": [0, 0, 4, 0.5], "texture": "#2"},
				"east": {"uv": [0, 0, 0.5, 0.5], "texture": "#2"},
				"south": {"uv": [0, 0, 4, 0.5], "texture": "#2"},
				"west": {"uv": [0, 0, 0.5, 0.5], "texture": "#2"},
				"up": {"uv": [0, 0, 0.5, 4], "rotation": 270, "texture": "#2"},
				"down": {"uv": [0, 0, 0.5, 4], "rotation": 90, "texture": "#2"}
			}
		},
		{
			"from": [5.75, 1, 4],
			"to": [10.25, 1.5, 5],
			"faces": {
				"north": {"uv": [0, 0, 4.5, 0.5], "texture": "#3"},
				"east": {"uv": [0, 0, 1, 0.5], "texture": "#3"},
				"south": {"uv": [0, 0, 4.5, 0.5], "texture": "#3"},
				"west": {"uv": [0, 0, 1, 0.5], "texture": "#3"},
				"up": {"uv": [0, 0, 4.5, 1], "texture": "#3"},
				"down": {"uv": [0, 0, 4.5, 1], "texture": "#3"}
			}
		},
		{
			"from": [5.75, 1, 11],
			"to": [10.25, 1.5, 12],
			"faces": {
				"north": {"uv": [0, 0, 4.5, 0.5], "texture": "#3"},
				"east": {"uv": [0, 0, 1, 0.5], "texture": "#3"},
				"south": {"uv": [0, 0, 4.5, 0.5], "texture": "#3"},
				"west": {"uv": [0, 0, 1, 0.5], "texture": "#3"},
				"up": {"uv": [0, 0, 4.5, 1], "texture": "#3"},
				"down": {"uv": [0, 0, 4.5, 1], "texture": "#3"}
			}
		},
		{
			"from": [11, 1, 5.75],
			"to": [12, 1.5, 10.25],
			"rotation": {"angle": 0, "axis": "y", "origin": [8, 1.25, 8]},
			"faces": {
				"north": {"uv": [0, 0, 1, 0.5], "texture": "#3"},
				"east": {"uv": [0, 0, 4.5, 0.5], "texture": "#3"},
				"south": {"uv": [0, 0, 1, 0.5], "texture": "#3"},
				"west": {"uv": [0, 0, 4.5, 0.5], "texture": "#3"},
				"up": {"uv": [0, 0, 4.5, 1], "rotation": 270, "texture": "#3"},
				"down": {"uv": [0, 0, 4.5, 1], "rotation": 90, "texture": "#3"}
			}
		},
		{
			"from": [4, 1, 5.75],
			"to": [5, 1.5, 10.25],
			"rotation": {"angle": 0, "axis": "y", "origin": [8, 1.25, 8]},
			"faces": {
				"north": {"uv": [0, 0, 1, 0.5], "texture": "#3"},
				"east": {"uv": [0, 0, 4.5, 0.5], "texture": "#3"},
				"south": {"uv": [0, 0, 1, 0.5], "texture": "#3"},
				"west": {"uv": [0, 0, 4.5, 0.5], "texture": "#3"},
				"up": {"uv": [0, 0, 4.5, 1], "rotation": 270, "texture": "#3"},
				"down": {"uv": [0, 0, 4.5, 1], "rotation": 90, "texture": "#3"}
			}
		},
		{
			"from": [4.75, 1, 4.75],
			"to": [5.75, 1.5, 5.75],
			"faces": {
				"north": {"uv": [0, 0, 1, 0.5], "texture": "#3"},
				"east": {"uv": [0, 0, 1, 0.5], "texture": "#3"},
				"south": {"uv": [0, 0, 1, 0.5], "texture": "#3"},
				"west": {"uv": [0, 0, 1, 0.5], "texture": "#3"},
				"up": {"uv": [0, 0, 1, 1], "texture": "#3"},
				"down": {"uv": [0, 0, 1, 1], "texture": "#3"}
			}
		},
		{
			"from": [4.75, 1, 10.25],
			"to": [5.75, 1.5, 11.25],
			"faces": {
				"north": {"uv": [0, 0, 1, 0.5], "texture": "#3"},
				"east": {"uv": [0, 0, 1, 0.5], "texture": "#3"},
				"south": {"uv": [0, 0, 1, 0.5], "texture": "#3"},
				"west": {"uv": [0, 0, 1, 0.5], "texture": "#3"},
				"up": {"uv": [0, 0, 1, 1], "texture": "#3"},
				"down": {"uv": [0, 0, 1, 1], "texture": "#3"}
			}
		},
		{
			"from": [10.25, 1, 10.25],
			"to": [11.25, 1.5, 11.25],
			"faces": {
				"north": {"uv": [0, 0, 1, 0.5], "texture": "#3"},
				"east": {"uv": [0, 0, 1, 0.5], "texture": "#3"},
				"south": {"uv": [0, 0, 1, 0.5], "texture": "#3"},
				"west": {"uv": [0, 0, 1, 0.5], "texture": "#3"},
				"up": {"uv": [0, 0, 1, 1], "texture": "#3"},
				"down": {"uv": [0, 0, 1, 1], "texture": "#3"}
			}
		},
		{
			"from": [10.25, 1, 4.75],
			"to": [11.25, 1.5, 5.75],
			"faces": {
				"north": {"uv": [0, 0, 1, 0.5], "texture": "#3"},
				"east": {"uv": [0, 0, 1, 0.5], "texture": "#3"},
				"south": {"uv": [0, 0, 1, 0.5], "texture": "#3"},
				"west": {"uv": [0, 0, 1, 0.5], "texture": "#3"},
				"up": {"uv": [0, 0, 1, 1], "texture": "#3"},
				"down": {"uv": [0, 0, 1, 1], "texture": "#3"}
			}
		},
		{
			"from": [7, 1, 7],
			"to": [9, 2, 9],
			"faces": {
				"north": {"uv": [0, 0, 2, 1], "texture": "#3"},
				"east": {"uv": [0, 0, 2, 1], "texture": "#3"},
				"south": {"uv": [0, 0, 2, 1], "texture": "#3"},
				"west": {"uv": [0, 0, 2, 1], "texture": "#3"},
				"up": {"uv": [0, 0, 2, 2], "texture": "#3"},
				"down": {"uv": [0, 0, 2, 2], "texture": "#3"}
			}
		},
		{
			"from": [7, 1.75, 6.5],
			"to": [9, 2.25, 7],
			"faces": {
				"north": {"uv": [0, 0, 2, 0.5], "texture": "#3"},
				"east": {"uv": [0, 0, 0.5, 0.5], "texture": "#3"},
				"south": {"uv": [0, 0, 2, 0.5], "texture": "#3"},
				"west": {"uv": [0, 0, 0.5, 0.5], "texture": "#3"},
				"up": {"uv": [0, 0, 2, 0.5], "texture": "#3"},
				"down": {"uv": [0, 0, 2, 0.5], "texture": "#3"}
			}
		},
		{
			"from": [7, 1.75, 9],
			"to": [9, 2.25, 9.5],
			"faces": {
				"north": {"uv": [0, 0, 2, 0.5], "texture": "#3"},
				"east": {"uv": [0, 0, 0.5, 0.5], "texture": "#3"},
				"south": {"uv": [0, 0, 2, 0.5], "texture": "#3"},
				"west": {"uv": [0, 0, 0.5, 0.5], "texture": "#3"},
				"up": {"uv": [0, 0, 2, 0.5], "texture": "#3"},
				"down": {"uv": [0, 0, 2, 0.5], "texture": "#3"}
			}
		},
		{
			"from": [9, 1.75, 6.5],
			"to": [9.5, 2.25, 9.5],
			"rotation": {"angle": 0, "axis": "y", "origin": [8, 2.25, 8]},
			"faces": {
				"north": {"uv": [0, 0, 0.5, 0.5], "texture": "#3"},
				"east": {"uv": [0, 0, 3, 0.5], "texture": "#3"},
				"south": {"uv": [0, 0, 0.5, 0.5], "texture": "#3"},
				"west": {"uv": [0, 0, 3, 0.5], "texture": "#3"},
				"up": {"uv": [0, 0, 3, 0.5], "rotation": 270, "texture": "#3"},
				"down": {"uv": [0, 0, 3, 0.5], "rotation": 90, "texture": "#3"}
			}
		},
		{
			"from": [9.5, 2.25, 6.5],
			"to": [10, 3.25, 9.5],
			"rotation": {"angle": 0, "axis": "y", "origin": [8, 2.25, 8]},
			"faces": {
				"north": {"uv": [0, 0, 0.5, 1], "texture": "#3"},
				"east": {"uv": [0, 0, 3, 1], "texture": "#3"},
				"south": {"uv": [0, 0, 0.5, 1], "texture": "#3"},
				"west": {"uv": [0, 0, 3, 1], "texture": "#3"},
				"up": {"uv": [0, 0, 3, 0.5], "rotation": 270, "texture": "#3"},
				"down": {"uv": [0, 0, 3, 0.5], "rotation": 90, "texture": "#3"}
			}
		},
		{
			"from": [9.75, 3.25, 6.5],
			"to": [10.25, 4.25, 9.5],
			"rotation": {"angle": 0, "axis": "y", "origin": [8, 2.25, 8]},
			"faces": {
				"north": {"uv": [0, 0, 0.5, 1], "texture": "#1"},
				"east": {"uv": [11, 12, 14, 13], "texture": "#1"},
				"south": {"uv": [12, 12, 12.5, 13], "texture": "#1"},
				"west": {"uv": [11, 12, 14, 13], "texture": "#1"},
				"up": {"uv": [11, 12, 14, 12.5], "rotation": 270, "texture": "#1"},
				"down": {"uv": [11, 12, 14, 12.5], "rotation": 90, "texture": "#1"}
			}
		},
		{
			"from": [5.75, 3.25, 6.5],
			"to": [6.25, 4.25, 9.5],
			"rotation": {"angle": 0, "axis": "y", "origin": [10, 3.75, 8]},
			"faces": {
				"north": {"uv": [12, 12, 12.5, 13], "texture": "#1"},
				"east": {"uv": [11, 12, 14, 13], "texture": "#1"},
				"south": {"uv": [0, 0, 0.5, 1], "texture": "#1"},
				"west": {"uv": [11, 12, 14, 13], "texture": "#1"},
				"up": {"uv": [11, 12, 14, 12.5], "rotation": 90, "texture": "#1"},
				"down": {"uv": [11, 12, 14, 12.5], "rotation": 270, "texture": "#1"}
			}
		},
		{
			"from": [6, 3.25, 9.5],
			"to": [6.5, 4.25, 10],
			"rotation": {"angle": 0, "axis": "y", "origin": [10, 3.75, 8]},
			"faces": {
				"north": {"uv": [12, 12, 12.5, 13], "texture": "#1"},
				"east": {"uv": [11, 12, 11.5, 13], "texture": "#1"},
				"south": {"uv": [0, 0, 0.5, 1], "texture": "#1"},
				"west": {"uv": [11, 12, 11.5, 13], "texture": "#1"},
				"up": {"uv": [11, 12, 11.5, 12.5], "rotation": 90, "texture": "#1"},
				"down": {"uv": [11, 12, 11.5, 12.5], "rotation": 270, "texture": "#1"}
			}
		},
		{
			"from": [6, 3.25, 6],
			"to": [6.5, 4.25, 6.5],
			"rotation": {"angle": 0, "axis": "y", "origin": [10, 3.75, 8]},
			"faces": {
				"north": {"uv": [12, 12, 12.5, 13], "texture": "#1"},
				"east": {"uv": [11, 12, 11.5, 13], "texture": "#1"},
				"south": {"uv": [0, 0, 0.5, 1], "texture": "#1"},
				"west": {"uv": [11, 12, 11.5, 13], "texture": "#1"},
				"up": {"uv": [11, 12, 11.5, 12.5], "rotation": 90, "texture": "#1"},
				"down": {"uv": [11, 12, 11.5, 12.5], "rotation": 270, "texture": "#1"}
			}
		},
		{
			"from": [9.5, 3.25, 9.5],
			"to": [10, 4.25, 10],
			"rotation": {"angle": 0, "axis": "y", "origin": [10, 3.75, 8]},
			"faces": {
				"north": {"uv": [12, 12, 12.5, 13], "texture": "#1"},
				"east": {"uv": [11, 12, 11.5, 13], "texture": "#1"},
				"south": {"uv": [0, 0, 0.5, 1], "texture": "#1"},
				"west": {"uv": [11, 12, 11.5, 13], "texture": "#1"},
				"up": {"uv": [11, 12, 11.5, 12.5], "rotation": 90, "texture": "#1"},
				"down": {"uv": [11, 12, 11.5, 12.5], "rotation": 270, "texture": "#1"}
			}
		},
		{
			"from": [9.5, 3.25, 6],
			"to": [10, 4.25, 6.5],
			"rotation": {"angle": 0, "axis": "y", "origin": [10, 3.75, 8]},
			"faces": {
				"north": {"uv": [12, 12, 12.5, 13], "texture": "#1"},
				"east": {"uv": [11, 12, 11.5, 13], "texture": "#1"},
				"south": {"uv": [0, 0, 0.5, 1], "texture": "#1"},
				"west": {"uv": [11, 12, 11.5, 13], "texture": "#1"},
				"up": {"uv": [11, 12, 11.5, 12.5], "rotation": 90, "texture": "#1"},
				"down": {"uv": [11, 12, 11.5, 12.5], "rotation": 270, "texture": "#1"}
			}
		},
		{
			"from": [6.5, 3.25, 9.75],
			"to": [9.5, 4.25, 10.25],
			"rotation": {"angle": 0, "axis": "y", "origin": [8, 3.75, 8]},
			"faces": {
				"north": {"uv": [11, 12, 14, 13], "texture": "#1"},
				"east": {"uv": [0, 0, 0.5, 1], "texture": "#1"},
				"south": {"uv": [11, 12, 14, 13], "texture": "#1"},
				"west": {"uv": [12, 12, 12.5, 13], "texture": "#1"},
				"up": {"uv": [11, 12, 14, 12.5], "texture": "#1"},
				"down": {"uv": [11, 12, 14, 12.5], "texture": "#1"}
			}
		},
		{
			"from": [6.5, 3.25, 5.75],
			"to": [9.5, 4.25, 6.25],
			"rotation": {"angle": 0, "axis": "y", "origin": [8, 3.75, 8]},
			"faces": {
				"north": {"uv": [11, 12, 14, 13], "texture": "#1"},
				"east": {"uv": [12, 12, 12.5, 13], "texture": "#1"},
				"south": {"uv": [11, 12, 14, 13], "texture": "#1"},
				"west": {"uv": [0, 0, 0.5, 1], "texture": "#1"},
				"up": {"uv": [11, 12, 14, 12.5], "rotation": 180, "texture": "#1"},
				"down": {"uv": [11, 12, 14, 12.5], "rotation": 180, "texture": "#1"}
			}
		},
		{
			"from": [9.9775, 4.25, 6.305],
			"to": [10.5425, 4.75, 9.695],
			"rotation": {"angle": 0, "axis": "y", "origin": [8, 2.25, 8]},
			"faces": {
				"north": {"uv": [0, 0, 0.5, 1], "texture": "#3"},
				"east": {"uv": [11, 12, 14, 13], "texture": "#3"},
				"south": {"uv": [12, 12, 12.5, 13], "texture": "#3"},
				"west": {"uv": [11, 12, 14, 13], "texture": "#3"},
				"up": {"uv": [11, 12, 14, 12.5], "rotation": 270, "texture": "#3"},
				"down": {"uv": [11, 12, 14, 12.5], "rotation": 90, "texture": "#3"}
			}
		},
		{
			"from": [9.695, 4.25, 9.695],
			"to": [10.26, 4.75, 10.26],
			"rotation": {"angle": 0, "axis": "y", "origin": [10.26, 3.75, 8]},
			"faces": {
				"north": {"uv": [12, 12, 12.5, 13], "texture": "#3"},
				"east": {"uv": [11, 12, 11.5, 13], "texture": "#3"},
				"south": {"uv": [0, 0, 0.5, 1], "texture": "#3"},
				"west": {"uv": [11, 12, 11.5, 13], "texture": "#3"},
				"up": {"uv": [11, 12, 11.5, 12.5], "rotation": 90, "texture": "#3"},
				"down": {"uv": [11, 12, 11.5, 12.5], "rotation": 270, "texture": "#3"}
			}
		},
		{
			"from": [6.305, 4.25, 9.9775],
			"to": [9.695, 4.75, 10.5425],
			"rotation": {"angle": 0, "axis": "y", "origin": [8, 3.75, 8]},
			"faces": {
				"north": {"uv": [11, 12, 14, 13], "texture": "#3"},
				"east": {"uv": [0, 0, 0.5, 1], "texture": "#3"},
				"south": {"uv": [11, 12, 14, 13], "texture": "#3"},
				"west": {"uv": [12, 12, 12.5, 13], "texture": "#3"},
				"up": {"uv": [11, 12, 14, 12.5], "texture": "#3"},
				"down": {"uv": [11, 12, 14, 12.5], "texture": "#3"}
			}
		},
		{
			"from": [5.74, 4.25, 9.695],
			"to": [6.305, 4.75, 10.26],
			"rotation": {"angle": 0, "axis": "y", "origin": [10.26, 3.75, 8]},
			"faces": {
				"north": {"uv": [12, 12, 12.5, 13], "texture": "#3"},
				"east": {"uv": [11, 12, 11.5, 13], "texture": "#3"},
				"south": {"uv": [0, 0, 0.5, 1], "texture": "#3"},
				"west": {"uv": [11, 12, 11.5, 13], "texture": "#3"},
				"up": {"uv": [11, 12, 11.5, 12.5], "rotation": 90, "texture": "#3"},
				"down": {"uv": [11, 12, 11.5, 12.5], "rotation": 270, "texture": "#3"}
			}
		},
		{
			"from": [5.4575, 4.25, 6.305],
			"to": [6.0225, 4.75, 9.695],
			"rotation": {"angle": 0, "axis": "y", "origin": [10.26, 3.75, 8]},
			"faces": {
				"north": {"uv": [12, 12, 12.5, 13], "texture": "#3"},
				"east": {"uv": [11, 12, 14, 13], "texture": "#3"},
				"south": {"uv": [0, 0, 0.5, 1], "texture": "#3"},
				"west": {"uv": [11, 12, 14, 13], "texture": "#3"},
				"up": {"uv": [11, 12, 14, 12.5], "rotation": 90, "texture": "#3"},
				"down": {"uv": [11, 12, 14, 12.5], "rotation": 270, "texture": "#3"}
			}
		},
		{
			"from": [6.305, 4.25, 5.4575],
			"to": [9.695, 4.75, 6.0225],
			"rotation": {"angle": 0, "axis": "y", "origin": [8, 3.75, 8]},
			"faces": {
				"north": {"uv": [11, 12, 14, 13], "texture": "#3"},
				"east": {"uv": [12, 12, 12.5, 13], "texture": "#3"},
				"south": {"uv": [11, 12, 14, 13], "texture": "#3"},
				"west": {"uv": [0, 0, 0.5, 1], "texture": "#3"},
				"up": {"uv": [11, 12, 14, 12.5], "rotation": 180, "texture": "#3"},
				"down": {"uv": [11, 12, 14, 12.5], "rotation": 180, "texture": "#3"}
			}
		},
		{
			"from": [5.74, 4.25, 5.74],
			"to": [6.305, 4.75, 6.305],
			"rotation": {"angle": 0, "axis": "y", "origin": [10.26, 3.75, 8]},
			"faces": {
				"north": {"uv": [12, 12, 12.5, 13], "texture": "#3"},
				"east": {"uv": [11, 12, 11.5, 13], "texture": "#3"},
				"south": {"uv": [0, 0, 0.5, 1], "texture": "#3"},
				"west": {"uv": [11, 12, 11.5, 13], "texture": "#3"},
				"up": {"uv": [11, 12, 11.5, 12.5], "rotation": 90, "texture": "#3"},
				"down": {"uv": [11, 12, 11.5, 12.5], "rotation": 270, "texture": "#3"}
			}
		},
		{
			"from": [9.695, 4.25, 5.74],
			"to": [10.26, 4.75, 6.305],
			"rotation": {"angle": 0, "axis": "y", "origin": [10.26, 3.75, 8]},
			"faces": {
				"north": {"uv": [12, 12, 12.5, 13], "texture": "#3"},
				"east": {"uv": [11, 12, 11.5, 13], "texture": "#3"},
				"south": {"uv": [0, 0, 0.5, 1], "texture": "#3"},
				"west": {"uv": [11, 12, 11.5, 13], "texture": "#3"},
				"up": {"uv": [11, 12, 11.5, 12.5], "rotation": 90, "texture": "#3"},
				"down": {"uv": [11, 12, 11.5, 12.5], "rotation": 270, "texture": "#3"}
			}
		},
		{
			"from": [6, 2.25, 6.5],
			"to": [6.5, 3.25, 9.5],
			"rotation": {"angle": 0, "axis": "y", "origin": [8, 2.25, 8]},
			"faces": {
				"north": {"uv": [0, 0, 0.5, 1], "texture": "#3"},
				"east": {"uv": [0, 0, 3, 1], "texture": "#3"},
				"south": {"uv": [0, 0, 0.5, 1], "texture": "#3"},
				"west": {"uv": [0, 0, 3, 1], "texture": "#3"},
				"up": {"uv": [0, 0, 3, 0.5], "rotation": 270, "texture": "#3"},
				"down": {"uv": [0, 0, 3, 0.5], "rotation": 90, "texture": "#3"}
			}
		},
		{
			"from": [6.5, 2.25, 9.5],
			"to": [9.5, 3.25, 10],
			"rotation": {"angle": 0, "axis": "y", "origin": [8, 2.5, 8]},
			"faces": {
				"north": {"uv": [0, 0, 3, 1], "texture": "#3"},
				"east": {"uv": [0, 0, 0.5, 1], "texture": "#3"},
				"south": {"uv": [0, 0, 3, 1], "texture": "#3"},
				"west": {"uv": [0, 0, 0.5, 1], "texture": "#3"},
				"up": {"uv": [0, 0, 3, 0.5], "rotation": 180, "texture": "#3"},
				"down": {"uv": [0, 0, 3, 0.5], "rotation": 180, "texture": "#3"}
			}
		},
		{
			"from": [6.5, 2.25, 6],
			"to": [9.5, 3.25, 6.5],
			"rotation": {"angle": 0, "axis": "y", "origin": [8, 2.5, 8]},
			"faces": {
				"north": {"uv": [0, 0, 3, 1], "texture": "#3"},
				"east": {"uv": [0, 0, 0.5, 1], "texture": "#3"},
				"south": {"uv": [0, 0, 3, 1], "texture": "#3"},
				"west": {"uv": [0, 0, 0.5, 1], "texture": "#3"},
				"up": {"uv": [0, 0, 3, 0.5], "rotation": 180, "texture": "#3"},
				"down": {"uv": [0, 0, 3, 0.5], "rotation": 180, "texture": "#3"}
			}
		},
		{
			"from": [6.5, 1.75, 6.5],
			"to": [7, 2.25, 9.5],
			"rotation": {"angle": 0, "axis": "y", "origin": [8, 2.25, 8]},
			"faces": {
				"north": {"uv": [0, 0, 0.5, 0.5], "texture": "#3"},
				"east": {"uv": [0, 0, 3, 0.5], "texture": "#3"},
				"south": {"uv": [0, 0, 0.5, 0.5], "texture": "#3"},
				"west": {"uv": [0, 0, 3, 0.5], "texture": "#3"},
				"up": {"uv": [0, 0, 3, 0.5], "rotation": 270, "texture": "#3"},
				"down": {"uv": [0, 0, 3, 0.5], "rotation": 90, "texture": "#3"}
			}
		},
		{
			"from": [6.25, 3.15, 6.25],
			"to": [9.75, 4.15, 9.75],
			"faces": {
				"north": {"uv": [0, 0, 2, 1], "texture": "#5"},
				"east": {"uv": [0, 0, 2, 1], "texture": "#5"},
				"south": {"uv": [0, 0, 2, 1], "texture": "#5"},
				"west": {"uv": [0, 0, 2, 1], "texture": "#5"},
				"up": {"uv": [5, 4, 7, 6], "texture": "#4"},
				"down": {"uv": [0, 0, 2, 2], "texture": "#5"}
			}
		},
		{
			"from": [7.8, 4, 4.75],
			"to": [8.2, 4.2, 5.75],
			"faces": {
				"north": {"uv": [0, 0, 0.4, 0.2], "texture": "#3"},
				"east": {"uv": [0, 0, 1, 0.2], "texture": "#3"},
				"south": {"uv": [0, 0, 0.4, 0.2], "texture": "#3"},
				"west": {"uv": [0, 0, 1, 0.2], "texture": "#3"},
				"up": {"uv": [0, 0, 0.4, 1], "texture": "#3"},
				"down": {"uv": [0, 0, 0.4, 1], "texture": "#3"}
			}
		},
		{
			"from": [7.8, 2.5, 4.75],
			"to": [8.2, 2.7, 6.25],
			"faces": {
				"north": {"uv": [0, 0, 0.4, 0.2], "texture": "#3"},
				"east": {"uv": [0, 0, 1.5, 0.2], "texture": "#3"},
				"south": {"uv": [0, 0, 0.4, 0.2], "texture": "#3"},
				"west": {"uv": [0, 0, 1.5, 0.2], "texture": "#3"},
				"up": {"uv": [0, 0, 0.4, 1.5], "texture": "#3"},
				"down": {"uv": [0, 0, 0.4, 1.5], "texture": "#3"}
			}
		},
		{
			"from": [7.8, 2.7, 4.55],
			"to": [8.2, 4.1, 4.75],
			"faces": {
				"north": {"uv": [0, 0, 0.4, 1.4], "texture": "#3"},
				"east": {"uv": [0, 0, 0.2, 1.4], "texture": "#3"},
				"south": {"uv": [0, 0, 0.4, 1.4], "texture": "#3"},
				"west": {"uv": [0, 0, 0.2, 1.4], "texture": "#3"},
				"up": {"uv": [0, 0, 0.4, 0.2], "texture": "#3"},
				"down": {"uv": [0, 0, 0.4, 0.2], "texture": "#3"}
			}
		}
	],
	"gui_light": "front",
	"display": {
		"thirdperson_righthand": {
			"rotation": [68, 180, 0],
			"translation": [0.25, 4.25, 3.5]
		},
		"thirdperson_lefthand": {
			"rotation": [68, 180, 0],
			"translation": [0.25, 4.25, 3.5]
		},
		"firstperson_righthand": {
			"rotation": [0, 176, 0],
			"translation": [0, 6.25, 0]
		},
		"firstperson_lefthand": {
			"rotation": [0, 176, 0],
			"translation": [0, 6.25, 0]
		},
		"ground": {
			"translation": [0, 6.5, 0]
		},
		"gui": {
			"rotation": [26, -114, 0],
			"translation": [0.5, 6.75, 0],
			"scale": [1.5, 1.5, 1.5]
		},
		"fixed": {
			"rotation": [-90, 0, 0],
			"translation": [0, 0.5, -12.75],
			"scale": [2, 2, 2]
		}
	}
}