{
	"credit": "Made with Blockbench",
	"textures": {
		"0": "block/green_concrete",
		"1": "block/white_wool",
		"particle": "block/green_concrete"
	},
	"elements": [
		{
			"from": [6.5, 0, 5.5],
			"to": [9.5, 1, 6.5],
			"rotation": {"angle": 0, "axis": "y", "origin": [6.5, 0, 5.5]},
			"faces": {
				"north": {"uv": [0, 0, 3, 1], "texture": "#1"},
				"east": {"uv": [0, 0, 1, 1], "texture": "#1"},
				"south": {"uv": [0, 0, 3, 1], "texture": "#1"},
				"west": {"uv": [0, 0, 1, 1], "texture": "#1"},
				"up": {"uv": [0, 0, 3, 1], "texture": "#1"},
				"down": {"uv": [0, 0, 3, 1], "texture": "#1"}
			}
		},
		{
			"from": [6.5, 0, 9.5],
			"to": [9.5, 1, 10.5],
			"rotation": {"angle": 0, "axis": "y", "origin": [6.5, 0, 9.5]},
			"faces": {
				"north": {"uv": [0, 0, 3, 1], "texture": "#1"},
				"east": {"uv": [0, 0, 1, 1], "texture": "#1"},
				"south": {"uv": [0, 0, 3, 1], "texture": "#1"},
				"west": {"uv": [0, 0, 1, 1], "texture": "#1"},
				"up": {"uv": [0, 0, 3, 1], "texture": "#1"},
				"down": {"uv": [0, 0, 3, 1], "texture": "#1"}
			}
		},
		{
			"from": [9.5, 0, 6.5],
			"to": [10.5, 1, 9.5],
			"rotation": {"angle": 0, "axis": "y", "origin": [8, 0.5, 8]},
			"faces": {
				"north": {"uv": [0, 0, 1, 1], "texture": "#1"},
				"east": {"uv": [0, 0, 3, 1], "texture": "#1"},
				"south": {"uv": [0, 0, 1, 1], "texture": "#1"},
				"west": {"uv": [0, 0, 3, 1], "texture": "#1"},
				"up": {"uv": [0, 0, 3, 1], "rotation": 270, "texture": "#1"},
				"down": {"uv": [0, 0, 3, 1], "rotation": 90, "texture": "#1"}
			}
		},
		{
			"from": [5.5, 0, 6.5],
			"to": [6.5, 1, 9.5],
			"rotation": {"angle": 0, "axis": "y", "origin": [8, 0.5, 8]},
			"faces": {
				"north": {"uv": [0, 0, 1, 1], "texture": "#1"},
				"east": {"uv": [0, 0, 3, 1], "texture": "#1"},
				"south": {"uv": [0, 0, 1, 1], "texture": "#1"},
				"west": {"uv": [0, 0, 3, 1], "texture": "#1"},
				"up": {"uv": [0, 0, 3, 1], "rotation": 270, "texture": "#1"},
				"down": {"uv": [0, 0, 3, 1], "rotation": 90, "texture": "#1"}
			}
		},
		{
			"from": [5, 0.5, 5],
			"to": [11, 6.5, 11],
			"rotation": {"angle": 0, "axis": "y", "origin": [5, 0.5, 5]},
			"faces": {
				"north": {"uv": [10, 8, 16, 15], "texture": "#1"},
				"east": {"uv": [10, 8, 16, 15], "texture": "#1"},
				"south": {"uv": [10, 7, 16, 14], "texture": "#1"},
				"west": {"uv": [10, 7, 16, 14], "texture": "#1"},
				"up": {"uv": [10, 8, 16, 14], "texture": "#0"},
				"down": {"uv": [10, 9, 16, 15], "texture": "#1"}
			}
		},
		{
			"from": [5, 6.5, 5],
			"to": [11, 7.5, 6],
			"rotation": {"angle": 0, "axis": "y", "origin": [5, 6.5, 5]},
			"faces": {
				"north": {"uv": [7, 9, 13, 10], "texture": "#1"},
				"east": {"uv": [13, 8, 14, 9], "texture": "#1"},
				"south": {"uv": [7, 11, 13, 12], "texture": "#1"},
				"west": {"uv": [11, 7, 12, 8], "texture": "#1"},
				"up": {"uv": [7, 15, 13, 16], "texture": "#1"},
				"down": {"uv": [7, 10, 13, 11], "texture": "#1"}
			}
		},
		{
			"from": [5, 6.5, 10],
			"to": [11, 7.5, 11],
			"rotation": {"angle": 0, "axis": "y", "origin": [5, 6.5, 10]},
			"faces": {
				"north": {"uv": [7, 9, 13, 10], "texture": "#1"},
				"east": {"uv": [13, 8, 14, 9], "texture": "#1"},
				"south": {"uv": [7, 11, 13, 12], "texture": "#1"},
				"west": {"uv": [11, 7, 12, 8], "texture": "#1"},
				"up": {"uv": [7, 15, 13, 16], "texture": "#1"},
				"down": {"uv": [7, 10, 13, 11], "texture": "#1"}
			}
		},
		{
			"from": [5, 6.5, 6],
			"to": [6, 7.5, 10],
			"rotation": {"angle": 0, "axis": "y", "origin": [8, 7, 9]},
			"faces": {
				"north": {"uv": [13, 8, 14, 9], "texture": "#1"},
				"east": {"uv": [7, 11, 13, 12], "texture": "#1"},
				"south": {"uv": [11, 7, 12, 8], "texture": "#1"},
				"west": {"uv": [7, 9, 13, 10], "texture": "#1"},
				"up": {"uv": [7, 15, 13, 16], "rotation": 270, "texture": "#1"},
				"down": {"uv": [7, 10, 13, 11], "rotation": 90, "texture": "#1"}
			}
		},
		{
			"from": [10, 6.5, 6],
			"to": [11, 7.5, 10],
			"rotation": {"angle": 0, "axis": "y", "origin": [8, 7, 9]},
			"faces": {
				"north": {"uv": [13, 8, 14, 9], "texture": "#1"},
				"east": {"uv": [7, 11, 13, 12], "texture": "#1"},
				"south": {"uv": [11, 7, 12, 8], "texture": "#1"},
				"west": {"uv": [7, 9, 13, 10], "texture": "#1"},
				"up": {"uv": [7, 15, 13, 16], "rotation": 270, "texture": "#1"},
				"down": {"uv": [7, 10, 13, 11], "rotation": 90, "texture": "#1"}
			}
		}
	],
	"gui_light": "front",
	"display": {
		"thirdperson_righthand": {
			"rotation": [3, 0, 0],
			"translation": [-1, 2.5, 1],
			"scale": [0.4, 0.4, 0.4]
		},
		"thirdperson_lefthand": {
			"rotation": [3, 0, 0],
			"translation": [-1, 2.5, 1],
			"scale": [0.4, 0.4, 0.4]
		},
		"firstperson_righthand": {
			"rotation": [3, 0, 0],
			"translation": [-1, 2.5, 1],
			"scale": [0.4, 0.4, 0.4]
		},
		"firstperson_lefthand": {
			"rotation": [3, 0, 0],
			"translation": [-1, 2.5, 1],
			"scale": [0.4, 0.4, 0.4]
		},
		"ground": {
			"rotation": [3, 0, 0],
			"translation": [-1, 3.5, 1],
			"scale": [0.8, 0.8, 0.8]
		},
		"gui": {
			"rotation": [8, 74, 41],
			"translation": [-0.25, 2.5, 1]
		},
		"fixed": {
			"rotation": [-90, 0, 0],
			"translation": [-1, 0, -7.5]
		}
	}
}