{
	"credit": "Made with Blockbench",
	"textures": {
		"0": "block/sandstone_top",
		"1": "block/dark_oak_trapdoor",
		"2": "block/red_wool",
		"particle": "block/sandstone_top"
	},
	"elements": [
		{
			"from": [4, 1, 5],
			"to": [10, 7, 11],
			"faces": {
				"north": {"uv": [0, 0, 6, 6], "texture": "#0"},
				"east": {"uv": [0, 0, 6, 6], "texture": "#0"},
				"south": {"uv": [0, 0, 6, 6], "texture": "#0"},
				"west": {"uv": [0, 0, 6, 6], "texture": "#0"},
				"up": {"uv": [0, 0, 6, 6], "texture": "#0"},
				"down": {"uv": [0, 0, 6, 6], "texture": "#0"}
			}
		},
		{
			"from": [5, 0, 6],
			"to": [9, 13, 10],
			"faces": {
				"north": {"uv": [0, 0, 4, 13], "texture": "#0"},
				"east": {"uv": [0, 0, 4, 13], "texture": "#0"},
				"south": {"uv": [0, 0, 4, 13], "texture": "#0"},
				"west": {"uv": [0, 0, 4, 13], "texture": "#0"},
				"up": {"uv": [0, 0, 4, 4], "texture": "#0"},
				"down": {"uv": [0, 0, 4, 4], "texture": "#0"}
			}
		},
		{
			"from": [3.25, 2, 6],
			"to": [10.75, 6, 10],
			"rotation": {"angle": 0, "axis": "z", "origin": [7, 4, 8]},
			"faces": {
				"north": {"uv": [0, 0, 4, 7.5], "rotation": 90, "texture": "#0"},
				"east": {"uv": [0, 0, 4, 4], "rotation": 270, "texture": "#0"},
				"south": {"uv": [0, 0, 4, 7.5], "rotation": 270, "texture": "#0"},
				"west": {"uv": [0, 0, 4, 4], "rotation": 270, "texture": "#0"},
				"up": {"uv": [0, 0, 4, 7.5], "rotation": 270, "texture": "#0"},
				"down": {"uv": [0, 0, 4, 7.5], "rotation": 270, "texture": "#0"}
			}
		},
		{
			"from": [5, 2, 4.25],
			"to": [9, 6, 11.75],
			"rotation": {"angle": 0, "axis": "y", "origin": [7, 4, 8]},
			"faces": {
				"north": {"uv": [0, 0, 4, 4], "rotation": 270, "texture": "#0"},
				"east": {"uv": [0, 0, 4, 7.5], "rotation": 270, "texture": "#0"},
				"south": {"uv": [0, 0, 4, 4], "rotation": 270, "texture": "#0"},
				"west": {"uv": [0, 0, 4, 7.5], "rotation": 90, "texture": "#0"},
				"up": {"uv": [0, 0, 4, 7.5], "rotation": 180, "texture": "#0"},
				"down": {"uv": [0, 0, 4, 7.5], "texture": "#0"}
			}
		},
		{
			"from": [4.5, 8, 5.5],
			"to": [9.5, 12, 10.5],
			"faces": {
				"north": {"uv": [0, 0, 5, 4], "texture": "#0"},
				"east": {"uv": [0, 0, 5, 4], "texture": "#0"},
				"south": {"uv": [0, 0, 5, 4], "texture": "#0"},
				"west": {"uv": [0, 0, 5, 4], "texture": "#0"},
				"up": {"uv": [0, 0, 5, 5], "texture": "#0"},
				"down": {"uv": [0, 0, 5, 5], "texture": "#0"}
			}
		},
		{
			"from": [6, 11.5, 7],
			"to": [8, 13.5, 9],
			"rotation": {"angle": 45, "axis": "y", "origin": [7, 13, 8]},
			"faces": {
				"north": {"uv": [0, 0, 2, 2], "texture": "#2"},
				"east": {"uv": [0, 0, 2, 2], "texture": "#2"},
				"south": {"uv": [0, 0, 2, 2], "texture": "#2"},
				"west": {"uv": [0, 0, 2, 2], "texture": "#2"},
				"up": {"uv": [0, 0, 2, 2], "texture": "#2"},
				"down": {"uv": [0, 0, 2, 2], "texture": "#2"}
			}
		},
		{
			"from": [6.3, 13, 7.3],
			"to": [7.7, 15, 8.7],
			"faces": {
				"north": {"uv": [0, 0, 1.4, 2], "texture": "#1"},
				"east": {"uv": [0, 0, 1.4, 2], "texture": "#1"},
				"south": {"uv": [0, 0, 1.4, 2], "texture": "#1"},
				"west": {"uv": [0, 0, 1.4, 2], "texture": "#1"},
				"up": {"uv": [0, 0, 1.4, 1.4], "texture": "#1"},
				"down": {"uv": [0, 0, 1.4, 1.4], "texture": "#1"}
			}
		},
		{
			"from": [4.75, 7, 5.75],
			"to": [9.25, 8, 10.25],
			"faces": {
				"north": {"uv": [0, 0, 4.5, 1], "texture": "#2"},
				"east": {"uv": [0, 0, 4.5, 1], "texture": "#2"},
				"south": {"uv": [0, 0, 4.5, 1], "texture": "#2"},
				"west": {"uv": [0, 0, 4.5, 1], "texture": "#2"},
				"up": {"uv": [0, 0, 4.5, 4.5], "texture": "#2"},
				"down": {"uv": [0, 0, 4.5, 4.5], "texture": "#2"}
			}
		},
		{
			"from": [4.25, 7.75, 8],
			"to": [4.75, 12.25, 8.5],
			"faces": {
				"north": {"uv": [0, 0, 0.5, 4.5], "texture": "#2"},
				"east": {"uv": [0, 0, 0.5, 4.5], "texture": "#2"},
				"south": {"uv": [0, 0, 0.5, 4.5], "texture": "#2"},
				"west": {"uv": [0, 0, 0.5, 4.5], "texture": "#2"},
				"up": {"uv": [0, 0, 0.5, 0.5], "texture": "#2"},
				"down": {"uv": [0, 0, 0.5, 0.5], "texture": "#2"}
			}
		},
		{
			"from": [4.75, 8.75, 8],
			"to": [9.25, 13.25, 8.5],
			"faces": {
				"north": {"uv": [0, 0, 4.5, 4.5], "texture": "#2"},
				"east": {"uv": [0, 0, 0.5, 4.5], "texture": "#2"},
				"south": {"uv": [0, 0, 4.5, 4.5], "texture": "#2"},
				"west": {"uv": [0, 0, 0.5, 4.5], "texture": "#2"},
				"up": {"uv": [0, 0, 4.5, 0.5], "texture": "#2"},
				"down": {"uv": [0, 0, 4.5, 0.5], "texture": "#2"}
			}
		},
		{
			"from": [9.76275, 6.40172, 8],
			"to": [10.26275, 12.90172, 8.5],
			"rotation": {"angle": 22.5, "axis": "z", "origin": [10.26275, 10.15172, 8.25]},
			"faces": {
				"north": {"uv": [0, 0, 0.5, 6.5], "texture": "#2"},
				"east": {"uv": [0, 0, 0.5, 6.5], "texture": "#2"},
				"south": {"uv": [0, 0, 0.5, 6.5], "texture": "#2"},
				"west": {"uv": [0, 0, 0.5, 6.5], "texture": "#2"},
				"up": {"uv": [0, 0, 0.5, 0.5], "texture": "#2"},
				"down": {"uv": [0, 0, 0.5, 0.5], "texture": "#2"}
			}
		},
		{
			"from": [3.75, 5.92179, 7.13635],
			"to": [4.25, 7.92179, 7.63635],
			"rotation": {"angle": -45, "axis": "z", "origin": [4, 6.92179, 7.88635]},
			"faces": {
				"north": {"uv": [0, 0, 0.5, 2], "texture": "#2"},
				"east": {"uv": [0, 0, 0.5, 2], "texture": "#2"},
				"south": {"uv": [0, 0, 0.5, 2], "texture": "#2"},
				"west": {"uv": [0, 0, 0.5, 2], "texture": "#2"},
				"up": {"uv": [0, 0, 0.5, 0.5], "texture": "#2"},
				"down": {"uv": [0, 0, 0.5, 0.5], "texture": "#2"}
			}
		},
		{
			"from": [3.5, 5.42179, 8.63635],
			"to": [4.5, 6.42179, 9.63635],
			"rotation": {"angle": -45, "axis": "z", "origin": [4, 6.92179, 7.88635]},
			"faces": {
				"north": {"uv": [0, 0, 1, 1], "texture": "#2"},
				"east": {"uv": [0, 0, 1, 1], "texture": "#2"},
				"south": {"uv": [0, 0, 1, 1], "texture": "#2"},
				"west": {"uv": [0, 0, 1, 1], "texture": "#2"},
				"up": {"uv": [0, 0, 1, 1], "texture": "#2"},
				"down": {"uv": [0, 0, 1, 1], "texture": "#2"}
			}
		},
		{
			"from": [3.5, 5.42179, 6.88635],
			"to": [4.5, 6.42179, 7.88635],
			"rotation": {"angle": -45, "axis": "z", "origin": [4, 6.92179, 7.88635]},
			"faces": {
				"north": {"uv": [0, 0, 1, 1], "texture": "#2"},
				"east": {"uv": [0, 0, 1, 1], "texture": "#2"},
				"south": {"uv": [0, 0, 1, 1], "texture": "#2"},
				"west": {"uv": [0, 0, 1, 1], "texture": "#2"},
				"up": {"uv": [0, 0, 1, 1], "texture": "#2"},
				"down": {"uv": [0, 0, 1, 1], "texture": "#2"}
			}
		},
		{
			"from": [3.75, 5.92179, 8.88635],
			"to": [4.75, 7.92179, 9.38635],
			"rotation": {"angle": -45, "axis": "z", "origin": [4, 6.92179, 7.88635]},
			"faces": {
				"north": {"uv": [0, 0, 1, 2], "texture": "#2"},
				"east": {"uv": [0, 0, 0.5, 2], "texture": "#2"},
				"south": {"uv": [0, 0, 1, 2], "texture": "#2"},
				"west": {"uv": [0, 0, 0.5, 2], "texture": "#2"},
				"up": {"uv": [0, 0, 1, 0.5], "texture": "#2"},
				"down": {"uv": [0, 0, 1, 0.5], "texture": "#2"}
			}
		}
	],
	"gui_light": "front",
	"display": {
		"thirdperson_righthand": {
			"rotation": [0, -90, 0],
			"translation": [0, -1.5, -1.5],
			"scale": [0.7, 0.7, 0.7]
		},
		"thirdperson_lefthand": {
			"rotation": [0, -90, 0],
			"translation": [0, -1.5, -1.5],
			"scale": [0.7, 0.7, 0.7]
		},
		"firstperson_righthand": {
			"rotation": [0, -90, 0],
			"translation": [0, -1.5, -1.5],
			"scale": [0.7, 0.7, 0.7]
		},
		"firstperson_lefthand": {
			"rotation": [0, -90, 0],
			"translation": [0, -1.5, -1.5],
			"scale": [0.7, 0.7, 0.7]
		},
		"ground": {
			"rotation": [-31, -50, 0],
			"translation": [0, 5.25, -1.5],
			"scale": [0.7, 0.7, 0.7]
		},
		"gui": {
			"rotation": [0, 42, -18],
			"translation": [0.75, 0.5, 0]
		},
		"fixed": {
			"rotation": [-90, 0, 0],
			"translation": [0, 0, -5.5]
		}
	}
}