{
	"credit": "Made with Blockbench",
	"textures": {
		"0": "block/yellow_glazed_terracotta",
		"1": "block/raw_gold_block",
		"2": "block/red_sand",
		"particle": "block/green_glazed_terracotta"
	},
	"elements": [
		{
			"from": [6.5, 0, 6.5],
			"to": [9.5, 2, 9.5],
			"rotation": {"angle": 0, "axis": "y", "origin": [6.5, 0, 6.5]},
			"faces": {
				"north": {"uv": [0, 0, 3, 2], "texture": "#0"},
				"east": {"uv": [0, 0, 3, 2], "texture": "#0"},
				"south": {"uv": [0, 0, 3, 2], "texture": "#0"},
				"west": {"uv": [0, 0, 3, 2], "texture": "#0"},
				"up": {"uv": [0, 0, 3, 3], "texture": "#0"},
				"down": {"uv": [0, 0, 3, 3], "texture": "#0"}
			}
		},
		{
			"from": [7, 6.75, 7],
			"to": [9, 8.75, 9],
			"rotation": {"angle": 0, "axis": "y", "origin": [7, 6.75, 7]},
			"faces": {
				"north": {"uv": [7, 1, 9, 3], "texture": "#0"},
				"east": {"uv": [11, 3, 13, 5], "texture": "#0"},
				"south": {"uv": [12, 1, 14, 3], "texture": "#0"},
				"west": {"uv": [9, 2, 11, 4], "texture": "#0"},
				"up": {"uv": [3, 1, 5, 3], "texture": "#0"},
				"down": {"uv": [5, 0, 7, 2], "texture": "#0"}
			}
		},
		{
			"from": [7, 8.75, 7],
			"to": [9, 9.75, 9],
			"rotation": {"angle": 0, "axis": "y", "origin": [7, 8.75, 7]},
			"faces": {
				"north": {"uv": [7, 1, 9, 2], "texture": "#2"},
				"east": {"uv": [11, 3, 13, 4], "texture": "#2"},
				"south": {"uv": [12, 1, 14, 2], "texture": "#2"},
				"west": {"uv": [9, 2, 11, 3], "texture": "#2"},
				"up": {"uv": [3, 1, 5, 3], "texture": "#2"},
				"down": {"uv": [5, 0, 7, 2], "texture": "#2"}
			}
		},
		{
			"from": [6.9, 8.75, 6.9],
			"to": [9.1, 9.25, 9.1],
			"rotation": {"angle": 0, "axis": "y", "origin": [6.9, 8.75, 6.9]},
			"faces": {
				"north": {"uv": [7, 1, 9.2, 1.5], "texture": "#0"},
				"east": {"uv": [11, 3, 13.2, 3.5], "texture": "#0"},
				"south": {"uv": [12, 1, 14.2, 1.5], "texture": "#0"},
				"west": {"uv": [9, 2, 11.2, 2.5], "texture": "#0"},
				"up": {"uv": [3, 1, 5.2, 3.2], "texture": "#0"},
				"down": {"uv": [5, 0, 7.2, 2.2], "texture": "#0"}
			}
		},
		{
			"from": [6.5, 5, 6.5],
			"to": [9.5, 7, 9.5],
			"rotation": {"angle": 0, "axis": "y", "origin": [6.5, 5, 6.5]},
			"faces": {
				"north": {"uv": [0, 0, 3, 2], "texture": "#1"},
				"east": {"uv": [0, 0, 3, 2], "texture": "#1"},
				"south": {"uv": [0, 0, 3, 2], "texture": "#1"},
				"west": {"uv": [0, 0, 3, 2], "texture": "#1"},
				"up": {"uv": [0, 0, 3, 3], "texture": "#1"},
				"down": {"uv": [0, 0, 3, 3], "texture": "#1"}
			}
		},
		{
			"from": [5, 0.5, 6],
			"to": [11, 5.5, 10],
			"rotation": {"angle": 0, "axis": "y", "origin": [5, 0.5, 6]},
			"faces": {
				"north": {"uv": [8, 4, 14, 9], "texture": "#0"},
				"east": {"uv": [4, 8, 8, 13], "texture": "#0"},
				"south": {"uv": [6, 5, 12, 10], "texture": "#0"},
				"west": {"uv": [5, 5, 9, 10], "texture": "#0"},
				"up": {"uv": [1, 6, 7, 10], "texture": "#0"},
				"down": {"uv": [7, 6, 13, 10], "texture": "#0"}
			}
		}
	],
	"gui_light": "front",
	"display": {
		"thirdperson_righthand": {
			"rotation": [3, -170, 0],
			"translation": [-1, 2.5, 1],
			"scale": [0.4, 0.4, 0.4]
		},
		"thirdperson_lefthand": {
			"rotation": [3, -170, 0],
			"translation": [-1, 2.5, 1],
			"scale": [0.4, 0.4, 0.4]
		},
		"firstperson_righthand": {
			"rotation": [3, -170, 0],
			"translation": [-1, 3.25, 1],
			"scale": [0.4, 0.4, 0.4]
		},
		"firstperson_lefthand": {
			"rotation": [3, -170, 0],
			"translation": [-1, 3.25, 1],
			"scale": [0.4, 0.4, 0.4]
		},
		"ground": {
			"rotation": [3, 0, 0],
			"translation": [-1, 3.5, 1],
			"scale": [0.8, 0.8, 0.8]
		},
		"gui": {
			"rotation": [26, -164, 11],
			"translation": [2, 1.5, 1]
		},
		"fixed": {
			"rotation": [-90, 0, 0],
			"translation": [-1, 0, -7.5]
		}
	}
}