{
	"credit": "Made with Blockbench",
	"textures": {
		"0": "block/sand",
		"1": "block/brown_shulker_box",
		"2": "block/fletching_table_side",
		"particle": "block/sand"
	},
	"elements": [
		{
			"from": [7, 0, 6],
			"to": [11, 10, 10],
			"rotation": {"angle": 0, "axis": "y", "origin": [7, 0, 6]},
			"faces": {
				"north": {"uv": [0, 0, 4, 10], "texture": "#1"},
				"east": {"uv": [0, 0, 4, 10], "texture": "#1"},
				"south": {"uv": [0, 0, 4, 10], "texture": "#1"},
				"west": {"uv": [0, 0, 4, 10], "texture": "#1"},
				"up": {"uv": [0, 0, 4, 4], "texture": "#1"},
				"down": {"uv": [0, 0, 4, 4], "texture": "#1"}
			}
		},
		{
			"from": [8, 9, 7],
			"to": [10, 13, 9],
			"rotation": {"angle": 0, "axis": "y", "origin": [8, 9, 7]},
			"faces": {
				"north": {"uv": [0, 0, 2, 4], "texture": "#1"},
				"east": {"uv": [0, 0, 2, 4], "texture": "#1"},
				"south": {"uv": [0, 0, 2, 4], "texture": "#1"},
				"west": {"uv": [0, 0, 2, 4], "texture": "#1"},
				"up": {"uv": [0, 0, 2, 2], "texture": "#1"},
				"down": {"uv": [0, 0, 2, 2], "texture": "#1"}
			}
		},
		{
			"from": [8, 13, 7],
			"to": [10, 14, 9],
			"rotation": {"angle": 0, "axis": "y", "origin": [8, 13, 7]},
			"faces": {
				"north": {"uv": [0, 0, 2, 1], "texture": "#0"},
				"east": {"uv": [0, 0, 2, 1], "texture": "#0"},
				"south": {"uv": [0, 0, 2, 1], "texture": "#0"},
				"west": {"uv": [0, 0, 2, 1], "texture": "#0"},
				"up": {"uv": [0, 0, 2, 2], "texture": "#0"},
				"down": {"uv": [0, 0, 2, 2], "texture": "#0"}
			}
		},
		{
			"from": [7.9, 12.75, 6.9],
			"to": [10.1, 13.15, 9.1],
			"rotation": {"angle": 0, "axis": "y", "origin": [7.9, 12.75, 6.9]},
			"faces": {
				"north": {"uv": [0, 0, 2, 1], "texture": "#1"},
				"east": {"uv": [0, 0, 2, 1], "texture": "#1"},
				"south": {"uv": [0, 0, 2, 1], "texture": "#1"},
				"west": {"uv": [0, 0, 2, 1], "texture": "#1"},
				"up": {"uv": [0, 0, 2, 2], "texture": "#1"},
				"down": {"uv": [0, 0, 2, 2], "texture": "#1"}
			}
		},
		{
			"from": [6.9, 4.9, 5.9],
			"to": [11.1, 7.4, 10.1],
			"rotation": {"angle": 0, "axis": "y", "origin": [6.9, 4.9, 5.9]},
			"faces": {
				"north": {"uv": [6, 13.5, 10.2, 16], "texture": "#2"},
				"east": {"uv": [4, 13.5, 8.2, 16], "texture": "#2"},
				"south": {"uv": [3.8, 13.5, 8, 16], "texture": "#2"},
				"west": {"uv": [0, 13, 4.2, 15.5], "texture": "#2"},
				"up": {"uv": [2.8, 11.8, 7, 16], "texture": "#2"},
				"down": {"uv": [0, 11.8, 4.2, 16], "texture": "#2"}
			}
		}
	],
	"gui_light": "front",
	"display": {
		"thirdperson_righthand": {
			"rotation": [3, -170, 0],
			"translation": [-1, 2.5, 1],
			"scale": [0.4, 0.4, 0.4]
		},
		"thirdperson_lefthand": {
			"rotation": [3, -170, 0],
			"translation": [-1, 2.5, 1],
			"scale": [0.4, 0.4, 0.4]
		},
		"firstperson_righthand": {
			"rotation": [3, -170, 0],
			"translation": [-1, 3.25, 1],
			"scale": [0.4, 0.4, 0.4]
		},
		"firstperson_lefthand": {
			"rotation": [3, -170, 0],
			"translation": [-1, 3.25, 1],
			"scale": [0.4, 0.4, 0.4]
		},
		"ground": {
			"rotation": [3, 0, 0],
			"translation": [-1, 3.5, 1],
			"scale": [0.8, 0.8, 0.8]
		},
		"gui": {
			"rotation": [26, -164, 11],
			"translation": [2, 1.5, 1]
		},
		"fixed": {
			"rotation": [-90, 0, 0],
			"translation": [-1, 0, -7.5]
		}
	}
}