{
	"credit": "Made with Blockbench",
	"textures": {
		"0": "block/quartz_block_bottom",
		"2": "block/emerald_block",
		"3": "block/nether_wart_block",
		"particle": "block/quartz_block_bottom"
	},
	"elements": [
		{
			"from": [2, 17, 2],
			"to": [14, 29, 14],
			"rotation": {"angle": -45, "axis": "x", "origin": [8, 23, 8]},
			"faces": {
				"north": {"uv": [0, 0, 12, 12], "tintindex": 0,"texture": "#3"},
				"east": {"uv": [0, 0, 12, 12], "tintindex": 0,"texture": "#3"},
				"south": {"uv": [0, 0, 12, 12], "tintindex": 0,"texture": "#3"},
				"west": {"uv": [0, 0, 12, 12], "tintindex": 0,"texture": "#3"},
				"up": {"uv": [0, 0, 12, 12], "tintindex": 0,"texture": "#3"},
				"down": {"uv": [0, 0, 12, 12], "tintindex": 0,"texture": "#3"}
			}
		},
		{
			"from": [1, 19, 4],
			"to": [15, 27, 12],
			"rotation": {"angle": -45, "axis": "x", "origin": [8, 23, 8]},
			"faces": {
				"north": {"uv": [0, 0, 14, 8], "tintindex": 0,"texture": "#2"},
				"east": {"uv": [4, 4, 12, 12], "tintindex": 0,"texture": "#2"},
				"south": {"uv": [0, 0, 14, 8], "tintindex": 0,"texture": "#2"},
				"west": {"uv": [4, 4, 12, 12], "tintindex": 0,"texture": "#2"},
				"up": {"uv": [0, 0, 14, 8], "tintindex": 0,"texture": "#2"},
				"down": {"uv": [0, 0, 14, 8], "tintindex": 0,"texture": "#2"}
			}
		},
		{
			"from": [7, 2, 7],
			"to": [9, 17, 9],
			"rotation": {"angle": 0, "axis": "y", "origin": [8, 9.5, 8]},
			"faces": {
				"north": {"uv": [0, 0, 2, 15], "tintindex": 0,"texture": "#0"},
				"east": {"uv": [0, 0, 2, 15], "tintindex": 0,"texture": "#0"},
				"south": {"uv": [0, 0, 2, 15], "tintindex": 0,"texture": "#0"},
				"west": {"uv": [0, 0, 2, 15], "tintindex": 0,"texture": "#0"},
				"up": {"uv": [0, 0, 2, 2], "tintindex": 0,"texture": "#0"},
				"down": {"uv": [0, 0, 2, 2], "tintindex": 0,"texture": "#0"}
			}
		},
		{
			"from": [7, -8.75, -2.5],
			"to": [9, 2.25, 15.5],
			"rotation": {"angle": -22.5, "axis": "x", "origin": [8, -7.75, 5]},
			"faces": {
				"north": {"uv": [0, 0, 2, 11], "rotation": 180, "tintindex": 0,"texture": "#0"},
				"east": {"uv": [0, 0, 11, 16], "rotation": 270, "tintindex": 0,"texture": "#0"},
				"south": {"uv": [0, 0, 2, 11], "tintindex": 0,"texture": "#0"},
				"west": {"uv": [0, 0, 11, 16], "rotation": 90, "tintindex": 0,"texture": "#0"},
				"up": {"uv": [0, 0, 2, 16], "rotation": 180, "tintindex": 0,"texture": "#0"},
				"down": {"uv": [0, 0, 2, 16], "tintindex": 0,"texture": "#0"}
			}
		},
		{
			"from": [2, -7.5, -1],
			"to": [14, 0.5, 1],
			"rotation": {"angle": -22.5, "axis": "x", "origin": [12, -6.5, 6.5]},
			"faces": {
				"north": {"uv": [0, 0, 8, 12], "rotation": 270, "tintindex": 0,"texture": "#0"},
				"east": {"uv": [0, 0, 8, 2], "rotation": 270, "tintindex": 0,"texture": "#0"},
				"south": {"uv": [0, 0, 8, 12], "rotation": 270, "tintindex": 0,"texture": "#0"},
				"west": {"uv": [0, 0, 8, 2], "rotation": 90, "tintindex": 0,"texture": "#0"},
				"up": {"uv": [0, 0, 12, 2], "rotation": 180, "tintindex": 0,"texture": "#0"},
				"down": {"uv": [0, 0, 12, 2], "tintindex": 0,"texture": "#0"}
			}
		},
		{
			"from": [2, -4.25, 7],
			"to": [14, 3.75, 9],
			"rotation": {"angle": -22.5, "axis": "x", "origin": [12, -3.25, 14.5]},
			"faces": {
				"north": {"uv": [0, 0, 8, 12], "rotation": 270, "tintindex": 0,"texture": "#0"},
				"east": {"uv": [0, 0, 8, 2], "rotation": 270, "tintindex": 0,"texture": "#0"},
				"south": {"uv": [0, 0, 8, 12], "rotation": 270, "tintindex": 0,"texture": "#0"},
				"west": {"uv": [0, 0, 8, 2], "rotation": 90, "tintindex": 0,"texture": "#0"},
				"up": {"uv": [0, 0, 12, 2], "rotation": 180, "tintindex": 0,"texture": "#0"},
				"down": {"uv": [0, 0, 12, 2], "tintindex": 0,"texture": "#0"}
			}
		},
		{
			"from": [2, -6, 3],
			"to": [14, 2, 5],
			"rotation": {"angle": -22.5, "axis": "x", "origin": [12, -5, 10.5]},
			"faces": {
				"north": {"uv": [0, 0, 8, 12], "rotation": 270, "tintindex": 0,"texture": "#0"},
				"east": {"uv": [0, 0, 8, 2], "rotation": 270, "tintindex": 0,"texture": "#0"},
				"south": {"uv": [0, 0, 8, 12], "rotation": 270, "tintindex": 0,"texture": "#0"},
				"west": {"uv": [0, 0, 8, 2], "rotation": 90, "tintindex": 0,"texture": "#0"},
				"up": {"uv": [0, 0, 12, 2], "rotation": 180, "tintindex": 0,"texture": "#0"},
				"down": {"uv": [0, 0, 12, 2], "tintindex": 0,"texture": "#0"}
			}
		},
		{
			"from": [2, -2.75, 11],
			"to": [14, 5.25, 13],
			"rotation": {"angle": -22.5, "axis": "x", "origin": [12, -1.75, 18.5]},
			"faces": {
				"north": {"uv": [0, 0, 8, 12], "rotation": 270, "tintindex": 0,"texture": "#0"},
				"east": {"uv": [0, 0, 8, 2], "rotation": 270, "tintindex": 0,"texture": "#0"},
				"south": {"uv": [0, 0, 8, 12], "rotation": 270, "tintindex": 0,"texture": "#0"},
				"west": {"uv": [0, 0, 8, 2], "rotation": 90, "tintindex": 0,"texture": "#0"},
				"up": {"uv": [0, 0, 12, 2], "rotation": 180, "tintindex": 0,"texture": "#0"},
				"down": {"uv": [0, 0, 12, 2], "tintindex": 0,"texture": "#0"}
			}
		},
		{
			"from": [3, -7.5, -2.5],
			"to": [13, 1.5, 16.5],
			"rotation": {"angle": -22.5, "axis": "x", "origin": [4, -6.5, 5]},
			"faces": {
				"north": {"uv": [0, 0, 10, 9], "rotation": 180, "tintindex": 0,"texture": "#3"},
				"east": {"uv": [0, 0, 9, 16], "rotation": 270, "tintindex": 0,"texture": "#3"},
				"south": {"uv": [0, 0, 10, 9], "tintindex": 0,"texture": "#3"},
				"west": {"uv": [0, 0, 9, 16], "rotation": 90, "tintindex": 0,"texture": "#3"},
				"up": {"uv": [0, 0, 10, 16], "rotation": 180, "tintindex": 0,"texture": "#3"},
				"down": {"uv": [0, 0, 10, 16], "tintindex": 0,"texture": "#3"}
			}
		},
		{
			"from": [6, -2.7039, 13.45672],
			"to": [10, 11.2961, 17.45672],
			"rotation": {"angle": 22.5, "axis": "x", "origin": [8, 4.7961, 15.45672]},
			"faces": {
				"north": {"uv": [0, 0, 4, 14], "tintindex": 0,"texture": "#3"},
				"east": {"uv": [0, 0, 4, 14], "tintindex": 0,"texture": "#3"},
				"south": {"uv": [0, 0, 4, 14], "tintindex": 0,"texture": "#3"},
				"west": {"uv": [0, 0, 4, 14], "tintindex": 0,"texture": "#3"},
				"up": {"uv": [0, 0, 4, 4], "tintindex": 0,"texture": "#3"},
				"down": {"uv": [0, 0, 4, 4], "tintindex": 0,"texture": "#3"}
			}
		},
		{
			"from": [6.5, 8.69968, 13.07404],
			"to": [9.5, 22.69968, 17.07404],
			"rotation": {"angle": -22.5, "axis": "x", "origin": [8.5, 16.19968, 15.07404]},
			"faces": {
				"north": {"uv": [0, 0, 3, 14], "tintindex": 0,"texture": "#3"},
				"east": {"uv": [0, 0, 4, 14], "tintindex": 0,"texture": "#3"},
				"south": {"uv": [0, 0, 3, 14], "tintindex": 0,"texture": "#3"},
				"west": {"uv": [0, 0, 4, 14], "tintindex": 0,"texture": "#3"},
				"up": {"uv": [0, 0, 3, 4], "tintindex": 0,"texture": "#3"},
				"down": {"uv": [0, 0, 3, 4], "tintindex": 0,"texture": "#3"}
			}
		},
		{
			"from": [6.5, -4.5, 14],
			"to": [9.5, -1.5, 19],
			"rotation": {"angle": 0, "axis": "y", "origin": [7, -4, 14.5]},
			"faces": {
				"north": {"uv": [0, 0, 3, 3], "tintindex": 0,"texture": "#0"},
				"east": {"uv": [0, 0, 5, 3], "tintindex": 0,"texture": "#0"},
				"south": {"uv": [0, 0, 3, 3], "tintindex": 0,"texture": "#0"},
				"west": {"uv": [0, 0, 5, 3], "tintindex": 0,"texture": "#0"},
				"up": {"uv": [0, 0, 3, 5], "tintindex": 0,"texture": "#0"},
				"down": {"uv": [0, 0, 3, 5], "tintindex": 0,"texture": "#0"}
			}
		},
		{
			"from": [11.5, -4.5, -7],
			"to": [14.5, -1.5, -2],
			"rotation": {"angle": -22.5, "axis": "y", "origin": [13, -3, -4.5]},
			"faces": {
				"north": {"uv": [0, 0, 1, 1], "tintindex": 0,"texture": "#0"},
				"east": {"uv": [0, 0, 1, 1], "tintindex": 0,"texture": "#0"},
				"south": {"uv": [0, 0, 1, 1], "tintindex": 0,"texture": "#0"},
				"west": {"uv": [0, 0, 1, 1], "tintindex": 0,"texture": "#0"},
				"up": {"uv": [0, 0, 1, 1], "tintindex": 0,"texture": "#0"},
				"down": {"uv": [0, 0, 1, 1], "tintindex": 0,"texture": "#0"}
			}
		},
		{
			"from": [11.5, -12.5, -5],
			"to": [14.5, -9.5, 0],
			"rotation": {"angle": -45, "axis": "x", "origin": [13, -11, -2.5]},
			"faces": {
				"north": {"uv": [0, 0, 1, 1], "tintindex": 0,"texture": "#0"},
				"east": {"uv": [0, 0, 1, 1], "tintindex": 0,"texture": "#0"},
				"south": {"uv": [0, 0, 1, 1], "tintindex": 0,"texture": "#0"},
				"west": {"uv": [0, 0, 1, 1], "tintindex": 0,"texture": "#0"},
				"up": {"uv": [0, 0, 1, 1], "tintindex": 0,"texture": "#0"},
				"down": {"uv": [0, 0, 1, 1], "tintindex": 0,"texture": "#0"}
			}
		},
		{
			"from": [11.5, -12.22053, -9.29054],
			"to": [14.5, -9.22053, -2.29054],
			"rotation": {"angle": 22.5, "axis": "x", "origin": [13, -10.72053, -6.79054]},
			"faces": {
				"north": {"uv": [0, 0, 1, 1], "tintindex": 0,"texture": "#0"},
				"east": {"uv": [0, 0, 1, 1], "tintindex": 0,"texture": "#0"},
				"south": {"uv": [0, 0, 1, 1], "tintindex": 0,"texture": "#0"},
				"west": {"uv": [0, 0, 1, 1], "tintindex": 0,"texture": "#0"},
				"up": {"uv": [0, 0, 1, 1], "tintindex": 0,"texture": "#0"},
				"down": {"uv": [0, 0, 1, 1], "tintindex": 0,"texture": "#0"}
			}
		},
		{
			"from": [1.5, -4.5, -7],
			"to": [4.5, -1.5, -2],
			"rotation": {"angle": 22.5, "axis": "y", "origin": [3, -3, -4.5]},
			"faces": {
				"north": {"uv": [0, 0, 1, 1], "tintindex": 0,"texture": "#0"},
				"east": {"uv": [0, 0, 1, 1], "tintindex": 0,"texture": "#0"},
				"south": {"uv": [0, 0, 1, 1], "tintindex": 0,"texture": "#0"},
				"west": {"uv": [0, 0, 1, 1], "tintindex": 0,"texture": "#0"},
				"up": {"uv": [0, 0, 1, 1], "tintindex": 0,"texture": "#0"},
				"down": {"uv": [0, 0, 1, 1], "tintindex": 0,"texture": "#0"}
			}
		},
		{
			"from": [1.5, -12.5, -5],
			"to": [4.5, -9.5, 0],
			"rotation": {"angle": -45, "axis": "x", "origin": [3, -11, -2.5]},
			"faces": {
				"north": {"uv": [0, 0, 1, 1], "tintindex": 0,"texture": "#0"},
				"east": {"uv": [0, 0, 1, 1], "tintindex": 0,"texture": "#0"},
				"south": {"uv": [0, 0, 1, 1], "tintindex": 0,"texture": "#0"},
				"west": {"uv": [0, 0, 1, 1], "tintindex": 0,"texture": "#0"},
				"up": {"uv": [0, 0, 1, 1], "tintindex": 0,"texture": "#0"},
				"down": {"uv": [0, 0, 1, 1], "tintindex": 0,"texture": "#0"}
			}
		},
		{
			"from": [1.5, -12.22053, -9.29054],
			"to": [4.5, -9.22053, -2.29054],
			"rotation": {"angle": 22.5, "axis": "x", "origin": [3, -10.72053, -6.79054]},
			"faces": {
				"north": {"uv": [0, 0, 1, 1], "tintindex": 0,"texture": "#0"},
				"east": {"uv": [0, 0, 1, 1], "tintindex": 0,"texture": "#0"},
				"south": {"uv": [0, 0, 1, 1], "tintindex": 0,"texture": "#0"},
				"west": {"uv": [0, 0, 1, 1], "tintindex": 0,"texture": "#0"},
				"up": {"uv": [0, 0, 1, 1], "tintindex": 0,"texture": "#0"},
				"down": {"uv": [0, 0, 1, 1], "tintindex": 0,"texture": "#0"}
			}
		}
	],
	"display": {
		"head": {
			"translation": [0, -55.5, -0.25],
			"scale": [4, 4, 4]
		}
	}
}