{
	"credit": "Made with Blockbench",
	"textures": {
		"0": "block/quartz_block_bottom",
		"3": "block/nether_wart_block",
		"particle": "block/quartz_block_bottom"
	},
	"elements": [
		{
			"from": [5, 3, -16],
			"to": [11, 9, 0],
			"rotation": {"angle": 22.5, "axis": "x", "origin": [8, 6, -8]},
			"faces": {
				"north": {"uv": [0, 0, 1, 1], "tintindex": 0,"texture": "#0"},
				"east": {"uv": [0, 0, 1, 1], "tintindex": 0,"texture": "#0"},
				"south": {"uv": [0, 0, 1, 1], "tintindex": 0,"texture": "#0"},
				"west": {"uv": [0, 0, 1, 1], "tintindex": 0,"texture": "#0"},
				"up": {"uv": [0, 0, 1, 1], "tintindex": 0,"texture": "#0"},
				"down": {"uv": [0, 0, 1, 1], "tintindex": 0,"texture": "#0"}
			}
		},
		{
			"from": [5, 0.16689, -1.75701],
			"to": [11, 6.16689, 17.24299],
			"rotation": {"angle": 0, "axis": "x", "origin": [8, 3.16689, 6.24299]},
			"faces": {
				"north": {"uv": [0, 0, 1, 1], "tintindex": 0,"texture": "#0"},
				"east": {"uv": [0, 0, 1, 1], "tintindex": 0,"texture": "#0"},
				"south": {"uv": [0, 0, 1, 1], "tintindex": 0,"texture": "#0"},
				"west": {"uv": [0, 0, 1, 1], "tintindex": 0,"texture": "#0"},
				"up": {"uv": [0, 0, 1, 1], "tintindex": 0,"texture": "#0"},
				"down": {"uv": [0, 0, 1, 1], "tintindex": 0,"texture": "#0"}
			}
		},
		{
			"from": [5, -1.51816, 15.71433],
			"to": [11, 4.48184, 25.71433],
			"rotation": {"angle": 22.5, "axis": "x", "origin": [8, 1.48184, 20.71433]},
			"faces": {
				"north": {"uv": [0, 0, 1, 1], "tintindex": 0,"texture": "#0"},
				"east": {"uv": [0, 0, 1, 1], "tintindex": 0,"texture": "#0"},
				"south": {"uv": [0, 0, 1, 1], "tintindex": 0,"texture": "#0"},
				"west": {"uv": [0, 0, 1, 1], "tintindex": 0,"texture": "#0"},
				"up": {"uv": [0, 0, 1, 1], "tintindex": 0,"texture": "#0"},
				"down": {"uv": [0, 0, 1, 1], "tintindex": 0,"texture": "#0"}
			}
		},
		{
			"from": [5, 4.25764, 19.84146],
			"to": [11, 16.25764, 25.84146],
			"rotation": {"angle": 22.5, "axis": "x", "origin": [8, 14.25764, 22.84146]},
			"faces": {
				"north": {"uv": [0, 0, 1, 1], "rotation": 180, "tintindex": 0,"texture": "#0"},
				"east": {"uv": [0, 0, 1, 1], "rotation": 270, "tintindex": 0,"texture": "#0"},
				"south": {"uv": [0, 0, 1, 1], "tintindex": 0,"texture": "#0"},
				"west": {"uv": [0, 0, 1, 1], "rotation": 90, "tintindex": 0,"texture": "#0"},
				"up": {"uv": [0, 0, 1, 1], "rotation": 180, "tintindex": 0,"texture": "#0"},
				"down": {"uv": [0, 0, 1, 1], "tintindex": 0,"texture": "#0"}
			}
		},
		{
			"from": [5, 14.95735, 20.37846],
			"to": [11, 32, 26.37846],
			"rotation": {"angle": 0, "axis": "x", "origin": [8, 24.95735, 23.37846]},
			"faces": {
				"north": {"uv": [0, 0, 1, 1], "rotation": 180, "tintindex": 0,"texture": "#0"},
				"east": {"uv": [0, 0, 1, 1], "rotation": 270, "tintindex": 0,"texture": "#0"},
				"south": {"uv": [0, 0, 1, 1], "tintindex": 0,"texture": "#0"},
				"west": {"uv": [0, 0, 1, 1], "rotation": 90, "tintindex": 0,"texture": "#0"},
				"up": {"uv": [0, 0, 1, 1], "rotation": 180, "tintindex": 0,"texture": "#0"},
				"down": {"uv": [0, 0, 1, 1], "tintindex": 0,"texture": "#0"}
			}
		},
		{
			"from": [5, -8.42739, 22.62356],
			"to": [11, 1.57261, 28.62356],
			"rotation": {"angle": -22.5, "axis": "x", "origin": [8, -3.42739, 25.62356]},
			"faces": {
				"north": {"uv": [0, 0, 1, 1], "rotation": 180, "tintindex": 0,"texture": "#0"},
				"east": {"uv": [0, 0, 1, 1], "rotation": 90, "tintindex": 0,"texture": "#0"},
				"south": {"uv": [0, 0, 1, 1], "tintindex": 0,"texture": "#0"},
				"west": {"uv": [0, 0, 1, 1], "rotation": 270, "tintindex": 0,"texture": "#0"},
				"up": {"uv": [0, 0, 1, 1], "tintindex": 0,"texture": "#0"},
				"down": {"uv": [0, 0, 1, 1], "rotation": 180, "tintindex": 0,"texture": "#0"}
			}
		},
		{
			"from": [5, -15.37008, 22.62356],
			"to": [11, -5.37008, 28.62356],
			"rotation": {"angle": 22.5, "axis": "x", "origin": [8, -10.37008, 25.62356]},
			"faces": {
				"north": {"uv": [0, 0, 1, 1], "rotation": 180, "tintindex": 0,"texture": "#0"},
				"east": {"uv": [0, 0, 1, 1], "rotation": 90, "tintindex": 0,"texture": "#0"},
				"south": {"uv": [0, 0, 1, 1], "tintindex": 0,"texture": "#0"},
				"west": {"uv": [0, 0, 1, 1], "rotation": 270, "tintindex": 0,"texture": "#0"},
				"up": {"uv": [0, 0, 1, 1], "tintindex": 0,"texture": "#0"},
				"down": {"uv": [0, 0, 1, 1], "rotation": 180, "tintindex": 0,"texture": "#0"}
			}
		},
		{
			"from": [-3.5, -7.45672, -14.7039],
			"to": [19.5, 8.54328, -10.7039],
			"rotation": {"angle": 22.5, "axis": "x", "origin": [8, 0.54328, -12.7039]},
			"faces": {
				"north": {"uv": [0, 0, 1, 1], "tintindex": 0,"texture": "#0"},
				"east": {"uv": [0, 0, 1, 1], "tintindex": 0,"texture": "#0"},
				"south": {"uv": [0, 0, 1, 1], "tintindex": 0,"texture": "#0"},
				"west": {"uv": [0, 0, 1, 1], "tintindex": 0,"texture": "#0"},
				"up": {"uv": [0, 0, 1, 1], "tintindex": 0,"texture": "#0"},
				"down": {"uv": [0, 0, 1, 1], "tintindex": 0,"texture": "#0"}
			}
		},
		{
			"from": [-3.5, -10.45672, -7.7039],
			"to": [19.5, 5.54328, -3.7039],
			"rotation": {"angle": 22.5, "axis": "x", "origin": [8, -2.45672, -5.7039]},
			"faces": {
				"north": {"uv": [0, 0, 1, 1], "tintindex": 0,"texture": "#0"},
				"east": {"uv": [0, 0, 1, 1], "tintindex": 0,"texture": "#0"},
				"south": {"uv": [0, 0, 1, 1], "tintindex": 0,"texture": "#0"},
				"west": {"uv": [0, 0, 1, 1], "tintindex": 0,"texture": "#0"},
				"up": {"uv": [0, 0, 1, 1], "tintindex": 0,"texture": "#0"},
				"down": {"uv": [0, 0, 1, 1], "tintindex": 0,"texture": "#0"}
			}
		},
		{
			"from": [-5, 0, 15],
			"to": [21, 4, 19],
			"rotation": {"angle": 22.5, "axis": "x", "origin": [2, 2, 17]},
			"faces": {
				"north": {"uv": [0, 0, 1, 1], "tintindex": 0,"texture": "#0"},
				"east": {"uv": [0, 0, 1, 1], "tintindex": 0,"texture": "#0"},
				"south": {"uv": [0, 0, 1, 1], "tintindex": 0,"texture": "#0"},
				"west": {"uv": [0, 0, 1, 1], "tintindex": 0,"texture": "#0"},
				"up": {"uv": [0, 0, 1, 1], "tintindex": 0,"texture": "#0"},
				"down": {"uv": [0, 0, 1, 1], "tintindex": 0,"texture": "#0"}
			}
		},
		{
			"from": [-5, -3, 22],
			"to": [21, 1, 26],
			"rotation": {"angle": 22.5, "axis": "x", "origin": [2, -1, 24]},
			"faces": {
				"north": {"uv": [0, 0, 1, 1], "tintindex": 0,"texture": "#0"},
				"east": {"uv": [0, 0, 1, 1], "tintindex": 0,"texture": "#0"},
				"south": {"uv": [0, 0, 1, 1], "tintindex": 0,"texture": "#0"},
				"west": {"uv": [0, 0, 1, 1], "tintindex": 0,"texture": "#0"},
				"up": {"uv": [0, 0, 1, 1], "tintindex": 0,"texture": "#0"},
				"down": {"uv": [0, 0, 1, 1], "tintindex": 0,"texture": "#0"}
			}
		},
		{
			"from": [1, 0.54643, -0.3076],
			"to": [15, 4.54643, 3.6924],
			"rotation": {"angle": 0, "axis": "z", "origin": [8, 2.5, 5.5]},
			"faces": {
				"north": {"uv": [0, 0, 1, 1], "tintindex": 0,"texture": "#0"},
				"east": {"uv": [0, 0, 1, 1], "tintindex": 0,"texture": "#0"},
				"south": {"uv": [0, 0, 1, 1], "tintindex": 0,"texture": "#0"},
				"west": {"uv": [0, 0, 1, 1], "tintindex": 0,"texture": "#0"},
				"up": {"uv": [0, 0, 1, 1], "tintindex": 0,"texture": "#0"},
				"down": {"uv": [0, 0, 1, 1], "tintindex": 0,"texture": "#0"}
			}
		},
		{
			"from": [1.22691, -2.31283, -0.3076],
			"to": [5.22691, 3.68717, 3.6924],
			"rotation": {"angle": -22.5, "axis": "z", "origin": [3.27334, 4.68717, 5.5]},
			"faces": {
				"north": {"uv": [0, 0, 1, 1], "rotation": 90, "tintindex": 0,"texture": "#0"},
				"east": {"uv": [0, 0, 1, 1], "rotation": 270, "tintindex": 0,"texture": "#0"},
				"south": {"uv": [0, 0, 1, 1], "rotation": 270, "tintindex": 0,"texture": "#0"},
				"west": {"uv": [0, 0, 1, 1], "rotation": 270, "tintindex": 0,"texture": "#0"},
				"up": {"uv": [0, 0, 1, 1], "rotation": 270, "tintindex": 0,"texture": "#0"},
				"down": {"uv": [0, 0, 1, 1], "rotation": 270, "tintindex": 0,"texture": "#0"}
			}
		},
		{
			"from": [10.76602, -2.27729, 2.6924],
			"to": [14.76602, 3.72271, 6.6924],
			"rotation": {"angle": 22.5, "axis": "z", "origin": [12.81245, 4.72271, 8.5]},
			"faces": {
				"north": {"uv": [0, 0, 1, 1], "rotation": 90, "tintindex": 0,"texture": "#0"},
				"east": {"uv": [0, 0, 1, 1], "rotation": 270, "tintindex": 0,"texture": "#0"},
				"south": {"uv": [0, 0, 1, 1], "rotation": 270, "tintindex": 0,"texture": "#0"},
				"west": {"uv": [0, 0, 1, 1], "rotation": 270, "tintindex": 0,"texture": "#0"},
				"up": {"uv": [0, 0, 1, 1], "rotation": 270, "tintindex": 0,"texture": "#0"},
				"down": {"uv": [0, 0, 1, 1], "rotation": 270, "tintindex": 0,"texture": "#0"}
			}
		},
		{
			"from": [-1.2961, -6.99685, -0.3076],
			"to": [17.3039, -0.99685, 3.6924],
			"rotation": {"angle": 0, "axis": "z", "origin": [0.72167, -4.03974, 5.5]},
			"faces": {
				"north": {"uv": [0, 0, 1, 1], "rotation": 90, "tintindex": 0,"texture": "#0"},
				"east": {"uv": [0, 0, 1, 1], "rotation": 270, "tintindex": 0,"texture": "#0"},
				"south": {"uv": [0, 0, 1, 1], "rotation": 270, "tintindex": 0,"texture": "#0"},
				"west": {"uv": [0, 0, 1, 1], "rotation": 270, "tintindex": 0,"texture": "#0"},
				"up": {"uv": [0, 0, 1, 1], "rotation": 270, "tintindex": 0,"texture": "#0"},
				"down": {"uv": [0, 0, 1, 1], "rotation": 270, "tintindex": 0,"texture": "#0"}
			}
		},
		{
			"from": [1.22691, -2.40568, 7.3076],
			"to": [5.22691, 3.59432, 11.3076],
			"rotation": {"angle": -22.5, "axis": "z", "origin": [3.27334, 4.59432, 13.11521]},
			"faces": {
				"north": {"uv": [0, 0, 1, 1], "rotation": 90, "tintindex": 0,"texture": "#0"},
				"east": {"uv": [0, 0, 1, 1], "rotation": 270, "tintindex": 0,"texture": "#0"},
				"south": {"uv": [0, 0, 1, 1], "rotation": 270, "tintindex": 0,"texture": "#0"},
				"west": {"uv": [0, 0, 1, 1], "rotation": 270, "tintindex": 0,"texture": "#0"},
				"up": {"uv": [0, 0, 1, 1], "rotation": 270, "tintindex": 0,"texture": "#0"},
				"down": {"uv": [0, 0, 1, 1], "rotation": 270, "tintindex": 0,"texture": "#0"}
			}
		},
		{
			"from": [10.76602, -2.37015, 10.3076],
			"to": [14.76602, 3.62985, 14.3076],
			"rotation": {"angle": 22.5, "axis": "z", "origin": [12.81245, 4.62985, 16.11521]},
			"faces": {
				"north": {"uv": [0, 0, 1, 1], "rotation": 90, "tintindex": 0,"texture": "#0"},
				"east": {"uv": [0, 0, 1, 1], "rotation": 270, "tintindex": 0,"texture": "#0"},
				"south": {"uv": [0, 0, 1, 1], "rotation": 270, "tintindex": 0,"texture": "#0"},
				"west": {"uv": [0, 0, 1, 1], "rotation": 270, "tintindex": 0,"texture": "#0"},
				"up": {"uv": [0, 0, 1, 1], "rotation": 270, "tintindex": 0,"texture": "#0"},
				"down": {"uv": [0, 0, 1, 1], "rotation": 270, "tintindex": 0,"texture": "#0"}
			}
		},
		{
			"from": [-1.26057, -7.08264, 7.3076],
			"to": [17.33943, -1.08264, 11.3076],
			"rotation": {"angle": 0, "axis": "z", "origin": [0.72167, -4.03974, 5.5]},
			"faces": {
				"north": {"uv": [0, 0, 1, 1], "rotation": 90, "tintindex": 0,"texture": "#0"},
				"east": {"uv": [0, 0, 1, 1], "rotation": 270, "tintindex": 0,"texture": "#0"},
				"south": {"uv": [0, 0, 1, 1], "rotation": 270, "tintindex": 0,"texture": "#0"},
				"west": {"uv": [0, 0, 1, 1], "rotation": 270, "tintindex": 0,"texture": "#0"},
				"up": {"uv": [0, 0, 1, 1], "rotation": 270, "tintindex": 0,"texture": "#0"},
				"down": {"uv": [0, 0, 1, 1], "rotation": 270, "tintindex": 0,"texture": "#0"}
			}
		},
		{
			"from": [1, 0.45357, 7.3076],
			"to": [15, 4.45357, 11.3076],
			"rotation": {"angle": 0, "axis": "z", "origin": [8, 2.5, 5.5]},
			"faces": {
				"north": {"uv": [0, 0, 1, 1], "tintindex": 0,"texture": "#0"},
				"east": {"uv": [0, 0, 1, 1], "tintindex": 0,"texture": "#0"},
				"south": {"uv": [0, 0, 1, 1], "tintindex": 0,"texture": "#0"},
				"west": {"uv": [0, 0, 1, 1], "tintindex": 0,"texture": "#0"},
				"up": {"uv": [0, 0, 1, 1], "tintindex": 0,"texture": "#0"},
				"down": {"uv": [0, 0, 1, 1], "tintindex": 0,"texture": "#0"}
			}
		},
		{
			"from": [-3, -8, -16],
			"to": [19, 6, -2],
			"rotation": {"angle": 22.5, "axis": "x", "origin": [8, -1, -9]},
			"faces": {
				"north": {"uv": [0, 0, 16, 14], "tintindex": 0,"texture": "#3"},
				"east": {"uv": [0, 0, 14, 14], "tintindex": 0,"texture": "#3"},
				"south": {"uv": [0, 0, 16, 14], "tintindex": 0,"texture": "#3"},
				"west": {"uv": [0, 0, 14, 14], "tintindex": 0,"texture": "#3"},
				"up": {"uv": [0, 0, 16, 14], "tintindex": 0,"texture": "#3"},
				"down": {"uv": [0, 0, 16, 14], "tintindex": 0,"texture": "#3"}
			}
		},
		{
			"from": [0, -10, -6],
			"to": [16, 2, 16],
			"rotation": {"angle": 0, "axis": "y", "origin": [7, -3, 5]},
			"faces": {
				"north": {"uv": [0, 0, 16, 12], "tintindex": 0,"texture": "#3"},
				"east": {"uv": [0, 0, 16, 12], "tintindex": 0,"texture": "#3"},
				"south": {"uv": [0, 0, 16, 12], "tintindex": 0,"texture": "#3"},
				"west": {"uv": [0, 0, 16, 12], "tintindex": 0,"texture": "#3"},
				"up": {"uv": [0, 0, 16, 16], "rotation": 270, "tintindex": 0,"texture": "#3"},
				"down": {"uv": [0, 0, 16, 16], "rotation": 90, "tintindex": 0,"texture": "#3"}
			}
		},
		{
			"from": [-6, -16, 10],
			"to": [22, -1, 24],
			"rotation": {"angle": 22.5, "axis": "x", "origin": [1, -9, 21]},
			"faces": {
				"north": {"uv": [0, 0, 16, 15], "tintindex": 0,"texture": "#3"},
				"east": {"uv": [0, 0, 14, 15], "tintindex": 0,"texture": "#3"},
				"south": {"uv": [0, 0, 16, 15], "tintindex": 0,"texture": "#3"},
				"west": {"uv": [0, 0, 14, 15], "tintindex": 0,"texture": "#3"},
				"up": {"uv": [0, 0, 14, 16], "rotation": 270, "tintindex": 0,"texture": "#3"},
				"down": {"uv": [0, 0, 14, 16], "rotation": 90, "tintindex": 0,"texture": "#3"}
			}
		},
		{
			"from": [-1, 16, 9],
			"to": [17, 30, 23],
			"rotation": {"angle": 0, "axis": "y", "origin": [-0.5, 16.5, 9.5]},
			"faces": {
				"north": {"uv": [0, 0, 16, 14], "tintindex": 0,"texture": "#3"},
				"east": {"uv": [0, 0, 14, 14], "tintindex": 0,"texture": "#3"},
				"south": {"uv": [0, 0, 16, 14], "tintindex": 0,"texture": "#3"},
				"west": {"uv": [0, 0, 14, 14], "tintindex": 0,"texture": "#3"},
				"up": {"uv": [0, 0, 16, 14], "tintindex": 0,"texture": "#3"},
				"down": {"uv": [0, 0, 16, 14], "tintindex": 0,"texture": "#3"}
			}
		},
		{
			"from": [2, 0.98118, 8.01257],
			"to": [14, 18.98118, 20.01257],
			"rotation": {"angle": 22.5, "axis": "x", "origin": [8, 9.98118, 14.01257]},
			"faces": {
				"north": {"uv": [0, 0, 16, 12], "rotation": 90, "tintindex": 0,"texture": "#3"},
				"east": {"uv": [0, 0, 16, 12], "rotation": 270, "tintindex": 0,"texture": "#3"},
				"south": {"uv": [0, 0, 16, 12], "rotation": 270, "tintindex": 0,"texture": "#3"},
				"west": {"uv": [0, 0, 16, 12], "rotation": 270, "tintindex": 0,"texture": "#3"},
				"up": {"uv": [0, 0, 12, 12], "rotation": 270, "tintindex": 0,"texture": "#3"},
				"down": {"uv": [0, 0, 12, 12], "rotation": 270, "tintindex": 0,"texture": "#3"}
			}
		},
		{
			"from": [-2, 26, 8],
			"to": [18, 29, 24],
			"rotation": {"angle": 0, "axis": "y", "origin": [8, 26.5, 8.5]},
			"faces": {
				"north": {"uv": [0, 0, 16, 3], "tintindex": 0,"texture": "#0"},
				"east": {"uv": [0, 0, 16, 3], "tintindex": 0,"texture": "#0"},
				"south": {"uv": [0, 0, 16, 3], "tintindex": 0,"texture": "#0"},
				"west": {"uv": [0, 0, 16, 3], "tintindex": 0,"texture": "#0"},
				"up": {"uv": [0, 0, 16, 16], "tintindex": 0,"texture": "#0"},
				"down": {"uv": [0, 0, 16, 16], "tintindex": 0,"texture": "#0"}
			}
		},
		{
			"from": [-2, 20, 8],
			"to": [18, 23, 24],
			"rotation": {"angle": 0, "axis": "y", "origin": [8, 20.5, 8.5]},
			"faces": {
				"north": {"uv": [0, 0, 16, 3], "tintindex": 0,"texture": "#0"},
				"east": {"uv": [0, 0, 16, 3], "tintindex": 0,"texture": "#0"},
				"south": {"uv": [0, 0, 16, 3], "tintindex": 0,"texture": "#0"},
				"west": {"uv": [0, 0, 16, 3], "tintindex": 0,"texture": "#0"},
				"up": {"uv": [0, 0, 16, 16], "tintindex": 0,"texture": "#0"},
				"down": {"uv": [0, 0, 16, 16], "tintindex": 0,"texture": "#0"}
			}
		},
		{
			"from": [0, 12, 12],
			"to": [16, 15, 23],
			"rotation": {"angle": 22.5, "axis": "x", "origin": [8, 13.5, 16]},
			"faces": {
				"north": {"uv": [0, 0, 16, 3], "tintindex": 0,"texture": "#0"},
				"east": {"uv": [0, 0, 11, 3], "tintindex": 0,"texture": "#0"},
				"south": {"uv": [0, 0, 16, 3], "tintindex": 0,"texture": "#0"},
				"west": {"uv": [0, 0, 11, 3], "tintindex": 0,"texture": "#0"},
				"up": {"uv": [0, 0, 16, 11], "tintindex": 0,"texture": "#0"},
				"down": {"uv": [0, 0, 16, 11], "tintindex": 0,"texture": "#0"}
			}
		},
		{
			"from": [0, 7, 10],
			"to": [16, 10, 21],
			"rotation": {"angle": 22.5, "axis": "x", "origin": [8, 8.5, 14]},
			"faces": {
				"north": {"uv": [0, 0, 16, 3], "tintindex": 0,"texture": "#0"},
				"east": {"uv": [0, 0, 11, 3], "tintindex": 0,"texture": "#0"},
				"south": {"uv": [0, 0, 16, 3], "tintindex": 0,"texture": "#0"},
				"west": {"uv": [0, 0, 11, 3], "tintindex": 0,"texture": "#0"},
				"up": {"uv": [0, 0, 16, 11], "tintindex": 0,"texture": "#0"},
				"down": {"uv": [0, 0, 16, 11], "tintindex": 0,"texture": "#0"}
			}
		}
	],
	"display": {
		"head": {
			"translation": [0, 41.25, -21.75],
			"scale": [4, 4, 4]
		}
	}
}