{
	"credit": "Made with Blockbench",
	"textures": {
		"0": "block/quartz_block_bottom",
		"2": "block/emerald_block",
		"3": "block/nether_wart_block",
		"particle": "block/quartz_block_bottom"
	},
	"elements": [
		{
			"from": [5, 13.8, 2.95],
			"to": [11, 23.4, 12.55],
			"rotation": {"angle": 0, "axis": "y", "origin": [13, 18.6, 7.75]},
			"faces": {
				"north": {"uv": [0, 0, 6, 16], "tintindex": 0,"texture": "#0"},
				"east": {"uv": [0, 0, 16, 16], "tintindex": 0,"texture": "#0"},
				"south": {"uv": [0, 0, 6, 16], "tintindex": 0,"texture": "#0"},
				"west": {"uv": [0, 0, 16, 16], "tintindex": 0,"texture": "#0"},
				"up": {"uv": [0, 0, 6, 16], "tintindex": 0,"texture": "#0"},
				"down": {"uv": [0, 0, 6, 16], "tintindex": 0,"texture": "#0"}
			}
		},
		{
			"from": [4, 15, 4.15],
			"to": [12, 22.2, 11.35],
			"rotation": {"angle": 0, "axis": "y", "origin": [12, 19.8, 8.95]},
			"faces": {
				"north": {"uv": [4, 4, 12, 12], "tintindex": 0,"texture": "#2"},
				"east": {"uv": [4, 4, 12, 12], "tintindex": 0,"texture": "#2"},
				"south": {"uv": [4, 4, 12, 12], "tintindex": 0,"texture": "#2"},
				"west": {"uv": [4, 4, 12, 12], "tintindex": 0,"texture": "#2"},
				"up": {"uv": [0, 0, 8, 8], "tintindex": 0,"texture": "#2"},
				"down": {"uv": [0, 0, 8, 8], "tintindex": 0,"texture": "#2"}
			}
		},
		{
			"from": [6, 7.04118, 5.00208],
			"to": [10, 18.04118, 11.00208],
			"rotation": {"angle": 0, "axis": "y", "origin": [8, 16.02582, 7.89752]},
			"faces": {
				"north": {"uv": [0, 0, 4, 16], "tintindex": 0,"texture": "#3"},
				"east": {"uv": [0, 0, 6, 16], "tintindex": 0,"texture": "#3"},
				"south": {"uv": [0, 0, 4, 16], "tintindex": 0,"texture": "#3"},
				"west": {"uv": [0, 0, 6, 16], "tintindex": 0,"texture": "#3"},
				"up": {"uv": [0, 0, 4, 6], "tintindex": 0,"texture": "#3"},
				"down": {"uv": [0, 0, 4, 6], "tintindex": 0,"texture": "#3"}
			}
		},
		{
			"from": [2, -7.75, 2],
			"to": [14, 8.25, 14],
			"rotation": {"angle": 0, "axis": "y", "origin": [10, 0.25, 10]},
			"faces": {
				"north": {"uv": [0, 0, 12, 16], "tintindex": 0,"texture": "#3"},
				"east": {"uv": [0, 0, 12, 16], "tintindex": 0,"texture": "#3"},
				"south": {"uv": [0, 0, 12, 16], "tintindex": 0,"texture": "#3"},
				"west": {"uv": [0, 0, 12, 16], "tintindex": 0,"texture": "#3"},
				"up": {"uv": [0, 0, 12, 12], "tintindex": 0,"texture": "#3"},
				"down": {"uv": [0, 0, 12, 12], "tintindex": 0,"texture": "#3"}
			}
		},
		{
			"from": [7, 7.01046, 3.79296],
			"to": [9, 18.01046, 11.79296],
			"rotation": {"angle": 0, "axis": "y", "origin": [8, 16.02582, 7.89752]},
			"faces": {
				"north": {"uv": [0, 0, 1, 1], "tintindex": 0,"texture": "#0"},
				"east": {"uv": [0, 0, 1, 1], "tintindex": 0,"texture": "#0"},
				"south": {"uv": [0, 0, 1, 1], "tintindex": 0,"texture": "#0"},
				"west": {"uv": [0, 0, 1, 1], "tintindex": 0,"texture": "#0"},
				"up": {"uv": [0, 0, 1, 1], "tintindex": 0,"texture": "#0"},
				"down": {"uv": [0, 0, 1, 1], "tintindex": 0,"texture": "#0"}
			}
		},
		{
			"from": [1, 0, 1],
			"to": [15, 2, 15],
			"rotation": {"angle": 0, "axis": "y", "origin": [2, 1, 4.5]},
			"faces": {
				"north": {"uv": [0, 0, 1, 1], "tintindex": 0,"texture": "#0"},
				"east": {"uv": [0, 0, 1, 1], "tintindex": 0,"texture": "#0"},
				"south": {"uv": [0, 0, 1, 1], "tintindex": 0,"texture": "#0"},
				"west": {"uv": [0, 0, 1, 1], "tintindex": 0,"texture": "#0"},
				"up": {"uv": [0, 0, 1, 1], "tintindex": 0,"texture": "#0"},
				"down": {"uv": [0, 0, 1, 1], "tintindex": 0,"texture": "#0"}
			}
		},
		{
			"from": [1, -4, 1],
			"to": [15, -2, 15],
			"rotation": {"angle": 0, "axis": "y", "origin": [2, -3, 4.5]},
			"faces": {
				"north": {"uv": [0, 0, 1, 1], "tintindex": 0,"texture": "#0"},
				"east": {"uv": [0, 0, 1, 1], "tintindex": 0,"texture": "#0"},
				"south": {"uv": [0, 0, 1, 1], "tintindex": 0,"texture": "#0"},
				"west": {"uv": [0, 0, 1, 1], "tintindex": 0,"texture": "#0"},
				"up": {"uv": [0, 0, 1, 1], "tintindex": 0,"texture": "#0"},
				"down": {"uv": [0, 0, 1, 1], "tintindex": 0,"texture": "#0"}
			}
		},
		{
			"from": [3, -8, 5],
			"to": [13, -6, 19],
			"rotation": {"angle": 0, "axis": "y", "origin": [4, -7, 8.5]},
			"faces": {
				"north": {"uv": [0, 0, 1, 1], "tintindex": 0,"texture": "#0"},
				"east": {"uv": [0, 0, 1, 1], "tintindex": 0,"texture": "#0"},
				"south": {"uv": [0, 0, 1, 1], "tintindex": 0,"texture": "#0"},
				"west": {"uv": [0, 0, 1, 1], "tintindex": 0,"texture": "#0"},
				"up": {"uv": [0, 0, 1, 1], "tintindex": 0,"texture": "#0"},
				"down": {"uv": [0, 0, 1, 1], "tintindex": 0,"texture": "#0"}
			}
		},
		{
			"from": [1, 4, 1],
			"to": [15, 6, 15],
			"rotation": {"angle": 0, "axis": "y", "origin": [2, 5, 4.5]},
			"faces": {
				"north": {"uv": [0, 0, 1, 1], "tintindex": 0,"texture": "#0"},
				"east": {"uv": [0, 0, 1, 1], "tintindex": 0,"texture": "#0"},
				"south": {"uv": [0, 0, 1, 1], "tintindex": 0,"texture": "#0"},
				"west": {"uv": [0, 0, 1, 1], "tintindex": 0,"texture": "#0"},
				"up": {"uv": [0, 0, 1, 1], "tintindex": 0,"texture": "#0"},
				"down": {"uv": [0, 0, 1, 1], "tintindex": 0,"texture": "#0"}
			}
		},
		{
			"from": [1, -8, -2],
			"to": [4, -4, 5],
			"rotation": {"angle": 0, "axis": "y", "origin": [1.5, -7.5, -1.5]},
			"faces": {
				"north": {"uv": [0, 0, 3, 4], "tintindex": 0,"texture": "#0"},
				"east": {"uv": [0, 0, 7, 4], "tintindex": 0,"texture": "#0"},
				"south": {"uv": [0, 0, 3, 4], "tintindex": 0,"texture": "#0"},
				"west": {"uv": [0, 0, 7, 4], "tintindex": 0,"texture": "#0"},
				"up": {"uv": [0, 0, 3, 7], "tintindex": 0,"texture": "#0"},
				"down": {"uv": [0, 0, 3, 7], "tintindex": 0,"texture": "#0"}
			}
		},
		{
			"from": [12, -8, -2],
			"to": [15, -4, 5],
			"rotation": {"angle": 0, "axis": "y", "origin": [12.5, -7.5, -1.5]},
			"faces": {
				"north": {"uv": [0, 0, 3, 4], "tintindex": 0,"texture": "#0"},
				"east": {"uv": [0, 0, 7, 4], "tintindex": 0,"texture": "#0"},
				"south": {"uv": [0, 0, 3, 4], "tintindex": 0,"texture": "#0"},
				"west": {"uv": [0, 0, 7, 4], "tintindex": 0,"texture": "#0"},
				"up": {"uv": [0, 0, 3, 7], "tintindex": 0,"texture": "#0"},
				"down": {"uv": [0, 0, 3, 7], "tintindex": 0,"texture": "#0"}
			}
		},
		{
			"from": [6, -8, -2],
			"to": [9, -4, 5],
			"rotation": {"angle": 0, "axis": "y", "origin": [6.5, -7.5, -1.5]},
			"faces": {
				"north": {"uv": [0, 0, 3, 4], "tintindex": 0,"texture": "#0"},
				"east": {"uv": [0, 0, 7, 4], "tintindex": 0,"texture": "#0"},
				"south": {"uv": [0, 0, 3, 4], "tintindex": 0,"texture": "#0"},
				"west": {"uv": [0, 0, 7, 4], "tintindex": 0,"texture": "#0"},
				"up": {"uv": [0, 0, 3, 7], "tintindex": 0,"texture": "#0"},
				"down": {"uv": [0, 0, 3, 7], "tintindex": 0,"texture": "#0"}
			}
		}
	],
	"display": {
		"head": {
			"translation": [0, -54.75, -0.5],
			"scale": [4, 4, 4]
		}
	}
}