{
	"credit": "Made with Blockbench",
	"textures": {
		"0": "block/quartz_block_bottom",
		"2": "block/nether_wart_block",
		"particle": "block/quartz_block_bottom"
	},
	"elements": [
		{
			"from": [0, 0, 0],
			"to": [16, 6, 6],
			"faces": {
				"north": {"uv": [0, 0, 16, 6], "tintindex": 0,"texture": "#0"},
				"east": {"uv": [0, 0, 6, 6], "tintindex": 0,"texture": "#0"},
				"south": {"uv": [0, 0, 16, 6], "tintindex": 0,"texture": "#0"},
				"west": {"uv": [0, 0, 6, 6], "tintindex": 0,"texture": "#0"},
				"up": {"uv": [0, 0, 16, 6], "tintindex": 0,"texture": "#0"},
				"down": {"uv": [0, 0, 16, 6], "tintindex": 0,"texture": "#0"}
			}
		},
		{
			"from": [0, 0.1, 16],
			"to": [16, 6.1, 22],
			"rotation": {"angle": 0, "axis": "y", "origin": [8, 8.1, 24]},
			"faces": {
				"north": {"uv": [0, 0, 16, 6], "tintindex": 0,"texture": "#0"},
				"east": {"uv": [0, 0, 6, 6], "tintindex": 0,"texture": "#0"},
				"south": {"uv": [0, 0, 16, 6], "tintindex": 0,"texture": "#0"},
				"west": {"uv": [0, 0, 6, 6], "tintindex": 0,"texture": "#0"},
				"up": {"uv": [0, 0, 16, 6], "tintindex": 0,"texture": "#0"},
				"down": {"uv": [0, 0, 16, 6], "tintindex": 0,"texture": "#0"}
			}
		},
		{
			"from": [1, 5, -1],
			"to": [3, 10, 1],
			"rotation": {"angle": -22.5, "axis": "x", "origin": [8, 7.5, 0]},
			"faces": {
				"north": {"uv": [0, 0, 2, 5], "tintindex": 0,"texture": "#0"},
				"east": {"uv": [0, 0, 2, 5], "tintindex": 0,"texture": "#0"},
				"south": {"uv": [0, 0, 2, 5], "tintindex": 0,"texture": "#0"},
				"west": {"uv": [0, 0, 2, 5], "tintindex": 0,"texture": "#0"},
				"up": {"uv": [0, 0, 2, 2], "tintindex": 0,"texture": "#0"},
				"down": {"uv": [0, 0, 2, 2], "tintindex": 0,"texture": "#0"}
			}
		},
		{
			"from": [13, 5, -1],
			"to": [15, 10, 1],
			"rotation": {"angle": -22.5, "axis": "x", "origin": [8, 7.5, 0]},
			"faces": {
				"north": {"uv": [0, 0, 2, 5], "tintindex": 0,"texture": "#0"},
				"east": {"uv": [0, 0, 2, 5], "tintindex": 0,"texture": "#0"},
				"south": {"uv": [0, 0, 2, 5], "tintindex": 0,"texture": "#0"},
				"west": {"uv": [0, 0, 2, 5], "tintindex": 0,"texture": "#0"},
				"up": {"uv": [0, 0, 2, 2], "tintindex": 0,"texture": "#0"},
				"down": {"uv": [0, 0, 2, 2], "tintindex": 0,"texture": "#0"}
			}
		},
		{
			"from": [11, 5, 0.5],
			"to": [13, 7, 1.5],
			"rotation": {"angle": 45, "axis": "z", "origin": [12, 6, 1]},
			"faces": {
				"north": {"uv": [0, 0, 2, 2], "tintindex": 0,"texture": "#0"},
				"east": {"uv": [0, 0, 1, 2], "tintindex": 0,"texture": "#0"},
				"south": {"uv": [0, 0, 2, 2], "tintindex": 0,"texture": "#0"},
				"west": {"uv": [0, 0, 1, 2], "tintindex": 0,"texture": "#0"},
				"up": {"uv": [0, 0, 2, 1], "tintindex": 0,"texture": "#0"},
				"down": {"uv": [0, 0, 2, 1], "tintindex": 0,"texture": "#0"}
			}
		},
		{
			"from": [8.25, 5, 0.5],
			"to": [10.25, 7, 1.5],
			"rotation": {"angle": 45, "axis": "z", "origin": [9.25, 6, 1]},
			"faces": {
				"north": {"uv": [0, 0, 2, 2], "tintindex": 0,"texture": "#0"},
				"east": {"uv": [0, 0, 1, 2], "tintindex": 0,"texture": "#0"},
				"south": {"uv": [0, 0, 2, 2], "tintindex": 0,"texture": "#0"},
				"west": {"uv": [0, 0, 1, 2], "tintindex": 0,"texture": "#0"},
				"up": {"uv": [0, 0, 2, 1], "tintindex": 0,"texture": "#0"},
				"down": {"uv": [0, 0, 2, 1], "tintindex": 0,"texture": "#0"}
			}
		},
		{
			"from": [3, 5, 0.5],
			"to": [5, 7, 1.5],
			"rotation": {"angle": 45, "axis": "z", "origin": [4, 6, 1]},
			"faces": {
				"north": {"uv": [0, 0, 2, 2], "tintindex": 0,"texture": "#0"},
				"east": {"uv": [0, 0, 1, 2], "tintindex": 0,"texture": "#0"},
				"south": {"uv": [0, 0, 2, 2], "tintindex": 0,"texture": "#0"},
				"west": {"uv": [0, 0, 1, 2], "tintindex": 0,"texture": "#0"},
				"up": {"uv": [0, 0, 2, 1], "tintindex": 0,"texture": "#0"},
				"down": {"uv": [0, 0, 2, 1], "tintindex": 0,"texture": "#0"}
			}
		},
		{
			"from": [5.75, 5, 0.5],
			"to": [7.75, 7, 1.5],
			"rotation": {"angle": 45, "axis": "z", "origin": [6.75, 6, 1]},
			"faces": {
				"north": {"uv": [0, 0, 2, 2], "tintindex": 0,"texture": "#0"},
				"east": {"uv": [0, 0, 1, 2], "tintindex": 0,"texture": "#0"},
				"south": {"uv": [0, 0, 2, 2], "tintindex": 0,"texture": "#0"},
				"west": {"uv": [0, 0, 1, 2], "tintindex": 0,"texture": "#0"},
				"up": {"uv": [0, 0, 2, 1], "tintindex": 0,"texture": "#0"},
				"down": {"uv": [0, 0, 2, 1], "tintindex": 0,"texture": "#0"}
			}
		},
		{
			"from": [-1.37641, 0.9, 0.91969],
			"to": [4.62359, 5.9, 10.91969],
			"rotation": {"angle": -22.5, "axis": "y", "origin": [1.62359, 3.4, 3.91969]},
			"faces": {
				"north": {"uv": [0, 0, 6, 5], "tintindex": 0,"texture": "#0"},
				"east": {"uv": [0, 0, 10, 5], "tintindex": 0,"texture": "#0"},
				"south": {"uv": [0, 0, 6, 5], "tintindex": 0,"texture": "#0"},
				"west": {"uv": [0, 0, 10, 5], "tintindex": 0,"texture": "#0"},
				"up": {"uv": [0, 0, 10, 6], "rotation": 270, "tintindex": 0,"texture": "#0"},
				"down": {"uv": [0, 0, 10, 6], "rotation": 90, "tintindex": 0,"texture": "#0"}
			}
		},
		{
			"from": [-3.82683, 1, 9.2388],
			"to": [2.17317, 6, 16.2388],
			"rotation": {"angle": 0, "axis": "y", "origin": [-0.82683, 3.5, 12.2388]},
			"faces": {
				"north": {"uv": [0, 0, 6, 5], "tintindex": 0,"texture": "#0"},
				"east": {"uv": [0, 0, 7, 5], "tintindex": 0,"texture": "#0"},
				"south": {"uv": [0, 0, 6, 5], "tintindex": 0,"texture": "#0"},
				"west": {"uv": [0, 0, 7, 5], "tintindex": 0,"texture": "#0"},
				"up": {"uv": [0, 0, 7, 6], "rotation": 270, "tintindex": 0,"texture": "#0"},
				"down": {"uv": [0, 0, 7, 6], "rotation": 90, "tintindex": 0,"texture": "#0"}
			}
		},
		{
			"from": [-2.58419, 0.9, 13.2388],
			"to": [4.41581, 5.9, 19.2388],
			"rotation": {"angle": -45, "axis": "y", "origin": [0.41581, 3.4, 16.2388]},
			"faces": {
				"north": {"uv": [0, 0, 7, 5], "tintindex": 0,"texture": "#0"},
				"east": {"uv": [0, 0, 6, 5], "tintindex": 0,"texture": "#0"},
				"south": {"uv": [0, 0, 7, 5], "tintindex": 0,"texture": "#0"},
				"west": {"uv": [0, 0, 6, 5], "tintindex": 0,"texture": "#0"},
				"up": {"uv": [0, 0, 7, 6], "rotation": 180, "tintindex": 0,"texture": "#0"},
				"down": {"uv": [0, 0, 7, 6], "rotation": 180, "tintindex": 0,"texture": "#0"}
			}
		},
		{
			"from": [11.87709, 0.9, 13.9459],
			"to": [18.87709, 5.9, 19.9459],
			"rotation": {"angle": 45, "axis": "y", "origin": [14.87709, 3.4, 16.9459]},
			"faces": {
				"north": {"uv": [0, 0, 7, 5], "tintindex": 0,"texture": "#0"},
				"east": {"uv": [0, 0, 6, 5], "tintindex": 0,"texture": "#0"},
				"south": {"uv": [0, 0, 7, 5], "tintindex": 0,"texture": "#0"},
				"west": {"uv": [0, 0, 6, 5], "tintindex": 0,"texture": "#0"},
				"up": {"uv": [0, 0, 7, 6], "rotation": 180, "tintindex": 0,"texture": "#0"},
				"down": {"uv": [0, 0, 7, 6], "rotation": 180, "tintindex": 0,"texture": "#0"}
			}
		},
		{
			"from": [13.82683, 1, 9.2388],
			"to": [19.82683, 6, 16.2388],
			"rotation": {"angle": 0, "axis": "y", "origin": [16.82683, 3.5, 12.2388]},
			"faces": {
				"north": {"uv": [0, 0, 6, 5], "tintindex": 0,"texture": "#0"},
				"east": {"uv": [0, 0, 7, 5], "tintindex": 0,"texture": "#0"},
				"south": {"uv": [0, 0, 6, 5], "tintindex": 0,"texture": "#0"},
				"west": {"uv": [0, 0, 7, 5], "tintindex": 0,"texture": "#0"},
				"up": {"uv": [0, 0, 7, 6], "rotation": 270, "tintindex": 0,"texture": "#0"},
				"down": {"uv": [0, 0, 7, 6], "rotation": 90, "tintindex": 0,"texture": "#0"}
			}
		},
		{
			"from": [11.37641, 0.9, 0.91969],
			"to": [17.37641, 5.9, 10.91969],
			"rotation": {"angle": 22.5, "axis": "y", "origin": [14.37641, 3.4, 3.91969]},
			"faces": {
				"north": {"uv": [0, 0, 6, 5], "tintindex": 0,"texture": "#0"},
				"east": {"uv": [0, 0, 10, 5], "tintindex": 0,"texture": "#0"},
				"south": {"uv": [0, 0, 6, 5], "tintindex": 0,"texture": "#0"},
				"west": {"uv": [0, 0, 10, 5], "tintindex": 0,"texture": "#0"},
				"up": {"uv": [0, 0, 10, 6], "rotation": 270, "tintindex": 0,"texture": "#0"},
				"down": {"uv": [0, 0, 10, 6], "rotation": 90, "tintindex": 0,"texture": "#0"}
			}
		},
		{
			"from": [1, -1, 3],
			"to": [15, 3, 17],
			"rotation": {"angle": 0, "axis": "y", "origin": [9, 7, 11]},
			"faces": {
				"north": {"uv": [0, 0, 14, 4], "tintindex": 0,"texture": "#0"},
				"east": {"uv": [0, 0, 14, 4], "tintindex": 0,"texture": "#0"},
				"south": {"uv": [0, 0, 14, 4], "tintindex": 0,"texture": "#0"},
				"west": {"uv": [0, 0, 14, 4], "tintindex": 0,"texture": "#0"},
				"up": {"uv": [0, 0, 14, 14], "tintindex": 0,"texture": "#0"},
				"down": {"uv": [0, 0, 14, 14], "tintindex": 0,"texture": "#0"}
			}
		},
		{
			"from": [6, 0, 22],
			"to": [10, 8, 24],
			"rotation": {"angle": 0, "axis": "y", "origin": [7, 4, 23]},
			"faces": {
				"north": {"uv": [0, 0, 1, 1], "tintindex": 0,"texture": "#0"},
				"east": {"uv": [0, 0, 1, 1], "tintindex": 0,"texture": "#0"},
				"south": {"uv": [0, 0, 1, 1], "tintindex": 0,"texture": "#0"},
				"west": {"uv": [0, 0, 1, 1], "tintindex": 0,"texture": "#0"},
				"up": {"uv": [0, 0, 1, 1], "tintindex": 0,"texture": "#0"},
				"down": {"uv": [0, 0, 1, 1], "tintindex": 0,"texture": "#0"}
			}
		},
		{
			"from": [4, 3, 22],
			"to": [12, 4, 23],
			"rotation": {"angle": 0, "axis": "y", "origin": [4.5, 3.5, 22.5]},
			"faces": {
				"north": {"uv": [0, 0, 8, 1], "tintindex": 0,"texture": "#0"},
				"east": {"uv": [0, 0, 1, 1], "tintindex": 0,"texture": "#0"},
				"south": {"uv": [0, 0, 8, 1], "tintindex": 0,"texture": "#0"},
				"west": {"uv": [0, 0, 1, 1], "tintindex": 0,"texture": "#0"},
				"up": {"uv": [0, 0, 8, 1], "tintindex": 0,"texture": "#0"},
				"down": {"uv": [0, 0, 8, 1], "tintindex": 0,"texture": "#0"}
			}
		},
		{
			"from": [4, 5, 22],
			"to": [12, 6, 23],
			"rotation": {"angle": 0, "axis": "y", "origin": [4.5, 5.5, 22.5]},
			"faces": {
				"north": {"uv": [0, 0, 8, 1], "tintindex": 0,"texture": "#0"},
				"east": {"uv": [0, 0, 1, 1], "tintindex": 0,"texture": "#0"},
				"south": {"uv": [0, 0, 8, 1], "tintindex": 0,"texture": "#0"},
				"west": {"uv": [0, 0, 1, 1], "tintindex": 0,"texture": "#0"},
				"up": {"uv": [0, 0, 8, 1], "tintindex": 0,"texture": "#0"},
				"down": {"uv": [0, 0, 8, 1], "tintindex": 0,"texture": "#0"}
			}
		},
		{
			"from": [4, 1, 22],
			"to": [12, 2, 23],
			"rotation": {"angle": 0, "axis": "y", "origin": [4.5, 1.5, 22.5]},
			"faces": {
				"north": {"uv": [0, 0, 8, 1], "tintindex": 0,"texture": "#0"},
				"east": {"uv": [0, 0, 1, 1], "tintindex": 0,"texture": "#0"},
				"south": {"uv": [0, 0, 8, 1], "tintindex": 0,"texture": "#0"},
				"west": {"uv": [0, 0, 1, 1], "tintindex": 0,"texture": "#0"},
				"up": {"uv": [0, 0, 8, 1], "tintindex": 0,"texture": "#0"},
				"down": {"uv": [0, 0, 8, 1], "tintindex": 0,"texture": "#0"}
			}
		},
		{
			"from": [3, 5, 3],
			"to": [13, 7, 19],
			"rotation": {"angle": 0, "axis": "y", "origin": [8, 5.5, 11]},
			"faces": {
				"north": {"uv": [0, 0, 10, 2], "tintindex": 0,"texture": "#2"},
				"east": {"uv": [0, 0, 16, 2], "tintindex": 0,"texture": "#2"},
				"south": {"uv": [0, 0, 10, 2], "tintindex": 0,"texture": "#2"},
				"west": {"uv": [0, 0, 16, 2], "tintindex": 0,"texture": "#2"},
				"up": {"uv": [3, 0, 13, 16], "tintindex": 0,"texture": "#2"},
				"down": {"uv": [0, 0, 10, 16], "tintindex": 0,"texture": "#2"}
			}
		},
		{
			"from": [-1, 5, 18],
			"to": [3, 13, 21],
			"rotation": {"angle": 0, "axis": "y", "origin": [-0.5, 5.5, 18.5]},
			"faces": {
				"north": {"uv": [0, 0, 4, 8], "tintindex": 0,"texture": "#0"},
				"east": {"uv": [0, 0, 3, 8], "tintindex": 0,"texture": "#0"},
				"south": {"uv": [0, 0, 4, 8], "tintindex": 0,"texture": "#0"},
				"west": {"uv": [0, 0, 3, 8], "tintindex": 0,"texture": "#0"},
				"up": {"uv": [0, 0, 4, 3], "tintindex": 0,"texture": "#0"},
				"down": {"uv": [0, 0, 4, 3], "tintindex": 0,"texture": "#0"}
			}
		},
		{
			"from": [13, 5, 18],
			"to": [17, 13, 21],
			"rotation": {"angle": 0, "axis": "y", "origin": [13.5, 5.5, 18.5]},
			"faces": {
				"north": {"uv": [0, 0, 4, 8], "tintindex": 0,"texture": "#0"},
				"east": {"uv": [0, 0, 3, 8], "tintindex": 0,"texture": "#0"},
				"south": {"uv": [0, 0, 4, 8], "tintindex": 0,"texture": "#0"},
				"west": {"uv": [0, 0, 3, 8], "tintindex": 0,"texture": "#0"},
				"up": {"uv": [0, 0, 4, 3], "tintindex": 0,"texture": "#0"},
				"down": {"uv": [0, 0, 4, 3], "tintindex": 0,"texture": "#0"}
			}
		}
	],
	"display": {
		"head": {
			"translation": [0, 0, -48.75],
			"scale": [4, 4, 4]
		}
	}
}