{
	"credit": "Made with Blockbench",
	"textures": {
		"0": "block/quartz_block_bottom",
		"3": "block/emerald_block",
		"particle": "block/quartz_block_bottom"
	},
	"elements": [
		{
			"from": [3, 9, 2],
			"to": [15, 15, 8],
			"rotation": {"angle": 0, "axis": "y", "origin": [11, 17, 10], "rescale": true},
			"faces": {
				"north": {"uv": [0, 0, 12, 6], "tintindex": 0,"texture": "#0"},
				"east": {"uv": [0, 0, 6, 6], "tintindex": 0,"texture": "#0"},
				"south": {"uv": [0, 0, 12, 6], "tintindex": 0,"texture": "#0"},
				"west": {"uv": [0, 0, 6, 6], "tintindex": 0,"texture": "#0"},
				"up": {"uv": [0, 0, 12, 6], "tintindex": 0,"texture": "#0"},
				"down": {"uv": [0, 0, 12, 6], "tintindex": 0,"texture": "#0"}
			}
		},
		{
			"from": [11, 6, 0.5],
			"to": [13, 8, 1.5],
			"rotation": {"angle": 45, "axis": "z", "origin": [12, 7, 1]},
			"faces": {
				"north": {"uv": [0, 0, 2, 2], "tintindex": 0,"texture": "#0"},
				"east": {"uv": [0, 0, 1, 2], "tintindex": 0,"texture": "#0"},
				"south": {"uv": [0, 0, 2, 2], "tintindex": 0,"texture": "#0"},
				"west": {"uv": [0, 0, 1, 2], "tintindex": 0,"texture": "#0"},
				"up": {"uv": [0, 0, 2, 1], "tintindex": 0,"texture": "#0"},
				"down": {"uv": [0, 0, 2, 1], "tintindex": 0,"texture": "#0"}
			}
		},
		{
			"from": [8.25, 6, 0.5],
			"to": [10.25, 8, 1.5],
			"rotation": {"angle": 45, "axis": "z", "origin": [9.25, 7, 1]},
			"faces": {
				"north": {"uv": [0, 0, 2, 2], "tintindex": 0,"texture": "#0"},
				"east": {"uv": [0, 0, 1, 2], "tintindex": 0,"texture": "#0"},
				"south": {"uv": [0, 0, 2, 2], "tintindex": 0,"texture": "#0"},
				"west": {"uv": [0, 0, 1, 2], "tintindex": 0,"texture": "#0"},
				"up": {"uv": [0, 0, 2, 1], "tintindex": 0,"texture": "#0"},
				"down": {"uv": [0, 0, 2, 1], "tintindex": 0,"texture": "#0"}
			}
		},
		{
			"from": [3, 6, 0.5],
			"to": [5, 8, 1.5],
			"rotation": {"angle": 45, "axis": "z", "origin": [4, 7, 1]},
			"faces": {
				"north": {"uv": [0, 0, 2, 2], "tintindex": 0,"texture": "#0"},
				"east": {"uv": [0, 0, 1, 2], "tintindex": 0,"texture": "#0"},
				"south": {"uv": [0, 0, 2, 2], "tintindex": 0,"texture": "#0"},
				"west": {"uv": [0, 0, 1, 2], "tintindex": 0,"texture": "#0"},
				"up": {"uv": [0, 0, 2, 1], "tintindex": 0,"texture": "#0"},
				"down": {"uv": [0, 0, 2, 1], "tintindex": 0,"texture": "#0"}
			}
		},
		{
			"from": [5.75, 6, 0.5],
			"to": [7.75, 8, 1.5],
			"rotation": {"angle": 45, "axis": "z", "origin": [6.75, 7, 1]},
			"faces": {
				"north": {"uv": [0, 0, 2, 2], "tintindex": 0,"texture": "#0"},
				"east": {"uv": [0, 0, 1, 2], "tintindex": 0,"texture": "#0"},
				"south": {"uv": [0, 0, 2, 2], "tintindex": 0,"texture": "#0"},
				"west": {"uv": [0, 0, 1, 2], "tintindex": 0,"texture": "#0"},
				"up": {"uv": [0, 0, 2, 1], "tintindex": 0,"texture": "#0"},
				"down": {"uv": [0, 0, 2, 1], "tintindex": 0,"texture": "#0"}
			}
		},
		{
			"from": [-1, 0, 18],
			"to": [3, 8, 21],
			"rotation": {"angle": 0, "axis": "y", "origin": [-0.5, 0.5, 18.5]},
			"faces": {
				"north": {"uv": [0, 0, 4, 8], "tintindex": 0,"texture": "#0"},
				"east": {"uv": [0, 0, 3, 8], "tintindex": 0,"texture": "#0"},
				"south": {"uv": [0, 0, 4, 8], "tintindex": 0,"texture": "#0"},
				"west": {"uv": [0, 0, 3, 8], "tintindex": 0,"texture": "#0"},
				"up": {"uv": [0, 0, 4, 3], "tintindex": 0,"texture": "#0"},
				"down": {"uv": [0, 0, 4, 3], "tintindex": 0,"texture": "#0"}
			}
		},
		{
			"from": [13, 0, 18],
			"to": [17, 8, 21],
			"rotation": {"angle": 0, "axis": "y", "origin": [13.5, 0.5, 18.5]},
			"faces": {
				"north": {"uv": [0, 0, 4, 8], "tintindex": 0,"texture": "#0"},
				"east": {"uv": [0, 0, 3, 8], "tintindex": 0,"texture": "#0"},
				"south": {"uv": [0, 0, 4, 8], "tintindex": 0,"texture": "#0"},
				"west": {"uv": [0, 0, 3, 8], "tintindex": 0,"texture": "#0"},
				"up": {"uv": [0, 0, 4, 3], "tintindex": 0,"texture": "#0"},
				"down": {"uv": [0, 0, 4, 3], "tintindex": 0,"texture": "#0"}
			}
		},
		{
			"from": [6, 10, -3],
			"to": [10, 17, 1],
			"rotation": {"angle": 22.5, "axis": "x", "origin": [8, 13.5, -1]},
			"faces": {
				"north": {"uv": [0, 0, 4, 7], "tintindex": 0,"texture": "#0"},
				"east": {"uv": [0, 0, 4, 7], "tintindex": 0,"texture": "#0"},
				"south": {"uv": [0, 0, 4, 7], "tintindex": 0,"texture": "#0"},
				"west": {"uv": [0, 0, 4, 7], "tintindex": 0,"texture": "#0"},
				"up": {"uv": [0, 0, 4, 4], "tintindex": 0,"texture": "#0"},
				"down": {"uv": [0, 0, 4, 4], "tintindex": 0,"texture": "#0"}
			}
		},
		{
			"from": [0, 4.19478, -1.4915],
			"to": [2, 12.19478, 0.5085],
			"rotation": {"angle": 45, "axis": "x", "origin": [1.5, 8.19478, 0.0085]},
			"faces": {
				"north": {"uv": [0, 0, 2, 8], "tintindex": 0,"texture": "#0"},
				"east": {"uv": [0, 0, 2, 8], "tintindex": 0,"texture": "#0"},
				"south": {"uv": [0, 0, 2, 8], "tintindex": 0,"texture": "#0"},
				"west": {"uv": [0, 0, 2, 8], "tintindex": 0,"texture": "#0"},
				"up": {"uv": [0, 0, 2, 2], "tintindex": 0,"texture": "#0"},
				"down": {"uv": [0, 0, 2, 2], "tintindex": 0,"texture": "#0"}
			}
		},
		{
			"from": [14, 4.19478, -1.4915],
			"to": [16, 12.19478, 0.5085],
			"rotation": {"angle": 45, "axis": "x", "origin": [15.5, 8.19478, 0.0085]},
			"faces": {
				"north": {"uv": [0, 0, 2, 8], "tintindex": 0,"texture": "#0"},
				"east": {"uv": [0, 0, 2, 8], "tintindex": 0,"texture": "#0"},
				"south": {"uv": [0, 0, 2, 8], "tintindex": 0,"texture": "#0"},
				"west": {"uv": [0, 0, 2, 8], "tintindex": 0,"texture": "#0"},
				"up": {"uv": [0, 0, 2, 2], "tintindex": 0,"texture": "#0"},
				"down": {"uv": [0, 0, 2, 2], "tintindex": 0,"texture": "#0"}
			}
		},
		{
			"from": [0, 15, 0],
			"to": [16, 18, 3],
			"rotation": {"angle": 0, "axis": "y", "origin": [0.5, 15.5, 0.5]},
			"faces": {
				"north": {"uv": [0, 0, 16, 3], "tintindex": 0,"texture": "#3"},
				"east": {"uv": [0, 0, 3, 3], "tintindex": 0,"texture": "#3"},
				"south": {"uv": [0, 0, 14, 3], "tintindex": 0,"texture": "#3"},
				"west": {"uv": [0, 0, 3, 3], "tintindex": 0,"texture": "#3"},
				"up": {"uv": [0, 0, 14, 3], "tintindex": 0,"texture": "#3"},
				"down": {"uv": [0, 0, 14, 3], "tintindex": 0,"texture": "#3"}
			}
		},
		{
			"from": [5, 17, -2],
			"to": [11, 21, 12],
			"rotation": {"angle": 0, "axis": "y", "origin": [5.5, 17.5, -1.5]},
			"faces": {
				"north": {"uv": [0, 0, 6, 4], "tintindex": 0,"texture": "#0"},
				"east": {"uv": [0, 0, 14, 4], "tintindex": 0,"texture": "#0"},
				"south": {"uv": [0, 0, 6, 4], "tintindex": 0,"texture": "#0"},
				"west": {"uv": [0, 0, 14, 4], "tintindex": 0,"texture": "#0"},
				"up": {"uv": [0, 0, 6, 14], "tintindex": 0,"texture": "#0"},
				"down": {"uv": [0, 0, 6, 14], "tintindex": 0,"texture": "#0"}
			}
		},
		{
			"from": [6.92388, 16.63268, -1],
			"to": [13.92388, 19.63268, 2],
			"rotation": {"angle": 22.5, "axis": "z", "origin": [10.42388, 18.13268, 0.5]},
			"faces": {
				"north": {"uv": [0, 0, 7, 3], "tintindex": 0,"texture": "#0"},
				"east": {"uv": [0, 0, 3, 3], "tintindex": 0,"texture": "#0"},
				"south": {"uv": [0, 0, 7, 3], "tintindex": 0,"texture": "#0"},
				"west": {"uv": [0, 0, 3, 3], "tintindex": 0,"texture": "#0"},
				"up": {"uv": [0, 0, 7, 3], "tintindex": 0,"texture": "#0"},
				"down": {"uv": [0, 0, 7, 3], "tintindex": 0,"texture": "#0"}
			}
		},
		{
			"from": [1.92388, 16.63268, -1],
			"to": [8.92388, 19.63268, 2],
			"rotation": {"angle": -22.5, "axis": "z", "origin": [5.42388, 18.13268, 0.5]},
			"faces": {
				"north": {"uv": [0, 0, 7, 3], "tintindex": 0,"texture": "#0"},
				"east": {"uv": [0, 0, 3, 3], "tintindex": 0,"texture": "#0"},
				"south": {"uv": [0, 0, 7, 3], "tintindex": 0,"texture": "#0"},
				"west": {"uv": [0, 0, 3, 3], "tintindex": 0,"texture": "#0"},
				"up": {"uv": [0, 0, 7, 3], "tintindex": 0,"texture": "#0"},
				"down": {"uv": [0, 0, 7, 3], "tintindex": 0,"texture": "#0"}
			}
		},
		{
			"from": [0, 18, -1.5],
			"to": [16, 22, 6.5],
			"rotation": {"angle": 0, "axis": "y", "origin": [0.5, 18.5, -1]},
			"faces": {
				"north": {"uv": [0, 0, 16, 4], "tintindex": 0,"texture": "#0"},
				"east": {"uv": [0, 0, 8, 4], "tintindex": 0,"texture": "#0"},
				"south": {"uv": [0, 0, 16, 4], "tintindex": 0,"texture": "#0"},
				"west": {"uv": [0, 0, 8, 4], "tintindex": 0,"texture": "#0"},
				"up": {"uv": [0, 0, 16, 8], "tintindex": 0,"texture": "#0"},
				"down": {"uv": [0, 0, 16, 8], "tintindex": 0,"texture": "#0"}
			}
		},
		{
			"from": [-2.35355, 8.9, -0.81802],
			"to": [1.64645, 21.9, 4.18198],
			"rotation": {"angle": -45, "axis": "y", "origin": [-0.35355, 15.4, 1.68198]},
			"faces": {
				"north": {"uv": [0, 0, 4, 13], "tintindex": 0,"texture": "#0"},
				"east": {"uv": [0, 0, 5, 13], "tintindex": 0,"texture": "#0"},
				"south": {"uv": [0, 0, 4, 13], "tintindex": 0,"texture": "#0"},
				"west": {"uv": [0, 0, 5, 13], "tintindex": 0,"texture": "#0"},
				"up": {"uv": [0, 0, 4, 5], "rotation": 180, "tintindex": 0,"texture": "#0"},
				"down": {"uv": [0, 0, 4, 5], "rotation": 180, "tintindex": 0,"texture": "#0"}
			}
		},
		{
			"from": [14.35355, 8.9, -0.81802],
			"to": [18.35355, 21.9, 4.18198],
			"rotation": {"angle": 45, "axis": "y", "origin": [16.35355, 15.4, 1.68198]},
			"faces": {
				"north": {"uv": [0, 0, 4, 13], "tintindex": 0,"texture": "#0"},
				"east": {"uv": [0, 0, 5, 13], "tintindex": 0,"texture": "#0"},
				"south": {"uv": [0, 0, 4, 13], "tintindex": 0,"texture": "#0"},
				"west": {"uv": [0, 0, 5, 13], "tintindex": 0,"texture": "#0"},
				"up": {"uv": [0, 0, 4, 5], "rotation": 180, "tintindex": 0,"texture": "#0"},
				"down": {"uv": [0, 0, 4, 5], "rotation": 180, "tintindex": 0,"texture": "#0"}
			}
		},
		{
			"from": [-4, 8, 4],
			"to": [20, 26, 22],
			"rotation": {"angle": 0, "axis": "y", "origin": [4, 17, 9]},
			"faces": {
				"north": {"uv": [0, 0, 16, 16], "tintindex": 0,"texture": "#0"},
				"east": {"uv": [0, 0, 16, 16], "tintindex": 0,"texture": "#0"},
				"south": {"uv": [0, 0, 16, 16], "tintindex": 0,"texture": "#0"},
				"west": {"uv": [0, 0, 16, 16], "tintindex": 0,"texture": "#0"},
				"up": {"uv": [0, 0, 16, 16], "tintindex": 0,"texture": "#0"},
				"down": {"uv": [0, 0, 16, 16], "tintindex": 0,"texture": "#0"}
			}
		},
		{
			"from": [1, 8, 22],
			"to": [15, 23, 25],
			"rotation": {"angle": 0, "axis": "y", "origin": [8, 15.5, 23.5]},
			"faces": {
				"north": {"uv": [0, 0, 14, 15], "tintindex": 0,"texture": "#0"},
				"east": {"uv": [0, 0, 3, 15], "tintindex": 0,"texture": "#0"},
				"south": {"uv": [0, 0, 14, 15], "tintindex": 0,"texture": "#0"},
				"west": {"uv": [0, 0, 3, 15], "tintindex": 0,"texture": "#0"},
				"up": {"uv": [0, 0, 14, 3], "tintindex": 0,"texture": "#0"},
				"down": {"uv": [0, 0, 14, 3], "tintindex": 0,"texture": "#0"}
			}
		},
		{
			"from": [-6, 8, 6],
			"to": [-4, 23, 19],
			"rotation": {"angle": 0, "axis": "y", "origin": [-4.5, 15.5, 11]},
			"faces": {
				"north": {"uv": [0, 0, 2, 15], "tintindex": 0,"texture": "#0"},
				"east": {"uv": [0, 0, 13, 15], "tintindex": 0,"texture": "#0"},
				"south": {"uv": [0, 0, 2, 15], "tintindex": 0,"texture": "#0"},
				"west": {"uv": [0, 0, 13, 15], "tintindex": 0,"texture": "#0"},
				"up": {"uv": [0, 0, 2, 13], "tintindex": 0,"texture": "#0"},
				"down": {"uv": [0, 0, 2, 13], "tintindex": 0,"texture": "#0"}
			}
		},
		{
			"from": [20, 8, 6],
			"to": [22, 23, 19],
			"rotation": {"angle": 0, "axis": "y", "origin": [21.5, 15.5, 11]},
			"faces": {
				"north": {"uv": [0, 0, 2, 15], "tintindex": 0,"texture": "#0"},
				"east": {"uv": [0, 0, 13, 15], "tintindex": 0,"texture": "#0"},
				"south": {"uv": [0, 0, 2, 15], "tintindex": 0,"texture": "#0"},
				"west": {"uv": [0, 0, 13, 15], "tintindex": 0,"texture": "#0"},
				"up": {"uv": [0, 0, 2, 13], "tintindex": 0,"texture": "#0"},
				"down": {"uv": [0, 0, 2, 13], "tintindex": 0,"texture": "#0"}
			}
		},
		{
			"from": [0, 3, 21],
			"to": [16, 8, 24],
			"rotation": {"angle": 0, "axis": "y", "origin": [7, 10.5, 22.5]},
			"faces": {
				"north": {"uv": [0, 0, 16, 5], "tintindex": 0,"texture": "#0"},
				"east": {"uv": [0, 0, 3, 5], "tintindex": 0,"texture": "#0"},
				"south": {"uv": [0, 0, 16, 5], "tintindex": 0,"texture": "#0"},
				"west": {"uv": [0, 0, 3, 5], "tintindex": 0,"texture": "#0"},
				"up": {"uv": [0, 0, 16, 3], "tintindex": 0,"texture": "#0"},
				"down": {"uv": [0, 0, 16, 3], "tintindex": 0,"texture": "#0"}
			}
		},
		{
			"from": [-4.9, 8.65682, 6.53391],
			"to": [-0.9, 13.65682, 21.53391],
			"rotation": {"angle": 22.5, "axis": "x", "origin": [-4.4, 9.15682, 7.03391]},
			"faces": {
				"north": {"uv": [0, 0, 4, 5], "tintindex": 0,"texture": "#0"},
				"east": {"uv": [0, 0, 15, 5], "tintindex": 0,"texture": "#0"},
				"south": {"uv": [0, 0, 4, 5], "tintindex": 0,"texture": "#0"},
				"west": {"uv": [0, 0, 15, 5], "tintindex": 0,"texture": "#0"},
				"up": {"uv": [0, 0, 4, 15], "tintindex": 0,"texture": "#0"},
				"down": {"uv": [0, 0, 4, 15], "tintindex": 0,"texture": "#0"}
			}
		},
		{
			"from": [16.8, 8.65682, 6.53391],
			"to": [20.8, 13.65682, 21.53391],
			"rotation": {"angle": 22.5, "axis": "x", "origin": [17.3, 9.15682, 7.03391]},
			"faces": {
				"north": {"uv": [0, 0, 4, 5], "tintindex": 0,"texture": "#0"},
				"east": {"uv": [0, 0, 15, 5], "tintindex": 0,"texture": "#0"},
				"south": {"uv": [0, 0, 4, 5], "tintindex": 0,"texture": "#0"},
				"west": {"uv": [0, 0, 15, 5], "tintindex": 0,"texture": "#0"},
				"up": {"uv": [0, 0, 4, 15], "tintindex": 0,"texture": "#0"},
				"down": {"uv": [0, 0, 4, 15], "tintindex": 0,"texture": "#0"}
			}
		},
		{
			"from": [2, 7, 0],
			"to": [14, 10, 3],
			"rotation": {"angle": 0, "axis": "y", "origin": [2.5, 7.5, 0.5]},
			"faces": {
				"north": {"uv": [0, 0, 12, 3], "tintindex": 0,"texture": "#0"},
				"east": {"uv": [0, 0, 3, 3], "tintindex": 0,"texture": "#0"},
				"south": {"uv": [0, 0, 12, 3], "tintindex": 0,"texture": "#0"},
				"west": {"uv": [0, 0, 3, 3], "tintindex": 0,"texture": "#0"},
				"up": {"uv": [0, 0, 12, 3], "tintindex": 0,"texture": "#0"},
				"down": {"uv": [0, 0, 12, 3], "tintindex": 0,"texture": "#0"}
			}
		}
	],
	"display": {
		"head": {
			"translation": [0, 11.25, -59.75],
			"scale": [4, 4, 4]
		}
	}
}