{
	"credit": "Made with Blockbench",
	"textures": {
		"0": "block/nether_wart_block",
		"3": "block/crimson_stem",
		"particle": "block/nether_wart_block"
	},
	"elements": [
		{
			"from": [0.4, 5.8, 5],
			"to": [13, 14.8, 14],
			"rotation": {"angle": 0, "axis": "y", "origin": [22, -3.2, -0.4]},
			"faces": {
				"north": {"uv": [7, 0, 0, 5], "tintindex": 0,"texture": "#0"},
				"east": {"uv": [5, 0, 0, 5], "tintindex": 0,"texture": "#0"},
				"south": {"uv": [7, 0, 0, 5], "tintindex": 0,"texture": "#0"},
				"west": {"uv": [5, 0, 0, 5], "tintindex": 0,"texture": "#0"},
				"up": {"uv": [7, 0, 0, 5], "tintindex": 0,"texture": "#0"},
				"down": {"uv": [7, 0, 0, 5], "tintindex": 0,"texture": "#0"}
			}
		},
		{
			"from": [5.8, 0.4, 6.8],
			"to": [9.4, 5.8, 12.2],
			"rotation": {"angle": 0, "axis": "y", "origin": [22, -3.2, -0.4]},
			"faces": {
				"north": {"uv": [2, 0, 0, 3], "tintindex": 0,"texture": "#0"},
				"east": {"uv": [3, 0, 0, 3], "tintindex": 0,"texture": "#0"},
				"south": {"uv": [2, 0, 0, 3], "tintindex": 0,"texture": "#0"},
				"west": {"uv": [3, 0, 0, 3], "tintindex": 0,"texture": "#0"},
				"up": {"uv": [2, 0, 0, 3], "tintindex": 0,"texture": "#0"},
				"down": {"uv": [2, 0, 0, 3], "tintindex": 0,"texture": "#0"}
			}
		},
		{
			"from": [4.9, -1.85, 5],
			"to": [12.1, 1.75, 14],
			"rotation": {"angle": 0, "axis": "y", "origin": [22, -3.2, -0.4]},
			"faces": {
				"north": {"uv": [4, 0, 0, 2], "tintindex": 0,"texture": "#0"},
				"east": {"uv": [5, 0, 0, 2], "tintindex": 0,"texture": "#0"},
				"south": {"uv": [4, 0, 0, 2], "tintindex": 0,"texture": "#0"},
				"west": {"uv": [5, 0, 0, 2], "tintindex": 0,"texture": "#0"},
				"up": {"uv": [4, 0, 0, 5], "tintindex": 0,"texture": "#0"},
				"down": {"uv": [4, 0, 0, 5], "tintindex": 0,"texture": "#0"}
			}
		},
		{
			"from": [3.1, -2.3, 1.4],
			"to": [13.9, -0.5, 6.8],
			"rotation": {"angle": 0, "axis": "y", "origin": [22, -3.2, -0.4]},
			"faces": {
				"north": {"uv": [6, 0, 0, 1], "tintindex": 0,"texture": "#0"},
				"east": {"uv": [3, 0, 0, 1], "tintindex": 0,"texture": "#0"},
				"south": {"uv": [6, 0, 0, 1], "tintindex": 0,"texture": "#0"},
				"west": {"uv": [3, 0, 0, 1], "tintindex": 0,"texture": "#0"},
				"up": {"uv": [6, 0, 0, 3], "tintindex": 0,"texture": "#0"},
				"down": {"uv": [6, 0, 0, 3], "tintindex": 0,"texture": "#0"}
			}
		},
		{
			"from": [11.2, -3.2, -2.2],
			"to": [13, -1.4, 5],
			"rotation": {"angle": 0, "axis": "y", "origin": [22, -3.2, -0.4]},
			"faces": {
				"north": {"uv": [1, 0, 0, 1], "tintindex": 0,"texture": "#3"},
				"east": {"uv": [4, 0, 0, 1], "tintindex": 0,"texture": "#3"},
				"south": {"uv": [1, 0, 0, 1], "tintindex": 0,"texture": "#3"},
				"west": {"uv": [4, 0, 0, 1], "tintindex": 0,"texture": "#3"},
				"up": {"uv": [1, 0, 0, 4], "tintindex": 0,"texture": "#3"},
				"down": {"uv": [1, 0, 0, 4], "tintindex": 0,"texture": "#3"}
			}
		},
		{
			"from": [7.6, -3.2, -2.2],
			"to": [9.4, -1.4, 5],
			"rotation": {"angle": 0, "axis": "y", "origin": [22, -3.2, -0.4]},
			"faces": {
				"north": {"uv": [1, 0, 0, 1], "tintindex": 0,"texture": "#3"},
				"east": {"uv": [4, 0, 0, 1], "tintindex": 0,"texture": "#3"},
				"south": {"uv": [1, 0, 0, 1], "tintindex": 0,"texture": "#3"},
				"west": {"uv": [4, 0, 0, 1], "tintindex": 0,"texture": "#3"},
				"up": {"uv": [1, 0, 0, 4], "tintindex": 0,"texture": "#3"},
				"down": {"uv": [1, 0, 0, 4], "tintindex": 0,"texture": "#3"}
			}
		},
		{
			"from": [4, -3.2, -2.2],
			"to": [5.8, -1.4, 5],
			"rotation": {"angle": 0, "axis": "y", "origin": [22, -3.2, -0.4]},
			"faces": {
				"north": {"uv": [1, 0, 0, 1], "tintindex": 0,"texture": "#3"},
				"east": {"uv": [4, 0, 0, 1], "tintindex": 0,"texture": "#3"},
				"south": {"uv": [1, 0, 0, 1], "tintindex": 0,"texture": "#3"},
				"west": {"uv": [4, 0, 0, 1], "tintindex": 0,"texture": "#3"},
				"up": {"uv": [1, 0, 0, 4], "tintindex": 0,"texture": "#3"},
				"down": {"uv": [1, 0, 0, 4], "tintindex": 0,"texture": "#3"}
			}
		},
		{
			"from": [6.7, -3.2, 8.6],
			"to": [10.3, -1.4, 17.6],
			"rotation": {"angle": 0, "axis": "y", "origin": [22, -1.4, -0.4]},
			"faces": {
				"north": {"uv": [2, 0, 0, 1], "tintindex": 0,"texture": "#3"},
				"east": {"uv": [5, 0, 0, 1], "tintindex": 0,"texture": "#3"},
				"south": {"uv": [2, 0, 0, 1], "tintindex": 0,"texture": "#3"},
				"west": {"uv": [5, 0, 0, 1], "tintindex": 0,"texture": "#3"},
				"up": {"uv": [2, 0, 0, 5], "tintindex": 0,"texture": "#3"},
				"down": {"uv": [2, 0, 0, 5], "tintindex": 0,"texture": "#3"}
			}
		}
	],
	"display": {
		"head": {
			"translation": [1.5, -20, -5],
			"scale": [4, 4, 4]
		}
	}
}