{
	"credit": "Made with Blockbench",
	"textures": {
		"0": "block/nether_wart_block",
		"3": "block/crimson_stem",
		"6": "block/quartz_block_bottom",
		"particle": "block/nether_wart_block"
	},
	"elements": [
		{
			"from": [4.6172, -3.71943, -1.19996],
			"to": [13.6172, 5.28057, 24.00004],
			"rotation": {"angle": -22.5, "axis": "x", "origin": [9.1172, 2.13057, 11.40004]},
			"faces": {
				"north": {"uv": [0, 0, 5, 5], "tintindex": 0,"texture": "#0"},
				"east": {"uv": [0, 0, 14, 5], "tintindex": 0,"texture": "#0"},
				"south": {"uv": [0, 0, 5, 5], "tintindex": 0,"texture": "#0"},
				"west": {"uv": [0, 0, 14, 5], "tintindex": 0,"texture": "#0"},
				"up": {"uv": [0, 0, 5, 14], "tintindex": 0,"texture": "#0"},
				"down": {"uv": [0, 0, 5, 14], "tintindex": 0,"texture": "#0"}
			}
		},
		{
			"from": [3.2672, -4.61943, -2.09996],
			"to": [6.8672, 6.18057, 21.30004],
			"rotation": {"angle": -22.5, "axis": "x", "origin": [9.1172, 2.13057, 11.40004]},
			"faces": {
				"north": {"uv": [0, 0, 2, 6], "tintindex": 0,"texture": "#3"},
				"east": {"uv": [0, 0, 13, 6], "tintindex": 0,"texture": "#3"},
				"south": {"uv": [0, 0, 2, 6], "tintindex": 0,"texture": "#3"},
				"west": {"uv": [0, 0, 13, 6], "tintindex": 0,"texture": "#3"},
				"up": {"uv": [0, 0, 2, 13], "tintindex": 0,"texture": "#3"},
				"down": {"uv": [0, 0, 2, 13], "tintindex": 0,"texture": "#3"}
			}
		},
		{
			"from": [4.1672, -1.46943, 21.30004],
			"to": [7.7672, 3.93057, 31],
			"rotation": {"angle": -22.5, "axis": "x", "origin": [9.1172, 2.13057, 11.40004]},
			"faces": {
				"north": {"uv": [0, 0, 2, 3], "tintindex": 0,"texture": "#3"},
				"east": {"uv": [0, 0, 6, 3], "tintindex": 0,"texture": "#3"},
				"south": {"uv": [0, 0, 2, 3], "tintindex": 0,"texture": "#3"},
				"west": {"uv": [0, 0, 6, 3], "tintindex": 0,"texture": "#3"},
				"up": {"uv": [0, 0, 2, 6], "tintindex": 0,"texture": "#3"},
				"down": {"uv": [0, 0, 2, 6], "tintindex": 0,"texture": "#3"}
			}
		},
		{
			"from": [2.8172, -10.01943, -8.84996],
			"to": [6.4172, -1.01943, 1.95004],
			"rotation": {"angle": 22.5, "axis": "y", "origin": [9.1172, -5.51943, -6.14996]},
			"faces": {
				"north": {"uv": [0, 0, 2, 5], "tintindex": 0,"texture": "#3"},
				"east": {"uv": [0, 0, 6, 5], "tintindex": 0,"texture": "#3"},
				"south": {"uv": [0, 0, 2, 5], "tintindex": 0,"texture": "#3"},
				"west": {"uv": [0, 0, 6, 5], "tintindex": 0,"texture": "#3"},
				"up": {"uv": [0, 0, 2, 6], "tintindex": 0,"texture": "#3"},
				"down": {"uv": [0, 0, 2, 6], "tintindex": 0,"texture": "#3"}
			}
		},
		{
			"from": [5.20234, -11.36943, -9.97055],
			"to": [8.80234, -7.76943, -4.57055],
			"rotation": {"angle": 0, "axis": "y", "origin": [10.47481, -5.06943, -9.62801]},
			"faces": {
				"north": {"uv": [0, 0, 2, 2], "tintindex": 0,"texture": "#3"},
				"east": {"uv": [0, 0, 3, 2], "tintindex": 0,"texture": "#3"},
				"south": {"uv": [0, 0, 2, 2], "tintindex": 0,"texture": "#3"},
				"west": {"uv": [0, 0, 3, 2], "tintindex": 0,"texture": "#3"},
				"up": {"uv": [0, 0, 2, 3], "tintindex": 0,"texture": "#3"},
				"down": {"uv": [0, 0, 2, 3], "tintindex": 0,"texture": "#3"}
			}
		},
		{
			"from": [5.20234, -5.96943, -9.97055],
			"to": [8.80234, -2.36943, -4.57055],
			"rotation": {"angle": 0, "axis": "y", "origin": [10.47481, -5.06943, -9.62801]},
			"faces": {
				"north": {"uv": [0, 0, 2, 2], "tintindex": 0,"texture": "#3"},
				"east": {"uv": [0, 0, 3, 2], "tintindex": 0,"texture": "#3"},
				"south": {"uv": [0, 0, 2, 2], "tintindex": 0,"texture": "#3"},
				"west": {"uv": [0, 0, 3, 2], "tintindex": 0,"texture": "#3"},
				"up": {"uv": [0, 0, 2, 3], "tintindex": 0,"texture": "#3"},
				"down": {"uv": [0, 0, 2, 3], "tintindex": 0,"texture": "#3"}
			}
		},
		{
			"from": [7.23424, -6.14943, -10.16104],
			"to": [10.83424, -2.54943, -4.76104],
			"rotation": {"angle": -45, "axis": "y", "origin": [12.50671, -5.06943, -9.81852]},
			"faces": {
				"north": {"uv": [0, 0, 2, 2], "tintindex": 0,"texture": "#3"},
				"east": {"uv": [0, 0, 3, 2], "tintindex": 0,"texture": "#3"},
				"south": {"uv": [0, 0, 2, 2], "tintindex": 0,"texture": "#3"},
				"west": {"uv": [0, 0, 3, 2], "tintindex": 0,"texture": "#3"},
				"up": {"uv": [0, 0, 2, 3], "tintindex": 0,"texture": "#3"},
				"down": {"uv": [0, 0, 2, 3], "tintindex": 0,"texture": "#3"}
			}
		},
		{
			"from": [7.23424, -11.54943, -10.16104],
			"to": [10.83424, -7.94943, -4.76104],
			"rotation": {"angle": -45, "axis": "y", "origin": [12.50671, -5.06943, -9.81852]},
			"faces": {
				"north": {"uv": [0, 0, 2, 2], "tintindex": 0,"texture": "#3"},
				"east": {"uv": [0, 0, 3, 2], "tintindex": 0,"texture": "#3"},
				"south": {"uv": [0, 0, 2, 2], "tintindex": 0,"texture": "#3"},
				"west": {"uv": [0, 0, 3, 2], "tintindex": 0,"texture": "#3"},
				"up": {"uv": [0, 0, 2, 3], "tintindex": 0,"texture": "#3"},
				"down": {"uv": [0, 0, 2, 3], "tintindex": 0,"texture": "#3"}
			}
		},
		{
			"from": [8.5619, -2.36943, -6.19314],
			"to": [12.1619, 1.23057, 1.00686],
			"rotation": {"angle": -45, "axis": "y", "origin": [10.04985, -0.56943, -4.63668]},
			"faces": {
				"north": {"uv": [0, 0, 2, 2], "tintindex": 0,"texture": "#3"},
				"east": {"uv": [0, 0, 4, 2], "tintindex": 0,"texture": "#3"},
				"south": {"uv": [0, 0, 2, 2], "tintindex": 0,"texture": "#3"},
				"west": {"uv": [0, 0, 4, 2], "tintindex": 0,"texture": "#3"},
				"up": {"uv": [0, 0, 2, 4], "tintindex": 0,"texture": "#3"},
				"down": {"uv": [0, 0, 2, 4], "tintindex": 0,"texture": "#3"}
			}
		},
		{
			"from": [8.69819, -10.91943, -14.14928],
			"to": [10.49819, -8.21943, -12.34928],
			"rotation": {"angle": 22.5, "axis": "y", "origin": [10.04819, -6.86943, -14.59928]},
			"faces": {
				"north": {"uv": [0, 0, 1, 1.5], "tintindex": 0,"texture": "#6"},
				"east": {"uv": [0, 0, 1, 1.5], "tintindex": 0,"texture": "#6"},
				"south": {"uv": [0, 0, 1, 1.5], "tintindex": 0,"texture": "#6"},
				"west": {"uv": [0, 0, 1, 1.5], "tintindex": 0,"texture": "#6"},
				"up": {"uv": [0, 0, 1, 1], "rotation": 90, "tintindex": 0,"texture": "#6"},
				"down": {"uv": [0, 0, 1, 1], "rotation": 270, "tintindex": 0,"texture": "#6"}
			}
		},
		{
			"from": [8.69819, -5.51943, -14.14928],
			"to": [10.49819, -2.81943, -12.34928],
			"rotation": {"angle": 22.5, "axis": "y", "origin": [10.04819, -6.86943, -14.59928]},
			"faces": {
				"north": {"uv": [0, 0, 1, 1.5], "tintindex": 0,"texture": "#6"},
				"east": {"uv": [0, 0, 1, 1.5], "tintindex": 0,"texture": "#6"},
				"south": {"uv": [0, 0, 1, 1.5], "tintindex": 0,"texture": "#6"},
				"west": {"uv": [0, 0, 1, 1.5], "tintindex": 0,"texture": "#6"},
				"up": {"uv": [0, 0, 1, 1], "rotation": 90, "tintindex": 0,"texture": "#6"},
				"down": {"uv": [0, 0, 1, 1], "rotation": 270, "tintindex": 0,"texture": "#6"}
			}
		},
		{
			"from": [10.91842, -1.91943, -6.60699],
			"to": [12.71842, 0.78057, -4.80699],
			"rotation": {"angle": 22.5, "axis": "y", "origin": [10.04985, -0.56943, -4.63668]},
			"faces": {
				"north": {"uv": [0, 0, 1, 1.5], "tintindex": 0,"texture": "#6"},
				"east": {"uv": [0, 0, 1, 1.5], "tintindex": 0,"texture": "#6"},
				"south": {"uv": [0, 0, 1, 1.5], "tintindex": 0,"texture": "#6"},
				"west": {"uv": [0, 0, 1, 1.5], "tintindex": 0,"texture": "#6"},
				"up": {"uv": [0, 0, 1, 1], "rotation": 90, "tintindex": 0,"texture": "#6"},
				"down": {"uv": [0, 0, 1, 1], "rotation": 270, "tintindex": 0,"texture": "#6"}
			}
		}
	],
	"display": {
		"head": {
			"translation": [0, 11.5, -36.5],
			"scale": [4, 4, 4]
		}
	}
}