{
	"credit": "Made with Blockbench",
	"textures": {
		"0": "block/nether_wart_block",
		"6": "block/quartz_block_bottom",
		"particle": "block/nether_wart_block"
	},
	"elements": [
		{
			"from": [11.6, 6.53701, 3.58264],
			"to": [13.4, 10.13701, 10.78264],
			"rotation": {"angle": -22.5, "axis": "y", "origin": [12.05, 10.58701, 7.18264]},
			"faces": {
				"north": {"uv": [1, 0, 0, 2], "tintindex": 0,"texture": "#0"},
				"east": {"uv": [4, 0, 0, 2], "tintindex": 0,"texture": "#0"},
				"south": {"uv": [1, 0, 0, 2], "tintindex": 0,"texture": "#0"},
				"west": {"uv": [4, 0, 0, 2], "tintindex": 0,"texture": "#0"},
				"up": {"uv": [1, 0, 0, 4], "tintindex": 0,"texture": "#0"},
				"down": {"uv": [1, 0, 0, 4], "tintindex": 0,"texture": "#0"}
			}
		},
		{
			"from": [12.8064, 6.53701, 1.11772],
			"to": [14.6064, 10.13701, 4.71772],
			"rotation": {"angle": 0, "axis": "y", "origin": [14.1564, 10.58701, 2.91772]},
			"faces": {
				"north": {"uv": [1, 0, 0, 2], "tintindex": 0,"texture": "#0"},
				"east": {"uv": [2, 0, 0, 2], "tintindex": 0,"texture": "#0"},
				"south": {"uv": [1, 0, 0, 2], "tintindex": 0,"texture": "#0"},
				"west": {"uv": [2, 0, 0, 2], "tintindex": 0,"texture": "#0"},
				"up": {"uv": [1, 0, 0, 2], "tintindex": 0,"texture": "#0"},
				"down": {"uv": [1, 0, 0, 2], "tintindex": 0,"texture": "#0"}
			}
		},
		{
			"from": [11.8759, 6.53701, -3.56014],
			"to": [13.6759, 10.13701, 1.83986],
			"rotation": {"angle": 22.5, "axis": "y", "origin": [13.2259, 10.58701, -0.86014]},
			"faces": {
				"north": {"uv": [1, 0, 0, 2], "tintindex": 0,"texture": "#0"},
				"east": {"uv": [3, 0, 0, 2], "tintindex": 0,"texture": "#0"},
				"south": {"uv": [1, 0, 0, 2], "tintindex": 0,"texture": "#0"},
				"west": {"uv": [3, 0, 0, 2], "tintindex": 0,"texture": "#0"},
				"up": {"uv": [1, 0, 0, 3], "tintindex": 0,"texture": "#0"},
				"down": {"uv": [1, 0, 0, 3], "tintindex": 0,"texture": "#0"}
			}
		},
		{
			"from": [10.25, 6.98701, 7.18264],
			"to": [12.05, 8.78701, 8.98264],
			"rotation": {"angle": 0, "axis": "y", "origin": [24.2, 6.53701, 23.38264]},
			"faces": {
				"north": {"uv": [1, 0, 0, 1], "tintindex": 0,"texture": "#6"},
				"east": {"uv": [1, 0, 0, 1], "tintindex": 0,"texture": "#6"},
				"south": {"uv": [1, 0, 0, 1], "tintindex": 0,"texture": "#6"},
				"west": {"uv": [1, 0, 0, 1], "tintindex": 0,"texture": "#6"},
				"up": {"uv": [1, 0, 0, 1], "tintindex": 0,"texture": "#6"},
				"down": {"uv": [1, 0, 0, 1], "tintindex": 0,"texture": "#6"}
			}
		},
		{
			"from": [10.7, 6.98701, 5.38264],
			"to": [12.5, 8.78701, 7.18264],
			"rotation": {"angle": 0, "axis": "y", "origin": [24.2, 6.53701, 23.38264]},
			"faces": {
				"north": {"uv": [1, 0, 0, 1], "tintindex": 0,"texture": "#6"},
				"east": {"uv": [1, 0, 0, 1], "tintindex": 0,"texture": "#6"},
				"south": {"uv": [1, 0, 0, 1], "tintindex": 0,"texture": "#6"},
				"west": {"uv": [1, 0, 0, 1], "tintindex": 0,"texture": "#6"},
				"up": {"uv": [1, 0, 0, 1], "tintindex": 0,"texture": "#6"},
				"down": {"uv": [1, 0, 0, 1], "tintindex": 0,"texture": "#6"}
			}
		},
		{
			"from": [11.15, 6.98701, 3.58264],
			"to": [12.95, 8.78701, 5.38264],
			"rotation": {"angle": 0, "axis": "y", "origin": [24.2, 6.53701, 23.38264]},
			"faces": {
				"north": {"uv": [1, 0, 0, 1], "tintindex": 0,"texture": "#6"},
				"east": {"uv": [1, 0, 0, 1], "tintindex": 0,"texture": "#6"},
				"south": {"uv": [1, 0, 0, 1], "tintindex": 0,"texture": "#6"},
				"west": {"uv": [1, 0, 0, 1], "tintindex": 0,"texture": "#6"},
				"up": {"uv": [1, 0, 0, 1], "tintindex": 0,"texture": "#6"},
				"down": {"uv": [1, 0, 0, 1], "tintindex": 0,"texture": "#6"}
			}
		},
		{
			"from": [12.05, 6.98701, 1.78264],
			"to": [13.85, 8.78701, 3.58264],
			"rotation": {"angle": 0, "axis": "y", "origin": [24.2, 6.53701, 23.38264]},
			"faces": {
				"north": {"uv": [1, 0, 0, 1], "tintindex": 0,"texture": "#6"},
				"east": {"uv": [1, 0, 0, 1], "tintindex": 0,"texture": "#6"},
				"south": {"uv": [1, 0, 0, 1], "tintindex": 0,"texture": "#6"},
				"west": {"uv": [1, 0, 0, 1], "tintindex": 0,"texture": "#6"},
				"up": {"uv": [1, 0, 0, 1], "tintindex": 0,"texture": "#6"},
				"down": {"uv": [1, 0, 0, 1], "tintindex": 0,"texture": "#6"}
			}
		},
		{
			"from": [11.6, 6.98701, -0.01736],
			"to": [13.4, 8.78701, 1.78264],
			"rotation": {"angle": 0, "axis": "y", "origin": [24.2, 6.53701, 23.38264]},
			"faces": {
				"north": {"uv": [1, 0, 0, 1], "tintindex": 0,"texture": "#6"},
				"east": {"uv": [1, 0, 0, 1], "tintindex": 0,"texture": "#6"},
				"south": {"uv": [1, 0, 0, 1], "tintindex": 0,"texture": "#6"},
				"west": {"uv": [1, 0, 0, 1], "tintindex": 0,"texture": "#6"},
				"up": {"uv": [1, 0, 0, 1], "tintindex": 0,"texture": "#6"},
				"down": {"uv": [1, 0, 0, 1], "tintindex": 0,"texture": "#6"}
			}
		},
		{
			"from": [11.15, 6.98701, -1.81736],
			"to": [12.95, 8.78701, -0.01736],
			"rotation": {"angle": 0, "axis": "y", "origin": [24.2, 6.53701, 23.38264]},
			"faces": {
				"north": {"uv": [1, 0, 0, 1], "tintindex": 0,"texture": "#6"},
				"east": {"uv": [1, 0, 0, 1], "tintindex": 0,"texture": "#6"},
				"south": {"uv": [1, 0, 0, 1], "tintindex": 0,"texture": "#6"},
				"west": {"uv": [1, 0, 0, 1], "tintindex": 0,"texture": "#6"},
				"up": {"uv": [1, 0, 0, 1], "tintindex": 0,"texture": "#6"},
				"down": {"uv": [1, 0, 0, 1], "tintindex": 0,"texture": "#6"}
			}
		}
	],
	"display": {
		"head": {
			"translation": [-13.5, -0.5, -8.25],
			"scale": [4, 4, 4]
		}
	}
}