{
	"credit": "Made with Blockbench",
	"textures": {
		"0": "block/nether_wart_block",
		"6": "block/quartz_block_bottom",
		"particle": "block/nether_wart_block"
	},
	"elements": [
		{
			"from": [2.6, 6.53701, 3.58264],
			"to": [4.4, 10.13701, 10.78264],
			"rotation": {"angle": 22.5, "axis": "y", "origin": [3.95, 10.58701, 7.18264]},
			"faces": {
				"north": {"uv": [0, 0, 1, 2], "tintindex": 0,"texture": "#0"},
				"east": {"uv": [0, 0, 4, 2], "tintindex": 0,"texture": "#0"},
				"south": {"uv": [0, 0, 1, 2], "tintindex": 0,"texture": "#0"},
				"west": {"uv": [0, 0, 4, 2], "tintindex": 0,"texture": "#0"},
				"up": {"uv": [0, 0, 1, 4], "tintindex": 0,"texture": "#0"},
				"down": {"uv": [0, 0, 1, 4], "tintindex": 0,"texture": "#0"}
			}
		},
		{
			"from": [1.3936, 6.53701, 1.11772],
			"to": [3.1936, 10.13701, 4.71772],
			"rotation": {"angle": 0, "axis": "y", "origin": [1.8436, 10.58701, 2.91772]},
			"faces": {
				"north": {"uv": [0, 0, 1, 2], "tintindex": 0,"texture": "#0"},
				"east": {"uv": [0, 0, 2, 2], "tintindex": 0,"texture": "#0"},
				"south": {"uv": [0, 0, 1, 2], "tintindex": 0,"texture": "#0"},
				"west": {"uv": [0, 0, 2, 2], "tintindex": 0,"texture": "#0"},
				"up": {"uv": [0, 0, 1, 2], "tintindex": 0,"texture": "#0"},
				"down": {"uv": [0, 0, 1, 2], "tintindex": 0,"texture": "#0"}
			}
		},
		{
			"from": [2.3241, 6.53701, -3.56014],
			"to": [4.1241, 10.13701, 1.83986],
			"rotation": {"angle": -22.5, "axis": "y", "origin": [2.7741, 10.58701, -0.86014]},
			"faces": {
				"north": {"uv": [0, 0, 1, 2], "tintindex": 0,"texture": "#0"},
				"east": {"uv": [0, 0, 3, 2], "tintindex": 0,"texture": "#0"},
				"south": {"uv": [0, 0, 1, 2], "tintindex": 0,"texture": "#0"},
				"west": {"uv": [0, 0, 3, 2], "tintindex": 0,"texture": "#0"},
				"up": {"uv": [0, 0, 1, 3], "tintindex": 0,"texture": "#0"},
				"down": {"uv": [0, 0, 1, 3], "tintindex": 0,"texture": "#0"}
			}
		},
		{
			"from": [3.95, 6.98701, 7.18264],
			"to": [5.75, 8.78701, 8.98264],
			"rotation": {"angle": 0, "axis": "y", "origin": [-8.2, 6.53701, 23.38264]},
			"faces": {
				"north": {"uv": [0, 0, 1, 1], "tintindex": 0,"texture": "#6"},
				"east": {"uv": [0, 0, 1, 1], "tintindex": 0,"texture": "#6"},
				"south": {"uv": [0, 0, 1, 1], "tintindex": 0,"texture": "#6"},
				"west": {"uv": [0, 0, 1, 1], "tintindex": 0,"texture": "#6"},
				"up": {"uv": [0, 0, 1, 1], "tintindex": 0,"texture": "#6"},
				"down": {"uv": [0, 0, 1, 1], "tintindex": 0,"texture": "#6"}
			}
		},
		{
			"from": [3.5, 6.98701, 5.38264],
			"to": [5.3, 8.78701, 7.18264],
			"rotation": {"angle": 0, "axis": "y", "origin": [-8.2, 6.53701, 23.38264]},
			"faces": {
				"north": {"uv": [0, 0, 1, 1], "tintindex": 0,"texture": "#6"},
				"east": {"uv": [0, 0, 1, 1], "tintindex": 0,"texture": "#6"},
				"south": {"uv": [0, 0, 1, 1], "tintindex": 0,"texture": "#6"},
				"west": {"uv": [0, 0, 1, 1], "tintindex": 0,"texture": "#6"},
				"up": {"uv": [0, 0, 1, 1], "tintindex": 0,"texture": "#6"},
				"down": {"uv": [0, 0, 1, 1], "tintindex": 0,"texture": "#6"}
			}
		},
		{
			"from": [3.05, 6.98701, 3.58264],
			"to": [4.85, 8.78701, 5.38264],
			"rotation": {"angle": 0, "axis": "y", "origin": [-8.2, 6.53701, 23.38264]},
			"faces": {
				"north": {"uv": [0, 0, 1, 1], "tintindex": 0,"texture": "#6"},
				"east": {"uv": [0, 0, 1, 1], "tintindex": 0,"texture": "#6"},
				"south": {"uv": [0, 0, 1, 1], "tintindex": 0,"texture": "#6"},
				"west": {"uv": [0, 0, 1, 1], "tintindex": 0,"texture": "#6"},
				"up": {"uv": [0, 0, 1, 1], "tintindex": 0,"texture": "#6"},
				"down": {"uv": [0, 0, 1, 1], "tintindex": 0,"texture": "#6"}
			}
		},
		{
			"from": [2.15, 6.98701, 1.78264],
			"to": [3.95, 8.78701, 3.58264],
			"rotation": {"angle": 0, "axis": "y", "origin": [-8.2, 6.53701, 23.38264]},
			"faces": {
				"north": {"uv": [0, 0, 1, 1], "tintindex": 0,"texture": "#6"},
				"east": {"uv": [0, 0, 1, 1], "tintindex": 0,"texture": "#6"},
				"south": {"uv": [0, 0, 1, 1], "tintindex": 0,"texture": "#6"},
				"west": {"uv": [0, 0, 1, 1], "tintindex": 0,"texture": "#6"},
				"up": {"uv": [0, 0, 1, 1], "tintindex": 0,"texture": "#6"},
				"down": {"uv": [0, 0, 1, 1], "tintindex": 0,"texture": "#6"}
			}
		},
		{
			"from": [2.6, 6.98701, -0.01736],
			"to": [4.4, 8.78701, 1.78264],
			"rotation": {"angle": 0, "axis": "y", "origin": [-8.2, 6.53701, 23.38264]},
			"faces": {
				"north": {"uv": [0, 0, 1, 1], "tintindex": 0,"texture": "#6"},
				"east": {"uv": [0, 0, 1, 1], "tintindex": 0,"texture": "#6"},
				"south": {"uv": [0, 0, 1, 1], "tintindex": 0,"texture": "#6"},
				"west": {"uv": [0, 0, 1, 1], "tintindex": 0,"texture": "#6"},
				"up": {"uv": [0, 0, 1, 1], "tintindex": 0,"texture": "#6"},
				"down": {"uv": [0, 0, 1, 1], "tintindex": 0,"texture": "#6"}
			}
		},
		{
			"from": [3.05, 6.98701, -1.81736],
			"to": [4.85, 8.78701, -0.01736],
			"rotation": {"angle": 0, "axis": "y", "origin": [-8.2, 6.53701, 23.38264]},
			"faces": {
				"north": {"uv": [0, 0, 1, 1], "tintindex": 0,"texture": "#6"},
				"east": {"uv": [0, 0, 1, 1], "tintindex": 0,"texture": "#6"},
				"south": {"uv": [0, 0, 1, 1], "tintindex": 0,"texture": "#6"},
				"west": {"uv": [0, 0, 1, 1], "tintindex": 0,"texture": "#6"},
				"up": {"uv": [0, 0, 1, 1], "tintindex": 0,"texture": "#6"},
				"down": {"uv": [0, 0, 1, 1], "tintindex": 0,"texture": "#6"}
			}
		}
	],
	"display": {
		"head": {
			"translation": [13, -0.5, -8.25],
			"scale": [4, 4, 4]
		}
	}
}