{
	"credit": "Made with Blockbench",
	"textures": {
		"0": "block/nether_wart_block",
		"3": "block/crimson_stem",
		"particle": "block/nether_wart_block"
	},
	"elements": [
		{
			"from": [5, -3.875, 2.28858],
			"to": [11, 2.125, 18.28858],
			"rotation": {"angle": 0, "axis": "y", "origin": [0, 11.125, -1.71142]},
			"faces": {
				"north": {"uv": [0, 0, 8, 6], "tintindex": 0,"texture": "#3"},
				"east": {"uv": [0, 0, 16, 6], "tintindex": 0,"texture": "#3"},
				"south": {"uv": [0, 0, 8, 6], "tintindex": 0,"texture": "#3"},
				"west": {"uv": [0, 10, 16, 16], "tintindex": 0,"texture": "#3"},
				"up": {"uv": [0, 0, 8, 16], "tintindex": 0,"texture": "#3"},
				"down": {"uv": [0, 0, 8, 16], "tintindex": 0,"texture": "#3"}
			}
		},
		{
			"from": [4, -3.875, -9.71142],
			"to": [12, 2.125, 2.28858],
			"rotation": {"angle": 0, "axis": "y", "origin": [0, 11.125, 0.78858]},
			"faces": {
				"north": {"uv": [0, 0, 5, 3], "tintindex": 0,"texture": "#3"},
				"east": {"uv": [0, 0, 8, 3], "tintindex": 0,"texture": "#3"},
				"south": {"uv": [0, 0, 5, 3], "tintindex": 0,"texture": "#3"},
				"west": {"uv": [0, 10, 8, 13], "tintindex": 0,"texture": "#3"},
				"up": {"uv": [0, 0, 5, 8], "tintindex": 0,"texture": "#3"},
				"down": {"uv": [0, 0, 5, 8], "tintindex": 0,"texture": "#3"}
			}
		},
		{
			"from": [3, -1.875, 2.03858],
			"to": [13, 4.125, 18.03858],
			"rotation": {"angle": 0, "axis": "y", "origin": [0, 11.125, -1.71142]},
			"faces": {
				"north": {"uv": [0, 0, 10, 6], "tintindex": 0,"texture": "#0"},
				"east": {"uv": [0, 0, 16, 6], "tintindex": 0,"texture": "#0"},
				"south": {"uv": [0, 0, 10, 6], "tintindex": 0,"texture": "#0"},
				"west": {"uv": [0, 0, 16, 6], "tintindex": 0,"texture": "#0"},
				"up": {"uv": [0, 0, 10, 16], "tintindex": 0,"texture": "#0"},
				"down": {"uv": [0, 0, 10, 16], "tintindex": 0,"texture": "#0"}
			}
		},
		{
			"from": [1, -1.875, -9.46142],
			"to": [15, 6.125, 2.53858],
			"rotation": {"angle": 0, "axis": "y", "origin": [0, 11.125, -1.71142]},
			"faces": {
				"north": {"uv": [0, 0, 10, 6], "tintindex": 0,"texture": "#0"},
				"east": {"uv": [0, 0, 16, 6], "tintindex": 0,"texture": "#0"},
				"south": {"uv": [0, 0, 10, 6], "tintindex": 0,"texture": "#0"},
				"west": {"uv": [0, 0, 16, 6], "tintindex": 0,"texture": "#0"},
				"up": {"uv": [0, 0, 10, 16], "tintindex": 0,"texture": "#0"},
				"down": {"uv": [0, 0, 10, 16], "tintindex": 0,"texture": "#0"}
			}
		},
		{
			"from": [6, -1.875, 17.28858],
			"to": [10, 2.125, 25.28858],
			"rotation": {"angle": -22.5, "axis": "x", "origin": [8, -0.875, 22.41358]},
			"faces": {
				"north": {"uv": [0, 0, 4, 4], "tintindex": 0,"texture": "#3"},
				"east": {"uv": [0, 0, 8, 4], "tintindex": 0,"texture": "#3"},
				"south": {"uv": [0, 0, 4, 4], "tintindex": 0,"texture": "#3"},
				"west": {"uv": [0, 0, 8, 4], "tintindex": 0,"texture": "#3"},
				"up": {"uv": [0, 0, 4, 8], "tintindex": 0,"texture": "#3"},
				"down": {"uv": [0, 0, 4, 8], "tintindex": 0,"texture": "#3"}
			}
		},
		{
			"from": [4, -0.375, 17.03858],
			"to": [12, 4.625, 26.03858],
			"rotation": {"angle": -22.5, "axis": "x", "origin": [8, -0.875, 22.41358]},
			"faces": {
				"north": {"uv": [0, 0, 8, 5], "tintindex": 0,"texture": "#0"},
				"east": {"uv": [0, 0, 9, 5], "tintindex": 0,"texture": "#0"},
				"south": {"uv": [0, 0, 8, 5], "tintindex": 0,"texture": "#0"},
				"west": {"uv": [0, 0, 9, 5], "tintindex": 0,"texture": "#0"},
				"up": {"uv": [0, 0, 8, 9], "tintindex": 0,"texture": "#0"},
				"down": {"uv": [0, 0, 8, 9], "tintindex": 0,"texture": "#0"}
			}
		},
		{
			"from": [2, -2.125, 3.28858],
			"to": [14, 4.875, 5.28858],
			"rotation": {"angle": 0, "axis": "y", "origin": [0, 11.125, -2.71142]},
			"faces": {
				"north": {"uv": [0, 0, 12, 7], "tintindex": 0,"texture": "#3"},
				"east": {"uv": [0, 0, 2, 7], "tintindex": 0,"texture": "#3"},
				"south": {"uv": [0, 0, 12, 7], "tintindex": 0,"texture": "#3"},
				"west": {"uv": [0, 0, 2, 7], "tintindex": 0,"texture": "#3"},
				"up": {"uv": [0, 0, 12, 2], "tintindex": 0,"texture": "#3"},
				"down": {"uv": [0, 0, 12, 2], "tintindex": 0,"texture": "#3"}
			}
		},
		{
			"from": [0, -3.125, -0.71142],
			"to": [16, 7.875, 1.28858],
			"rotation": {"angle": 0, "axis": "y", "origin": [0, 11.125, -2.71142]},
			"faces": {
				"north": {"uv": [0, 0, 12, 7], "tintindex": 0,"texture": "#3"},
				"east": {"uv": [0, 0, 2, 7], "tintindex": 0,"texture": "#3"},
				"south": {"uv": [0, 0, 12, 7], "tintindex": 0,"texture": "#3"},
				"west": {"uv": [0, 0, 2, 7], "tintindex": 0,"texture": "#3"},
				"up": {"uv": [0, 0, 12, 2], "tintindex": 0,"texture": "#3"},
				"down": {"uv": [0, 0, 12, 2], "tintindex": 0,"texture": "#3"}
			}
		},
		{
			"from": [2, -2.125, 8.28858],
			"to": [14, 4.875, 10.28858],
			"rotation": {"angle": 0, "axis": "y", "origin": [0, 11.125, -2.71142]},
			"faces": {
				"north": {"uv": [0, 0, 12, 7], "tintindex": 0,"texture": "#3"},
				"east": {"uv": [0, 0, 2, 7], "tintindex": 0,"texture": "#3"},
				"south": {"uv": [0, 0, 12, 7], "tintindex": 0,"texture": "#3"},
				"west": {"uv": [0, 0, 2, 7], "tintindex": 0,"texture": "#3"},
				"up": {"uv": [0, 0, 12, 2], "tintindex": 0,"texture": "#3"},
				"down": {"uv": [0, 0, 12, 2], "tintindex": 0,"texture": "#3"}
			}
		},
		{
			"from": [3, -2.125, 19.28858],
			"to": [13, 4.875, 21.28858],
			"rotation": {"angle": -22.5, "axis": "x", "origin": [8, 1.375, 19.28858]},
			"faces": {
				"north": {"uv": [0, 0, 10, 7], "tintindex": 0,"texture": "#3"},
				"east": {"uv": [0, 0, 2, 7], "tintindex": 0,"texture": "#3"},
				"south": {"uv": [0, 0, 10, 7], "tintindex": 0,"texture": "#3"},
				"west": {"uv": [0, 0, 2, 7], "tintindex": 0,"texture": "#3"},
				"up": {"uv": [0, 0, 10, 2], "tintindex": 0,"texture": "#3"},
				"down": {"uv": [0, 0, 10, 2], "tintindex": 0,"texture": "#3"}
			}
		},
		{
			"from": [3, -2.125, 23.28858],
			"to": [13, 4.875, 25.28858],
			"rotation": {"angle": -22.5, "axis": "x", "origin": [8, 1.375, 19.28858]},
			"faces": {
				"north": {"uv": [0, 0, 10, 7], "tintindex": 0,"texture": "#3"},
				"east": {"uv": [0, 0, 2, 7], "tintindex": 0,"texture": "#3"},
				"south": {"uv": [0, 0, 10, 7], "tintindex": 0,"texture": "#3"},
				"west": {"uv": [0, 0, 2, 7], "tintindex": 0,"texture": "#3"},
				"up": {"uv": [0, 0, 10, 2], "tintindex": 0,"texture": "#3"},
				"down": {"uv": [0, 0, 10, 2], "tintindex": 0,"texture": "#3"}
			}
		},
		{
			"from": [2, -2.125, 13.28858],
			"to": [14, 4.875, 15.28858],
			"rotation": {"angle": 0, "axis": "y", "origin": [0, 11.125, -2.71142]},
			"faces": {
				"north": {"uv": [0, 0, 12, 7], "tintindex": 0,"texture": "#3"},
				"east": {"uv": [0, 0, 2, 7], "tintindex": 0,"texture": "#3"},
				"south": {"uv": [0, 0, 12, 7], "tintindex": 0,"texture": "#3"},
				"west": {"uv": [0, 0, 2, 7], "tintindex": 0,"texture": "#3"},
				"up": {"uv": [0, 0, 12, 2], "tintindex": 0,"texture": "#3"},
				"down": {"uv": [0, 0, 12, 2], "tintindex": 0,"texture": "#3"}
			}
		},
		{
			"from": [5, 4.125, 23.78858],
			"to": [7, 9.125, 25.78858],
			"rotation": {"angle": 22.5, "axis": "x", "origin": [6, 6.625, 25.28858]},
			"faces": {
				"north": {"uv": [6, 3, 8, 8], "tintindex": 0,"texture": "#3"},
				"east": {"uv": [5, 4, 7, 9], "tintindex": 0,"texture": "#3"},
				"south": {"uv": [5, 3, 7, 8], "tintindex": 0,"texture": "#3"},
				"west": {"uv": [6, 4, 8, 9], "tintindex": 0,"texture": "#3"},
				"up": {"uv": [5, 5, 7, 7], "tintindex": 0,"texture": "#3"},
				"down": {"uv": [6, 4, 8, 6], "tintindex": 0,"texture": "#3"}
			}
		},
		{
			"from": [6, 1.125, 24.28858],
			"to": [10, 11.125, 28.28858],
			"rotation": {"angle": 22.5, "axis": "x", "origin": [6, 6.625, 25.28858]},
			"faces": {
				"north": {"uv": [6, 3, 8, 8], "tintindex": 0,"texture": "#3"},
				"east": {"uv": [5, 4, 7, 9], "tintindex": 0,"texture": "#3"},
				"south": {"uv": [5, 3, 7, 8], "tintindex": 0,"texture": "#3"},
				"west": {"uv": [6, 4, 8, 9], "tintindex": 0,"texture": "#3"},
				"up": {"uv": [5, 5, 7, 7], "tintindex": 0,"texture": "#3"},
				"down": {"uv": [6, 4, 8, 6], "tintindex": 0,"texture": "#3"}
			}
		},
		{
			"from": [9, 4.125, 23.78858],
			"to": [11, 9.125, 25.78858],
			"rotation": {"angle": 22.5, "axis": "x", "origin": [6, 6.625, 25.28858]},
			"faces": {
				"north": {"uv": [6, 3, 8, 8], "tintindex": 0,"texture": "#3"},
				"east": {"uv": [5, 4, 7, 9], "tintindex": 0,"texture": "#3"},
				"south": {"uv": [5, 3, 7, 8], "tintindex": 0,"texture": "#3"},
				"west": {"uv": [6, 4, 8, 9], "tintindex": 0,"texture": "#3"},
				"up": {"uv": [5, 5, 7, 7], "tintindex": 0,"texture": "#3"},
				"down": {"uv": [6, 4, 8, 6], "tintindex": 0,"texture": "#3"}
			}
		}
	],
	"display": {
		"head": {
			"rotation": [0, 180, 0],
			"translation": [0, 22.5, -57.25],
			"scale": [4, 4, 4]
		}
	}
}