{
	"credit": "Made with Blockbench",
	"textures": {
		"0": "block/nether_wart_block",
		"3": "block/crimson_stem",
		"particle": "block/nether_wart_block"
	},
	"elements": [
		{
			"from": [3, 5.8, 5],
			"to": [15.6, 14.8, 14],
			"rotation": {"angle": 0, "axis": "y", "origin": [-6, -3.2, -0.4]},
			"faces": {
				"north": {"uv": [0, 0, 7, 5], "tintindex": 0,"texture": "#0"},
				"east": {"uv": [0, 0, 5, 5], "tintindex": 0,"texture": "#0"},
				"south": {"uv": [0, 0, 7, 5], "tintindex": 0,"texture": "#0"},
				"west": {"uv": [0, 0, 5, 5], "tintindex": 0,"texture": "#0"},
				"up": {"uv": [0, 0, 7, 5], "tintindex": 0,"texture": "#0"},
				"down": {"uv": [0, 0, 7, 5], "tintindex": 0,"texture": "#0"}
			}
		},
		{
			"from": [6.6, 0.4, 6.8],
			"to": [10.2, 5.8, 12.2],
			"rotation": {"angle": 0, "axis": "y", "origin": [-6, -3.2, -0.4]},
			"faces": {
				"north": {"uv": [0, 0, 2, 3], "tintindex": 0,"texture": "#0"},
				"east": {"uv": [0, 0, 3, 3], "tintindex": 0,"texture": "#0"},
				"south": {"uv": [0, 0, 2, 3], "tintindex": 0,"texture": "#0"},
				"west": {"uv": [0, 0, 3, 3], "tintindex": 0,"texture": "#0"},
				"up": {"uv": [0, 0, 2, 3], "tintindex": 0,"texture": "#0"},
				"down": {"uv": [0, 0, 2, 3], "tintindex": 0,"texture": "#0"}
			}
		},
		{
			"from": [3.9, -1.85, 5],
			"to": [11.1, 1.75, 14],
			"rotation": {"angle": 0, "axis": "y", "origin": [-6, -3.2, -0.4]},
			"faces": {
				"north": {"uv": [0, 0, 4, 2], "tintindex": 0,"texture": "#0"},
				"east": {"uv": [0, 0, 5, 2], "tintindex": 0,"texture": "#0"},
				"south": {"uv": [0, 0, 4, 2], "tintindex": 0,"texture": "#0"},
				"west": {"uv": [0, 0, 5, 2], "tintindex": 0,"texture": "#0"},
				"up": {"uv": [0, 0, 4, 5], "tintindex": 0,"texture": "#0"},
				"down": {"uv": [0, 0, 4, 5], "tintindex": 0,"texture": "#0"}
			}
		},
		{
			"from": [2.1, -2.3, 1.4],
			"to": [12.9, -0.5, 6.8],
			"rotation": {"angle": 0, "axis": "y", "origin": [-6, -3.2, -0.4]},
			"faces": {
				"north": {"uv": [0, 0, 6, 1], "tintindex": 0,"texture": "#0"},
				"east": {"uv": [0, 0, 3, 1], "tintindex": 0,"texture": "#0"},
				"south": {"uv": [0, 0, 6, 1], "tintindex": 0,"texture": "#0"},
				"west": {"uv": [0, 0, 3, 1], "tintindex": 0,"texture": "#0"},
				"up": {"uv": [0, 0, 6, 3], "tintindex": 0,"texture": "#0"},
				"down": {"uv": [0, 0, 6, 3], "tintindex": 0,"texture": "#0"}
			}
		},
		{
			"from": [3, -3.2, -2.2],
			"to": [4.8, -1.4, 5],
			"rotation": {"angle": 0, "axis": "y", "origin": [-6, -3.2, -0.4]},
			"faces": {
				"north": {"uv": [0, 0, 1, 1], "tintindex": 0,"texture": "#3"},
				"east": {"uv": [0, 0, 4, 1], "tintindex": 0,"texture": "#3"},
				"south": {"uv": [0, 0, 1, 1], "tintindex": 0,"texture": "#3"},
				"west": {"uv": [0, 0, 4, 1], "tintindex": 0,"texture": "#3"},
				"up": {"uv": [0, 0, 1, 4], "tintindex": 0,"texture": "#3"},
				"down": {"uv": [0, 0, 1, 4], "tintindex": 0,"texture": "#3"}
			}
		},
		{
			"from": [6.6, -3.2, -2.2],
			"to": [8.4, -1.4, 5],
			"rotation": {"angle": 0, "axis": "y", "origin": [-6, -3.2, -0.4]},
			"faces": {
				"north": {"uv": [0, 0, 1, 1], "tintindex": 0,"texture": "#3"},
				"east": {"uv": [0, 0, 4, 1], "tintindex": 0,"texture": "#3"},
				"south": {"uv": [0, 0, 1, 1], "tintindex": 0,"texture": "#3"},
				"west": {"uv": [0, 0, 4, 1], "tintindex": 0,"texture": "#3"},
				"up": {"uv": [0, 0, 1, 4], "tintindex": 0,"texture": "#3"},
				"down": {"uv": [0, 0, 1, 4], "tintindex": 0,"texture": "#3"}
			}
		},
		{
			"from": [10.2, -3.2, -2.2],
			"to": [12, -1.4, 5],
			"rotation": {"angle": 0, "axis": "y", "origin": [-6, -3.2, -0.4]},
			"faces": {
				"north": {"uv": [0, 0, 1, 1], "tintindex": 0,"texture": "#3"},
				"east": {"uv": [0, 0, 4, 1], "tintindex": 0,"texture": "#3"},
				"south": {"uv": [0, 0, 1, 1], "tintindex": 0,"texture": "#3"},
				"west": {"uv": [0, 0, 4, 1], "tintindex": 0,"texture": "#3"},
				"up": {"uv": [0, 0, 1, 4], "tintindex": 0,"texture": "#3"},
				"down": {"uv": [0, 0, 1, 4], "tintindex": 0,"texture": "#3"}
			}
		},
		{
			"from": [5.7, -3.2, 8.6],
			"to": [9.3, -1.4, 17.6],
			"rotation": {"angle": 0, "axis": "y", "origin": [-6, -1.4, -0.4]},
			"faces": {
				"north": {"uv": [0, 0, 2, 1], "tintindex": 0,"texture": "#3"},
				"east": {"uv": [0, 0, 5, 1], "tintindex": 0,"texture": "#3"},
				"south": {"uv": [0, 0, 2, 1], "tintindex": 0,"texture": "#3"},
				"west": {"uv": [0, 0, 5, 1], "tintindex": 0,"texture": "#3"},
				"up": {"uv": [0, 0, 2, 5], "tintindex": 0,"texture": "#3"},
				"down": {"uv": [0, 0, 2, 5], "tintindex": 0,"texture": "#3"}
			}
		}
	],
	"display": {
		"head": {
			"translation": [-1.75, -20, -5],
			"scale": [4, 4, 4]
		}
	}
}