{
	"credit": "Made with Blockbench",
	"textures": {
		"0": "block/nether_wart_block",
		"2": "block/nether_wart_stage1",
		"3": "block/crimson_stem",
		"5": "block/fire_coral_block",
		"6": "block/quartz_block_bottom",
		"8": "block/black_glazed_terracotta",
		"particle": "block/nether_wart_block"
	},
	"elements": [
		{
			"from": [5.36202, -2.9625, -9.26672],
			"to": [10.76202, 2.4375, -8.36672],
			"rotation": {"angle": -22.5, "axis": "x", "origin": [8.06202, -1.1625, -7.28672]},
			"faces": {
				"north": {"uv": [0, 0, 6, 6], "tintindex": 0,"texture": "#6"},
				"east": {"uv": [0, 0, 1, 6], "tintindex": 0,"texture": "#6"},
				"south": {"uv": [0, 0, 6, 6], "tintindex": 0,"texture": "#6"},
				"west": {"uv": [0, 0, 1, 6], "tintindex": 0,"texture": "#6"},
				"up": {"uv": [0, 0, 6, 1], "tintindex": 0,"texture": "#6"},
				"down": {"uv": [0, 0, 6, 1], "tintindex": 0,"texture": "#6"}
			}
		},
		{
			"from": [6.26202, 2.4375, -8.81672],
			"to": [9.86202, 3.4275, -7.91672],
			"rotation": {"angle": -22.5, "axis": "x", "origin": [8.06202, -1.1625, -7.28672]},
			"faces": {
				"north": {"uv": [0, 0, 4, 1.1], "tintindex": 0,"texture": "#6"},
				"east": {"uv": [0, 0, 1, 1.1], "tintindex": 0,"texture": "#6"},
				"south": {"uv": [0, 0, 4, 1.1], "tintindex": 0,"texture": "#6"},
				"west": {"uv": [0, 0, 1, 1.1], "tintindex": 0,"texture": "#6"},
				"up": {"uv": [0, 0, 4, 1], "tintindex": 0,"texture": "#6"},
				"down": {"uv": [0, 0, 4, 1], "tintindex": 0,"texture": "#6"}
			}
		},
		{
			"from": [6.26202, -3.9525, -8.81672],
			"to": [9.86202, -2.9625, -7.91672],
			"rotation": {"angle": -22.5, "axis": "x", "origin": [8.06202, -1.1625, -7.28672]},
			"faces": {
				"north": {"uv": [0, 0, 4, 1.1], "tintindex": 0,"texture": "#6"},
				"east": {"uv": [0, 0, 1, 1.1], "tintindex": 0,"texture": "#6"},
				"south": {"uv": [0, 0, 4, 1.1], "tintindex": 0,"texture": "#6"},
				"west": {"uv": [0, 0, 1, 1.1], "tintindex": 0,"texture": "#6"},
				"up": {"uv": [0, 0, 4, 1], "tintindex": 0,"texture": "#6"},
				"down": {"uv": [0, 0, 4, 1], "tintindex": 0,"texture": "#6"}
			}
		},
		{
			"from": [7.16202, -4.7625, -8.36672],
			"to": [8.96202, -3.8625, -7.46672],
			"rotation": {"angle": -22.5, "axis": "x", "origin": [8.06202, -1.1625, -7.28672]},
			"faces": {
				"north": {"uv": [0, 0, 2, 1], "tintindex": 0,"texture": "#6"},
				"east": {"uv": [0, 0, 1, 1], "tintindex": 0,"texture": "#6"},
				"south": {"uv": [0, 0, 2, 1], "tintindex": 0,"texture": "#6"},
				"west": {"uv": [0, 0, 1, 1], "tintindex": 0,"texture": "#6"},
				"up": {"uv": [0, 0, 2, 1], "tintindex": 0,"texture": "#6"},
				"down": {"uv": [0, 0, 2, 1], "tintindex": 0,"texture": "#6"}
			}
		},
		{
			"from": [7.16202, 3.3375, -8.36672],
			"to": [8.96202, 4.2375, -7.46672],
			"rotation": {"angle": -22.5, "axis": "x", "origin": [8.06202, -1.1625, -7.28672]},
			"faces": {
				"north": {"uv": [0, 0, 2, 1], "tintindex": 0,"texture": "#6"},
				"east": {"uv": [0, 0, 1, 1], "tintindex": 0,"texture": "#6"},
				"south": {"uv": [0, 0, 2, 1], "tintindex": 0,"texture": "#6"},
				"west": {"uv": [0, 0, 1, 1], "tintindex": 0,"texture": "#6"},
				"up": {"uv": [0, 0, 2, 1], "tintindex": 0,"texture": "#6"},
				"down": {"uv": [0, 0, 2, 1], "tintindex": 0,"texture": "#6"}
			}
		},
		{
			"from": [6.71202, -1.6125, -9.35672],
			"to": [9.41202, 1.0875, -8.45672],
			"rotation": {"angle": -22.5, "axis": "x", "origin": [8.06202, -1.1625, -7.28672]},
			"faces": {
				"north": {"uv": [7, 7, 10, 10], "tintindex": 0,"texture": "#8"},
				"east": {"uv": [0, 0, 1, 3], "tintindex": 0,"texture": "#8"},
				"south": {"uv": [13, 13, 16, 16], "tintindex": 0,"texture": "#8"},
				"west": {"uv": [15, 13, 16, 16], "tintindex": 0,"texture": "#8"},
				"up": {"uv": [0, 0, 3, 1], "tintindex": 0,"texture": "#8"},
				"down": {"uv": [0, 0, 3, 1], "tintindex": 0,"texture": "#8"}
			}
		},
		{
			"from": [3.56202, -3.8625, -8.36672],
			"to": [12.56202, 3.3375, -7.46672],
			"rotation": {"angle": -22.5, "axis": "x", "origin": [8.06202, -1.1625, -7.28672]},
			"faces": {
				"north": {"uv": [0, 0, 10, 8], "tintindex": 0,"texture": "#0"},
				"east": {"uv": [0, 0, 1, 8], "tintindex": 0,"texture": "#0"},
				"south": {"uv": [0, 0, 10, 8], "tintindex": 0,"texture": "#0"},
				"west": {"uv": [0, 0, 1, 8], "tintindex": 0,"texture": "#0"},
				"up": {"uv": [0, 0, 10, 1], "tintindex": 0,"texture": "#0"},
				"down": {"uv": [0, 0, 10, 1], "tintindex": 0,"texture": "#0"}
			}
		},
		{
			"from": [4.91202, -5.6625, -7.91672],
			"to": [11.21202, -3.8625, -7.01672],
			"rotation": {"angle": -22.5, "axis": "x", "origin": [8.06202, -1.1625, -7.28672]},
			"faces": {
				"north": {"uv": [0, 0, 7, 2], "tintindex": 0,"texture": "#0"},
				"east": {"uv": [0, 0, 1, 2], "tintindex": 0,"texture": "#0"},
				"south": {"uv": [0, 0, 7, 2], "tintindex": 0,"texture": "#0"},
				"west": {"uv": [0, 0, 1, 2], "tintindex": 0,"texture": "#0"},
				"up": {"uv": [0, 0, 7, 1], "tintindex": 0,"texture": "#0"},
				"down": {"uv": [0, 0, 7, 1], "tintindex": 0,"texture": "#0"}
			}
		},
		{
			"from": [4.91202, 3.3375, -7.91672],
			"to": [11.21202, 5.1375, -7.01672],
			"rotation": {"angle": -22.5, "axis": "x", "origin": [8.06202, -1.1625, -7.28672]},
			"faces": {
				"north": {"uv": [0, 0, 7, 2], "tintindex": 0,"texture": "#0"},
				"east": {"uv": [0, 0, 1, 2], "tintindex": 0,"texture": "#0"},
				"south": {"uv": [0, 0, 7, 2], "tintindex": 0,"texture": "#0"},
				"west": {"uv": [0, 0, 1, 2], "tintindex": 0,"texture": "#0"},
				"up": {"uv": [0, 0, 7, 1], "tintindex": 0,"texture": "#0"},
				"down": {"uv": [0, 0, 7, 1], "tintindex": 0,"texture": "#0"}
			}
		},
		{
			"from": [2.66202, -5.6625, -6.56672],
			"to": [5.36202, -0.2625, -4.76672],
			"rotation": {"angle": 0, "axis": "y", "origin": [4.01202, -2.9625, -5.66672]},
			"faces": {
				"north": {"uv": [0, 0, 3, 6], "tintindex": 0,"texture": "#3"},
				"east": {"uv": [0, 0, 2, 6], "tintindex": 0,"texture": "#3"},
				"south": {"uv": [0, 0, 3, 6], "tintindex": 0,"texture": "#3"},
				"west": {"uv": [0, 0, 2, 6], "tintindex": 0,"texture": "#3"},
				"up": {"uv": [0, 0, 3, 2], "tintindex": 0,"texture": "#3"},
				"down": {"uv": [0, 0, 3, 2], "tintindex": 0,"texture": "#3"}
			}
		},
		{
			"from": [10.76202, -5.6625, -6.56672],
			"to": [13.46202, -0.2625, -4.76672],
			"rotation": {"angle": 0, "axis": "y", "origin": [4.01202, -2.9625, -5.66672]},
			"faces": {
				"north": {"uv": [0, 0, 3, 6], "tintindex": 0,"texture": "#3"},
				"east": {"uv": [0, 0, 2, 6], "tintindex": 0,"texture": "#3"},
				"south": {"uv": [0, 0, 3, 6], "tintindex": 0,"texture": "#3"},
				"west": {"uv": [0, 0, 2, 6], "tintindex": 0,"texture": "#3"},
				"up": {"uv": [0, 0, 3, 2], "tintindex": 0,"texture": "#3"},
				"down": {"uv": [0, 0, 3, 2], "tintindex": 0,"texture": "#3"}
			}
		},
		{
			"from": [2.21202, 1.5375, -10.16672],
			"to": [4.91202, 5.1375, -8.36672],
			"rotation": {"angle": 0, "axis": "y", "origin": [4.01202, -2.9625, -5.66672]},
			"faces": {
				"north": {"uv": [0, 0, 3, 4], "tintindex": 0,"texture": "#3"},
				"east": {"uv": [0, 0, 2, 4], "tintindex": 0,"texture": "#3"},
				"south": {"uv": [0, 0, 3, 4], "tintindex": 0,"texture": "#3"},
				"west": {"uv": [0, 0, 2, 4], "tintindex": 0,"texture": "#3"},
				"up": {"uv": [0, 0, 3, 2], "tintindex": 0,"texture": "#3"},
				"down": {"uv": [0, 0, 3, 2], "tintindex": 0,"texture": "#3"}
			}
		},
		{
			"from": [11.21202, 1.5375, -10.16672],
			"to": [13.91202, 5.1375, -8.36672],
			"rotation": {"angle": 0, "axis": "y", "origin": [4.01202, -2.9625, -5.66672]},
			"faces": {
				"north": {"uv": [0, 0, 3, 4], "tintindex": 0,"texture": "#3"},
				"east": {"uv": [0, 0, 2, 4], "tintindex": 0,"texture": "#3"},
				"south": {"uv": [0, 0, 3, 4], "tintindex": 0,"texture": "#3"},
				"west": {"uv": [0, 0, 2, 4], "tintindex": 0,"texture": "#3"},
				"up": {"uv": [0, 0, 3, 2], "tintindex": 0,"texture": "#3"},
				"down": {"uv": [0, 0, 3, 2], "tintindex": 0,"texture": "#3"}
			}
		},
		{
			"from": [1.76202, -4.0875, -8.36672],
			"to": [4.46202, 1.3125, -6.56672],
			"rotation": {"angle": 0, "axis": "y", "origin": [4.01202, -2.9625, -5.66672]},
			"faces": {
				"north": {"uv": [0, 0, 3, 6], "tintindex": 0,"texture": "#3"},
				"east": {"uv": [0, 0, 2, 6], "tintindex": 0,"texture": "#3"},
				"south": {"uv": [0, 0, 3, 6], "tintindex": 0,"texture": "#3"},
				"west": {"uv": [0, 0, 2, 6], "tintindex": 0,"texture": "#3"},
				"up": {"uv": [0, 0, 3, 2], "tintindex": 0,"texture": "#3"},
				"down": {"uv": [0, 0, 3, 2], "tintindex": 0,"texture": "#3"}
			}
		},
		{
			"from": [11.66202, -4.0875, -8.36672],
			"to": [14.36202, 1.3125, -6.56672],
			"rotation": {"angle": 0, "axis": "y", "origin": [4.01202, -2.9625, -5.66672]},
			"faces": {
				"north": {"uv": [0, 0, 3, 6], "tintindex": 0,"texture": "#3"},
				"east": {"uv": [0, 0, 2, 6], "tintindex": 0,"texture": "#3"},
				"south": {"uv": [0, 0, 3, 6], "tintindex": 0,"texture": "#3"},
				"west": {"uv": [0, 0, 2, 6], "tintindex": 0,"texture": "#3"},
				"up": {"uv": [0, 0, 3, 2], "tintindex": 0,"texture": "#3"},
				"down": {"uv": [0, 0, 3, 2], "tintindex": 0,"texture": "#3"}
			}
		},
		{
			"from": [1.76202, -1.3875, -9.26672],
			"to": [4.46202, 4.0125, -8.36672],
			"rotation": {"angle": 0, "axis": "y", "origin": [4.01202, -2.9625, -5.66672]},
			"faces": {
				"north": {"uv": [12, 7, 15, 13], "tintindex": 0,"texture": "#3"},
				"east": {"uv": [9, 7, 10, 13], "tintindex": 0,"texture": "#3"},
				"south": {"uv": [8, 6, 11, 12], "tintindex": 0,"texture": "#3"},
				"west": {"uv": [12, 8, 13, 14], "tintindex": 0,"texture": "#3"},
				"up": {"uv": [8, 7, 11, 8], "tintindex": 0,"texture": "#3"},
				"down": {"uv": [8, 7, 11, 8], "tintindex": 0,"texture": "#3"}
			}
		},
		{
			"from": [11.66202, -1.3875, -9.26672],
			"to": [14.36202, 4.0125, -8.36672],
			"rotation": {"angle": 0, "axis": "y", "origin": [4.01202, -2.9625, -5.66672]},
			"faces": {
				"north": {"uv": [12, 7, 15, 13], "tintindex": 0,"texture": "#3"},
				"east": {"uv": [9, 7, 10, 13], "tintindex": 0,"texture": "#3"},
				"south": {"uv": [8, 6, 11, 12], "tintindex": 0,"texture": "#3"},
				"west": {"uv": [12, 8, 13, 14], "tintindex": 0,"texture": "#3"},
				"up": {"uv": [8, 7, 11, 8], "tintindex": 0,"texture": "#3"},
				"down": {"uv": [8, 7, 11, 8], "tintindex": 0,"texture": "#3"}
			}
		},
		{
			"from": [4.46202, 4.2375, -11.06672],
			"to": [11.66202, 6.0375, -8.36672],
			"rotation": {"angle": 0, "axis": "y", "origin": [0.86202, -3.8625, -8.36672]},
			"faces": {
				"north": {"uv": [0, 0, 8, 2], "tintindex": 0,"texture": "#3"},
				"east": {"uv": [0, 0, 3, 2], "tintindex": 0,"texture": "#3"},
				"south": {"uv": [0, 0, 8, 2], "tintindex": 0,"texture": "#3"},
				"west": {"uv": [0, 0, 3, 2], "tintindex": 0,"texture": "#3"},
				"up": {"uv": [0, 0, 8, 3], "tintindex": 0,"texture": "#3"},
				"down": {"uv": [0, 0, 8, 3], "tintindex": 0,"texture": "#3"}
			}
		},
		{
			"from": [4.46202, -7.2375, -5.66672],
			"to": [11.66202, -5.4375, -2.96672],
			"rotation": {"angle": 0, "axis": "y", "origin": [0.86202, -3.8625, -8.36672]},
			"faces": {
				"north": {"uv": [0, 0, 8, 2], "tintindex": 0,"texture": "#3"},
				"east": {"uv": [0, 0, 3, 2], "tintindex": 0,"texture": "#3"},
				"south": {"uv": [0, 0, 8, 2], "tintindex": 0,"texture": "#3"},
				"west": {"uv": [0, 0, 3, 2], "tintindex": 0,"texture": "#3"},
				"up": {"uv": [0, 0, 8, 3], "tintindex": 0,"texture": "#3"},
				"down": {"uv": [0, 0, 8, 3], "tintindex": 0,"texture": "#3"}
			}
		},
		{
			"from": [1.76202, -7.4625, -4.76672],
			"to": [14.36202, -4.7625, 4.23328],
			"rotation": {"angle": 0, "axis": "y", "origin": [4.01202, -6.7875, -4.31672]},
			"faces": {
				"north": {"uv": [0, 0, 14, 3], "tintindex": 0,"texture": "#0"},
				"east": {"uv": [0, 0, 10, 3], "tintindex": 0,"texture": "#0"},
				"south": {"uv": [0, 0, 14, 3], "tintindex": 0,"texture": "#0"},
				"west": {"uv": [0, 0, 10, 3], "tintindex": 0,"texture": "#0"},
				"up": {"uv": [0, 0, 14, 10], "tintindex": 0,"texture": "#0"},
				"down": {"uv": [0, 0, 14, 10], "tintindex": 0,"texture": "#0"}
			}
		},
		{
			"from": [-1.83798, -4.7625, -5.66672],
			"to": [17.96202, -1.1625, 5.13328],
			"rotation": {"angle": 0, "axis": "y", "origin": [4.01202, -6.7875, -4.31672]},
			"faces": {
				"north": {"uv": [0, 0, 16, 4], "tintindex": 0,"texture": "#0"},
				"east": {"uv": [0, 0, 12, 4], "tintindex": 0,"texture": "#0"},
				"south": {"uv": [0, 0, 16, 4], "tintindex": 0,"texture": "#0"},
				"west": {"uv": [0, 0, 12, 4], "tintindex": 0,"texture": "#0"},
				"up": {"uv": [0, 0, 16, 12], "tintindex": 0,"texture": "#0"},
				"down": {"uv": [0, 0, 16, 12], "tintindex": 0,"texture": "#0"}
			}
		},
		{
			"from": [-1.83798, -1.1625, -7.46672],
			"to": [17.96202, 1.5375, 6.03328],
			"rotation": {"angle": 0, "axis": "y", "origin": [4.01202, -6.7875, -4.31672]},
			"faces": {
				"north": {"uv": [0, 0, 16, 3], "tintindex": 0,"texture": "#0"},
				"east": {"uv": [0, 0, 15, 3], "tintindex": 0,"texture": "#0"},
				"south": {"uv": [0, 0, 16, 3], "tintindex": 0,"texture": "#0"},
				"west": {"uv": [0, 0, 15, 3], "tintindex": 0,"texture": "#0"},
				"up": {"uv": [0, 0, 16, 15], "tintindex": 0,"texture": "#0"},
				"down": {"uv": [0, 0, 16, 15], "tintindex": 0,"texture": "#0"}
			}
		},
		{
			"from": [-3.63798, 5.8125, -9.71672],
			"to": [19.76202, 10.3125, 6.48328],
			"rotation": {"angle": 0, "axis": "y", "origin": [4.01202, -6.7875, -4.31672]},
			"faces": {
				"north": {"uv": [0, 0, 16, 3], "tintindex": 0,"texture": "#0"},
				"east": {"uv": [0, 0, 16, 3], "tintindex": 0,"texture": "#0"},
				"south": {"uv": [0, 0, 16, 3], "tintindex": 0,"texture": "#0"},
				"west": {"uv": [0, 0, 16, 3], "tintindex": 0,"texture": "#0"},
				"up": {"uv": [0, 0, 16, 16], "tintindex": 0,"texture": "#0"},
				"down": {"uv": [0, 0, 16, 16], "tintindex": 0,"texture": "#0"}
			}
		},
		{
			"from": [-2.73798, 1.3125, -8.81672],
			"to": [18.86202, 5.8125, 7.38328],
			"rotation": {"angle": 0, "axis": "y", "origin": [4.01202, -6.7875, -4.31672]},
			"faces": {
				"north": {"uv": [0, 0, 16, 5], "tintindex": 0,"texture": "#0"},
				"east": {"uv": [0, 0, 16, 5], "tintindex": 0,"texture": "#0"},
				"south": {"uv": [0, 0, 16, 5], "tintindex": 0,"texture": "#0"},
				"west": {"uv": [0, 0, 16, 5], "tintindex": 0,"texture": "#0"},
				"up": {"uv": [0, 0, 16, 16], "tintindex": 0,"texture": "#0"},
				"down": {"uv": [0, 0, 16, 16], "tintindex": 0,"texture": "#0"}
			}
		},
		{
			"from": [6.71202, 6.0375, -11.06672],
			"to": [9.41202, 9.6375, -9.26672],
			"rotation": {"angle": 0, "axis": "y", "origin": [0.86202, 6.0375, 0.63328]},
			"faces": {
				"north": {"uv": [0, 0, 3, 4], "tintindex": 0,"texture": "#3"},
				"east": {"uv": [0, 0, 2, 4], "tintindex": 0,"texture": "#3"},
				"south": {"uv": [0, 0, 3, 4], "tintindex": 0,"texture": "#3"},
				"west": {"uv": [0, 0, 2, 4], "tintindex": 0,"texture": "#3"},
				"up": {"uv": [0, 0, 3, 2], "tintindex": 0,"texture": "#3"},
				"down": {"uv": [0, 0, 3, 2], "tintindex": 0,"texture": "#3"}
			}
		},
		{
			"from": [3.56202, -8.3625, -5.21672],
			"to": [12.56202, -2.9625, 9.18328],
			"rotation": {"angle": 0, "axis": "y", "origin": [0.86202, 5.1375, 22.23328]},
			"faces": {
				"north": {"uv": [0, 0, 5, 3], "tintindex": 0,"texture": "#3"},
				"east": {"uv": [0, 0, 8, 3], "tintindex": 0,"texture": "#3"},
				"south": {"uv": [0, 0, 5, 3], "tintindex": 0,"texture": "#3"},
				"west": {"uv": [0, 10, 8, 13], "tintindex": 0,"texture": "#3"},
				"up": {"uv": [0, 0, 5, 8], "tintindex": 0,"texture": "#3"},
				"down": {"uv": [0, 0, 5, 8], "tintindex": 0,"texture": "#3"}
			}
		},
		{
			"from": [4.46202, -8.3625, 9.18328],
			"to": [11.66202, -2.9625, 23.58328],
			"rotation": {"angle": 0, "axis": "y", "origin": [0.86202, 5.1375, 36.63328]},
			"faces": {
				"north": {"uv": [0, 0, 5, 3], "tintindex": 0,"texture": "#3"},
				"east": {"uv": [0, 0, 8, 3], "tintindex": 0,"texture": "#3"},
				"south": {"uv": [0, 0, 5, 3], "tintindex": 0,"texture": "#3"},
				"west": {"uv": [0, 10, 8, 13], "tintindex": 0,"texture": "#3"},
				"up": {"uv": [0, 0, 5, 8], "tintindex": 0,"texture": "#3"},
				"down": {"uv": [0, 0, 5, 8], "tintindex": 0,"texture": "#3"}
			}
		},
		{
			"from": [-3.63798, -7.0125, 4.00828],
			"to": [19.76202, 3.7875, 16.60828],
			"rotation": {"angle": 0, "axis": "y", "origin": [0.86202, 5.1375, 34.38328]},
			"faces": {
				"north": {"uv": [0, 0, 13, 6], "tintindex": 0,"texture": "#0"},
				"east": {"uv": [0, 0, 7, 6], "tintindex": 0,"texture": "#0"},
				"south": {"uv": [0, 0, 13, 6], "tintindex": 0,"texture": "#0"},
				"west": {"uv": [0, 0, 7, 6], "tintindex": 0,"texture": "#0"},
				"up": {"uv": [0, 0, 13, 7], "tintindex": 0,"texture": "#0"},
				"down": {"uv": [0, 0, 13, 7], "tintindex": 0,"texture": "#0"}
			}
		},
		{
			"from": [-1.83798, -7.0125, 16.60828],
			"to": [17.96202, 1.9875, 29.20828],
			"rotation": {"angle": 0, "axis": "y", "origin": [0.86202, 5.1375, 34.38328]},
			"faces": {
				"north": {"uv": [0, 0, 13, 6], "tintindex": 0,"texture": "#0"},
				"east": {"uv": [0, 0, 7, 6], "tintindex": 0,"texture": "#0"},
				"south": {"uv": [0, 0, 13, 6], "tintindex": 0,"texture": "#0"},
				"west": {"uv": [0, 0, 7, 6], "tintindex": 0,"texture": "#0"},
				"up": {"uv": [0, 0, 13, 7], "tintindex": 0,"texture": "#0"},
				"down": {"uv": [0, 0, 13, 7], "tintindex": 0,"texture": "#0"}
			}
		},
		{
			"from": [0.86202, 0.525, 5.77356],
			"to": [15.26202, 7.725, 23.77356],
			"rotation": {"angle": 0, "axis": "y", "origin": [5.36202, 14.025, 19.27356]},
			"faces": {
				"north": {"uv": [0, 0, 8, 4], "tintindex": 0,"texture": "#0"},
				"east": {"uv": [0, 0, 10, 4], "tintindex": 0,"texture": "#0"},
				"south": {"uv": [0, 0, 8, 4], "tintindex": 0,"texture": "#0"},
				"west": {"uv": [0, 0, 10, 4], "tintindex": 0,"texture": "#0"},
				"up": {"uv": [0, 0, 8, 10], "tintindex": 0,"texture": "#0"},
				"down": {"uv": [0, 0, 8, 10], "tintindex": 0,"texture": "#0"}
			}
		},
		{
			"from": [-0.93798, 7.725, 3.97356],
			"to": [6.26202, 14.925, 11.17356],
			"rotation": {"angle": 22.5, "axis": "y", "origin": [4.46202, 11.325, 9.37356]},
			"faces": {
				"north": {"uv": [0, 0, 4, 4], "tintindex": 0,"texture": "#5"},
				"east": {"uv": [0, 0, 4, 4], "tintindex": 0,"texture": "#5"},
				"south": {"uv": [0, 0, 4, 4], "tintindex": 0,"texture": "#5"},
				"west": {"uv": [0, 0, 4, 4], "tintindex": 0,"texture": "#5"},
				"up": {"uv": [0, 0, 4, 4], "tintindex": 0,"texture": "#5"},
				"down": {"uv": [0, 0, 4, 4], "tintindex": 0,"texture": "#5"}
			}
		},
		{
			"from": [-2.73798, 6.825, 9.37356],
			"to": [4.46202, 14.025, 16.57356],
			"rotation": {"angle": 22.5, "axis": "y", "origin": [4.46202, 11.325, 9.37356]},
			"faces": {
				"north": {"uv": [0, 0, 4, 4], "tintindex": 0,"texture": "#5"},
				"east": {"uv": [0, 0, 4, 4], "tintindex": 0,"texture": "#5"},
				"south": {"uv": [0, 0, 4, 4], "tintindex": 0,"texture": "#5"},
				"west": {"uv": [0, 0, 4, 4], "tintindex": 0,"texture": "#5"},
				"up": {"uv": [0, 0, 4, 4], "tintindex": 0,"texture": "#5"},
				"down": {"uv": [0, 0, 4, 4], "tintindex": 0,"texture": "#5"}
			}
		},
		{
			"from": [-6.33798, 5.925, 12.97356],
			"to": [0.86202, 13.125, 20.17356],
			"rotation": {"angle": 22.5, "axis": "y", "origin": [4.46202, 11.325, 9.37356]},
			"faces": {
				"north": {"uv": [0, 0, 4, 4], "tintindex": 0,"texture": "#5"},
				"east": {"uv": [0, 0, 4, 4], "tintindex": 0,"texture": "#5"},
				"south": {"uv": [0, 0, 4, 4], "tintindex": 0,"texture": "#5"},
				"west": {"uv": [0, 0, 4, 4], "tintindex": 0,"texture": "#5"},
				"up": {"uv": [0, 0, 4, 4], "tintindex": 0,"texture": "#5"},
				"down": {"uv": [0, 0, 4, 4], "tintindex": 0,"texture": "#5"}
			}
		},
		{
			"from": [15.26202, 5.925, 12.97356],
			"to": [22.46202, 13.125, 20.17356],
			"rotation": {"angle": -22.5, "axis": "y", "origin": [11.66202, 11.325, 9.37356]},
			"faces": {
				"north": {"uv": [4, 0, 8, 4], "tintindex": 0,"texture": "#5"},
				"east": {"uv": [4, 0, 8, 4], "tintindex": 0,"texture": "#5"},
				"south": {"uv": [4, 0, 8, 4], "tintindex": 0,"texture": "#5"},
				"west": {"uv": [4, 0, 8, 4], "tintindex": 0,"texture": "#5"},
				"up": {"uv": [4, 0, 8, 4], "tintindex": 0,"texture": "#5"},
				"down": {"uv": [4, 0, 8, 4], "tintindex": 0,"texture": "#5"}
			}
		},
		{
			"from": [9.86202, 7.725, 3.97356],
			"to": [17.06202, 14.925, 11.17356],
			"rotation": {"angle": -22.5, "axis": "y", "origin": [11.66202, 11.325, 9.37356]},
			"faces": {
				"north": {"uv": [4, 0, 8, 4], "tintindex": 0,"texture": "#5"},
				"east": {"uv": [4, 0, 8, 4], "tintindex": 0,"texture": "#5"},
				"south": {"uv": [4, 0, 8, 4], "tintindex": 0,"texture": "#5"},
				"west": {"uv": [4, 0, 8, 4], "tintindex": 0,"texture": "#5"},
				"up": {"uv": [4, 0, 8, 4], "tintindex": 0,"texture": "#5"},
				"down": {"uv": [4, 0, 8, 4], "tintindex": 0,"texture": "#5"}
			}
		},
		{
			"from": [11.66202, 6.825, 9.37356],
			"to": [18.86202, 14.025, 16.57356],
			"rotation": {"angle": -22.5, "axis": "y", "origin": [11.66202, 11.325, 9.37356]},
			"faces": {
				"north": {"uv": [4, 0, 8, 4], "tintindex": 0,"texture": "#5"},
				"east": {"uv": [4, 0, 8, 4], "tintindex": 0,"texture": "#5"},
				"south": {"uv": [4, 0, 8, 4], "tintindex": 0,"texture": "#5"},
				"west": {"uv": [4, 0, 8, 4], "tintindex": 0,"texture": "#5"},
				"up": {"uv": [4, 0, 8, 4], "tintindex": 0,"texture": "#5"},
				"down": {"uv": [4, 0, 8, 4], "tintindex": 0,"texture": "#5"}
			}
		},
		{
			"from": [4.46202, 11.325, 5.77356],
			"to": [11.66202, 16.725, 12.97356],
			"rotation": {"angle": 0, "axis": "y", "origin": [8.06202, 15.825, 9.37356]},
			"faces": {
				"north": {"uv": [0, 0, 4, 3], "tintindex": 0,"texture": "#5"},
				"east": {"uv": [0, 0, 4, 3], "tintindex": 0,"texture": "#5"},
				"south": {"uv": [0, 0, 4, 3], "tintindex": 0,"texture": "#5"},
				"west": {"uv": [0, 0, 4, 3], "tintindex": 0,"texture": "#5"},
				"up": {"uv": [0, 0, 4, 4], "tintindex": 0,"texture": "#5"},
				"down": {"uv": [0, 0, 4, 4], "tintindex": 0,"texture": "#5"}
			}
		},
		{
			"from": [4.46202, 9.525, 12.97356],
			"to": [11.66202, 14.925, 20.17356],
			"rotation": {"angle": 0, "axis": "y", "origin": [8.06202, 15.825, 9.37356]},
			"faces": {
				"north": {"uv": [0, 0, 4, 3], "tintindex": 0,"texture": "#5"},
				"east": {"uv": [0, 0, 4, 3], "tintindex": 0,"texture": "#5"},
				"south": {"uv": [0, 0, 4, 3], "tintindex": 0,"texture": "#5"},
				"west": {"uv": [0, 0, 4, 3], "tintindex": 0,"texture": "#5"},
				"up": {"uv": [0, 0, 4, 4], "tintindex": 0,"texture": "#5"},
				"down": {"uv": [0, 0, 4, 4], "tintindex": 0,"texture": "#5"}
			}
		},
		{
			"from": [4.46202, 2.325, 20.17356],
			"to": [11.66202, 9.525, 27.37356],
			"rotation": {"angle": 0, "axis": "y", "origin": [8.06202, 15.825, 9.37356]},
			"faces": {
				"north": {"uv": [0, 0, 4, 4], "tintindex": 0,"texture": "#5"},
				"east": {"uv": [0, 0, 4, 4], "tintindex": 0,"texture": "#5"},
				"south": {"uv": [0, 0, 4, 4], "tintindex": 0,"texture": "#5"},
				"west": {"uv": [0, 0, 4, 4], "tintindex": 0,"texture": "#5"},
				"up": {"uv": [0, 0, 4, 4], "tintindex": 0,"texture": "#5"},
				"down": {"uv": [0, 0, 4, 4], "tintindex": 0,"texture": "#5"}
			}
		},
		{
			"from": [-1.92798, 9.525, -0.43644],
			"to": [-1.74798, 14.925, 4.96356],
			"rotation": {"angle": 22.5, "axis": "y", "origin": [-1.83798, 12.225, 2.26356]},
			"faces": {
				"north": {"uv": [0, 0, 1, 2], "tintindex": 0,"texture": "#2"},
				"east": {"uv": [0, 0, 16, 16], "tintindex": 0,"texture": "#2"},
				"south": {"uv": [0, 0, 1, 2], "tintindex": 0,"texture": "#2"},
				"west": {"uv": [0, 0, 16, 16], "tintindex": 0,"texture": "#2"},
				"up": {"uv": [0, 0, 2, 1], "rotation": 270, "tintindex": 0,"texture": "#2"},
				"down": {"uv": [0, 0, 2, 1], "rotation": 90, "tintindex": 0,"texture": "#2"}
			}
		},
		{
			"from": [0.04294, 5.925, -15.97394],
			"to": [0.22294, 11.325, -10.57394],
			"rotation": {"angle": 22.5, "axis": "x", "origin": [-16.06706, 3.225, -13.27394]},
			"faces": {
				"north": {"uv": [0, 0, 2, 1], "rotation": 90, "tintindex": 0,"texture": "#2"},
				"east": {"uv": [0, 0, 16, 16], "rotation": 90, "tintindex": 0,"texture": "#2"},
				"south": {"uv": [0, 0, 2, 1], "rotation": 90, "tintindex": 0,"texture": "#2"},
				"west": {"uv": [0, 0, 16, 16], "rotation": 270, "tintindex": 0,"texture": "#2"},
				"up": {"uv": [0, 0, 1, 2], "tintindex": 0,"texture": "#2"},
				"down": {"uv": [0, 0, 1, 2], "rotation": 180, "tintindex": 0,"texture": "#2"}
			}
		},
		{
			"from": [17.59294, 10.92304, -6.21392],
			"to": [17.77294, 16.32304, -0.81392],
			"rotation": {"angle": -22.5, "axis": "x", "origin": [17.68294, 11.82304, -1.71392]},
			"faces": {
				"north": {"uv": [0, 0, 1, 2], "tintindex": 0,"texture": "#2"},
				"east": {"uv": [0, 0, 16, 16], "tintindex": 0,"texture": "#2"},
				"south": {"uv": [0, 0, 1, 2], "tintindex": 0,"texture": "#2"},
				"west": {"uv": [0, 0, 16, 16], "tintindex": 0,"texture": "#2"},
				"up": {"uv": [0, 0, 2, 1], "rotation": 270, "tintindex": 0,"texture": "#2"},
				"down": {"uv": [0, 0, 2, 1], "rotation": 90, "tintindex": 0,"texture": "#2"}
			}
		}
	],
	"display": {
		"head": {
			"translation": [0, 26.5, -14.75],
			"scale": [4, 4, 4]
		}
	}
}