{
	"credit": "Made with Blockbench",
	"textures": {
		"0": "block/nether_wart_block",
		"3": "block/crimson_stem",
		"particle": "block/nether_wart_block"
	},
	"elements": [
		{
			"from": [-9.2272, 0.09134, 1.15441],
			"to": [1.5728, 10.89134, 11.95441],
			"rotation": {"angle": 45, "axis": "y", "origin": [-2.0272, 5.49134, 4.75441]},
			"faces": {
				"north": {"uv": [0, 0, 6, 6], "tintindex": 0,"texture": "#0"},
				"east": {"uv": [0, 0, 6, 6], "tintindex": 0,"texture": "#0"},
				"south": {"uv": [0, 0, 6, 6], "tintindex": 0,"texture": "#0"},
				"west": {"uv": [0, 0, 6, 6], "tintindex": 0,"texture": "#0"},
				"up": {"uv": [0, 0, 6, 6], "tintindex": 0,"texture": "#0"},
				"down": {"uv": [0, 0, 6, 6], "tintindex": 0,"texture": "#0"}
			}
		},
		{
			"from": [1.2, 10.89134, 7.45441],
			"to": [3, 18.09134, 11.05441],
			"rotation": {"angle": 22.5, "axis": "x", "origin": [2.1, 14.49134, 7.45441]},
			"faces": {
				"north": {"uv": [0, 0, 1, 4], "tintindex": 0,"texture": "#3"},
				"east": {"uv": [0, 0, 2, 4], "tintindex": 0,"texture": "#3"},
				"south": {"uv": [0, 0, 1, 4], "tintindex": 0,"texture": "#3"},
				"west": {"uv": [0, 0, 2, 4], "tintindex": 0,"texture": "#3"},
				"up": {"uv": [0, 0, 1, 2], "tintindex": 0,"texture": "#3"},
				"down": {"uv": [0, 0, 1, 2], "tintindex": 0,"texture": "#3"}
			}
		},
		{
			"from": [-6, 10.89134, 7.45441],
			"to": [-4.2, 18.09134, 11.05441],
			"rotation": {"angle": 22.5, "axis": "x", "origin": [2.1, 14.49134, 7.45441]},
			"faces": {
				"north": {"uv": [0, 0, 1, 4], "tintindex": 0,"texture": "#3"},
				"east": {"uv": [0, 0, 2, 4], "tintindex": 0,"texture": "#3"},
				"south": {"uv": [0, 0, 1, 4], "tintindex": 0,"texture": "#3"},
				"west": {"uv": [0, 0, 2, 4], "tintindex": 0,"texture": "#3"},
				"up": {"uv": [0, 0, 1, 2], "tintindex": 0,"texture": "#3"},
				"down": {"uv": [0, 0, 1, 2], "tintindex": 0,"texture": "#3"}
			}
		},
		{
			"from": [-6, 10.89134, 12.85441],
			"to": [-4.2, 18.09134, 16.45441],
			"rotation": {"angle": 45, "axis": "x", "origin": [2.1, 14.49134, 7.45441]},
			"faces": {
				"north": {"uv": [0, 0, 1, 4], "tintindex": 0,"texture": "#3"},
				"east": {"uv": [0, 0, 2, 4], "tintindex": 0,"texture": "#3"},
				"south": {"uv": [0, 0, 1, 4], "tintindex": 0,"texture": "#3"},
				"west": {"uv": [0, 0, 2, 4], "tintindex": 0,"texture": "#3"},
				"up": {"uv": [0, 0, 1, 2], "tintindex": 0,"texture": "#3"},
				"down": {"uv": [0, 0, 1, 2], "tintindex": 0,"texture": "#3"}
			}
		},
		{
			"from": [1.2, 10.89134, 12.85441],
			"to": [3, 18.09134, 16.45441],
			"rotation": {"angle": 45, "axis": "x", "origin": [2.1, 14.49134, 7.45441]},
			"faces": {
				"north": {"uv": [0, 0, 1, 4], "tintindex": 0,"texture": "#3"},
				"east": {"uv": [0, 0, 2, 4], "tintindex": 0,"texture": "#3"},
				"south": {"uv": [0, 0, 1, 4], "tintindex": 0,"texture": "#3"},
				"west": {"uv": [0, 0, 2, 4], "tintindex": 0,"texture": "#3"},
				"up": {"uv": [0, 0, 1, 2], "tintindex": 0,"texture": "#3"},
				"down": {"uv": [0, 0, 1, 2], "tintindex": 0,"texture": "#3"}
			}
		},
		{
			"from": [-6, 1.98179, 10.96396],
			"to": [-4.2, 5.58179, 18.16396],
			"rotation": {"angle": 0, "axis": "x", "origin": [-1.5, 5.58179, 16.36396]},
			"faces": {
				"north": {"uv": [0, 0, 1, 2], "rotation": 180, "tintindex": 0,"texture": "#3"},
				"east": {"uv": [0, 0, 2, 4], "rotation": 270, "tintindex": 0,"texture": "#3"},
				"south": {"uv": [0, 0, 1, 2], "tintindex": 0,"texture": "#3"},
				"west": {"uv": [0, 0, 2, 4], "rotation": 90, "tintindex": 0,"texture": "#3"},
				"up": {"uv": [0, 0, 1, 4], "rotation": 180, "tintindex": 0,"texture": "#3"},
				"down": {"uv": [0, 0, 1, 4], "tintindex": 0,"texture": "#3"}
			}
		},
		{
			"from": [1.2, 1.98179, 10.96396],
			"to": [3, 5.58179, 18.16396],
			"rotation": {"angle": 0, "axis": "x", "origin": [-1.5, 5.58179, 16.36396]},
			"faces": {
				"north": {"uv": [0, 0, 1, 2], "rotation": 180, "tintindex": 0,"texture": "#3"},
				"east": {"uv": [0, 0, 2, 4], "rotation": 270, "tintindex": 0,"texture": "#3"},
				"south": {"uv": [0, 0, 1, 2], "tintindex": 0,"texture": "#3"},
				"west": {"uv": [0, 0, 2, 4], "rotation": 90, "tintindex": 0,"texture": "#3"},
				"up": {"uv": [0, 0, 1, 4], "rotation": 180, "tintindex": 0,"texture": "#3"},
				"down": {"uv": [0, 0, 1, 4], "tintindex": 0,"texture": "#3"}
			}
		},
		{
			"from": [-4.2, -8.90866, 7.45441],
			"to": [3, 7.29134, 14.65441],
			"rotation": {"angle": -22.5, "axis": "x", "origin": [-0.6, -6.20866, 9.25441]},
			"faces": {
				"north": {"uv": [0, 0, 4, 9], "tintindex": 0,"texture": "#3"},
				"east": {"uv": [0, 0, 4, 9], "tintindex": 0,"texture": "#3"},
				"south": {"uv": [0, 0, 4, 9], "tintindex": 0,"texture": "#3"},
				"west": {"uv": [0, 0, 4, 9], "tintindex": 0,"texture": "#3"},
				"up": {"uv": [0, 0, 4, 4], "tintindex": 0,"texture": "#3"},
				"down": {"uv": [0, 0, 4, 4], "tintindex": 0,"texture": "#3"}
			}
		}
	],
	"display": {
		"head": {
			"translation": [30, 4.5, -1.5],
			"scale": [4, 4, 4]
		}
	}
}