{
	"credit": "Made with Blockbench",
	"textures": {
		"0": "block/nether_wart_block",
		"3": "block/crimson_stem",
		"4": "block/weeping_vines_plant",
		"particle": "block/nether_wart_block"
	},
	"elements": [
		{
			"from": [3.96181, 12.6, 8.16416],
			"to": [4.14181, 21.6, 17.16416],
			"rotation": {"angle": 45, "axis": "x", "origin": [0.45181, 17.1, 19.86416]},
			"faces": {
				"north": {"uv": [0, 0, 1, 2], "tintindex": 0,"texture": "#4"},
				"east": {"uv": [0, 0, 16, 16], "tintindex": 0,"texture": "#4"},
				"south": {"uv": [0, 0, 1, 2], "tintindex": 0,"texture": "#4"},
				"west": {"uv": [0, 0, 16, 16], "tintindex": 0,"texture": "#4"},
				"up": {"uv": [0, 0, 2, 1], "rotation": 270, "tintindex": 0,"texture": "#4"},
				"down": {"uv": [0, 0, 2, 1], "rotation": 90, "tintindex": 0,"texture": "#4"}
			}
		},
		{
			"from": [11.85819, 12.6, 8.16416],
			"to": [12.03819, 21.6, 17.16416],
			"rotation": {"angle": 45, "axis": "x", "origin": [15.54819, 17.1, 19.86416]},
			"faces": {
				"north": {"uv": [1, 0, 0, 2], "tintindex": 0,"texture": "#4"},
				"east": {"uv": [16, 0, 0, 16], "tintindex": 0,"texture": "#4"},
				"south": {"uv": [1, 0, 0, 2], "tintindex": 0,"texture": "#4"},
				"west": {"uv": [16, 0, 0, 16], "tintindex": 0,"texture": "#4"},
				"up": {"uv": [0, 1, 2, 0], "rotation": 270, "tintindex": 0,"texture": "#4"},
				"down": {"uv": [0, 1, 2, 0], "rotation": 90, "tintindex": 0,"texture": "#4"}
			}
		},
		{
			"from": [3.05, 12.6, 2.6],
			"to": [12.05, 19.8, 15.2],
			"rotation": {"angle": 0, "axis": "y", "origin": [-6.4, 10.8, 17]},
			"faces": {
				"north": {"uv": [0, 0, 5, 4], "tintindex": 0,"texture": "#0"},
				"east": {"uv": [0, 0, 7, 4], "tintindex": 0,"texture": "#0"},
				"south": {"uv": [0, 0, 5, 4], "tintindex": 0,"texture": "#0"},
				"west": {"uv": [0, 0, 7, 4], "tintindex": 0,"texture": "#0"},
				"up": {"uv": [0, 0, 5, 7], "tintindex": 0,"texture": "#0"},
				"down": {"uv": [0, 0, 5, 7], "tintindex": 0,"texture": "#0"}
			}
		},
		{
			"from": [4.4, 19.8, -1],
			"to": [10.7, 23.4, 17],
			"rotation": {"angle": 0, "axis": "y", "origin": [-6.4, 10.8, 17]},
			"faces": {
				"north": {"uv": [0, 0, 3.5, 2], "tintindex": 0,"texture": "#3"},
				"east": {"uv": [0, 0, 10, 2], "tintindex": 0,"texture": "#3"},
				"south": {"uv": [0, 0, 3.5, 2], "tintindex": 0,"texture": "#3"},
				"west": {"uv": [0, 0, 10, 2], "tintindex": 0,"texture": "#3"},
				"up": {"uv": [0, 0, 3.5, 10], "tintindex": 0,"texture": "#3"},
				"down": {"uv": [0, 0, 3.5, 10], "tintindex": 0,"texture": "#3"}
			}
		},
		{
			"from": [3.5, 14.4, -4.6],
			"to": [12.5, 19.8, 2.6],
			"rotation": {"angle": 0, "axis": "y", "origin": [8, 18, -1]},
			"faces": {
				"north": {"uv": [0, 0, 5, 3], "tintindex": 0,"texture": "#0"},
				"east": {"uv": [0, 0, 4, 3], "tintindex": 0,"texture": "#0"},
				"south": {"uv": [0, 0, 5, 3], "tintindex": 0,"texture": "#0"},
				"west": {"uv": [0, 0, 4, 3], "tintindex": 0,"texture": "#0"},
				"up": {"uv": [0, 0, 5, 4], "tintindex": 0,"texture": "#0"},
				"down": {"uv": [0, 0, 5, 4], "tintindex": 0,"texture": "#0"}
			}
		},
		{
			"from": [5.3, 14.4, -7.3],
			"to": [10.7, 18, -0.1],
			"rotation": {"angle": 0, "axis": "y", "origin": [8, 18, -1]},
			"faces": {
				"north": {"uv": [0, 0, 3, 2], "tintindex": 0,"texture": "#0"},
				"east": {"uv": [0, 0, 4, 2], "tintindex": 0,"texture": "#0"},
				"south": {"uv": [0, 0, 3, 2], "tintindex": 0,"texture": "#0"},
				"west": {"uv": [0, 0, 4, 2], "tintindex": 0,"texture": "#0"},
				"up": {"uv": [0, 0, 3, 4], "tintindex": 0,"texture": "#0"},
				"down": {"uv": [0, 0, 3, 4], "tintindex": 0,"texture": "#0"}
			}
		}
	],
	"display": {
		"head": {
			"translation": [0, -28.5, -7],
			"scale": [4, 4, 4]
		}
	}
}