{
	"credit": "Made with Blockbench",
	"textures": {
		"0": "block/nether_wart_block",
		"2": "block/nether_wart_stage1",
		"3": "block/crimson_stem",
		"4": "block/weeping_vines_plant",
		"5": "block/fire_coral_block",
		"6": "block/quartz_block_bottom",
		"7": "block/netherrack",
		"8": "block/black_glazed_terracotta",
		"particle": "block/nether_wart_block"
	},
	"elements": [
		{
			"from": [6.5, -11.9375, -5.35571],
			"to": [9.5, -8.9375, -4.85571],
			"rotation": {"angle": -22.5, "axis": "x", "origin": [8, -10.9375, -4.25571]},
			"faces": {
				"north": {"uv": [0, 0, 6, 6], "texture": "#6"},
				"east": {"uv": [0, 0, 1, 6], "texture": "#6"},
				"south": {"uv": [0, 0, 6, 6], "texture": "#6"},
				"west": {"uv": [0, 0, 1, 6], "texture": "#6"},
				"up": {"uv": [0, 0, 6, 1], "texture": "#6"},
				"down": {"uv": [0, 0, 6, 1], "texture": "#6"}
			}
		},
		{
			"from": [7, -8.9375, -5.10571],
			"to": [9, -8.3875, -4.60571],
			"rotation": {"angle": -22.5, "axis": "x", "origin": [8, -10.9375, -4.25571]},
			"faces": {
				"north": {"uv": [0, 0, 4, 1.1], "texture": "#6"},
				"east": {"uv": [0, 0, 1, 1.1], "texture": "#6"},
				"south": {"uv": [0, 0, 4, 1.1], "texture": "#6"},
				"west": {"uv": [0, 0, 1, 1.1], "texture": "#6"},
				"up": {"uv": [0, 0, 4, 1], "texture": "#6"},
				"down": {"uv": [0, 0, 4, 1], "texture": "#6"}
			}
		},
		{
			"from": [7, -12.4875, -5.10571],
			"to": [9, -11.9375, -4.60571],
			"rotation": {"angle": -22.5, "axis": "x", "origin": [8, -10.9375, -4.25571]},
			"faces": {
				"north": {"uv": [0, 0, 4, 1.1], "texture": "#6"},
				"east": {"uv": [0, 0, 1, 1.1], "texture": "#6"},
				"south": {"uv": [0, 0, 4, 1.1], "texture": "#6"},
				"west": {"uv": [0, 0, 1, 1.1], "texture": "#6"},
				"up": {"uv": [0, 0, 4, 1], "texture": "#6"},
				"down": {"uv": [0, 0, 4, 1], "texture": "#6"}
			}
		},
		{
			"from": [7.5, -12.9375, -4.85571],
			"to": [8.5, -12.4375, -4.35571],
			"rotation": {"angle": -22.5, "axis": "x", "origin": [8, -10.9375, -4.25571]},
			"faces": {
				"north": {"uv": [0, 0, 2, 1], "texture": "#6"},
				"east": {"uv": [0, 0, 1, 1], "texture": "#6"},
				"south": {"uv": [0, 0, 2, 1], "texture": "#6"},
				"west": {"uv": [0, 0, 1, 1], "texture": "#6"},
				"up": {"uv": [0, 0, 2, 1], "texture": "#6"},
				"down": {"uv": [0, 0, 2, 1], "texture": "#6"}
			}
		},
		{
			"from": [7.5, -8.4375, -4.85571],
			"to": [8.5, -7.9375, -4.35571],
			"rotation": {"angle": -22.5, "axis": "x", "origin": [8, -10.9375, -4.25571]},
			"faces": {
				"north": {"uv": [0, 0, 2, 1], "texture": "#6"},
				"east": {"uv": [0, 0, 1, 1], "texture": "#6"},
				"south": {"uv": [0, 0, 2, 1], "texture": "#6"},
				"west": {"uv": [0, 0, 1, 1], "texture": "#6"},
				"up": {"uv": [0, 0, 2, 1], "texture": "#6"},
				"down": {"uv": [0, 0, 2, 1], "texture": "#6"}
			}
		},
		{
			"from": [7.25, -11.1875, -5.40571],
			"to": [8.75, -9.6875, -4.90571],
			"rotation": {"angle": -22.5, "axis": "x", "origin": [8, -10.9375, -4.25571]},
			"faces": {
				"north": {"uv": [7, 7, 10, 10], "texture": "#8"},
				"east": {"uv": [0, 0, 1, 3], "texture": "#8"},
				"south": {"uv": [13, 13, 16, 16], "texture": "#8"},
				"west": {"uv": [15, 13, 16, 16], "texture": "#8"},
				"up": {"uv": [0, 0, 3, 1], "texture": "#8"},
				"down": {"uv": [0, 0, 3, 1], "texture": "#8"}
			}
		},
		{
			"from": [5.5, -12.4375, -4.85571],
			"to": [10.5, -8.4375, -4.35571],
			"rotation": {"angle": -22.5, "axis": "x", "origin": [8, -10.9375, -4.25571]},
			"faces": {
				"north": {"uv": [0, 0, 10, 8], "texture": "#0"},
				"east": {"uv": [0, 0, 1, 8], "texture": "#0"},
				"south": {"uv": [0, 0, 10, 8], "texture": "#0"},
				"west": {"uv": [0, 0, 1, 8], "texture": "#0"},
				"up": {"uv": [0, 0, 10, 1], "texture": "#0"},
				"down": {"uv": [0, 0, 10, 1], "texture": "#0"}
			}
		},
		{
			"from": [6.25, -13.4375, -4.60571],
			"to": [9.75, -12.4375, -4.10571],
			"rotation": {"angle": -22.5, "axis": "x", "origin": [8, -10.9375, -4.25571]},
			"faces": {
				"north": {"uv": [0, 0, 7, 2], "texture": "#0"},
				"east": {"uv": [0, 0, 1, 2], "texture": "#0"},
				"south": {"uv": [0, 0, 7, 2], "texture": "#0"},
				"west": {"uv": [0, 0, 1, 2], "texture": "#0"},
				"up": {"uv": [0, 0, 7, 1], "texture": "#0"},
				"down": {"uv": [0, 0, 7, 1], "texture": "#0"}
			}
		},
		{
			"from": [6.25, -8.4375, -4.60571],
			"to": [9.75, -7.4375, -4.10571],
			"rotation": {"angle": -22.5, "axis": "x", "origin": [8, -10.9375, -4.25571]},
			"faces": {
				"north": {"uv": [0, 0, 7, 2], "texture": "#0"},
				"east": {"uv": [0, 0, 1, 2], "texture": "#0"},
				"south": {"uv": [0, 0, 7, 2], "texture": "#0"},
				"west": {"uv": [0, 0, 1, 2], "texture": "#0"},
				"up": {"uv": [0, 0, 7, 1], "texture": "#0"},
				"down": {"uv": [0, 0, 7, 1], "texture": "#0"}
			}
		},
		{
			"from": [5, -13.4375, -3.85571],
			"to": [6.5, -10.4375, -2.85571],
			"rotation": {"angle": 0, "axis": "y", "origin": [5.75, -11.9375, -3.35571]},
			"faces": {
				"north": {"uv": [0, 0, 3, 6], "texture": "#3"},
				"east": {"uv": [0, 0, 2, 6], "texture": "#3"},
				"south": {"uv": [0, 0, 3, 6], "texture": "#3"},
				"west": {"uv": [0, 0, 2, 6], "texture": "#3"},
				"up": {"uv": [0, 0, 3, 2], "texture": "#3"},
				"down": {"uv": [0, 0, 3, 2], "texture": "#3"}
			}
		},
		{
			"from": [9.5, -13.4375, -3.85571],
			"to": [11, -10.4375, -2.85571],
			"rotation": {"angle": 0, "axis": "y", "origin": [5.75, -11.9375, -3.35571]},
			"faces": {
				"north": {"uv": [0, 0, 3, 6], "texture": "#3"},
				"east": {"uv": [0, 0, 2, 6], "texture": "#3"},
				"south": {"uv": [0, 0, 3, 6], "texture": "#3"},
				"west": {"uv": [0, 0, 2, 6], "texture": "#3"},
				"up": {"uv": [0, 0, 3, 2], "texture": "#3"},
				"down": {"uv": [0, 0, 3, 2], "texture": "#3"}
			}
		},
		{
			"from": [4.75, -9.4375, -5.85571],
			"to": [6.25, -7.4375, -4.85571],
			"rotation": {"angle": 0, "axis": "y", "origin": [5.75, -11.9375, -3.35571]},
			"faces": {
				"north": {"uv": [0, 0, 3, 4], "texture": "#3"},
				"east": {"uv": [0, 0, 2, 4], "texture": "#3"},
				"south": {"uv": [0, 0, 3, 4], "texture": "#3"},
				"west": {"uv": [0, 0, 2, 4], "texture": "#3"},
				"up": {"uv": [0, 0, 3, 2], "texture": "#3"},
				"down": {"uv": [0, 0, 3, 2], "texture": "#3"}
			}
		},
		{
			"from": [9.75, -9.4375, -5.85571],
			"to": [11.25, -7.4375, -4.85571],
			"rotation": {"angle": 0, "axis": "y", "origin": [5.75, -11.9375, -3.35571]},
			"faces": {
				"north": {"uv": [0, 0, 3, 4], "texture": "#3"},
				"east": {"uv": [0, 0, 2, 4], "texture": "#3"},
				"south": {"uv": [0, 0, 3, 4], "texture": "#3"},
				"west": {"uv": [0, 0, 2, 4], "texture": "#3"},
				"up": {"uv": [0, 0, 3, 2], "texture": "#3"},
				"down": {"uv": [0, 0, 3, 2], "texture": "#3"}
			}
		},
		{
			"from": [4.5, -12.5625, -4.85571],
			"to": [6, -9.5625, -3.85571],
			"rotation": {"angle": 0, "axis": "y", "origin": [5.75, -11.9375, -3.35571]},
			"faces": {
				"north": {"uv": [0, 0, 3, 6], "texture": "#3"},
				"east": {"uv": [0, 0, 2, 6], "texture": "#3"},
				"south": {"uv": [0, 0, 3, 6], "texture": "#3"},
				"west": {"uv": [0, 0, 2, 6], "texture": "#3"},
				"up": {"uv": [0, 0, 3, 2], "texture": "#3"},
				"down": {"uv": [0, 0, 3, 2], "texture": "#3"}
			}
		},
		{
			"from": [10, -12.5625, -4.85571],
			"to": [11.5, -9.5625, -3.85571],
			"rotation": {"angle": 0, "axis": "y", "origin": [5.75, -11.9375, -3.35571]},
			"faces": {
				"north": {"uv": [0, 0, 3, 6], "texture": "#3"},
				"east": {"uv": [0, 0, 2, 6], "texture": "#3"},
				"south": {"uv": [0, 0, 3, 6], "texture": "#3"},
				"west": {"uv": [0, 0, 2, 6], "texture": "#3"},
				"up": {"uv": [0, 0, 3, 2], "texture": "#3"},
				"down": {"uv": [0, 0, 3, 2], "texture": "#3"}
			}
		},
		{
			"from": [4.5, -11.0625, -5.35571],
			"to": [6, -8.0625, -4.85571],
			"rotation": {"angle": 0, "axis": "y", "origin": [5.75, -11.9375, -3.35571]},
			"faces": {
				"north": {"uv": [12, 7, 15, 13], "texture": "#3"},
				"east": {"uv": [9, 7, 10, 13], "texture": "#3"},
				"south": {"uv": [8, 6, 11, 12], "texture": "#3"},
				"west": {"uv": [12, 8, 13, 14], "texture": "#3"},
				"up": {"uv": [8, 7, 11, 8], "texture": "#3"},
				"down": {"uv": [8, 7, 11, 8], "texture": "#3"}
			}
		},
		{
			"from": [10, -11.0625, -5.35571],
			"to": [11.5, -8.0625, -4.85571],
			"rotation": {"angle": 0, "axis": "y", "origin": [5.75, -11.9375, -3.35571]},
			"faces": {
				"north": {"uv": [12, 7, 15, 13], "texture": "#3"},
				"east": {"uv": [9, 7, 10, 13], "texture": "#3"},
				"south": {"uv": [8, 6, 11, 12], "texture": "#3"},
				"west": {"uv": [12, 8, 13, 14], "texture": "#3"},
				"up": {"uv": [8, 7, 11, 8], "texture": "#3"},
				"down": {"uv": [8, 7, 11, 8], "texture": "#3"}
			}
		},
		{
			"from": [6, -7.9375, -6.35571],
			"to": [10, -6.9375, -4.85571],
			"rotation": {"angle": 0, "axis": "y", "origin": [4, -12.4375, -4.85571]},
			"faces": {
				"north": {"uv": [0, 0, 8, 2], "texture": "#3"},
				"east": {"uv": [0, 0, 3, 2], "texture": "#3"},
				"south": {"uv": [0, 0, 8, 2], "texture": "#3"},
				"west": {"uv": [0, 0, 3, 2], "texture": "#3"},
				"up": {"uv": [0, 0, 8, 3], "texture": "#3"},
				"down": {"uv": [0, 0, 8, 3], "texture": "#3"}
			}
		},
		{
			"from": [6, -14.3125, -3.35571],
			"to": [10, -13.3125, -1.85571],
			"rotation": {"angle": 0, "axis": "y", "origin": [4, -12.4375, -4.85571]},
			"faces": {
				"north": {"uv": [0, 0, 8, 2], "texture": "#3"},
				"east": {"uv": [0, 0, 3, 2], "texture": "#3"},
				"south": {"uv": [0, 0, 8, 2], "texture": "#3"},
				"west": {"uv": [0, 0, 3, 2], "texture": "#3"},
				"up": {"uv": [0, 0, 8, 3], "texture": "#3"},
				"down": {"uv": [0, 0, 8, 3], "texture": "#3"}
			}
		},
		{
			"from": [4.5, -14.4375, -2.85571],
			"to": [11.5, -12.9375, 2.14429],
			"rotation": {"angle": 0, "axis": "y", "origin": [5.75, -14.0625, -2.60571]},
			"faces": {
				"north": {"uv": [0, 0, 14, 3], "texture": "#0"},
				"east": {"uv": [0, 0, 10, 3], "texture": "#0"},
				"south": {"uv": [0, 0, 14, 3], "texture": "#0"},
				"west": {"uv": [0, 0, 10, 3], "texture": "#0"},
				"up": {"uv": [0, 0, 14, 10], "texture": "#0"},
				"down": {"uv": [0, 0, 14, 10], "texture": "#0"}
			}
		},
		{
			"from": [2.5, -12.9375, -3.35571],
			"to": [13.5, -10.9375, 2.64429],
			"rotation": {"angle": 0, "axis": "y", "origin": [5.75, -14.0625, -2.60571]},
			"faces": {
				"north": {"uv": [0, 0, 16, 4], "texture": "#0"},
				"east": {"uv": [0, 0, 12, 4], "texture": "#0"},
				"south": {"uv": [0, 0, 16, 4], "texture": "#0"},
				"west": {"uv": [0, 0, 12, 4], "texture": "#0"},
				"up": {"uv": [0, 0, 16, 12], "texture": "#0"},
				"down": {"uv": [0, 0, 16, 12], "texture": "#0"}
			}
		},
		{
			"from": [2.5, -10.9375, -4.35571],
			"to": [13.5, -9.4375, 3.14429],
			"rotation": {"angle": 0, "axis": "y", "origin": [5.75, -14.0625, -2.60571]},
			"faces": {
				"north": {"uv": [0, 0, 16, 3], "texture": "#0"},
				"east": {"uv": [0, 0, 15, 3], "texture": "#0"},
				"south": {"uv": [0, 0, 16, 3], "texture": "#0"},
				"west": {"uv": [0, 0, 15, 3], "texture": "#0"},
				"up": {"uv": [0, 0, 16, 15], "texture": "#0"},
				"down": {"uv": [0, 0, 16, 15], "texture": "#0"}
			}
		},
		{
			"from": [1.5, -7.0625, -5.60571],
			"to": [14.5, -4.5625, 3.39429],
			"rotation": {"angle": 0, "axis": "y", "origin": [5.75, -14.0625, -2.60571]},
			"faces": {
				"north": {"uv": [0, 0, 16, 3], "texture": "#0"},
				"east": {"uv": [0, 0, 16, 3], "texture": "#0"},
				"south": {"uv": [0, 0, 16, 3], "texture": "#0"},
				"west": {"uv": [0, 0, 16, 3], "texture": "#0"},
				"up": {"uv": [0, 0, 16, 16], "texture": "#0"},
				"down": {"uv": [0, 0, 16, 16], "texture": "#0"}
			}
		},
		{
			"from": [2, -9.5625, -5.10571],
			"to": [14, -7.0625, 3.89429],
			"rotation": {"angle": 0, "axis": "y", "origin": [5.75, -14.0625, -2.60571]},
			"faces": {
				"north": {"uv": [0, 0, 16, 5], "texture": "#0"},
				"east": {"uv": [0, 0, 16, 5], "texture": "#0"},
				"south": {"uv": [0, 0, 16, 5], "texture": "#0"},
				"west": {"uv": [0, 0, 16, 5], "texture": "#0"},
				"up": {"uv": [0, 0, 16, 16], "texture": "#0"},
				"down": {"uv": [0, 0, 16, 16], "texture": "#0"}
			}
		},
		{
			"from": [7.25, -6.9375, -6.35571],
			"to": [8.75, -4.9375, -5.35571],
			"rotation": {"angle": 0, "axis": "y", "origin": [4, -6.9375, 0.14429]},
			"faces": {
				"north": {"uv": [0, 0, 3, 4], "texture": "#3"},
				"east": {"uv": [0, 0, 2, 4], "texture": "#3"},
				"south": {"uv": [0, 0, 3, 4], "texture": "#3"},
				"west": {"uv": [0, 0, 2, 4], "texture": "#3"},
				"up": {"uv": [0, 0, 3, 2], "texture": "#3"},
				"down": {"uv": [0, 0, 3, 2], "texture": "#3"}
			}
		},
		{
			"from": [6.75, 0.0625, -6.35571],
			"to": [9.25, 7.0625, -3.35571],
			"rotation": {"angle": 0, "axis": "y", "origin": [4, -0.9375, 0.14429]},
			"faces": {
				"north": {"uv": [0, 0, 3.5, 7], "texture": "#3"},
				"east": {"uv": [0, 0, 3, 7], "texture": "#3"},
				"south": {"uv": [0, 0, 3.5, 7], "texture": "#3"},
				"west": {"uv": [0, 0, 3, 7], "texture": "#3"},
				"up": {"uv": [0, 0, 3.5, 3], "texture": "#3"},
				"down": {"uv": [0, 0, 3.5, 3], "texture": "#3"}
			}
		},
		{
			"from": [6.75, -3.9375, 1.64429],
			"to": [9.25, 5.0625, 4.64429],
			"rotation": {"angle": 0, "axis": "y", "origin": [4, -0.9375, 0.14429]},
			"faces": {
				"north": {"uv": [0, 0, 2.5, 9], "texture": "#3"},
				"east": {"uv": [0, 0, 3, 9], "texture": "#3"},
				"south": {"uv": [2.5, 0, 0, 9], "texture": "#3"},
				"west": {"uv": [0, 0, 3, 9], "texture": "#3"},
				"up": {"uv": [0, 0, 2.5, 3], "texture": "#3"},
				"down": {"uv": [0, 0, 2.5, 3], "texture": "#3"}
			}
		},
		{
			"from": [6.5, -14.9375, 18.64429],
			"to": [9.5, -11.9375, 26.64429],
			"rotation": {"angle": 0, "axis": "y", "origin": [4, -7.4375, 16.64429]},
			"faces": {
				"north": {"uv": [0, 0, 8, 6], "texture": "#3"},
				"east": {"uv": [0, 0, 16, 6], "texture": "#3"},
				"south": {"uv": [0, 0, 8, 6], "texture": "#3"},
				"west": {"uv": [0, 10, 16, 16], "texture": "#3"},
				"up": {"uv": [0, 0, 8, 16], "texture": "#3"},
				"down": {"uv": [0, 0, 8, 16], "texture": "#3"}
			}
		},
		{
			"from": [5.5, -14.9375, -3.10571],
			"to": [10.5, -11.9375, 4.89429],
			"rotation": {"angle": 0, "axis": "y", "origin": [4, -7.4375, 12.14429]},
			"faces": {
				"north": {"uv": [0, 0, 5, 3], "texture": "#3"},
				"east": {"uv": [0, 0, 8, 3], "texture": "#3"},
				"south": {"uv": [0, 0, 5, 3], "texture": "#3"},
				"west": {"uv": [0, 10, 8, 13], "texture": "#3"},
				"up": {"uv": [0, 0, 5, 8], "texture": "#3"},
				"down": {"uv": [0, 0, 5, 8], "texture": "#3"}
			}
		},
		{
			"from": [6, -14.9375, 12.64429],
			"to": [10, -11.9375, 18.64429],
			"rotation": {"angle": 0, "axis": "y", "origin": [4, -7.4375, 17.89429]},
			"faces": {
				"north": {"uv": [0, 0, 5, 3], "texture": "#3"},
				"east": {"uv": [0, 0, 8, 3], "texture": "#3"},
				"south": {"uv": [0, 0, 5, 3], "texture": "#3"},
				"west": {"uv": [0, 10, 8, 13], "texture": "#3"},
				"up": {"uv": [0, 0, 5, 8], "texture": "#3"},
				"down": {"uv": [0, 0, 5, 8], "texture": "#3"}
			}
		},
		{
			"from": [6, -14.9375, 4.89429],
			"to": [10, -11.9375, 12.89429],
			"rotation": {"angle": 0, "axis": "y", "origin": [4, -7.4375, 20.14429]},
			"faces": {
				"north": {"uv": [0, 0, 5, 3], "texture": "#3"},
				"east": {"uv": [0, 0, 8, 3], "texture": "#3"},
				"south": {"uv": [0, 0, 5, 3], "texture": "#3"},
				"west": {"uv": [0, 10, 8, 13], "texture": "#3"},
				"up": {"uv": [0, 0, 5, 8], "texture": "#3"},
				"down": {"uv": [0, 0, 5, 8], "texture": "#3"}
			}
		},
		{
			"from": [5.5, -13.9375, 18.51929],
			"to": [10.5, -10.9375, 26.51929],
			"rotation": {"angle": 0, "axis": "y", "origin": [4, -7.4375, 16.64429]},
			"faces": {
				"north": {"uv": [0, 0, 10, 6], "texture": "#0"},
				"east": {"uv": [0, 0, 16, 6], "texture": "#0"},
				"south": {"uv": [0, 0, 10, 6], "texture": "#0"},
				"west": {"uv": [0, 0, 16, 6], "texture": "#0"},
				"up": {"uv": [0, 0, 10, 16], "texture": "#0"},
				"down": {"uv": [0, 0, 10, 16], "texture": "#0"}
			}
		},
		{
			"from": [4.5, -13.9375, 12.76929],
			"to": [11.5, -9.9375, 18.76929],
			"rotation": {"angle": 0, "axis": "y", "origin": [4, -7.4375, 16.64429]},
			"faces": {
				"north": {"uv": [0, 0, 10, 6], "texture": "#0"},
				"east": {"uv": [0, 0, 16, 6], "texture": "#0"},
				"south": {"uv": [0, 0, 10, 6], "texture": "#0"},
				"west": {"uv": [0, 0, 16, 6], "texture": "#0"},
				"up": {"uv": [0, 0, 10, 16], "texture": "#0"},
				"down": {"uv": [0, 0, 10, 16], "texture": "#0"}
			}
		},
		{
			"from": [1.5, -14.1875, 2.01929],
			"to": [14.5, -8.1875, 9.01929],
			"rotation": {"angle": 0, "axis": "y", "origin": [4, -7.4375, 18.89429]},
			"faces": {
				"north": {"uv": [0, 0, 13, 6], "texture": "#0"},
				"east": {"uv": [0, 0, 7, 6], "texture": "#0"},
				"south": {"uv": [0, 0, 13, 6], "texture": "#0"},
				"west": {"uv": [0, 0, 7, 6], "texture": "#0"},
				"up": {"uv": [0, 0, 13, 7], "texture": "#0"},
				"down": {"uv": [0, 0, 13, 7], "texture": "#0"}
			}
		},
		{
			"from": [2.5, -14.1875, 9.01929],
			"to": [13.5, -9.1875, 16.01929],
			"rotation": {"angle": 0, "axis": "y", "origin": [4, -7.4375, 18.89429]},
			"faces": {
				"north": {"uv": [0, 0, 13, 6], "texture": "#0"},
				"east": {"uv": [0, 0, 7, 6], "texture": "#0"},
				"south": {"uv": [0, 0, 13, 6], "texture": "#0"},
				"west": {"uv": [0, 0, 7, 6], "texture": "#0"},
				"up": {"uv": [0, 0, 13, 7], "texture": "#0"},
				"down": {"uv": [0, 0, 13, 7], "texture": "#0"}
			}
		},
		{
			"from": [7, -13.9375, 26.14429],
			"to": [9, -11.9375, 30.14429],
			"rotation": {"angle": -22.5, "axis": "x", "origin": [8, -13.4375, 28.70679]},
			"faces": {
				"north": {"uv": [0, 0, 4, 4], "texture": "#3"},
				"east": {"uv": [0, 0, 8, 4], "texture": "#3"},
				"south": {"uv": [0, 0, 4, 4], "texture": "#3"},
				"west": {"uv": [0, 0, 8, 4], "texture": "#3"},
				"up": {"uv": [0, 0, 4, 8], "texture": "#3"},
				"down": {"uv": [0, 0, 4, 8], "texture": "#3"}
			}
		},
		{
			"from": [6, -13.1875, 26.01929],
			"to": [10, -10.6875, 30.51929],
			"rotation": {"angle": -22.5, "axis": "x", "origin": [8, -13.4375, 28.70679]},
			"faces": {
				"north": {"uv": [0, 0, 8, 5], "texture": "#0"},
				"east": {"uv": [0, 0, 9, 5], "texture": "#0"},
				"south": {"uv": [0, 0, 8, 5], "texture": "#0"},
				"west": {"uv": [0, 0, 9, 5], "texture": "#0"},
				"up": {"uv": [0, 0, 8, 9], "texture": "#0"},
				"down": {"uv": [0, 0, 8, 9], "texture": "#0"}
			}
		},
		{
			"from": [5, -14.0625, 19.14429],
			"to": [11, -10.5625, 20.14429],
			"rotation": {"angle": 0, "axis": "y", "origin": [4, -7.4375, 16.14429]},
			"faces": {
				"north": {"uv": [0, 0, 12, 7], "texture": "#3"},
				"east": {"uv": [0, 0, 2, 7], "texture": "#3"},
				"south": {"uv": [0, 0, 12, 7], "texture": "#3"},
				"west": {"uv": [0, 0, 2, 7], "texture": "#3"},
				"up": {"uv": [0, 0, 12, 2], "texture": "#3"},
				"down": {"uv": [0, 0, 12, 2], "texture": "#3"}
			}
		},
		{
			"from": [4, -14.5625, 17.14429],
			"to": [12, -9.0625, 18.14429],
			"rotation": {"angle": 0, "axis": "y", "origin": [4, -7.4375, 16.14429]},
			"faces": {
				"north": {"uv": [0, 0, 12, 7], "texture": "#3"},
				"east": {"uv": [0, 0, 2, 7], "texture": "#3"},
				"south": {"uv": [0, 0, 12, 7], "texture": "#3"},
				"west": {"uv": [0, 0, 2, 7], "texture": "#3"},
				"up": {"uv": [0, 0, 12, 2], "texture": "#3"},
				"down": {"uv": [0, 0, 12, 2], "texture": "#3"}
			}
		},
		{
			"from": [5, -14.0625, 21.64429],
			"to": [11, -10.5625, 22.64429],
			"rotation": {"angle": 0, "axis": "y", "origin": [4, -7.4375, 16.14429]},
			"faces": {
				"north": {"uv": [0, 0, 12, 7], "texture": "#3"},
				"east": {"uv": [0, 0, 2, 7], "texture": "#3"},
				"south": {"uv": [0, 0, 12, 7], "texture": "#3"},
				"west": {"uv": [0, 0, 2, 7], "texture": "#3"},
				"up": {"uv": [0, 0, 12, 2], "texture": "#3"},
				"down": {"uv": [0, 0, 12, 2], "texture": "#3"}
			}
		},
		{
			"from": [5.5, -14.0625, 27.14429],
			"to": [10.5, -10.5625, 28.14429],
			"rotation": {"angle": -22.5, "axis": "x", "origin": [8, -12.3125, 27.14429]},
			"faces": {
				"north": {"uv": [0, 0, 10, 7], "texture": "#3"},
				"east": {"uv": [0, 0, 2, 7], "texture": "#3"},
				"south": {"uv": [0, 0, 10, 7], "texture": "#3"},
				"west": {"uv": [0, 0, 2, 7], "texture": "#3"},
				"up": {"uv": [0, 0, 10, 2], "texture": "#3"},
				"down": {"uv": [0, 0, 10, 2], "texture": "#3"}
			}
		},
		{
			"from": [5.5, -14.0625, 29.14429],
			"to": [10.5, -10.5625, 30.14429],
			"rotation": {"angle": -22.5, "axis": "x", "origin": [8, -12.3125, 27.14429]},
			"faces": {
				"north": {"uv": [0, 0, 10, 7], "texture": "#3"},
				"east": {"uv": [0, 0, 2, 7], "texture": "#3"},
				"south": {"uv": [0, 0, 10, 7], "texture": "#3"},
				"west": {"uv": [0, 0, 2, 7], "texture": "#3"},
				"up": {"uv": [0, 0, 10, 2], "texture": "#3"},
				"down": {"uv": [0, 0, 10, 2], "texture": "#3"}
			}
		},
		{
			"from": [5, -14.0625, 24.14429],
			"to": [11, -10.5625, 25.14429],
			"rotation": {"angle": 0, "axis": "y", "origin": [4, -7.4375, 16.14429]},
			"faces": {
				"north": {"uv": [0, 0, 12, 7], "texture": "#3"},
				"east": {"uv": [0, 0, 2, 7], "texture": "#3"},
				"south": {"uv": [0, 0, 12, 7], "texture": "#3"},
				"west": {"uv": [0, 0, 2, 7], "texture": "#3"},
				"up": {"uv": [0, 0, 12, 2], "texture": "#3"},
				"down": {"uv": [0, 0, 12, 2], "texture": "#3"}
			}
		},
		{
			"from": [6.5, -10.9375, 29.39429],
			"to": [7.5, -8.4375, 30.39429],
			"rotation": {"angle": 22.5, "axis": "x", "origin": [7, -9.6875, 30.14429]},
			"faces": {
				"north": {"uv": [6, 3, 8, 8], "texture": "#3"},
				"east": {"uv": [5, 4, 7, 9], "texture": "#3"},
				"south": {"uv": [5, 3, 7, 8], "texture": "#3"},
				"west": {"uv": [6, 4, 8, 9], "texture": "#3"},
				"up": {"uv": [5, 5, 7, 7], "texture": "#3"},
				"down": {"uv": [6, 4, 8, 6], "texture": "#3"}
			}
		},
		{
			"from": [7, -12.4375, 29.64429],
			"to": [9, -7.4375, 31.64429],
			"rotation": {"angle": 22.5, "axis": "x", "origin": [7, -9.6875, 30.14429]},
			"faces": {
				"north": {"uv": [6, 3, 8, 8], "texture": "#3"},
				"east": {"uv": [5, 4, 7, 9], "texture": "#3"},
				"south": {"uv": [5, 3, 7, 8], "texture": "#3"},
				"west": {"uv": [6, 4, 8, 9], "texture": "#3"},
				"up": {"uv": [5, 5, 7, 7], "texture": "#3"},
				"down": {"uv": [6, 4, 8, 6], "texture": "#3"}
			}
		},
		{
			"from": [8.5, -10.9375, 29.39429],
			"to": [9.5, -8.4375, 30.39429],
			"rotation": {"angle": 22.5, "axis": "x", "origin": [7, -9.6875, 30.14429]},
			"faces": {
				"north": {"uv": [6, 3, 8, 8], "texture": "#3"},
				"east": {"uv": [5, 4, 7, 9], "texture": "#3"},
				"south": {"uv": [5, 3, 7, 8], "texture": "#3"},
				"west": {"uv": [6, 4, 8, 9], "texture": "#3"},
				"up": {"uv": [5, 5, 7, 7], "texture": "#3"},
				"down": {"uv": [6, 4, 8, 6], "texture": "#3"}
			}
		},
		{
			"from": [4, -10, 3],
			"to": [12, -6, 13],
			"rotation": {"angle": 0, "axis": "y", "origin": [6.5, -2.5, 10.5]},
			"faces": {
				"north": {"uv": [0, 0, 8, 4], "texture": "#0"},
				"east": {"uv": [0, 0, 10, 4], "texture": "#0"},
				"south": {"uv": [0, 0, 8, 4], "texture": "#0"},
				"west": {"uv": [0, 0, 10, 4], "texture": "#0"},
				"up": {"uv": [0, 0, 8, 10], "texture": "#0"},
				"down": {"uv": [0, 0, 8, 10], "texture": "#0"}
			}
		},
		{
			"from": [-2, -16, 9],
			"to": [1, -15, 11],
			"rotation": {"angle": 0, "axis": "y", "origin": [0, 1, 3]},
			"faces": {
				"north": {"uv": [0, 0, 3, 1], "texture": "#3"},
				"east": {"uv": [0, 0, 2, 1], "texture": "#3"},
				"south": {"uv": [0, 0, 3, 1], "texture": "#3"},
				"west": {"uv": [0, 0, 2, 1], "texture": "#3"},
				"up": {"uv": [0, 0, 3, 2], "texture": "#3"},
				"down": {"uv": [0, 0, 3, 2], "texture": "#3"}
			}
		},
		{
			"from": [-1.5, -16, 11],
			"to": [0.5, -15, 16],
			"rotation": {"angle": 0, "axis": "y", "origin": [0, 1, 3]},
			"faces": {
				"north": {"uv": [0, 0, 2, 1], "texture": "#3"},
				"east": {"uv": [0, 0, 5, 1], "texture": "#3"},
				"south": {"uv": [0, 0, 2, 1], "texture": "#3"},
				"west": {"uv": [0, 0, 5, 1], "texture": "#3"},
				"up": {"uv": [0, 0, 2, 5], "texture": "#3"},
				"down": {"uv": [0, 0, 2, 5], "texture": "#3"}
			}
		},
		{
			"from": [-1, -16, 5],
			"to": [0, -15, 9],
			"rotation": {"angle": 0, "axis": "y", "origin": [0, 0, 3]},
			"faces": {
				"north": {"uv": [0, 0, 1, 1], "texture": "#3"},
				"east": {"uv": [0, 0, 4, 1], "texture": "#3"},
				"south": {"uv": [0, 0, 1, 1], "texture": "#3"},
				"west": {"uv": [0, 0, 4, 1], "texture": "#3"},
				"up": {"uv": [0, 0, 1, 4], "texture": "#3"},
				"down": {"uv": [0, 0, 1, 4], "texture": "#3"}
			}
		},
		{
			"from": [-3, -16, 5],
			"to": [-2, -15, 9],
			"rotation": {"angle": 0, "axis": "y", "origin": [0, 0, 3]},
			"faces": {
				"north": {"uv": [0, 0, 1, 1], "texture": "#3"},
				"east": {"uv": [0, 0, 4, 1], "texture": "#3"},
				"south": {"uv": [0, 0, 1, 1], "texture": "#3"},
				"west": {"uv": [0, 0, 4, 1], "texture": "#3"},
				"up": {"uv": [0, 0, 1, 4], "texture": "#3"},
				"down": {"uv": [0, 0, 1, 4], "texture": "#3"}
			}
		},
		{
			"from": [1, -16, 5],
			"to": [2, -15, 9],
			"rotation": {"angle": 0, "axis": "y", "origin": [0, 0, 3]},
			"faces": {
				"north": {"uv": [0, 0, 1, 1], "texture": "#3"},
				"east": {"uv": [0, 0, 4, 1], "texture": "#3"},
				"south": {"uv": [0, 0, 1, 1], "texture": "#3"},
				"west": {"uv": [0, 0, 4, 1], "texture": "#3"},
				"up": {"uv": [0, 0, 1, 4], "texture": "#3"},
				"down": {"uv": [0, 0, 1, 4], "texture": "#3"}
			}
		},
		{
			"from": [-3.5, -15.5, 7],
			"to": [2.5, -14.5, 10],
			"rotation": {"angle": 0, "axis": "y", "origin": [0, 0, 3]},
			"faces": {
				"north": {"uv": [0, 0, 6, 1], "texture": "#0"},
				"east": {"uv": [0, 0, 3, 1], "texture": "#0"},
				"south": {"uv": [0, 0, 6, 1], "texture": "#0"},
				"west": {"uv": [0, 0, 3, 1], "texture": "#0"},
				"up": {"uv": [0, 0, 6, 3], "texture": "#0"},
				"down": {"uv": [0, 0, 6, 3], "texture": "#0"}
			}
		},
		{
			"from": [-2.5, -15.25, 9],
			"to": [1.5, -13.25, 14],
			"rotation": {"angle": 0, "axis": "y", "origin": [0, 0, 3]},
			"faces": {
				"north": {"uv": [0, 0, 4, 2], "texture": "#0"},
				"east": {"uv": [0, 0, 5, 2], "texture": "#0"},
				"south": {"uv": [0, 0, 4, 2], "texture": "#0"},
				"west": {"uv": [0, 0, 5, 2], "texture": "#0"},
				"up": {"uv": [0, 0, 4, 5], "texture": "#0"},
				"down": {"uv": [0, 0, 4, 5], "texture": "#0"}
			}
		},
		{
			"from": [-1, -14, 10],
			"to": [1, -11, 13],
			"rotation": {"angle": 0, "axis": "y", "origin": [0, 0, 3]},
			"faces": {
				"north": {"uv": [0, 0, 2, 3], "texture": "#0"},
				"east": {"uv": [0, 0, 3, 3], "texture": "#0"},
				"south": {"uv": [0, 0, 2, 3], "texture": "#0"},
				"west": {"uv": [0, 0, 3, 3], "texture": "#0"},
				"up": {"uv": [0, 0, 2, 3], "texture": "#0"},
				"down": {"uv": [0, 0, 2, 3], "texture": "#0"}
			}
		},
		{
			"from": [-3, -11, 9],
			"to": [4, -6, 14],
			"rotation": {"angle": 0, "axis": "y", "origin": [0.5, -8.5, 11.5]},
			"faces": {
				"north": {"uv": [0, 0, 7, 5], "texture": "#0"},
				"east": {"uv": [0, 0, 5, 5], "texture": "#0"},
				"south": {"uv": [0, 0, 7, 5], "texture": "#0"},
				"west": {"uv": [0, 0, 5, 5], "texture": "#0"},
				"up": {"uv": [0, 0, 7, 5], "texture": "#0"},
				"down": {"uv": [0, 0, 7, 5], "texture": "#0"}
			}
		},
		{
			"from": [-3, -11, -4],
			"to": [4, -6, 1],
			"rotation": {"angle": 0, "axis": "y", "origin": [0, 0, 3]},
			"faces": {
				"north": {"uv": [0, 0, 7, 5], "texture": "#0"},
				"east": {"uv": [0, 0, 5, 5], "texture": "#0"},
				"south": {"uv": [0, 0, 7, 5], "texture": "#0"},
				"west": {"uv": [0, 0, 5, 5], "texture": "#0"},
				"up": {"uv": [0, 0, 7, 5], "texture": "#0"},
				"down": {"uv": [0, 0, 7, 5], "texture": "#0"}
			}
		},
		{
			"from": [-1, -14, -3],
			"to": [1, -11, 0],
			"rotation": {"angle": 0, "axis": "y", "origin": [0, 0, 3]},
			"faces": {
				"north": {"uv": [0, 0, 2, 3], "texture": "#0"},
				"east": {"uv": [0, 0, 3, 3], "texture": "#0"},
				"south": {"uv": [0, 0, 2, 3], "texture": "#0"},
				"west": {"uv": [0, 0, 3, 3], "texture": "#0"},
				"up": {"uv": [0, 0, 2, 3], "texture": "#0"},
				"down": {"uv": [0, 0, 2, 3], "texture": "#0"}
			}
		},
		{
			"from": [-2.5, -15.25, -4],
			"to": [1.5, -13.25, 1],
			"rotation": {"angle": 0, "axis": "y", "origin": [0, 0, 3]},
			"faces": {
				"north": {"uv": [0, 0, 4, 2], "texture": "#0"},
				"east": {"uv": [0, 0, 5, 2], "texture": "#0"},
				"south": {"uv": [0, 0, 4, 2], "texture": "#0"},
				"west": {"uv": [0, 0, 5, 2], "texture": "#0"},
				"up": {"uv": [0, 0, 4, 5], "texture": "#0"},
				"down": {"uv": [0, 0, 4, 5], "texture": "#0"}
			}
		},
		{
			"from": [-3.5, -15.5, -6],
			"to": [2.5, -14.5, -3],
			"rotation": {"angle": 0, "axis": "y", "origin": [0, 0, 3]},
			"faces": {
				"north": {"uv": [0, 0, 6, 1], "texture": "#0"},
				"east": {"uv": [0, 0, 3, 1], "texture": "#0"},
				"south": {"uv": [0, 0, 6, 1], "texture": "#0"},
				"west": {"uv": [0, 0, 3, 1], "texture": "#0"},
				"up": {"uv": [0, 0, 6, 3], "texture": "#0"},
				"down": {"uv": [0, 0, 6, 3], "texture": "#0"}
			}
		},
		{
			"from": [-3, -16, -8],
			"to": [-2, -15, -4],
			"rotation": {"angle": 0, "axis": "y", "origin": [0, 0, 3]},
			"faces": {
				"north": {"uv": [0, 0, 1, 1], "texture": "#3"},
				"east": {"uv": [0, 0, 4, 1], "texture": "#3"},
				"south": {"uv": [0, 0, 1, 1], "texture": "#3"},
				"west": {"uv": [0, 0, 4, 1], "texture": "#3"},
				"up": {"uv": [0, 0, 1, 4], "texture": "#3"},
				"down": {"uv": [0, 0, 1, 4], "texture": "#3"}
			}
		},
		{
			"from": [-1, -16, -8],
			"to": [0, -15, -4],
			"rotation": {"angle": 0, "axis": "y", "origin": [0, 0, 3]},
			"faces": {
				"north": {"uv": [0, 0, 1, 1], "texture": "#3"},
				"east": {"uv": [0, 0, 4, 1], "texture": "#3"},
				"south": {"uv": [0, 0, 1, 1], "texture": "#3"},
				"west": {"uv": [0, 0, 4, 1], "texture": "#3"},
				"up": {"uv": [0, 0, 1, 4], "texture": "#3"},
				"down": {"uv": [0, 0, 1, 4], "texture": "#3"}
			}
		},
		{
			"from": [1, -16, -8],
			"to": [2, -15, -4],
			"rotation": {"angle": 0, "axis": "y", "origin": [0, 0, 3]},
			"faces": {
				"north": {"uv": [0, 0, 1, 1], "texture": "#3"},
				"east": {"uv": [0, 0, 4, 1], "texture": "#3"},
				"south": {"uv": [0, 0, 1, 1], "texture": "#3"},
				"west": {"uv": [0, 0, 4, 1], "texture": "#3"},
				"up": {"uv": [0, 0, 1, 4], "texture": "#3"},
				"down": {"uv": [0, 0, 1, 4], "texture": "#3"}
			}
		},
		{
			"from": [-1.5, -16, -2],
			"to": [0.5, -15, 3],
			"rotation": {"angle": 0, "axis": "y", "origin": [0, 1, 3]},
			"faces": {
				"north": {"uv": [0, 0, 2, 1], "texture": "#3"},
				"east": {"uv": [0, 0, 5, 1], "texture": "#3"},
				"south": {"uv": [0, 0, 2, 1], "texture": "#3"},
				"west": {"uv": [0, 0, 5, 1], "texture": "#3"},
				"up": {"uv": [0, 0, 2, 5], "texture": "#3"},
				"down": {"uv": [0, 0, 2, 5], "texture": "#3"}
			}
		},
		{
			"from": [12, -11, -4],
			"to": [19, -6, 1],
			"rotation": {"angle": 0, "axis": "y", "origin": [16, 0, 3]},
			"faces": {
				"north": {"uv": [7, 0, 14, 5], "texture": "#0"},
				"east": {"uv": [5, 0, 10, 5], "texture": "#0"},
				"south": {"uv": [7, 0, 14, 5], "texture": "#0"},
				"west": {"uv": [5, 0, 10, 5], "texture": "#0"},
				"up": {"uv": [7, 0, 14, 5], "texture": "#0"},
				"down": {"uv": [7, 0, 14, 5], "texture": "#0"}
			}
		},
		{
			"from": [15, -14, -3],
			"to": [17, -11, 0],
			"rotation": {"angle": 0, "axis": "y", "origin": [16, 0, 3]},
			"faces": {
				"north": {"uv": [2, 0, 4, 3], "texture": "#0"},
				"east": {"uv": [3, 0, 6, 3], "texture": "#0"},
				"south": {"uv": [2, 0, 4, 3], "texture": "#0"},
				"west": {"uv": [3, 0, 6, 3], "texture": "#0"},
				"up": {"uv": [2, 0, 4, 3], "texture": "#0"},
				"down": {"uv": [2, 0, 4, 3], "texture": "#0"}
			}
		},
		{
			"from": [14.5, -15.25, -4],
			"to": [18.5, -13.25, 1],
			"rotation": {"angle": 0, "axis": "y", "origin": [16, 0, 3]},
			"faces": {
				"north": {"uv": [4, 0, 8, 2], "texture": "#0"},
				"east": {"uv": [5, 0, 10, 2], "texture": "#0"},
				"south": {"uv": [4, 0, 8, 2], "texture": "#0"},
				"west": {"uv": [5, 0, 10, 2], "texture": "#0"},
				"up": {"uv": [4, 0, 8, 5], "texture": "#0"},
				"down": {"uv": [4, 0, 8, 5], "texture": "#0"}
			}
		},
		{
			"from": [13.5, -15.5, -6],
			"to": [19.5, -14.5, -3],
			"rotation": {"angle": 0, "axis": "y", "origin": [16, 0, 3]},
			"faces": {
				"north": {"uv": [6, 0, 12, 1], "texture": "#0"},
				"east": {"uv": [3, 0, 6, 1], "texture": "#0"},
				"south": {"uv": [6, 0, 12, 1], "texture": "#0"},
				"west": {"uv": [3, 0, 6, 1], "texture": "#0"},
				"up": {"uv": [6, 0, 12, 3], "texture": "#0"},
				"down": {"uv": [6, 0, 12, 3], "texture": "#0"}
			}
		},
		{
			"from": [18, -16, -8],
			"to": [19, -15, -4],
			"rotation": {"angle": 0, "axis": "y", "origin": [16, 0, 3]},
			"faces": {
				"north": {"uv": [1, 0, 2, 1], "texture": "#3"},
				"east": {"uv": [4, 0, 8, 1], "texture": "#3"},
				"south": {"uv": [1, 0, 2, 1], "texture": "#3"},
				"west": {"uv": [4, 0, 8, 1], "texture": "#3"},
				"up": {"uv": [1, 0, 2, 4], "texture": "#3"},
				"down": {"uv": [1, 0, 2, 4], "texture": "#3"}
			}
		},
		{
			"from": [16, -16, -8],
			"to": [17, -15, -4],
			"rotation": {"angle": 0, "axis": "y", "origin": [16, 0, 3]},
			"faces": {
				"north": {"uv": [1, 0, 2, 1], "texture": "#3"},
				"east": {"uv": [4, 0, 8, 1], "texture": "#3"},
				"south": {"uv": [1, 0, 2, 1], "texture": "#3"},
				"west": {"uv": [4, 0, 8, 1], "texture": "#3"},
				"up": {"uv": [1, 0, 2, 4], "texture": "#3"},
				"down": {"uv": [1, 0, 2, 4], "texture": "#3"}
			}
		},
		{
			"from": [14, -16, -8],
			"to": [15, -15, -4],
			"rotation": {"angle": 0, "axis": "y", "origin": [16, 0, 3]},
			"faces": {
				"north": {"uv": [1, 0, 2, 1], "texture": "#3"},
				"east": {"uv": [4, 0, 8, 1], "texture": "#3"},
				"south": {"uv": [1, 0, 2, 1], "texture": "#3"},
				"west": {"uv": [4, 0, 8, 1], "texture": "#3"},
				"up": {"uv": [1, 0, 2, 4], "texture": "#3"},
				"down": {"uv": [1, 0, 2, 4], "texture": "#3"}
			}
		},
		{
			"from": [15.5, -16, -2],
			"to": [17.5, -15, 3],
			"rotation": {"angle": 0, "axis": "y", "origin": [16, 1, 3]},
			"faces": {
				"north": {"uv": [2, 0, 4, 1], "texture": "#3"},
				"east": {"uv": [5, 0, 10, 1], "texture": "#3"},
				"south": {"uv": [2, 0, 4, 1], "texture": "#3"},
				"west": {"uv": [5, 0, 10, 1], "texture": "#3"},
				"up": {"uv": [2, 0, 4, 5], "texture": "#3"},
				"down": {"uv": [2, 0, 4, 5], "texture": "#3"}
			}
		},
		{
			"from": [15, -16, 9],
			"to": [18, -15, 11],
			"rotation": {"angle": 0, "axis": "y", "origin": [16, 1, 3]},
			"faces": {
				"north": {"uv": [3, 0, 6, 1], "texture": "#3"},
				"east": {"uv": [2, 0, 4, 1], "texture": "#3"},
				"south": {"uv": [3, 0, 6, 1], "texture": "#3"},
				"west": {"uv": [2, 0, 4, 1], "texture": "#3"},
				"up": {"uv": [3, 0, 6, 2], "texture": "#3"},
				"down": {"uv": [3, 0, 6, 2], "texture": "#3"}
			}
		},
		{
			"from": [15.5, -16, 11],
			"to": [17.5, -15, 16],
			"rotation": {"angle": 0, "axis": "y", "origin": [16, 1, 3]},
			"faces": {
				"north": {"uv": [2, 0, 4, 1], "texture": "#3"},
				"east": {"uv": [5, 0, 10, 1], "texture": "#3"},
				"south": {"uv": [2, 0, 4, 1], "texture": "#3"},
				"west": {"uv": [5, 0, 10, 1], "texture": "#3"},
				"up": {"uv": [2, 0, 4, 5], "texture": "#3"},
				"down": {"uv": [2, 0, 4, 5], "texture": "#3"}
			}
		},
		{
			"from": [16, -16, 5],
			"to": [17, -15, 9],
			"rotation": {"angle": 0, "axis": "y", "origin": [16, 0, 3]},
			"faces": {
				"north": {"uv": [1, 0, 2, 1], "texture": "#3"},
				"east": {"uv": [4, 0, 8, 1], "texture": "#3"},
				"south": {"uv": [1, 0, 2, 1], "texture": "#3"},
				"west": {"uv": [4, 0, 8, 1], "texture": "#3"},
				"up": {"uv": [1, 0, 2, 4], "texture": "#3"},
				"down": {"uv": [1, 0, 2, 4], "texture": "#3"}
			}
		},
		{
			"from": [18, -16, 5],
			"to": [19, -15, 9],
			"rotation": {"angle": 0, "axis": "y", "origin": [16, 0, 3]},
			"faces": {
				"north": {"uv": [1, 0, 2, 1], "texture": "#3"},
				"east": {"uv": [4, 0, 8, 1], "texture": "#3"},
				"south": {"uv": [1, 0, 2, 1], "texture": "#3"},
				"west": {"uv": [4, 0, 8, 1], "texture": "#3"},
				"up": {"uv": [1, 0, 2, 4], "texture": "#3"},
				"down": {"uv": [1, 0, 2, 4], "texture": "#3"}
			}
		},
		{
			"from": [13.5, -15.5, 7],
			"to": [19.5, -14.5, 10],
			"rotation": {"angle": 0, "axis": "y", "origin": [16, 0, 3]},
			"faces": {
				"north": {"uv": [6, 0, 12, 1], "texture": "#0"},
				"east": {"uv": [3, 0, 6, 1], "texture": "#0"},
				"south": {"uv": [6, 0, 12, 1], "texture": "#0"},
				"west": {"uv": [3, 0, 6, 1], "texture": "#0"},
				"up": {"uv": [6, 0, 12, 3], "texture": "#0"},
				"down": {"uv": [6, 0, 12, 3], "texture": "#0"}
			}
		},
		{
			"from": [14.5, -15.25, 9],
			"to": [18.5, -13.25, 14],
			"rotation": {"angle": 0, "axis": "y", "origin": [16, 0, 3]},
			"faces": {
				"north": {"uv": [4, 0, 8, 2], "texture": "#0"},
				"east": {"uv": [5, 0, 10, 2], "texture": "#0"},
				"south": {"uv": [4, 0, 8, 2], "texture": "#0"},
				"west": {"uv": [5, 0, 10, 2], "texture": "#0"},
				"up": {"uv": [4, 0, 8, 5], "texture": "#0"},
				"down": {"uv": [4, 0, 8, 5], "texture": "#0"}
			}
		},
		{
			"from": [15, -14, 10],
			"to": [17, -11, 13],
			"rotation": {"angle": 0, "axis": "y", "origin": [16, 0, 3]},
			"faces": {
				"north": {"uv": [2, 0, 4, 3], "texture": "#0"},
				"east": {"uv": [3, 0, 6, 3], "texture": "#0"},
				"south": {"uv": [2, 0, 4, 3], "texture": "#0"},
				"west": {"uv": [3, 0, 6, 3], "texture": "#0"},
				"up": {"uv": [2, 0, 4, 3], "texture": "#0"},
				"down": {"uv": [2, 0, 4, 3], "texture": "#0"}
			}
		},
		{
			"from": [12, -11, 9],
			"to": [19, -6, 14],
			"rotation": {"angle": 0, "axis": "y", "origin": [16, 0, 3]},
			"faces": {
				"north": {"uv": [7, 0, 14, 5], "texture": "#0"},
				"east": {"uv": [5, 0, 10, 5], "texture": "#0"},
				"south": {"uv": [7, 0, 14, 5], "texture": "#0"},
				"west": {"uv": [5, 0, 10, 5], "texture": "#0"},
				"up": {"uv": [7, 0, 14, 5], "texture": "#0"},
				"down": {"uv": [7, 0, 14, 5], "texture": "#0"}
			}
		},
		{
			"from": [14, -16, 5],
			"to": [15, -15, 9],
			"rotation": {"angle": 0, "axis": "y", "origin": [16, 0, 3]},
			"faces": {
				"north": {"uv": [1, 0, 2, 1], "texture": "#3"},
				"east": {"uv": [4, 0, 8, 1], "texture": "#3"},
				"south": {"uv": [1, 0, 2, 1], "texture": "#3"},
				"west": {"uv": [4, 0, 8, 1], "texture": "#3"},
				"up": {"uv": [1, 0, 2, 4], "texture": "#3"},
				"down": {"uv": [1, 0, 2, 4], "texture": "#3"}
			}
		},
		{
			"from": [4, 0, -5],
			"to": [12, 8, 3],
			"rotation": {"angle": 0, "axis": "y", "origin": [8, 4, -1]},
			"faces": {
				"north": {"uv": [0, 0, 8, 8], "texture": "#0"},
				"east": {"uv": [0, 0, 8, 8], "texture": "#0"},
				"south": {"uv": [0, 0, 8, 8], "texture": "#0"},
				"west": {"uv": [0, 0, 8, 8], "texture": "#0"},
				"up": {"uv": [0, 0, 8, 8], "texture": "#0"},
				"down": {"uv": [0, 0, 8, 8], "texture": "#0"}
			}
		},
		{
			"from": [5, -8, -3.5],
			"to": [11, 0, 4.5],
			"rotation": {"angle": 0, "axis": "y", "origin": [8, 4, -1]},
			"faces": {
				"north": {"uv": [0, 0, 6, 8], "texture": "#0"},
				"east": {"uv": [0, 0, 8, 8], "texture": "#0"},
				"south": {"uv": [0, 0, 6, 8], "texture": "#0"},
				"west": {"uv": [0, 0, 8, 8], "texture": "#0"},
				"up": {"uv": [0, 0, 6, 8], "texture": "#0"},
				"down": {"uv": [0, 0, 6, 8], "texture": "#0"}
			}
		},
		{
			"from": [4.75, 6, -5.5],
			"to": [10.75, 11, 0.5],
			"rotation": {"angle": -22.5, "axis": "x", "origin": [8, 10.5, -2]},
			"faces": {
				"north": {"uv": [0, 0, 6, 5], "texture": "#0"},
				"east": {"uv": [0, 0, 6, 5], "texture": "#0"},
				"south": {"uv": [0, 0, 6, 5], "texture": "#0"},
				"west": {"uv": [0, 0, 6, 5], "texture": "#0"},
				"up": {"uv": [0, 0, 6, 6], "texture": "#0"},
				"down": {"uv": [0, 0, 6, 6], "texture": "#0"}
			}
		},
		{
			"from": [3, -6, 2],
			"to": [7, -2, 6],
			"rotation": {"angle": 22.5, "axis": "y", "origin": [6, -4, 5]},
			"faces": {
				"north": {"uv": [0, 0, 4, 4], "texture": "#5"},
				"east": {"uv": [0, 0, 4, 4], "texture": "#5"},
				"south": {"uv": [0, 0, 4, 4], "texture": "#5"},
				"west": {"uv": [0, 0, 4, 4], "texture": "#5"},
				"up": {"uv": [0, 0, 4, 4], "texture": "#5"},
				"down": {"uv": [0, 0, 4, 4], "texture": "#5"}
			}
		},
		{
			"from": [2, -6.5, 5],
			"to": [6, -2.5, 9],
			"rotation": {"angle": 22.5, "axis": "y", "origin": [6, -4, 5]},
			"faces": {
				"north": {"uv": [0, 0, 4, 4], "texture": "#5"},
				"east": {"uv": [0, 0, 4, 4], "texture": "#5"},
				"south": {"uv": [0, 0, 4, 4], "texture": "#5"},
				"west": {"uv": [0, 0, 4, 4], "texture": "#5"},
				"up": {"uv": [0, 0, 4, 4], "texture": "#5"},
				"down": {"uv": [0, 0, 4, 4], "texture": "#5"}
			}
		},
		{
			"from": [0, -7, 7],
			"to": [4, -3, 11],
			"rotation": {"angle": 22.5, "axis": "y", "origin": [6, -4, 5]},
			"faces": {
				"north": {"uv": [0, 0, 4, 4], "texture": "#5"},
				"east": {"uv": [0, 0, 4, 4], "texture": "#5"},
				"south": {"uv": [0, 0, 4, 4], "texture": "#5"},
				"west": {"uv": [0, 0, 4, 4], "texture": "#5"},
				"up": {"uv": [0, 0, 4, 4], "texture": "#5"},
				"down": {"uv": [0, 0, 4, 4], "texture": "#5"}
			}
		},
		{
			"from": [12, -7, 7],
			"to": [16, -3, 11],
			"rotation": {"angle": -22.5, "axis": "y", "origin": [10, -4, 5]},
			"faces": {
				"north": {"uv": [4, 0, 8, 4], "texture": "#5"},
				"east": {"uv": [4, 0, 8, 4], "texture": "#5"},
				"south": {"uv": [4, 0, 8, 4], "texture": "#5"},
				"west": {"uv": [4, 0, 8, 4], "texture": "#5"},
				"up": {"uv": [4, 0, 8, 4], "texture": "#5"},
				"down": {"uv": [4, 0, 8, 4], "texture": "#5"}
			}
		},
		{
			"from": [9, -6, 2],
			"to": [13, -2, 6],
			"rotation": {"angle": -22.5, "axis": "y", "origin": [10, -4, 5]},
			"faces": {
				"north": {"uv": [4, 0, 8, 4], "texture": "#5"},
				"east": {"uv": [4, 0, 8, 4], "texture": "#5"},
				"south": {"uv": [4, 0, 8, 4], "texture": "#5"},
				"west": {"uv": [4, 0, 8, 4], "texture": "#5"},
				"up": {"uv": [4, 0, 8, 4], "texture": "#5"},
				"down": {"uv": [4, 0, 8, 4], "texture": "#5"}
			}
		},
		{
			"from": [10, -6.5, 5],
			"to": [14, -2.5, 9],
			"rotation": {"angle": -22.5, "axis": "y", "origin": [10, -4, 5]},
			"faces": {
				"north": {"uv": [4, 0, 8, 4], "texture": "#5"},
				"east": {"uv": [4, 0, 8, 4], "texture": "#5"},
				"south": {"uv": [4, 0, 8, 4], "texture": "#5"},
				"west": {"uv": [4, 0, 8, 4], "texture": "#5"},
				"up": {"uv": [4, 0, 8, 4], "texture": "#5"},
				"down": {"uv": [4, 0, 8, 4], "texture": "#5"}
			}
		},
		{
			"from": [6, -4, 3],
			"to": [10, -1, 7],
			"rotation": {"angle": 0, "axis": "y", "origin": [8, -1.5, 5]},
			"faces": {
				"north": {"uv": [0, 0, 4, 3], "texture": "#5"},
				"east": {"uv": [0, 0, 4, 3], "texture": "#5"},
				"south": {"uv": [0, 0, 4, 3], "texture": "#5"},
				"west": {"uv": [0, 0, 4, 3], "texture": "#5"},
				"up": {"uv": [0, 0, 4, 4], "texture": "#5"},
				"down": {"uv": [0, 0, 4, 4], "texture": "#5"}
			}
		},
		{
			"from": [6, -5, 7],
			"to": [10, -2, 11],
			"rotation": {"angle": 0, "axis": "y", "origin": [8, -1.5, 5]},
			"faces": {
				"north": {"uv": [0, 0, 4, 3], "texture": "#5"},
				"east": {"uv": [0, 0, 4, 3], "texture": "#5"},
				"south": {"uv": [0, 0, 4, 3], "texture": "#5"},
				"west": {"uv": [0, 0, 4, 3], "texture": "#5"},
				"up": {"uv": [0, 0, 4, 4], "texture": "#5"},
				"down": {"uv": [0, 0, 4, 4], "texture": "#5"}
			}
		},
		{
			"from": [6, -9, 11],
			"to": [10, -5, 15],
			"rotation": {"angle": 0, "axis": "y", "origin": [8, -1.5, 5]},
			"faces": {
				"north": {"uv": [0, 0, 4, 4], "texture": "#5"},
				"east": {"uv": [0, 0, 4, 4], "texture": "#5"},
				"south": {"uv": [0, 0, 4, 4], "texture": "#5"},
				"west": {"uv": [0, 0, 4, 4], "texture": "#5"},
				"up": {"uv": [0, 0, 4, 4], "texture": "#5"},
				"down": {"uv": [0, 0, 4, 4], "texture": "#5"}
			}
		},
		{
			"from": [2.45, -5, -0.45],
			"to": [2.55, -2, 2.55],
			"rotation": {"angle": 22.5, "axis": "y", "origin": [2.5, -3.5, 1.05]},
			"faces": {
				"north": {"uv": [0, 0, 1, 2], "texture": "#2"},
				"east": {"uv": [0, 0, 16, 16], "texture": "#2"},
				"south": {"uv": [0, 0, 1, 2], "texture": "#2"},
				"west": {"uv": [0, 0, 16, 16], "texture": "#2"},
				"up": {"uv": [0, 0, 2, 1], "rotation": 270, "texture": "#2"},
				"down": {"uv": [0, 0, 2, 1], "rotation": 90, "texture": "#2"}
			}
		},
		{
			"from": [5.75656, 7, -4.9088],
			"to": [5.85656, 12, 0.0912],
			"rotation": {"angle": 45, "axis": "x", "origin": [3.80656, 9.5, 1.5912]},
			"faces": {
				"north": {"uv": [0, 0, 1, 2], "texture": "#4"},
				"east": {"uv": [0, 0, 16, 16], "texture": "#4"},
				"south": {"uv": [0, 0, 1, 2], "texture": "#4"},
				"west": {"uv": [0, 0, 16, 16], "texture": "#4"},
				"up": {"uv": [0, 0, 2, 1], "rotation": 270, "texture": "#4"},
				"down": {"uv": [0, 0, 2, 1], "rotation": 90, "texture": "#4"}
			}
		},
		{
			"from": [4.75656, 8.12132, -1.03012],
			"to": [4.85656, 13.12132, 3.96988],
			"rotation": {"angle": -22.5, "axis": "y", "origin": [4.80656, 11.62132, -0.53012]},
			"faces": {
				"north": {"uv": [0, 0, 2, 1], "rotation": 270, "texture": "#4"},
				"east": {"uv": [0, 0, 16, 16], "rotation": 270, "texture": "#4"},
				"south": {"uv": [0, 0, 2, 1], "rotation": 270, "texture": "#4"},
				"west": {"uv": [0, 0, 16, 16], "rotation": 90, "texture": "#4"},
				"up": {"uv": [0, 0, 1, 2], "rotation": 180, "texture": "#4"},
				"down": {"uv": [0, 0, 1, 2], "texture": "#4"}
			}
		},
		{
			"from": [4.00656, 5.12132, -1.03012],
			"to": [4.10656, 10.12132, 3.96988],
			"rotation": {"angle": -45, "axis": "y", "origin": [4.80656, 11.62132, -0.53012]},
			"faces": {
				"north": {"uv": [0, 0, 2, 1], "rotation": 270, "texture": "#4"},
				"east": {"uv": [0, 0, 16, 16], "rotation": 270, "texture": "#4"},
				"south": {"uv": [0, 0, 2, 1], "rotation": 270, "texture": "#4"},
				"west": {"uv": [0, 0, 16, 16], "rotation": 90, "texture": "#4"},
				"up": {"uv": [0, 0, 1, 2], "rotation": 180, "texture": "#4"},
				"down": {"uv": [0, 0, 1, 2], "texture": "#4"}
			}
		},
		{
			"from": [11.89344, 5.12132, -1.03012],
			"to": [11.99344, 10.12132, 3.96988],
			"rotation": {"angle": 45, "axis": "y", "origin": [11.19344, 11.62132, -0.53012]},
			"faces": {
				"north": {"uv": [0, 1, 2, 0], "rotation": 270, "texture": "#4"},
				"east": {"uv": [0, 16, 16, 0], "rotation": 90, "texture": "#4"},
				"south": {"uv": [0, 1, 2, 0], "rotation": 270, "texture": "#4"},
				"west": {"uv": [0, 16, 16, 0], "rotation": 270, "texture": "#4"},
				"up": {"uv": [1, 0, 0, 2], "rotation": 180, "texture": "#4"},
				"down": {"uv": [1, 0, 0, 2], "texture": "#4"}
			}
		},
		{
			"from": [11.14344, 8.12132, -1.03012],
			"to": [11.24344, 13.12132, 3.96988],
			"rotation": {"angle": 22.5, "axis": "y", "origin": [11.19344, 11.62132, -0.53012]},
			"faces": {
				"north": {"uv": [0, 1, 2, 0], "rotation": 270, "texture": "#4"},
				"east": {"uv": [0, 16, 16, 0], "rotation": 90, "texture": "#4"},
				"south": {"uv": [0, 1, 2, 0], "rotation": 270, "texture": "#4"},
				"west": {"uv": [0, 16, 16, 0], "rotation": 270, "texture": "#4"},
				"up": {"uv": [1, 0, 0, 2], "rotation": 180, "texture": "#4"},
				"down": {"uv": [1, 0, 0, 2], "texture": "#4"}
			}
		},
		{
			"from": [10.14344, 7, -4.9088],
			"to": [10.24344, 12, 0.0912],
			"rotation": {"angle": 45, "axis": "x", "origin": [12.19344, 9.5, 1.5912]},
			"faces": {
				"north": {"uv": [1, 0, 0, 2], "texture": "#4"},
				"east": {"uv": [16, 0, 0, 16], "texture": "#4"},
				"south": {"uv": [1, 0, 0, 2], "texture": "#4"},
				"west": {"uv": [16, 0, 0, 16], "texture": "#4"},
				"up": {"uv": [0, 1, 2, 0], "rotation": 270, "texture": "#4"},
				"down": {"uv": [0, 1, 2, 0], "rotation": 90, "texture": "#4"}
			}
		},
		{
			"from": [3.54496, -7, -9.08194],
			"to": [3.64496, -4, -6.08194],
			"rotation": {"angle": 22.5, "axis": "x", "origin": [-5.40504, -8.5, -7.58194]},
			"faces": {
				"north": {"uv": [0, 0, 2, 1], "rotation": 90, "texture": "#2"},
				"east": {"uv": [0, 0, 16, 16], "rotation": 90, "texture": "#2"},
				"south": {"uv": [0, 0, 2, 1], "rotation": 90, "texture": "#2"},
				"west": {"uv": [0, 0, 16, 16], "rotation": 270, "texture": "#2"},
				"up": {"uv": [0, 0, 1, 2], "texture": "#2"},
				"down": {"uv": [0, 0, 1, 2], "rotation": 180, "texture": "#2"}
			}
		},
		{
			"from": [13.29496, -4.22331, -3.65971],
			"to": [13.39496, -1.22331, -0.65971],
			"rotation": {"angle": -22.5, "axis": "x", "origin": [13.34496, -3.72331, -1.15971]},
			"faces": {
				"north": {"uv": [0, 0, 1, 2], "texture": "#2"},
				"east": {"uv": [0, 0, 16, 16], "texture": "#2"},
				"south": {"uv": [0, 0, 1, 2], "texture": "#2"},
				"west": {"uv": [0, 0, 16, 16], "texture": "#2"},
				"up": {"uv": [0, 0, 2, 1], "rotation": 270, "texture": "#2"},
				"down": {"uv": [0, 0, 2, 1], "rotation": 90, "texture": "#2"}
			}
		},
		{
			"from": [3, 5.25, -6.25],
			"to": [13, 6.25, 3.75],
			"rotation": {"angle": -22.5, "axis": "x", "origin": [8, 6.5, -1]},
			"faces": {
				"north": {"uv": [0, 0, 10, 1], "texture": "#3"},
				"east": {"uv": [0, 0, 10, 1], "texture": "#3"},
				"south": {"uv": [0, 0, 10, 1], "texture": "#3"},
				"west": {"uv": [0, 0, 10, 1], "texture": "#3"},
				"up": {"uv": [0, 0, 10, 10], "texture": "#3"},
				"down": {"uv": [0, 0, 10, 10], "texture": "#3"}
			}
		},
		{
			"from": [3, 2.25, -7.25],
			"to": [13, 3.25, 2.75],
			"rotation": {"angle": -22.5, "axis": "x", "origin": [8, 6.5, -1]},
			"faces": {
				"north": {"uv": [0, 0, 10, 1], "texture": "#3"},
				"east": {"uv": [0, 0, 10, 1], "texture": "#3"},
				"south": {"uv": [0, 0, 10, 1], "texture": "#3"},
				"west": {"uv": [0, 0, 10, 1], "texture": "#3"},
				"up": {"uv": [0, 0, 10, 10], "texture": "#3"},
				"down": {"uv": [0, 0, 10, 10], "texture": "#3"}
			}
		},
		{
			"from": [3.75, 8.25, -5.25],
			"to": [12.75, 9.25, 2.75],
			"rotation": {"angle": -22.5, "axis": "x", "origin": [8, 6.5, -1]},
			"faces": {
				"north": {"uv": [0, 0, 9, 1], "texture": "#3"},
				"east": {"uv": [0, 0, 8, 1], "texture": "#3"},
				"south": {"uv": [0, 0, 9, 1], "texture": "#3"},
				"west": {"uv": [0, 0, 8, 1], "texture": "#3"},
				"up": {"uv": [0, 0, 9, 8], "texture": "#3"},
				"down": {"uv": [0, 0, 9, 8], "texture": "#3"}
			}
		},
		{
			"from": [7, 3.5, 0.5],
			"to": [9, 12.5, 2.5],
			"rotation": {"angle": -22.5, "axis": "x", "origin": [8.5, 9.5, 1]},
			"faces": {
				"north": {"uv": [0, 0, 2, 9], "texture": "#3"},
				"east": {"uv": [0, 0, 2, 9], "texture": "#3"},
				"south": {"uv": [0, 0, 2, 9], "texture": "#3"},
				"west": {"uv": [0, 0, 2, 9], "texture": "#3"},
				"up": {"uv": [0, 0, 2, 2], "texture": "#3"},
				"down": {"uv": [0, 0, 2, 2], "texture": "#3"}
			}
		},
		{
			"from": [5.25, 7, -8],
			"to": [10.25, 11, -1],
			"rotation": {"angle": 0, "axis": "y", "origin": [0, 6, 0]},
			"faces": {
				"north": {"uv": [0, 0, 5, 4], "texture": "#0"},
				"east": {"uv": [0, 0, 7, 4], "texture": "#0"},
				"south": {"uv": [0, 0, 5, 4], "texture": "#0"},
				"west": {"uv": [0, 0, 7, 4], "texture": "#0"},
				"up": {"uv": [0, 0, 5, 7], "texture": "#0"},
				"down": {"uv": [0, 0, 5, 7], "texture": "#0"}
			}
		},
		{
			"from": [5, 6, -11],
			"to": [6, 8, -7],
			"rotation": {"angle": 22.5, "axis": "y", "origin": [5.75, 8.25, -9]},
			"faces": {
				"north": {"uv": [0, 0, 1, 2], "texture": "#0"},
				"east": {"uv": [0, 0, 4, 2], "texture": "#0"},
				"south": {"uv": [0, 0, 1, 2], "texture": "#0"},
				"west": {"uv": [0, 0, 4, 2], "texture": "#0"},
				"up": {"uv": [0, 0, 1, 4], "texture": "#0"},
				"down": {"uv": [0, 0, 1, 4], "texture": "#0"}
			}
		},
		{
			"from": [4.32978, 6, -12.3694],
			"to": [5.32978, 8, -10.3694],
			"rotation": {"angle": 0, "axis": "y", "origin": [4.57978, 8.25, -11.3694]},
			"faces": {
				"north": {"uv": [0, 0, 1, 2], "texture": "#0"},
				"east": {"uv": [0, 0, 2, 2], "texture": "#0"},
				"south": {"uv": [0, 0, 1, 2], "texture": "#0"},
				"west": {"uv": [0, 0, 2, 2], "texture": "#0"},
				"up": {"uv": [0, 0, 1, 2], "texture": "#0"},
				"down": {"uv": [0, 0, 1, 2], "texture": "#0"}
			}
		},
		{
			"from": [4.84672, 6, -14.96821],
			"to": [5.84672, 8, -11.96821],
			"rotation": {"angle": -22.5, "axis": "y", "origin": [5.09672, 8.25, -13.46821]},
			"faces": {
				"north": {"uv": [0, 0, 1, 2], "texture": "#0"},
				"east": {"uv": [0, 0, 3, 2], "texture": "#0"},
				"south": {"uv": [0, 0, 1, 2], "texture": "#0"},
				"west": {"uv": [0, 0, 3, 2], "texture": "#0"},
				"up": {"uv": [0, 0, 1, 3], "texture": "#0"},
				"down": {"uv": [0, 0, 1, 3], "texture": "#0"}
			}
		},
		{
			"from": [6, 11, -10],
			"to": [9.5, 13, 0],
			"rotation": {"angle": 0, "axis": "y", "origin": [0, 6, 0]},
			"faces": {
				"north": {"uv": [0, 0, 3.5, 2], "texture": "#3"},
				"east": {"uv": [0, 0, 10, 2], "texture": "#3"},
				"south": {"uv": [0, 0, 3.5, 2], "texture": "#3"},
				"west": {"uv": [0, 0, 10, 2], "texture": "#3"},
				"up": {"uv": [0, 0, 3.5, 10], "texture": "#3"},
				"down": {"uv": [0, 0, 3.5, 10], "texture": "#3"}
			}
		},
		{
			"from": [5.75, 6.25, -9],
			"to": [6.75, 7.25, -8],
			"rotation": {"angle": 0, "axis": "y", "origin": [-1, 6, 0]},
			"faces": {
				"north": {"uv": [0, 0, 1, 1], "texture": "#6"},
				"east": {"uv": [0, 0, 1, 1], "texture": "#6"},
				"south": {"uv": [0, 0, 1, 1], "texture": "#6"},
				"west": {"uv": [0, 0, 1, 1], "texture": "#6"},
				"up": {"uv": [0, 0, 1, 1], "texture": "#6"},
				"down": {"uv": [0, 0, 1, 1], "texture": "#6"}
			}
		},
		{
			"from": [5.5, 6.25, -10],
			"to": [6.5, 7.25, -9],
			"rotation": {"angle": 0, "axis": "y", "origin": [-1, 6, 0]},
			"faces": {
				"north": {"uv": [0, 0, 1, 1], "texture": "#6"},
				"east": {"uv": [0, 0, 1, 1], "texture": "#6"},
				"south": {"uv": [0, 0, 1, 1], "texture": "#6"},
				"west": {"uv": [0, 0, 1, 1], "texture": "#6"},
				"up": {"uv": [0, 0, 1, 1], "texture": "#6"},
				"down": {"uv": [0, 0, 1, 1], "texture": "#6"}
			}
		},
		{
			"from": [5.25, 6.25, -11],
			"to": [6.25, 7.25, -10],
			"rotation": {"angle": 0, "axis": "y", "origin": [-1, 6, 0]},
			"faces": {
				"north": {"uv": [0, 0, 1, 1], "texture": "#6"},
				"east": {"uv": [0, 0, 1, 1], "texture": "#6"},
				"south": {"uv": [0, 0, 1, 1], "texture": "#6"},
				"west": {"uv": [0, 0, 1, 1], "texture": "#6"},
				"up": {"uv": [0, 0, 1, 1], "texture": "#6"},
				"down": {"uv": [0, 0, 1, 1], "texture": "#6"}
			}
		},
		{
			"from": [4.75, 6.25, -12],
			"to": [5.75, 7.25, -11],
			"rotation": {"angle": 0, "axis": "y", "origin": [-1, 6, 0]},
			"faces": {
				"north": {"uv": [0, 0, 1, 1], "texture": "#6"},
				"east": {"uv": [0, 0, 1, 1], "texture": "#6"},
				"south": {"uv": [0, 0, 1, 1], "texture": "#6"},
				"west": {"uv": [0, 0, 1, 1], "texture": "#6"},
				"up": {"uv": [0, 0, 1, 1], "texture": "#6"},
				"down": {"uv": [0, 0, 1, 1], "texture": "#6"}
			}
		},
		{
			"from": [5, 6.25, -13],
			"to": [6, 7.25, -12],
			"rotation": {"angle": 0, "axis": "y", "origin": [-1, 6, 0]},
			"faces": {
				"north": {"uv": [0, 0, 1, 1], "texture": "#6"},
				"east": {"uv": [0, 0, 1, 1], "texture": "#6"},
				"south": {"uv": [0, 0, 1, 1], "texture": "#6"},
				"west": {"uv": [0, 0, 1, 1], "texture": "#6"},
				"up": {"uv": [0, 0, 1, 1], "texture": "#6"},
				"down": {"uv": [0, 0, 1, 1], "texture": "#6"}
			}
		},
		{
			"from": [5.25, 6.25, -14],
			"to": [6.25, 7.25, -13],
			"rotation": {"angle": 0, "axis": "y", "origin": [-1, 6, 0]},
			"faces": {
				"north": {"uv": [0, 0, 1, 1], "texture": "#6"},
				"east": {"uv": [0, 0, 1, 1], "texture": "#6"},
				"south": {"uv": [0, 0, 1, 1], "texture": "#6"},
				"west": {"uv": [0, 0, 1, 1], "texture": "#6"},
				"up": {"uv": [0, 0, 1, 1], "texture": "#6"},
				"down": {"uv": [0, 0, 1, 1], "texture": "#6"}
			}
		},
		{
			"from": [10, 6, -11],
			"to": [11, 8, -7],
			"rotation": {"angle": -22.5, "axis": "y", "origin": [10.25, 8.25, -9]},
			"faces": {
				"north": {"uv": [1, 0, 2, 2], "texture": "#0"},
				"east": {"uv": [4, 0, 8, 2], "texture": "#0"},
				"south": {"uv": [1, 0, 2, 2], "texture": "#0"},
				"west": {"uv": [4, 0, 8, 2], "texture": "#0"},
				"up": {"uv": [1, 0, 2, 4], "texture": "#0"},
				"down": {"uv": [1, 0, 2, 4], "texture": "#0"}
			}
		},
		{
			"from": [9.25, 6.25, -9],
			"to": [10.25, 7.25, -8],
			"rotation": {"angle": 0, "axis": "y", "origin": [17, 6, 0]},
			"faces": {
				"north": {"uv": [1, 0, 2, 1], "texture": "#6"},
				"east": {"uv": [1, 0, 2, 1], "texture": "#6"},
				"south": {"uv": [1, 0, 2, 1], "texture": "#6"},
				"west": {"uv": [1, 0, 2, 1], "texture": "#6"},
				"up": {"uv": [1, 0, 2, 1], "texture": "#6"},
				"down": {"uv": [1, 0, 2, 1], "texture": "#6"}
			}
		},
		{
			"from": [9.5, 6.25, -10],
			"to": [10.5, 7.25, -9],
			"rotation": {"angle": 0, "axis": "y", "origin": [17, 6, 0]},
			"faces": {
				"north": {"uv": [1, 0, 2, 1], "texture": "#6"},
				"east": {"uv": [1, 0, 2, 1], "texture": "#6"},
				"south": {"uv": [1, 0, 2, 1], "texture": "#6"},
				"west": {"uv": [1, 0, 2, 1], "texture": "#6"},
				"up": {"uv": [1, 0, 2, 1], "texture": "#6"},
				"down": {"uv": [1, 0, 2, 1], "texture": "#6"}
			}
		},
		{
			"from": [9.75, 6.25, -11],
			"to": [10.75, 7.25, -10],
			"rotation": {"angle": 0, "axis": "y", "origin": [17, 6, 0]},
			"faces": {
				"north": {"uv": [1, 0, 2, 1], "texture": "#6"},
				"east": {"uv": [1, 0, 2, 1], "texture": "#6"},
				"south": {"uv": [1, 0, 2, 1], "texture": "#6"},
				"west": {"uv": [1, 0, 2, 1], "texture": "#6"},
				"up": {"uv": [1, 0, 2, 1], "texture": "#6"},
				"down": {"uv": [1, 0, 2, 1], "texture": "#6"}
			}
		},
		{
			"from": [10.67022, 6, -12.3694],
			"to": [11.67022, 8, -10.3694],
			"rotation": {"angle": 0, "axis": "y", "origin": [11.42022, 8.25, -11.3694]},
			"faces": {
				"north": {"uv": [1, 0, 2, 2], "texture": "#0"},
				"east": {"uv": [2, 0, 4, 2], "texture": "#0"},
				"south": {"uv": [1, 0, 2, 2], "texture": "#0"},
				"west": {"uv": [2, 0, 4, 2], "texture": "#0"},
				"up": {"uv": [1, 0, 2, 2], "texture": "#0"},
				"down": {"uv": [1, 0, 2, 2], "texture": "#0"}
			}
		},
		{
			"from": [10.25, 6.25, -12],
			"to": [11.25, 7.25, -11],
			"rotation": {"angle": 0, "axis": "y", "origin": [17, 6, 0]},
			"faces": {
				"north": {"uv": [1, 0, 2, 1], "texture": "#6"},
				"east": {"uv": [1, 0, 2, 1], "texture": "#6"},
				"south": {"uv": [1, 0, 2, 1], "texture": "#6"},
				"west": {"uv": [1, 0, 2, 1], "texture": "#6"},
				"up": {"uv": [1, 0, 2, 1], "texture": "#6"},
				"down": {"uv": [1, 0, 2, 1], "texture": "#6"}
			}
		},
		{
			"from": [10.15328, 6, -14.96821],
			"to": [11.15328, 8, -11.96821],
			"rotation": {"angle": 22.5, "axis": "y", "origin": [10.90328, 8.25, -13.46821]},
			"faces": {
				"north": {"uv": [1, 0, 2, 2], "texture": "#0"},
				"east": {"uv": [3, 0, 6, 2], "texture": "#0"},
				"south": {"uv": [1, 0, 2, 2], "texture": "#0"},
				"west": {"uv": [3, 0, 6, 2], "texture": "#0"},
				"up": {"uv": [1, 0, 2, 3], "texture": "#0"},
				"down": {"uv": [1, 0, 2, 3], "texture": "#0"}
			}
		},
		{
			"from": [10, 6.25, -13],
			"to": [11, 7.25, -12],
			"rotation": {"angle": 0, "axis": "y", "origin": [17, 6, 0]},
			"faces": {
				"north": {"uv": [1, 0, 2, 1], "texture": "#6"},
				"east": {"uv": [1, 0, 2, 1], "texture": "#6"},
				"south": {"uv": [1, 0, 2, 1], "texture": "#6"},
				"west": {"uv": [1, 0, 2, 1], "texture": "#6"},
				"up": {"uv": [1, 0, 2, 1], "texture": "#6"},
				"down": {"uv": [1, 0, 2, 1], "texture": "#6"}
			}
		},
		{
			"from": [9.75, 6.25, -14],
			"to": [10.75, 7.25, -13],
			"rotation": {"angle": 0, "axis": "y", "origin": [17, 6, 0]},
			"faces": {
				"north": {"uv": [1, 0, 2, 1], "texture": "#6"},
				"east": {"uv": [1, 0, 2, 1], "texture": "#6"},
				"south": {"uv": [1, 0, 2, 1], "texture": "#6"},
				"west": {"uv": [1, 0, 2, 1], "texture": "#6"},
				"up": {"uv": [1, 0, 2, 1], "texture": "#6"},
				"down": {"uv": [1, 0, 2, 1], "texture": "#6"}
			}
		},
		{
			"from": [6.5, 5.75, -7.25],
			"to": [9.5, 7.75, -6.25],
			"rotation": {"angle": 0, "axis": "y", "origin": [0, 6, 0]},
			"faces": {
				"north": {"uv": [0, 0, 3, 2], "texture": "#8"},
				"east": {"uv": [0, 0, 1, 2], "texture": "#8"},
				"south": {"uv": [0, 0, 3, 2], "texture": "#8"},
				"west": {"uv": [0, 0, 1, 2], "texture": "#8"},
				"up": {"uv": [0, 0, 3, 1], "texture": "#8"},
				"down": {"uv": [0, 0, 3, 1], "texture": "#8"}
			}
		},
		{
			"from": [6, 4, -11],
			"to": [10, 5, -6],
			"rotation": {"angle": -22.5, "axis": "x", "origin": [8, 5.5, -8.5]},
			"faces": {
				"north": {"uv": [0, 0, 4, 1], "texture": "#3"},
				"east": {"uv": [0, 0, 5, 1], "texture": "#3"},
				"south": {"uv": [0, 0, 4, 1], "texture": "#3"},
				"west": {"uv": [0, 0, 5, 1], "texture": "#3"},
				"up": {"uv": [0, 0, 4, 5], "texture": "#3"},
				"down": {"uv": [0, 0, 4, 5], "texture": "#3"}
			}
		},
		{
			"from": [6.5, 3.15747, -14.23567],
			"to": [9.5, 4.15747, -10.23567],
			"rotation": {"angle": 0, "axis": "x", "origin": [7.5, 4.65747, -7.73567]},
			"faces": {
				"north": {"uv": [0, 0, 3, 1], "texture": "#3"},
				"east": {"uv": [0, 0, 4, 1], "texture": "#3"},
				"south": {"uv": [0, 0, 3, 1], "texture": "#3"},
				"west": {"uv": [0, 0, 4, 1], "texture": "#3"},
				"up": {"uv": [0, 0, 3, 4], "texture": "#3"},
				"down": {"uv": [0, 0, 3, 4], "texture": "#3"}
			}
		},
		{
			"from": [7, 6, -12.75],
			"to": [9, 7, -11.75],
			"rotation": {"angle": 45, "axis": "x", "origin": [8, 4.25, -14.5]},
			"faces": {
				"north": {"uv": [0, 0, 2, 1], "texture": "#6"},
				"east": {"uv": [0, 0, 1, 1], "texture": "#6"},
				"south": {"uv": [0, 0, 2, 1], "texture": "#6"},
				"west": {"uv": [0, 0, 1, 1], "texture": "#6"},
				"up": {"uv": [0, 0, 2, 1], "texture": "#6"},
				"down": {"uv": [0, 0, 2, 1], "texture": "#6"}
			}
		},
		{
			"from": [7, 5, -13.75],
			"to": [9, 6, -12.75],
			"rotation": {"angle": 45, "axis": "x", "origin": [8, 4.25, -14.5]},
			"faces": {
				"north": {"uv": [0, 0, 2, 1], "texture": "#6"},
				"east": {"uv": [0, 0, 1, 1], "texture": "#6"},
				"south": {"uv": [0, 0, 2, 1], "texture": "#6"},
				"west": {"uv": [0, 0, 1, 1], "texture": "#6"},
				"up": {"uv": [0, 0, 2, 1], "texture": "#6"},
				"down": {"uv": [0, 0, 2, 1], "texture": "#6"}
			}
		},
		{
			"from": [7, 4.16421, -10.11091],
			"to": [9, 5.16421, -9.11091],
			"rotation": {"angle": 22.5, "axis": "x", "origin": [8, 5.66421, -10.61091]},
			"faces": {
				"north": {"uv": [0, 0, 2, 1], "texture": "#6"},
				"east": {"uv": [0, 0, 1, 1], "texture": "#6"},
				"south": {"uv": [0, 0, 2, 1], "texture": "#6"},
				"west": {"uv": [0, 0, 1, 1], "texture": "#6"},
				"up": {"uv": [0, 0, 2, 1], "texture": "#6"},
				"down": {"uv": [0, 0, 2, 1], "texture": "#6"}
			}
		},
		{
			"from": [7, 5.16421, -9.11091],
			"to": [9, 6.16421, -8.11091],
			"rotation": {"angle": 22.5, "axis": "x", "origin": [8, 5.66421, -10.61091]},
			"faces": {
				"north": {"uv": [0, 0, 2, 1], "texture": "#6"},
				"east": {"uv": [0, 0, 1, 1], "texture": "#6"},
				"south": {"uv": [0, 0, 2, 1], "texture": "#6"},
				"west": {"uv": [0, 0, 1, 1], "texture": "#6"},
				"up": {"uv": [0, 0, 2, 1], "texture": "#6"},
				"down": {"uv": [0, 0, 2, 1], "texture": "#6"}
			}
		},
		{
			"from": [7, 6.16421, -8.11091],
			"to": [9, 7.16421, -7.11091],
			"rotation": {"angle": 22.5, "axis": "x", "origin": [8, 5.66421, -10.61091]},
			"faces": {
				"north": {"uv": [0, 0, 2, 1], "texture": "#6"},
				"east": {"uv": [0, 0, 1, 1], "texture": "#6"},
				"south": {"uv": [0, 0, 2, 1], "texture": "#6"},
				"west": {"uv": [0, 0, 1, 1], "texture": "#6"},
				"up": {"uv": [0, 0, 2, 1], "texture": "#6"},
				"down": {"uv": [0, 0, 2, 1], "texture": "#6"}
			}
		},
		{
			"from": [5.5, 8, -12],
			"to": [10.5, 11, -8],
			"rotation": {"angle": 0, "axis": "y", "origin": [8, 10, -10]},
			"faces": {
				"north": {"uv": [0, 0, 5, 3], "texture": "#0"},
				"east": {"uv": [0, 0, 4, 3], "texture": "#0"},
				"south": {"uv": [0, 0, 5, 3], "texture": "#0"},
				"west": {"uv": [0, 0, 4, 3], "texture": "#0"},
				"up": {"uv": [0, 0, 5, 4], "texture": "#0"},
				"down": {"uv": [0, 0, 5, 4], "texture": "#0"}
			}
		},
		{
			"from": [6.5, 8, -13.5],
			"to": [9.5, 10, -9.5],
			"rotation": {"angle": 0, "axis": "y", "origin": [8, 10, -10]},
			"faces": {
				"north": {"uv": [0, 0, 3, 2], "texture": "#0"},
				"east": {"uv": [0, 0, 4, 2], "texture": "#0"},
				"south": {"uv": [0, 0, 3, 2], "texture": "#0"},
				"west": {"uv": [0, 0, 4, 2], "texture": "#0"},
				"up": {"uv": [0, 0, 3, 4], "texture": "#0"},
				"down": {"uv": [0, 0, 3, 4], "texture": "#0"}
			}
		},
		{
			"from": [4.5, -6, -4.5],
			"to": [8.5, -2, -0.5],
			"rotation": {"angle": 22.5, "axis": "y", "origin": [6, -4, -2.5]},
			"faces": {
				"north": {"uv": [0, 0, 4, 4], "texture": "#7"},
				"east": {"uv": [0, 0, 4, 4], "texture": "#7"},
				"south": {"uv": [0, 0, 4, 4], "texture": "#7"},
				"west": {"uv": [0, 0, 4, 4], "texture": "#7"},
				"up": {"uv": [0, 0, 4, 4], "texture": "#7"},
				"down": {"uv": [0, 0, 4, 4], "texture": "#7"}
			}
		},
		{
			"from": [7.5, -6, -4.5],
			"to": [11.5, -2, -0.5],
			"rotation": {"angle": -22.5, "axis": "y", "origin": [10, -4, -2.5]},
			"faces": {
				"north": {"uv": [0, 0, 4, 4], "texture": "#7"},
				"east": {"uv": [0, 0, 4, 4], "texture": "#7"},
				"south": {"uv": [0, 0, 4, 4], "texture": "#7"},
				"west": {"uv": [0, 0, 4, 4], "texture": "#7"},
				"up": {"uv": [0, 0, 4, 4], "texture": "#7"},
				"down": {"uv": [0, 0, 4, 4], "texture": "#7"}
			}
		},
		{
			"from": [7.5, -1.75, -4.5],
			"to": [11.5, 2.25, -0.5],
			"rotation": {"angle": -22.5, "axis": "y", "origin": [10, 0.25, -2.5]},
			"faces": {
				"north": {"uv": [0, 0, 4, 4], "texture": "#7"},
				"east": {"uv": [0, 0, 4, 4], "texture": "#7"},
				"south": {"uv": [0, 0, 4, 4], "texture": "#7"},
				"west": {"uv": [0, 0, 4, 4], "texture": "#7"},
				"up": {"uv": [0, 0, 4, 4], "texture": "#7"},
				"down": {"uv": [0, 0, 4, 4], "texture": "#7"}
			}
		},
		{
			"from": [4.5, -1.75, -4.5],
			"to": [8.5, 2.25, -0.5],
			"rotation": {"angle": 22.5, "axis": "y", "origin": [6, 0.25, -2.5]},
			"faces": {
				"north": {"uv": [0, 0, 4, 4], "texture": "#7"},
				"east": {"uv": [0, 0, 4, 4], "texture": "#7"},
				"south": {"uv": [0, 0, 4, 4], "texture": "#7"},
				"west": {"uv": [0, 0, 4, 4], "texture": "#7"},
				"up": {"uv": [0, 0, 4, 4], "texture": "#7"},
				"down": {"uv": [0, 0, 4, 4], "texture": "#7"}
			}
		},
		{
			"from": [0, 3, -3],
			"to": [5, 8, 2],
			"rotation": {"angle": -22.5, "axis": "x", "origin": [2.5, 5.5, -0.5]},
			"faces": {
				"north": {"uv": [0, 0, 5, 5], "texture": "#0"},
				"east": {"uv": [0, 0, 5, 5], "texture": "#0"},
				"south": {"uv": [0, 0, 5, 5], "texture": "#0"},
				"west": {"uv": [0, 0, 5, 5], "texture": "#0"},
				"up": {"uv": [0, 0, 5, 5], "texture": "#0"},
				"down": {"uv": [0, 0, 5, 5], "texture": "#0"}
			}
		},
		{
			"from": [-5.79289, 3, -2.5],
			"to": [0.20711, 9, 3.5],
			"rotation": {"angle": 45, "axis": "y", "origin": [-1.79289, 6, -0.5]},
			"faces": {
				"north": {"uv": [0, 0, 6, 6], "texture": "#0"},
				"east": {"uv": [0, 0, 6, 6], "texture": "#0"},
				"south": {"uv": [0, 0, 6, 6], "texture": "#0"},
				"west": {"uv": [0, 0, 6, 6], "texture": "#0"},
				"up": {"uv": [0, 0, 6, 6], "texture": "#0"},
				"down": {"uv": [0, 0, 6, 6], "texture": "#0"}
			}
		},
		{
			"from": [0, 9, 1],
			"to": [1, 13, 3],
			"rotation": {"angle": 22.5, "axis": "x", "origin": [0.5, 11, 1]},
			"faces": {
				"north": {"uv": [0, 0, 1, 4], "texture": "#3"},
				"east": {"uv": [0, 0, 2, 4], "texture": "#3"},
				"south": {"uv": [0, 0, 1, 4], "texture": "#3"},
				"west": {"uv": [0, 0, 2, 4], "texture": "#3"},
				"up": {"uv": [0, 0, 1, 2], "texture": "#3"},
				"down": {"uv": [0, 0, 1, 2], "texture": "#3"}
			}
		},
		{
			"from": [-4, 9, 1],
			"to": [-3, 13, 3],
			"rotation": {"angle": 22.5, "axis": "x", "origin": [0.5, 11, 1]},
			"faces": {
				"north": {"uv": [0, 0, 1, 4], "texture": "#3"},
				"east": {"uv": [0, 0, 2, 4], "texture": "#3"},
				"south": {"uv": [0, 0, 1, 4], "texture": "#3"},
				"west": {"uv": [0, 0, 2, 4], "texture": "#3"},
				"up": {"uv": [0, 0, 1, 2], "texture": "#3"},
				"down": {"uv": [0, 0, 1, 2], "texture": "#3"}
			}
		},
		{
			"from": [-4, 9, 4],
			"to": [-3, 13, 6],
			"rotation": {"angle": 45, "axis": "x", "origin": [0.5, 11, 1]},
			"faces": {
				"north": {"uv": [0, 0, 1, 4], "texture": "#3"},
				"east": {"uv": [0, 0, 2, 4], "texture": "#3"},
				"south": {"uv": [0, 0, 1, 4], "texture": "#3"},
				"west": {"uv": [0, 0, 2, 4], "texture": "#3"},
				"up": {"uv": [0, 0, 1, 2], "texture": "#3"},
				"down": {"uv": [0, 0, 1, 2], "texture": "#3"}
			}
		},
		{
			"from": [0, 9, 4],
			"to": [1, 13, 6],
			"rotation": {"angle": 45, "axis": "x", "origin": [0.5, 11, 1]},
			"faces": {
				"north": {"uv": [0, 0, 1, 4], "texture": "#3"},
				"east": {"uv": [0, 0, 2, 4], "texture": "#3"},
				"south": {"uv": [0, 0, 1, 4], "texture": "#3"},
				"west": {"uv": [0, 0, 2, 4], "texture": "#3"},
				"up": {"uv": [0, 0, 1, 2], "texture": "#3"},
				"down": {"uv": [0, 0, 1, 2], "texture": "#3"}
			}
		},
		{
			"from": [-4, 4.05025, 2.94975],
			"to": [-3, 6.05025, 6.94975],
			"rotation": {"angle": 0, "axis": "x", "origin": [-1.5, 6.05025, 5.94975]},
			"faces": {
				"north": {"uv": [0, 0, 1, 2], "rotation": 180, "texture": "#3"},
				"east": {"uv": [0, 0, 2, 4], "rotation": 270, "texture": "#3"},
				"south": {"uv": [0, 0, 1, 2], "texture": "#3"},
				"west": {"uv": [0, 0, 2, 4], "rotation": 90, "texture": "#3"},
				"up": {"uv": [0, 0, 1, 4], "rotation": 180, "texture": "#3"},
				"down": {"uv": [0, 0, 1, 4], "texture": "#3"}
			}
		},
		{
			"from": [0, 4.05025, 2.94975],
			"to": [1, 6.05025, 6.94975],
			"rotation": {"angle": 0, "axis": "x", "origin": [-1.5, 6.05025, 5.94975]},
			"faces": {
				"north": {"uv": [0, 0, 1, 2], "rotation": 180, "texture": "#3"},
				"east": {"uv": [0, 0, 2, 4], "rotation": 270, "texture": "#3"},
				"south": {"uv": [0, 0, 1, 2], "texture": "#3"},
				"west": {"uv": [0, 0, 2, 4], "rotation": 90, "texture": "#3"},
				"up": {"uv": [0, 0, 1, 4], "rotation": 180, "texture": "#3"},
				"down": {"uv": [0, 0, 1, 4], "texture": "#3"}
			}
		},
		{
			"from": [-3, -2, 1],
			"to": [1, 7, 5],
			"rotation": {"angle": -22.5, "axis": "x", "origin": [-1, -0.5, 2]},
			"faces": {
				"north": {"uv": [0, 0, 4, 9], "texture": "#3"},
				"east": {"uv": [0, 0, 4, 9], "texture": "#3"},
				"south": {"uv": [0, 0, 4, 9], "texture": "#3"},
				"west": {"uv": [0, 0, 4, 9], "texture": "#3"},
				"up": {"uv": [0, 0, 4, 4], "texture": "#3"},
				"down": {"uv": [0, 0, 4, 4], "texture": "#3"}
			}
		},
		{
			"from": [-3.5, -4.75, -8],
			"to": [1.5, 0.25, 6],
			"rotation": {"angle": -22.5, "axis": "x", "origin": [-1, -1.5, -1]},
			"faces": {
				"north": {"uv": [0, 0, 5, 5], "texture": "#0"},
				"east": {"uv": [0, 0, 14, 5], "texture": "#0"},
				"south": {"uv": [0, 0, 5, 5], "texture": "#0"},
				"west": {"uv": [0, 0, 14, 5], "texture": "#0"},
				"up": {"uv": [0, 0, 5, 14], "texture": "#0"},
				"down": {"uv": [0, 0, 5, 14], "texture": "#0"}
			}
		},
		{
			"from": [-4.25, -5.25, -8.5],
			"to": [-2.25, 0.75, 4.5],
			"rotation": {"angle": -22.5, "axis": "x", "origin": [-1, -1.5, -1]},
			"faces": {
				"north": {"uv": [0, 0, 2, 6], "texture": "#3"},
				"east": {"uv": [0, 0, 13, 6], "texture": "#3"},
				"south": {"uv": [0, 0, 2, 6], "texture": "#3"},
				"west": {"uv": [0, 0, 13, 6], "texture": "#3"},
				"up": {"uv": [0, 0, 2, 13], "texture": "#3"},
				"down": {"uv": [0, 0, 2, 13], "texture": "#3"}
			}
		},
		{
			"from": [-3.75, -3.5, 4.5],
			"to": [-1.75, -0.5, 10.5],
			"rotation": {"angle": -22.5, "axis": "x", "origin": [-1, -1.5, -1]},
			"faces": {
				"north": {"uv": [0, 0, 2, 3], "texture": "#3"},
				"east": {"uv": [0, 0, 6, 3], "texture": "#3"},
				"south": {"uv": [0, 0, 2, 3], "texture": "#3"},
				"west": {"uv": [0, 0, 6, 3], "texture": "#3"},
				"up": {"uv": [0, 0, 2, 6], "texture": "#3"},
				"down": {"uv": [0, 0, 2, 6], "texture": "#3"}
			}
		},
		{
			"from": [-4.5, -8.25, -12.25],
			"to": [-2.5, -3.25, -6.25],
			"rotation": {"angle": 22.5, "axis": "y", "origin": [-1, -5.75, -10.75]},
			"faces": {
				"north": {"uv": [0, 0, 2, 5], "texture": "#3"},
				"east": {"uv": [0, 0, 6, 5], "texture": "#3"},
				"south": {"uv": [0, 0, 2, 5], "texture": "#3"},
				"west": {"uv": [0, 0, 6, 5], "texture": "#3"},
				"up": {"uv": [0, 0, 2, 6], "texture": "#3"},
				"down": {"uv": [0, 0, 2, 6], "texture": "#3"}
			}
		},
		{
			"from": [-3.17492, -9, -12.87255],
			"to": [-1.17492, -7, -9.87255],
			"rotation": {"angle": 0, "axis": "y", "origin": [-0.24577, -5.5, -12.68225]},
			"faces": {
				"north": {"uv": [0, 0, 2, 2], "texture": "#3"},
				"east": {"uv": [0, 0, 3, 2], "texture": "#3"},
				"south": {"uv": [0, 0, 2, 2], "texture": "#3"},
				"west": {"uv": [0, 0, 3, 2], "texture": "#3"},
				"up": {"uv": [0, 0, 2, 3], "texture": "#3"},
				"down": {"uv": [0, 0, 2, 3], "texture": "#3"}
			}
		},
		{
			"from": [-3.17492, -6, -12.87255],
			"to": [-1.17492, -4, -9.87255],
			"rotation": {"angle": 0, "axis": "y", "origin": [-0.24577, -5.5, -12.68225]},
			"faces": {
				"north": {"uv": [0, 0, 2, 2], "texture": "#3"},
				"east": {"uv": [0, 0, 3, 2], "texture": "#3"},
				"south": {"uv": [0, 0, 2, 2], "texture": "#3"},
				"west": {"uv": [0, 0, 3, 2], "texture": "#3"},
				"up": {"uv": [0, 0, 2, 3], "texture": "#3"},
				"down": {"uv": [0, 0, 2, 3], "texture": "#3"}
			}
		},
		{
			"from": [-2.04609, -6.1, -12.97838],
			"to": [-0.04609, -4.1, -9.97838],
			"rotation": {"angle": -45, "axis": "y", "origin": [0.88306, -5.5, -12.78809]},
			"faces": {
				"north": {"uv": [0, 0, 2, 2], "texture": "#3"},
				"east": {"uv": [0, 0, 3, 2], "texture": "#3"},
				"south": {"uv": [0, 0, 2, 2], "texture": "#3"},
				"west": {"uv": [0, 0, 3, 2], "texture": "#3"},
				"up": {"uv": [0, 0, 2, 3], "texture": "#3"},
				"down": {"uv": [0, 0, 2, 3], "texture": "#3"}
			}
		},
		{
			"from": [-2.04609, -9.1, -12.97838],
			"to": [-0.04609, -7.1, -9.97838],
			"rotation": {"angle": -45, "axis": "y", "origin": [0.88306, -5.5, -12.78809]},
			"faces": {
				"north": {"uv": [0, 0, 2, 2], "texture": "#3"},
				"east": {"uv": [0, 0, 3, 2], "texture": "#3"},
				"south": {"uv": [0, 0, 2, 2], "texture": "#3"},
				"west": {"uv": [0, 0, 3, 2], "texture": "#3"},
				"up": {"uv": [0, 0, 2, 3], "texture": "#3"},
				"down": {"uv": [0, 0, 2, 3], "texture": "#3"}
			}
		},
		{
			"from": [-1.3085, -4, -10.77399],
			"to": [0.6915, -2, -6.77399],
			"rotation": {"angle": -45, "axis": "y", "origin": [-0.48186, -3, -9.90929]},
			"faces": {
				"north": {"uv": [0, 0, 2, 2], "texture": "#3"},
				"east": {"uv": [0, 0, 4, 2], "texture": "#3"},
				"south": {"uv": [0, 0, 2, 2], "texture": "#3"},
				"west": {"uv": [0, 0, 4, 2], "texture": "#3"},
				"up": {"uv": [0, 0, 2, 4], "texture": "#3"},
				"down": {"uv": [0, 0, 2, 4], "texture": "#3"}
			}
		},
		{
			"from": [-1.23278, -8.75, -15.19407],
			"to": [-0.23278, -7.25, -14.19407],
			"rotation": {"angle": 22.5, "axis": "y", "origin": [-0.48278, -6.5, -15.44407]},
			"faces": {
				"north": {"uv": [0, 0, 1, 1.5], "texture": "#6"},
				"east": {"uv": [0, 0, 1, 1.5], "texture": "#6"},
				"south": {"uv": [0, 0, 1, 1.5], "texture": "#6"},
				"west": {"uv": [0, 0, 1, 1.5], "texture": "#6"},
				"up": {"uv": [0, 0, 1, 1], "rotation": 90, "texture": "#6"},
				"down": {"uv": [0, 0, 1, 1], "rotation": 270, "texture": "#6"}
			}
		},
		{
			"from": [-1.23278, -5.75, -15.19407],
			"to": [-0.23278, -4.25, -14.19407],
			"rotation": {"angle": 22.5, "axis": "y", "origin": [-0.48278, -6.5, -15.44407]},
			"faces": {
				"north": {"uv": [0, 0, 1, 1.5], "texture": "#6"},
				"east": {"uv": [0, 0, 1, 1.5], "texture": "#6"},
				"south": {"uv": [0, 0, 1, 1.5], "texture": "#6"},
				"west": {"uv": [0, 0, 1, 1.5], "texture": "#6"},
				"up": {"uv": [0, 0, 1, 1], "rotation": 90, "texture": "#6"},
				"down": {"uv": [0, 0, 1, 1], "rotation": 270, "texture": "#6"}
			}
		},
		{
			"from": [0.00068, -3.75, -11.00391],
			"to": [1.00068, -2.25, -10.00391],
			"rotation": {"angle": 22.5, "axis": "y", "origin": [-0.48186, -3, -9.90929]},
			"faces": {
				"north": {"uv": [0, 0, 1, 1.5], "texture": "#6"},
				"east": {"uv": [0, 0, 1, 1.5], "texture": "#6"},
				"south": {"uv": [0, 0, 1, 1.5], "texture": "#6"},
				"west": {"uv": [0, 0, 1, 1.5], "texture": "#6"},
				"up": {"uv": [0, 0, 1, 1], "rotation": 90, "texture": "#6"},
				"down": {"uv": [0, 0, 1, 1], "rotation": 270, "texture": "#6"}
			}
		},
		{
			"from": [14.5, -4.75, -8],
			"to": [19.5, 0.25, 6],
			"rotation": {"angle": -22.5, "axis": "x", "origin": [17, -1.5, -1]},
			"faces": {
				"north": {"uv": [5, 0, 0, 5], "texture": "#0"},
				"east": {"uv": [14, 0, 0, 5], "texture": "#0"},
				"south": {"uv": [5, 0, 0, 5], "texture": "#0"},
				"west": {"uv": [14, 0, 0, 5], "texture": "#0"},
				"up": {"uv": [5, 0, 0, 14], "texture": "#0"},
				"down": {"uv": [5, 0, 0, 14], "texture": "#0"}
			}
		},
		{
			"from": [18.25, -5.25, -8.5],
			"to": [20.25, 0.75, 4.5],
			"rotation": {"angle": -22.5, "axis": "x", "origin": [17, -1.5, -1]},
			"faces": {
				"north": {"uv": [2, 0, 0, 6], "texture": "#3"},
				"east": {"uv": [13, 0, 0, 6], "texture": "#3"},
				"south": {"uv": [2, 0, 0, 6], "texture": "#3"},
				"west": {"uv": [13, 0, 0, 6], "texture": "#3"},
				"up": {"uv": [2, 0, 0, 13], "texture": "#3"},
				"down": {"uv": [2, 0, 0, 13], "texture": "#3"}
			}
		},
		{
			"from": [18.5, -8.25, -12.25],
			"to": [20.5, -3.25, -6.25],
			"rotation": {"angle": -22.5, "axis": "y", "origin": [17, -5.75, -10.75]},
			"faces": {
				"north": {"uv": [2, 0, 0, 5], "texture": "#3"},
				"east": {"uv": [6, 0, 0, 5], "texture": "#3"},
				"south": {"uv": [2, 0, 0, 5], "texture": "#3"},
				"west": {"uv": [6, 0, 0, 5], "texture": "#3"},
				"up": {"uv": [2, 0, 0, 6], "texture": "#3"},
				"down": {"uv": [2, 0, 0, 6], "texture": "#3"}
			}
		},
		{
			"from": [17.17492, -9, -12.87255],
			"to": [19.17492, -7, -9.87255],
			"rotation": {"angle": 0, "axis": "y", "origin": [16.24577, -5.5, -12.68225]},
			"faces": {
				"north": {"uv": [2, 0, 0, 2], "texture": "#3"},
				"east": {"uv": [3, 0, 0, 2], "texture": "#3"},
				"south": {"uv": [2, 0, 0, 2], "texture": "#3"},
				"west": {"uv": [3, 0, 0, 2], "texture": "#3"},
				"up": {"uv": [2, 0, 0, 3], "texture": "#3"},
				"down": {"uv": [2, 0, 0, 3], "texture": "#3"}
			}
		},
		{
			"from": [17.17492, -6, -12.87255],
			"to": [19.17492, -4, -9.87255],
			"rotation": {"angle": 0, "axis": "y", "origin": [16.24577, -5.5, -12.68225]},
			"faces": {
				"north": {"uv": [2, 0, 0, 2], "texture": "#3"},
				"east": {"uv": [3, 0, 0, 2], "texture": "#3"},
				"south": {"uv": [2, 0, 0, 2], "texture": "#3"},
				"west": {"uv": [3, 0, 0, 2], "texture": "#3"},
				"up": {"uv": [2, 0, 0, 3], "texture": "#3"},
				"down": {"uv": [2, 0, 0, 3], "texture": "#3"}
			}
		},
		{
			"from": [15.3085, -4, -10.77399],
			"to": [17.3085, -2, -6.77399],
			"rotation": {"angle": 45, "axis": "y", "origin": [16.48186, -3, -9.90929]},
			"faces": {
				"north": {"uv": [2, 0, 0, 2], "texture": "#3"},
				"east": {"uv": [4, 0, 0, 2], "texture": "#3"},
				"south": {"uv": [2, 0, 0, 2], "texture": "#3"},
				"west": {"uv": [4, 0, 0, 2], "texture": "#3"},
				"up": {"uv": [2, 0, 0, 4], "texture": "#3"},
				"down": {"uv": [2, 0, 0, 4], "texture": "#3"}
			}
		},
		{
			"from": [16.23278, -8.75, -15.19407],
			"to": [17.23278, -7.25, -14.19407],
			"rotation": {"angle": -22.5, "axis": "y", "origin": [16.48278, -6.5, -15.44407]},
			"faces": {
				"north": {"uv": [1, 0, 0, 1.5], "texture": "#6"},
				"east": {"uv": [1, 0, 0, 1.5], "texture": "#6"},
				"south": {"uv": [1, 0, 0, 1.5], "texture": "#6"},
				"west": {"uv": [1, 0, 0, 1.5], "texture": "#6"},
				"up": {"uv": [0, 1, 1, 0], "rotation": 90, "texture": "#6"},
				"down": {"uv": [0, 1, 1, 0], "rotation": 270, "texture": "#6"}
			}
		},
		{
			"from": [16.23278, -5.75, -15.19407],
			"to": [17.23278, -4.25, -14.19407],
			"rotation": {"angle": -22.5, "axis": "y", "origin": [16.48278, -6.5, -15.44407]},
			"faces": {
				"north": {"uv": [1, 0, 0, 1.5], "texture": "#6"},
				"east": {"uv": [1, 0, 0, 1.5], "texture": "#6"},
				"south": {"uv": [1, 0, 0, 1.5], "texture": "#6"},
				"west": {"uv": [1, 0, 0, 1.5], "texture": "#6"},
				"up": {"uv": [0, 1, 1, 0], "rotation": 90, "texture": "#6"},
				"down": {"uv": [0, 1, 1, 0], "rotation": 270, "texture": "#6"}
			}
		},
		{
			"from": [14.99932, -3.75, -11.00391],
			"to": [15.99932, -2.25, -10.00391],
			"rotation": {"angle": -22.5, "axis": "y", "origin": [16.48186, -3, -9.90929]},
			"faces": {
				"north": {"uv": [1, 0, 0, 1.5], "texture": "#6"},
				"east": {"uv": [1, 0, 0, 1.5], "texture": "#6"},
				"south": {"uv": [1, 0, 0, 1.5], "texture": "#6"},
				"west": {"uv": [1, 0, 0, 1.5], "texture": "#6"},
				"up": {"uv": [0, 1, 1, 0], "rotation": 90, "texture": "#6"},
				"down": {"uv": [0, 1, 1, 0], "rotation": 270, "texture": "#6"}
			}
		},
		{
			"from": [16.04609, -9.1, -12.97838],
			"to": [18.04609, -7.1, -9.97838],
			"rotation": {"angle": 45, "axis": "y", "origin": [15.11694, -5.5, -12.78809]},
			"faces": {
				"north": {"uv": [2, 0, 0, 2], "texture": "#3"},
				"east": {"uv": [3, 0, 0, 2], "texture": "#3"},
				"south": {"uv": [2, 0, 0, 2], "texture": "#3"},
				"west": {"uv": [3, 0, 0, 2], "texture": "#3"},
				"up": {"uv": [2, 0, 0, 3], "texture": "#3"},
				"down": {"uv": [2, 0, 0, 3], "texture": "#3"}
			}
		},
		{
			"from": [16.04609, -6.1, -12.97838],
			"to": [18.04609, -4.1, -9.97838],
			"rotation": {"angle": 45, "axis": "y", "origin": [15.11694, -5.5, -12.78809]},
			"faces": {
				"north": {"uv": [2, 0, 0, 2], "texture": "#3"},
				"east": {"uv": [3, 0, 0, 2], "texture": "#3"},
				"south": {"uv": [2, 0, 0, 2], "texture": "#3"},
				"west": {"uv": [3, 0, 0, 2], "texture": "#3"},
				"up": {"uv": [2, 0, 0, 3], "texture": "#3"},
				"down": {"uv": [2, 0, 0, 3], "texture": "#3"}
			}
		},
		{
			"from": [15.79289, 3, -2.5],
			"to": [21.79289, 9, 3.5],
			"rotation": {"angle": -45, "axis": "y", "origin": [17.79289, 6, -0.5]},
			"faces": {
				"north": {"uv": [6, 0, 0, 6], "texture": "#0"},
				"east": {"uv": [6, 0, 0, 6], "texture": "#0"},
				"south": {"uv": [6, 0, 0, 6], "texture": "#0"},
				"west": {"uv": [6, 0, 0, 6], "texture": "#0"},
				"up": {"uv": [6, 0, 0, 6], "texture": "#0"},
				"down": {"uv": [6, 0, 0, 6], "texture": "#0"}
			}
		},
		{
			"from": [15, 9, 1],
			"to": [16, 13, 3],
			"rotation": {"angle": 22.5, "axis": "x", "origin": [15.5, 11, 1]},
			"faces": {
				"north": {"uv": [1, 0, 0, 4], "texture": "#3"},
				"east": {"uv": [2, 0, 0, 4], "texture": "#3"},
				"south": {"uv": [1, 0, 0, 4], "texture": "#3"},
				"west": {"uv": [2, 0, 0, 4], "texture": "#3"},
				"up": {"uv": [1, 0, 0, 2], "texture": "#3"},
				"down": {"uv": [1, 0, 0, 2], "texture": "#3"}
			}
		},
		{
			"from": [19, 9, 1],
			"to": [20, 13, 3],
			"rotation": {"angle": 22.5, "axis": "x", "origin": [15.5, 11, 1]},
			"faces": {
				"north": {"uv": [1, 0, 0, 4], "texture": "#3"},
				"east": {"uv": [2, 0, 0, 4], "texture": "#3"},
				"south": {"uv": [1, 0, 0, 4], "texture": "#3"},
				"west": {"uv": [2, 0, 0, 4], "texture": "#3"},
				"up": {"uv": [1, 0, 0, 2], "texture": "#3"},
				"down": {"uv": [1, 0, 0, 2], "texture": "#3"}
			}
		},
		{
			"from": [19, 9, 4],
			"to": [20, 13, 6],
			"rotation": {"angle": 45, "axis": "x", "origin": [15.5, 11, 1]},
			"faces": {
				"north": {"uv": [1, 0, 0, 4], "texture": "#3"},
				"east": {"uv": [2, 0, 0, 4], "texture": "#3"},
				"south": {"uv": [1, 0, 0, 4], "texture": "#3"},
				"west": {"uv": [2, 0, 0, 4], "texture": "#3"},
				"up": {"uv": [1, 0, 0, 2], "texture": "#3"},
				"down": {"uv": [1, 0, 0, 2], "texture": "#3"}
			}
		},
		{
			"from": [19, 4.05025, 2.94975],
			"to": [20, 6.05025, 6.94975],
			"rotation": {"angle": 0, "axis": "x", "origin": [17.5, 6.05025, 5.94975]},
			"faces": {
				"north": {"uv": [1, 0, 0, 2], "rotation": 180, "texture": "#3"},
				"east": {"uv": [0, 4, 2, 0], "rotation": 90, "texture": "#3"},
				"south": {"uv": [1, 0, 0, 2], "texture": "#3"},
				"west": {"uv": [0, 4, 2, 0], "rotation": 270, "texture": "#3"},
				"up": {"uv": [1, 0, 0, 4], "rotation": 180, "texture": "#3"},
				"down": {"uv": [1, 0, 0, 4], "texture": "#3"}
			}
		},
		{
			"from": [17.75, -3.5, 4.5],
			"to": [19.75, -0.5, 10.5],
			"rotation": {"angle": -22.5, "axis": "x", "origin": [17, -1.5, -1]},
			"faces": {
				"north": {"uv": [2, 0, 0, 3], "texture": "#3"},
				"east": {"uv": [6, 0, 0, 3], "texture": "#3"},
				"south": {"uv": [2, 0, 0, 3], "texture": "#3"},
				"west": {"uv": [6, 0, 0, 3], "texture": "#3"},
				"up": {"uv": [2, 0, 0, 6], "texture": "#3"},
				"down": {"uv": [2, 0, 0, 6], "texture": "#3"}
			}
		},
		{
			"from": [11, 3, -3],
			"to": [16, 8, 2],
			"rotation": {"angle": -22.5, "axis": "x", "origin": [13.5, 5.5, -0.5]},
			"faces": {
				"north": {"uv": [5, 0, 0, 5], "texture": "#0"},
				"east": {"uv": [5, 0, 0, 5], "texture": "#0"},
				"south": {"uv": [5, 0, 0, 5], "texture": "#0"},
				"west": {"uv": [5, 0, 0, 5], "texture": "#0"},
				"up": {"uv": [5, 0, 0, 5], "texture": "#0"},
				"down": {"uv": [5, 0, 0, 5], "texture": "#0"}
			}
		}
	],
	"display": {
		"head": {
			"translation": [0, 43.5, 16.25],
			"scale": [4, 4, 4]
		}
	}
}