{
	"credit": "Made with Blockbench",
	"textures": {
		"0": "block/nether_wart_block",
		"3": "block/crimson_stem",
		"4": "block/weeping_vines_plant",
		"7": "block/netherrack",
		"8": "block/black_glazed_terracotta",
		"particle": "block/nether_wart_block"
	},
	"elements": [
		{
			"from": [5.75, 3.7125, -1.64028],
			"to": [10.25, 16.3125, 3.75972],
			"rotation": {"angle": 0, "axis": "y", "origin": [0.8, 1.9125, 10.05972]},
			"faces": {
				"north": {"uv": [0, 0, 3.5, 7], "tintindex": 0,"texture": "#3"},
				"east": {"uv": [0, 0, 3, 7], "tintindex": 0,"texture": "#3"},
				"south": {"uv": [0, 0, 3.5, 7], "tintindex": 0,"texture": "#3"},
				"west": {"uv": [0, 0, 3, 7], "tintindex": 0,"texture": "#3"},
				"up": {"uv": [0, 0, 3.5, 3], "tintindex": 0,"texture": "#3"},
				"down": {"uv": [0, 0, 3.5, 3], "tintindex": 0,"texture": "#3"}
			}
		},
		{
			"from": [5.75, -3.4875, 12.75972],
			"to": [10.25, 12.7125, 18.15972],
			"rotation": {"angle": 0, "axis": "y", "origin": [0.8, 1.9125, 10.05972]},
			"faces": {
				"north": {"uv": [0, 0, 2.5, 9], "tintindex": 0,"texture": "#3"},
				"east": {"uv": [0, 0, 3, 9], "tintindex": 0,"texture": "#3"},
				"south": {"uv": [2.5, 0, 0, 9], "tintindex": 0,"texture": "#3"},
				"west": {"uv": [0, 0, 3, 9], "tintindex": 0,"texture": "#3"},
				"up": {"uv": [0, 0, 2.5, 3], "tintindex": 0,"texture": "#3"},
				"down": {"uv": [0, 0, 2.5, 3], "tintindex": 0,"texture": "#3"}
			}
		},
		{
			"from": [0.8, 3.6, 0.8],
			"to": [15.2, 18, 15.2],
			"rotation": {"angle": 0, "axis": "y", "origin": [8, 10.8, 8]},
			"faces": {
				"north": {"uv": [0, 0, 8, 8], "tintindex": 0,"texture": "#0"},
				"east": {"uv": [0, 0, 8, 8], "tintindex": 0,"texture": "#0"},
				"south": {"uv": [0, 0, 8, 8], "tintindex": 0,"texture": "#0"},
				"west": {"uv": [0, 0, 8, 8], "tintindex": 0,"texture": "#0"},
				"up": {"uv": [0, 0, 8, 8], "tintindex": 0,"texture": "#0"},
				"down": {"uv": [0, 0, 8, 8], "tintindex": 0,"texture": "#0"}
			}
		},
		{
			"from": [2.6, -10.8, 3.5],
			"to": [13.4, 3.6, 17.9],
			"rotation": {"angle": 0, "axis": "y", "origin": [8, 10.8, 8]},
			"faces": {
				"north": {"uv": [0, 0, 6, 8], "tintindex": 0,"texture": "#0"},
				"east": {"uv": [0, 0, 8, 8], "tintindex": 0,"texture": "#0"},
				"south": {"uv": [0, 0, 6, 8], "tintindex": 0,"texture": "#0"},
				"west": {"uv": [0, 0, 8, 8], "tintindex": 0,"texture": "#0"},
				"up": {"uv": [0, 0, 6, 8], "tintindex": 0,"texture": "#0"},
				"down": {"uv": [0, 0, 6, 8], "tintindex": 0,"texture": "#0"}
			}
		},
		{
			"from": [2.15, 14.4, -0.1],
			"to": [12.95, 23.4, 10.7],
			"rotation": {"angle": -22.5, "axis": "x", "origin": [8, 22.5, 6.2]},
			"faces": {
				"north": {"uv": [0, 0, 6, 5], "tintindex": 0,"texture": "#0"},
				"east": {"uv": [0, 0, 6, 5], "tintindex": 0,"texture": "#0"},
				"south": {"uv": [0, 0, 6, 5], "tintindex": 0,"texture": "#0"},
				"west": {"uv": [0, 0, 6, 5], "tintindex": 0,"texture": "#0"},
				"up": {"uv": [0, 0, 6, 6], "tintindex": 0,"texture": "#0"},
				"down": {"uv": [0, 0, 6, 6], "tintindex": 0,"texture": "#0"}
			}
		},
		{
			"from": [2.16181, 18.21838, 7.94578],
			"to": [2.34181, 27.21838, 16.94578],
			"rotation": {"angle": -22.5, "axis": "y", "origin": [2.25181, 24.51838, 8.84578]},
			"faces": {
				"north": {"uv": [0, 0, 2, 1], "rotation": 270, "tintindex": 0,"texture": "#4"},
				"east": {"uv": [0, 0, 16, 16], "rotation": 270, "tintindex": 0,"texture": "#4"},
				"south": {"uv": [0, 0, 2, 1], "rotation": 270, "tintindex": 0,"texture": "#4"},
				"west": {"uv": [0, 0, 16, 16], "rotation": 90, "tintindex": 0,"texture": "#4"},
				"up": {"uv": [0, 0, 1, 2], "rotation": 180, "tintindex": 0,"texture": "#4"},
				"down": {"uv": [0, 0, 1, 2], "tintindex": 0,"texture": "#4"}
			}
		},
		{
			"from": [0.81181, 12.81838, 7.94578],
			"to": [0.99181, 21.81838, 16.94578],
			"rotation": {"angle": -45, "axis": "y", "origin": [2.25181, 24.51838, 8.84578]},
			"faces": {
				"north": {"uv": [0, 0, 2, 1], "rotation": 270, "tintindex": 0,"texture": "#4"},
				"east": {"uv": [0, 0, 16, 16], "rotation": 270, "tintindex": 0,"texture": "#4"},
				"south": {"uv": [0, 0, 2, 1], "rotation": 270, "tintindex": 0,"texture": "#4"},
				"west": {"uv": [0, 0, 16, 16], "rotation": 90, "tintindex": 0,"texture": "#4"},
				"up": {"uv": [0, 0, 1, 2], "rotation": 180, "tintindex": 0,"texture": "#4"},
				"down": {"uv": [0, 0, 1, 2], "tintindex": 0,"texture": "#4"}
			}
		},
		{
			"from": [15.00819, 12.81838, 7.94578],
			"to": [15.18819, 21.81838, 16.94578],
			"rotation": {"angle": 45, "axis": "y", "origin": [13.74819, 24.51838, 8.84578]},
			"faces": {
				"north": {"uv": [0, 1, 2, 0], "rotation": 270, "tintindex": 0,"texture": "#4"},
				"east": {"uv": [0, 16, 16, 0], "rotation": 90, "tintindex": 0,"texture": "#4"},
				"south": {"uv": [0, 1, 2, 0], "rotation": 270, "tintindex": 0,"texture": "#4"},
				"west": {"uv": [0, 16, 16, 0], "rotation": 270, "tintindex": 0,"texture": "#4"},
				"up": {"uv": [1, 0, 0, 2], "rotation": 180, "tintindex": 0,"texture": "#4"},
				"down": {"uv": [1, 0, 0, 2], "tintindex": 0,"texture": "#4"}
			}
		},
		{
			"from": [13.65819, 18.21838, 7.94578],
			"to": [13.83819, 27.21838, 16.94578],
			"rotation": {"angle": 22.5, "axis": "y", "origin": [13.74819, 24.51838, 8.84578]},
			"faces": {
				"north": {"uv": [0, 1, 2, 0], "rotation": 270, "tintindex": 0,"texture": "#4"},
				"east": {"uv": [0, 16, 16, 0], "rotation": 90, "tintindex": 0,"texture": "#4"},
				"south": {"uv": [0, 1, 2, 0], "rotation": 270, "tintindex": 0,"texture": "#4"},
				"west": {"uv": [0, 16, 16, 0], "rotation": 270, "tintindex": 0,"texture": "#4"},
				"up": {"uv": [1, 0, 0, 2], "rotation": 180, "tintindex": 0,"texture": "#4"},
				"down": {"uv": [1, 0, 0, 2], "tintindex": 0,"texture": "#4"}
			}
		},
		{
			"from": [-1, 7.65, -3.25],
			"to": [17, 9.45, 14.75],
			"rotation": {"angle": -22.5, "axis": "x", "origin": [8, 15.3, 8]},
			"faces": {
				"north": {"uv": [0, 0, 10, 1], "tintindex": 0,"texture": "#3"},
				"east": {"uv": [0, 0, 10, 1], "tintindex": 0,"texture": "#3"},
				"south": {"uv": [0, 0, 10, 1], "tintindex": 0,"texture": "#3"},
				"west": {"uv": [0, 0, 10, 1], "tintindex": 0,"texture": "#3"},
				"up": {"uv": [0, 0, 10, 10], "tintindex": 0,"texture": "#3"},
				"down": {"uv": [0, 0, 10, 10], "tintindex": 0,"texture": "#3"}
			}
		},
		{
			"from": [0.35, 18.45, 0.35],
			"to": [16.55, 20.25, 14.75],
			"rotation": {"angle": -22.5, "axis": "x", "origin": [8, 15.3, 8]},
			"faces": {
				"north": {"uv": [0, 0, 9, 1], "tintindex": 0,"texture": "#3"},
				"east": {"uv": [0, 0, 8, 1], "tintindex": 0,"texture": "#3"},
				"south": {"uv": [0, 0, 9, 1], "tintindex": 0,"texture": "#3"},
				"west": {"uv": [0, 0, 8, 1], "tintindex": 0,"texture": "#3"},
				"up": {"uv": [0, 0, 9, 8], "tintindex": 0,"texture": "#3"},
				"down": {"uv": [0, 0, 9, 8], "tintindex": 0,"texture": "#3"}
			}
		},
		{
			"from": [6.2, 9.9, 10.7],
			"to": [9.8, 26.1, 14.3],
			"rotation": {"angle": -22.5, "axis": "x", "origin": [8.9, 20.7, 11.6]},
			"faces": {
				"north": {"uv": [0, 0, 2, 9], "tintindex": 0,"texture": "#3"},
				"east": {"uv": [0, 0, 2, 9], "tintindex": 0,"texture": "#3"},
				"south": {"uv": [0, 0, 2, 9], "tintindex": 0,"texture": "#3"},
				"west": {"uv": [0, 0, 2, 9], "tintindex": 0,"texture": "#3"},
				"up": {"uv": [0, 0, 2, 2], "tintindex": 0,"texture": "#3"},
				"down": {"uv": [0, 0, 2, 2], "tintindex": 0,"texture": "#3"}
			}
		},
		{
			"from": [5.3, 13.95, -3.25],
			"to": [10.7, 17.55, -1.45],
			"rotation": {"angle": 0, "axis": "y", "origin": [-6.4, 14.4, 9.8]},
			"faces": {
				"north": {"uv": [0, 0, 3, 2], "tintindex": 0,"texture": "#8"},
				"east": {"uv": [0, 0, 1, 2], "tintindex": 0,"texture": "#8"},
				"south": {"uv": [0, 0, 3, 2], "tintindex": 0,"texture": "#8"},
				"west": {"uv": [0, 0, 1, 2], "tintindex": 0,"texture": "#8"},
				"up": {"uv": [0, 0, 3, 1], "tintindex": 0,"texture": "#8"},
				"down": {"uv": [0, 0, 3, 1], "tintindex": 0,"texture": "#8"}
			}
		},
		{
			"from": [1.7, -7.2, 1.7],
			"to": [8.9, 0, 8.9],
			"rotation": {"angle": 22.5, "axis": "y", "origin": [4.4, -3.6, 5.3]},
			"faces": {
				"north": {"uv": [0, 0, 4, 4], "tintindex": 0,"texture": "#7"},
				"east": {"uv": [0, 0, 4, 4], "tintindex": 0,"texture": "#7"},
				"south": {"uv": [0, 0, 4, 4], "tintindex": 0,"texture": "#7"},
				"west": {"uv": [0, 0, 4, 4], "tintindex": 0,"texture": "#7"},
				"up": {"uv": [0, 0, 4, 4], "tintindex": 0,"texture": "#7"},
				"down": {"uv": [0, 0, 4, 4], "tintindex": 0,"texture": "#7"}
			}
		},
		{
			"from": [7.1, -7.2, 1.7],
			"to": [14.3, 0, 8.9],
			"rotation": {"angle": -22.5, "axis": "y", "origin": [11.6, -3.6, 5.3]},
			"faces": {
				"north": {"uv": [0, 0, 4, 4], "tintindex": 0,"texture": "#7"},
				"east": {"uv": [0, 0, 4, 4], "tintindex": 0,"texture": "#7"},
				"south": {"uv": [0, 0, 4, 4], "tintindex": 0,"texture": "#7"},
				"west": {"uv": [0, 0, 4, 4], "tintindex": 0,"texture": "#7"},
				"up": {"uv": [0, 0, 4, 4], "tintindex": 0,"texture": "#7"},
				"down": {"uv": [0, 0, 4, 4], "tintindex": 0,"texture": "#7"}
			}
		},
		{
			"from": [7.1, 0.45, 1.7],
			"to": [14.3, 7.65, 8.9],
			"rotation": {"angle": -22.5, "axis": "y", "origin": [11.6, 4.05, 5.3]},
			"faces": {
				"north": {"uv": [0, 0, 4, 4], "tintindex": 0,"texture": "#7"},
				"east": {"uv": [0, 0, 4, 4], "tintindex": 0,"texture": "#7"},
				"south": {"uv": [0, 0, 4, 4], "tintindex": 0,"texture": "#7"},
				"west": {"uv": [0, 0, 4, 4], "tintindex": 0,"texture": "#7"},
				"up": {"uv": [0, 0, 4, 4], "tintindex": 0,"texture": "#7"},
				"down": {"uv": [0, 0, 4, 4], "tintindex": 0,"texture": "#7"}
			}
		},
		{
			"from": [1.7, 0.45, 1.7],
			"to": [8.9, 7.65, 8.9],
			"rotation": {"angle": 22.5, "axis": "y", "origin": [4.4, 4.05, 5.3]},
			"faces": {
				"north": {"uv": [0, 0, 4, 4], "tintindex": 0,"texture": "#7"},
				"east": {"uv": [0, 0, 4, 4], "tintindex": 0,"texture": "#7"},
				"south": {"uv": [0, 0, 4, 4], "tintindex": 0,"texture": "#7"},
				"west": {"uv": [0, 0, 4, 4], "tintindex": 0,"texture": "#7"},
				"up": {"uv": [0, 0, 4, 4], "tintindex": 0,"texture": "#7"},
				"down": {"uv": [0, 0, 4, 4], "tintindex": 0,"texture": "#7"}
			}
		},
		{
			"from": [-6.4, 9, 4.4],
			"to": [2.6, 18, 13.4],
			"rotation": {"angle": -22.5, "axis": "x", "origin": [-1.9, 13.5, 8.9]},
			"faces": {
				"north": {"uv": [0, 0, 5, 5], "tintindex": 0,"texture": "#0"},
				"east": {"uv": [0, 0, 5, 5], "tintindex": 0,"texture": "#0"},
				"south": {"uv": [0, 0, 5, 5], "tintindex": 0,"texture": "#0"},
				"west": {"uv": [0, 0, 5, 5], "tintindex": 0,"texture": "#0"},
				"up": {"uv": [0, 0, 5, 5], "tintindex": 0,"texture": "#0"},
				"down": {"uv": [0, 0, 5, 5], "tintindex": 0,"texture": "#0"}
			}
		},
		{
			"from": [13.4, 9, 4.4],
			"to": [22.4, 18, 13.4],
			"rotation": {"angle": -22.5, "axis": "x", "origin": [17.9, 13.5, 8.9]},
			"faces": {
				"north": {"uv": [5, 0, 0, 5], "tintindex": 0,"texture": "#0"},
				"east": {"uv": [5, 0, 0, 5], "tintindex": 0,"texture": "#0"},
				"south": {"uv": [5, 0, 0, 5], "tintindex": 0,"texture": "#0"},
				"west": {"uv": [5, 0, 0, 5], "tintindex": 0,"texture": "#0"},
				"up": {"uv": [5, 0, 0, 5], "tintindex": 0,"texture": "#0"},
				"down": {"uv": [5, 0, 0, 5], "tintindex": 0,"texture": "#0"}
			}
		}
	],
	"display": {
		"head": {
			"translation": [0, 63.75, -26.25],
			"scale": [4, 4, 4]
		}
	}
}