{
	"credit": "Made with Blockbench",
	"textures": {
		"0": "block/nether_wart_block",
		"3": "block/crimson_stem",
		"6": "block/quartz_block_bottom",
		"particle": "block/nether_wart_block"
	},
	"elements": [
		{
			"from": [2.3828, -3.71943, -1.19996],
			"to": [11.3828, 5.28057, 24.00004],
			"rotation": {"angle": -22.5, "axis": "x", "origin": [6.8828, 2.13057, 11.40004]},
			"faces": {
				"north": {"uv": [5, 0, 0, 5], "tintindex": 0,"texture": "#0"},
				"east": {"uv": [14, 0, 0, 5], "tintindex": 0,"texture": "#0"},
				"south": {"uv": [5, 0, 0, 5], "tintindex": 0,"texture": "#0"},
				"west": {"uv": [14, 0, 0, 5], "tintindex": 0,"texture": "#0"},
				"up": {"uv": [5, 0, 0, 14], "tintindex": 0,"texture": "#0"},
				"down": {"uv": [5, 0, 0, 14], "tintindex": 0,"texture": "#0"}
			}
		},
		{
			"from": [9.1328, -4.61943, -2.09996],
			"to": [12.7328, 6.18057, 21.30004],
			"rotation": {"angle": -22.5, "axis": "x", "origin": [6.8828, 2.13057, 11.40004]},
			"faces": {
				"north": {"uv": [2, 0, 0, 6], "tintindex": 0,"texture": "#3"},
				"east": {"uv": [13, 0, 0, 6], "tintindex": 0,"texture": "#3"},
				"south": {"uv": [2, 0, 0, 6], "tintindex": 0,"texture": "#3"},
				"west": {"uv": [13, 0, 0, 6], "tintindex": 0,"texture": "#3"},
				"up": {"uv": [2, 0, 0, 13], "tintindex": 0,"texture": "#3"},
				"down": {"uv": [2, 0, 0, 13], "tintindex": 0,"texture": "#3"}
			}
		},
		{
			"from": [8.2328, -1.46943, 21.30004],
			"to": [11.8328, 3.93057, 31],
			"rotation": {"angle": -22.5, "axis": "x", "origin": [6.8828, 2.13057, 11.40004]},
			"faces": {
				"north": {"uv": [2, 0, 0, 3], "tintindex": 0,"texture": "#3"},
				"east": {"uv": [6, 0, 0, 3], "tintindex": 0,"texture": "#3"},
				"south": {"uv": [2, 0, 0, 3], "tintindex": 0,"texture": "#3"},
				"west": {"uv": [6, 0, 0, 3], "tintindex": 0,"texture": "#3"},
				"up": {"uv": [2, 0, 0, 6], "tintindex": 0,"texture": "#3"},
				"down": {"uv": [2, 0, 0, 6], "tintindex": 0,"texture": "#3"}
			}
		},
		{
			"from": [9.5828, -10.01943, -8.84996],
			"to": [13.1828, -1.01943, 1.95004],
			"rotation": {"angle": -22.5, "axis": "y", "origin": [6.8828, -5.51943, -6.14996]},
			"faces": {
				"north": {"uv": [2, 0, 0, 5], "tintindex": 0,"texture": "#3"},
				"east": {"uv": [6, 0, 0, 5], "tintindex": 0,"texture": "#3"},
				"south": {"uv": [2, 0, 0, 5], "tintindex": 0,"texture": "#3"},
				"west": {"uv": [6, 0, 0, 5], "tintindex": 0,"texture": "#3"},
				"up": {"uv": [2, 0, 0, 6], "tintindex": 0,"texture": "#3"},
				"down": {"uv": [2, 0, 0, 6], "tintindex": 0,"texture": "#3"}
			}
		},
		{
			"from": [7.19766, -11.36943, -9.97055],
			"to": [10.79766, -7.76943, -4.57055],
			"rotation": {"angle": 0, "axis": "y", "origin": [5.52519, -5.06943, -9.62801]},
			"faces": {
				"north": {"uv": [2, 0, 0, 2], "tintindex": 0,"texture": "#3"},
				"east": {"uv": [3, 0, 0, 2], "tintindex": 0,"texture": "#3"},
				"south": {"uv": [2, 0, 0, 2], "tintindex": 0,"texture": "#3"},
				"west": {"uv": [3, 0, 0, 2], "tintindex": 0,"texture": "#3"},
				"up": {"uv": [2, 0, 0, 3], "tintindex": 0,"texture": "#3"},
				"down": {"uv": [2, 0, 0, 3], "tintindex": 0,"texture": "#3"}
			}
		},
		{
			"from": [7.19766, -5.96943, -9.97055],
			"to": [10.79766, -2.36943, -4.57055],
			"rotation": {"angle": 0, "axis": "y", "origin": [5.52519, -5.06943, -9.62801]},
			"faces": {
				"north": {"uv": [2, 0, 0, 2], "tintindex": 0,"texture": "#3"},
				"east": {"uv": [3, 0, 0, 2], "tintindex": 0,"texture": "#3"},
				"south": {"uv": [2, 0, 0, 2], "tintindex": 0,"texture": "#3"},
				"west": {"uv": [3, 0, 0, 2], "tintindex": 0,"texture": "#3"},
				"up": {"uv": [2, 0, 0, 3], "tintindex": 0,"texture": "#3"},
				"down": {"uv": [2, 0, 0, 3], "tintindex": 0,"texture": "#3"}
			}
		},
		{
			"from": [5.16576, -6.14943, -10.16104],
			"to": [8.76576, -2.54943, -4.76104],
			"rotation": {"angle": 45, "axis": "y", "origin": [3.49329, -5.06943, -9.81852]},
			"faces": {
				"north": {"uv": [2, 0, 0, 2], "tintindex": 0,"texture": "#3"},
				"east": {"uv": [3, 0, 0, 2], "tintindex": 0,"texture": "#3"},
				"south": {"uv": [2, 0, 0, 2], "tintindex": 0,"texture": "#3"},
				"west": {"uv": [3, 0, 0, 2], "tintindex": 0,"texture": "#3"},
				"up": {"uv": [2, 0, 0, 3], "tintindex": 0,"texture": "#3"},
				"down": {"uv": [2, 0, 0, 3], "tintindex": 0,"texture": "#3"}
			}
		},
		{
			"from": [5.16576, -11.54943, -10.16104],
			"to": [8.76576, -7.94943, -4.76104],
			"rotation": {"angle": 45, "axis": "y", "origin": [3.49329, -5.06943, -9.81852]},
			"faces": {
				"north": {"uv": [2, 0, 0, 2], "tintindex": 0,"texture": "#3"},
				"east": {"uv": [3, 0, 0, 2], "tintindex": 0,"texture": "#3"},
				"south": {"uv": [2, 0, 0, 2], "tintindex": 0,"texture": "#3"},
				"west": {"uv": [3, 0, 0, 2], "tintindex": 0,"texture": "#3"},
				"up": {"uv": [2, 0, 0, 3], "tintindex": 0,"texture": "#3"},
				"down": {"uv": [2, 0, 0, 3], "tintindex": 0,"texture": "#3"}
			}
		},
		{
			"from": [3.8381, -2.36943, -6.19314],
			"to": [7.4381, 1.23057, 1.00686],
			"rotation": {"angle": 45, "axis": "y", "origin": [5.95015, -0.56943, -4.63668]},
			"faces": {
				"north": {"uv": [2, 0, 0, 2], "tintindex": 0,"texture": "#3"},
				"east": {"uv": [4, 0, 0, 2], "tintindex": 0,"texture": "#3"},
				"south": {"uv": [2, 0, 0, 2], "tintindex": 0,"texture": "#3"},
				"west": {"uv": [4, 0, 0, 2], "tintindex": 0,"texture": "#3"},
				"up": {"uv": [2, 0, 0, 4], "tintindex": 0,"texture": "#3"},
				"down": {"uv": [2, 0, 0, 4], "tintindex": 0,"texture": "#3"}
			}
		},
		{
			"from": [5.50181, -10.91943, -14.14928],
			"to": [7.30181, -8.21943, -12.34928],
			"rotation": {"angle": -22.5, "axis": "y", "origin": [5.95181, -6.86943, -14.59928]},
			"faces": {
				"north": {"uv": [1, 0, 0, 1.5], "tintindex": 0,"texture": "#6"},
				"east": {"uv": [1, 0, 0, 1.5], "tintindex": 0,"texture": "#6"},
				"south": {"uv": [1, 0, 0, 1.5], "tintindex": 0,"texture": "#6"},
				"west": {"uv": [1, 0, 0, 1.5], "tintindex": 0,"texture": "#6"},
				"up": {"uv": [0, 1, 1, 0], "rotation": 90, "tintindex": 0,"texture": "#6"},
				"down": {"uv": [0, 1, 1, 0], "rotation": 270, "tintindex": 0,"texture": "#6"}
			}
		},
		{
			"from": [5.50181, -5.51943, -14.14928],
			"to": [7.30181, -2.81943, -12.34928],
			"rotation": {"angle": -22.5, "axis": "y", "origin": [5.95181, -6.86943, -14.59928]},
			"faces": {
				"north": {"uv": [1, 0, 0, 1.5], "tintindex": 0,"texture": "#6"},
				"east": {"uv": [1, 0, 0, 1.5], "tintindex": 0,"texture": "#6"},
				"south": {"uv": [1, 0, 0, 1.5], "tintindex": 0,"texture": "#6"},
				"west": {"uv": [1, 0, 0, 1.5], "tintindex": 0,"texture": "#6"},
				"up": {"uv": [0, 1, 1, 0], "rotation": 90, "tintindex": 0,"texture": "#6"},
				"down": {"uv": [0, 1, 1, 0], "rotation": 270, "tintindex": 0,"texture": "#6"}
			}
		},
		{
			"from": [3.28158, -1.91943, -6.60699],
			"to": [5.08158, 0.78057, -4.80699],
			"rotation": {"angle": -22.5, "axis": "y", "origin": [5.95015, -0.56943, -4.63668]},
			"faces": {
				"north": {"uv": [1, 0, 0, 1.5], "tintindex": 0,"texture": "#6"},
				"east": {"uv": [1, 0, 0, 1.5], "tintindex": 0,"texture": "#6"},
				"south": {"uv": [1, 0, 0, 1.5], "tintindex": 0,"texture": "#6"},
				"west": {"uv": [1, 0, 0, 1.5], "tintindex": 0,"texture": "#6"},
				"up": {"uv": [0, 1, 1, 0], "rotation": 90, "tintindex": 0,"texture": "#6"},
				"down": {"uv": [0, 1, 1, 0], "rotation": 270, "tintindex": 0,"texture": "#6"}
			}
		}
	],
	"display": {
		"head": {
			"translation": [0, 11.5, -36.5],
			"scale": [4, 4, 4]
		}
	}
}