{
	"credit": "Made with Blockbench",
	"textures": {
		"3": "block/crimson_stem",
		"6": "block/quartz_block_bottom",
		"particle": "block/nether_wart_block"
	},
	"elements": [
		{
			"from": [4.4, 2.93701, 3.58264],
			"to": [11.6, 4.73701, 12.58264],
			"rotation": {"angle": -22.5, "axis": "x", "origin": [8, 5.63701, 8.08264]},
			"faces": {
				"north": {"uv": [0, 0, 4, 1], "tintindex": 0,"texture": "#3"},
				"east": {"uv": [0, 0, 5, 1], "tintindex": 0,"texture": "#3"},
				"south": {"uv": [0, 0, 4, 1], "tintindex": 0,"texture": "#3"},
				"west": {"uv": [0, 0, 5, 1], "tintindex": 0,"texture": "#3"},
				"up": {"uv": [0, 0, 4, 5], "tintindex": 0,"texture": "#3"},
				"down": {"uv": [0, 0, 4, 5], "tintindex": 0,"texture": "#3"}
			}
		},
		{
			"from": [5.3, 1.42046, -2.24157],
			"to": [10.7, 3.22046, 4.95843],
			"rotation": {"angle": 0, "axis": "x", "origin": [7.1, 4.12046, 9.45843]},
			"faces": {
				"north": {"uv": [0, 0, 3, 1], "tintindex": 0,"texture": "#3"},
				"east": {"uv": [0, 0, 4, 1], "tintindex": 0,"texture": "#3"},
				"south": {"uv": [0, 0, 3, 1], "tintindex": 0,"texture": "#3"},
				"west": {"uv": [0, 0, 4, 1], "tintindex": 0,"texture": "#3"},
				"up": {"uv": [0, 0, 3, 4], "tintindex": 0,"texture": "#3"},
				"down": {"uv": [0, 0, 3, 4], "tintindex": 0,"texture": "#3"}
			}
		},
		{
			"from": [6.2, 6.53701, 0.43264],
			"to": [9.8, 8.33701, 2.23264],
			"rotation": {"angle": 45, "axis": "x", "origin": [8, 3.38701, -2.71736]},
			"faces": {
				"north": {"uv": [0, 0, 2, 1], "tintindex": 0,"texture": "#6"},
				"east": {"uv": [0, 0, 1, 1], "tintindex": 0,"texture": "#6"},
				"south": {"uv": [0, 0, 2, 1], "tintindex": 0,"texture": "#6"},
				"west": {"uv": [0, 0, 1, 1], "tintindex": 0,"texture": "#6"},
				"up": {"uv": [0, 0, 2, 1], "tintindex": 0,"texture": "#6"},
				"down": {"uv": [0, 0, 2, 1], "tintindex": 0,"texture": "#6"}
			}
		},
		{
			"from": [6.2, 4.73701, -1.36736],
			"to": [9.8, 6.53701, 0.43264],
			"rotation": {"angle": 45, "axis": "x", "origin": [8, 3.38701, -2.71736]},
			"faces": {
				"north": {"uv": [0, 0, 2, 1], "tintindex": 0,"texture": "#6"},
				"east": {"uv": [0, 0, 1, 1], "tintindex": 0,"texture": "#6"},
				"south": {"uv": [0, 0, 2, 1], "tintindex": 0,"texture": "#6"},
				"west": {"uv": [0, 0, 1, 1], "tintindex": 0,"texture": "#6"},
				"up": {"uv": [0, 0, 2, 1], "tintindex": 0,"texture": "#6"},
				"down": {"uv": [0, 0, 2, 1], "tintindex": 0,"texture": "#6"}
			}
		},
		{
			"from": [6.2, 3.23259, 5.183],
			"to": [9.8, 5.03259, 6.983],
			"rotation": {"angle": 22.5, "axis": "x", "origin": [8, 5.93259, 4.283]},
			"faces": {
				"north": {"uv": [0, 0, 2, 1], "tintindex": 0,"texture": "#6"},
				"east": {"uv": [0, 0, 1, 1], "tintindex": 0,"texture": "#6"},
				"south": {"uv": [0, 0, 2, 1], "tintindex": 0,"texture": "#6"},
				"west": {"uv": [0, 0, 1, 1], "tintindex": 0,"texture": "#6"},
				"up": {"uv": [0, 0, 2, 1], "tintindex": 0,"texture": "#6"},
				"down": {"uv": [0, 0, 2, 1], "tintindex": 0,"texture": "#6"}
			}
		},
		{
			"from": [6.2, 5.03259, 6.983],
			"to": [9.8, 6.83259, 8.783],
			"rotation": {"angle": 22.5, "axis": "x", "origin": [8, 5.93259, 4.283]},
			"faces": {
				"north": {"uv": [0, 0, 2, 1], "tintindex": 0,"texture": "#6"},
				"east": {"uv": [0, 0, 1, 1], "tintindex": 0,"texture": "#6"},
				"south": {"uv": [0, 0, 2, 1], "tintindex": 0,"texture": "#6"},
				"west": {"uv": [0, 0, 1, 1], "tintindex": 0,"texture": "#6"},
				"up": {"uv": [0, 0, 2, 1], "tintindex": 0,"texture": "#6"},
				"down": {"uv": [0, 0, 2, 1], "tintindex": 0,"texture": "#6"}
			}
		},
		{
			"from": [6.2, 6.83259, 8.783],
			"to": [9.8, 8.63259, 10.583],
			"rotation": {"angle": 22.5, "axis": "x", "origin": [8, 5.93259, 4.283]},
			"faces": {
				"north": {"uv": [0, 0, 2, 1], "tintindex": 0,"texture": "#6"},
				"east": {"uv": [0, 0, 1, 1], "tintindex": 0,"texture": "#6"},
				"south": {"uv": [0, 0, 2, 1], "tintindex": 0,"texture": "#6"},
				"west": {"uv": [0, 0, 1, 1], "tintindex": 0,"texture": "#6"},
				"up": {"uv": [0, 0, 2, 1], "tintindex": 0,"texture": "#6"},
				"down": {"uv": [0, 0, 2, 1], "tintindex": 0,"texture": "#6"}
			}
		}
	],
	"display": {
		"head": {
			"translation": [0, 9.75, -12],
			"scale": [4, 4, 4]
		}
	}
}