{
	"credit": "Made with Blockbench",
	"textures": {
		"0": "item/custom/monster/parasite/ten1",
		"1": "item/custom/monster/parasite/ten2",
		"2": "item/custom/monster/parasite/ten3",
		"3": "item/custom/monster/parasite/ten4",
		"4": "item/custom/monster/parasite/ten5",
		"5": "item/custom/monster/parasite/ten6",
		"6": "item/custom/monster/parasite/ten7",
		"7": "item/custom/monster/parasite/ten8",
		"8": "item/custom/monster/parasite/ten9",
		"particle": "item/custom/monster/parasite/ten1"
	},
	"elements": [
		{
			"name": "1",
			"from": [4, 0, 5],
			"to": [12, 6, 11],
			"faces": {
				"north": {"uv": [0, 0, 8, 6], "texture": "#8"},
				"east": {"uv": [0, 0, 6, 6], "texture": "#8"},
				"south": {"uv": [0, 0, 8, 6], "texture": "#8"},
				"west": {"uv": [0, 0, 6, 6], "texture": "#8"},
				"up": {"uv": [0, 0, 8, 6], "texture": "#8"},
				"down": {"uv": [0, 0, 8, 6], "texture": "#8"}
			}
		},
		{
			"name": "1",
			"from": [5, 0, 3],
			"to": [11, 5, 5],
			"faces": {
				"north": {"uv": [0, 0, 6, 5], "texture": "#0"},
				"east": {"uv": [0, 0, 2, 5], "texture": "#0"},
				"south": {"uv": [0, 0, 6, 5], "texture": "#0"},
				"west": {"uv": [0, 0, 2, 5], "texture": "#0"},
				"up": {"uv": [0, 0, 6, 2], "texture": "#0"},
				"down": {"uv": [0, 0, 6, 2], "texture": "#0"}
			}
		},
		{
			"name": "1",
			"from": [5, 0, 11],
			"to": [11, 5, 13],
			"faces": {
				"north": {"uv": [0, 0, 6, 5], "texture": "#0"},
				"east": {"uv": [0, 0, 2, 5], "texture": "#0"},
				"south": {"uv": [0, 0, 6, 5], "texture": "#0"},
				"west": {"uv": [0, 0, 2, 5], "texture": "#0"},
				"up": {"uv": [0, 0, 6, 2], "texture": "#0"},
				"down": {"uv": [0, 0, 6, 2], "texture": "#0"}
			}
		},
		{
			"name": "1",
			"from": [6, 0, 1],
			"to": [10, 3, 3],
			"faces": {
				"north": {"uv": [0, 0, 4, 3], "texture": "#0"},
				"east": {"uv": [0, 0, 2, 3], "texture": "#0"},
				"south": {"uv": [0, 0, 4, 3], "texture": "#0"},
				"west": {"uv": [0, 0, 2, 3], "texture": "#0"},
				"up": {"uv": [0, 0, 4, 2], "texture": "#0"},
				"down": {"uv": [0, 0, 4, 2], "texture": "#0"}
			}
		},
		{
			"name": "2",
			"from": [5.25, 0, 11],
			"to": [11.25, 5, 13],
			"faces": {
				"north": {"uv": [0, 0, 6, 5], "texture": "#1"},
				"east": {"uv": [0, 0, 2, 5], "texture": "#1"},
				"south": {"uv": [0, 0, 6, 5], "texture": "#1"},
				"west": {"uv": [0, 0, 2, 5], "texture": "#1"},
				"up": {"uv": [0, 0, 6, 2], "texture": "#1"},
				"down": {"uv": [0, 0, 6, 2], "texture": "#1"}
			}
		},
		{
			"name": "2",
			"from": [4.75, 0, 3],
			"to": [10.75, 5, 5],
			"faces": {
				"north": {"uv": [0, 0, 6, 5], "texture": "#1"},
				"east": {"uv": [0, 0, 2, 5], "texture": "#1"},
				"south": {"uv": [0, 0, 6, 5], "texture": "#1"},
				"west": {"uv": [0, 0, 2, 5], "texture": "#1"},
				"up": {"uv": [0, 0, 6, 2], "texture": "#1"},
				"down": {"uv": [0, 0, 6, 2], "texture": "#1"}
			}
		},
		{
			"name": "2",
			"from": [5.75, 0, 1],
			"to": [9.75, 3, 3],
			"faces": {
				"north": {"uv": [0, 0, 4, 3], "texture": "#1"},
				"east": {"uv": [0, 0, 2, 3], "texture": "#1"},
				"south": {"uv": [0, 0, 4, 3], "texture": "#1"},
				"west": {"uv": [0, 0, 2, 3], "texture": "#1"},
				"up": {"uv": [0, 0, 4, 2], "texture": "#1"},
				"down": {"uv": [0, 0, 4, 2], "texture": "#1"}
			}
		},
		{
			"name": "3",
			"from": [4.55, 0, 3],
			"to": [10.55, 5, 5],
			"faces": {
				"north": {"uv": [0, 0, 6, 5], "texture": "#2"},
				"east": {"uv": [0, 0, 2, 5], "texture": "#2"},
				"south": {"uv": [0, 0, 6, 5], "texture": "#2"},
				"west": {"uv": [0, 0, 2, 5], "texture": "#2"},
				"up": {"uv": [0, 0, 6, 2], "texture": "#2"},
				"down": {"uv": [0, 0, 6, 2], "texture": "#2"}
			}
		},
		{
			"name": "3",
			"from": [5.45, 0, 11],
			"to": [11.45, 5, 13],
			"faces": {
				"north": {"uv": [0, 0, 6, 5], "texture": "#2"},
				"east": {"uv": [0, 0, 2, 5], "texture": "#2"},
				"south": {"uv": [0, 0, 6, 5], "texture": "#2"},
				"west": {"uv": [0, 0, 2, 5], "texture": "#2"},
				"up": {"uv": [0, 0, 6, 2], "texture": "#2"},
				"down": {"uv": [0, 0, 6, 2], "texture": "#2"}
			}
		},
		{
			"name": "3",
			"from": [5.35, 0, 1],
			"to": [9.35, 3, 3],
			"faces": {
				"north": {"uv": [0, 0, 4, 3], "texture": "#2"},
				"east": {"uv": [0, 0, 2, 3], "texture": "#2"},
				"south": {"uv": [0, 0, 4, 3], "texture": "#2"},
				"west": {"uv": [0, 0, 2, 3], "texture": "#2"},
				"up": {"uv": [0, 0, 4, 2], "texture": "#2"},
				"down": {"uv": [0, 0, 4, 2], "texture": "#2"}
			}
		},
		{
			"name": "4",
			"from": [5.75, 0, 1],
			"to": [9.75, 3, 3],
			"faces": {
				"north": {"uv": [0, 0, 4, 3], "texture": "#3"},
				"east": {"uv": [0, 0, 2, 3], "texture": "#3"},
				"south": {"uv": [0, 0, 4, 3], "texture": "#3"},
				"west": {"uv": [0, 0, 2, 3], "texture": "#3"},
				"up": {"uv": [0, 0, 4, 2], "texture": "#3"},
				"down": {"uv": [0, 0, 4, 2], "texture": "#3"}
			}
		},
		{
			"name": "4",
			"from": [5.25, 0, 11],
			"to": [11.25, 5, 13],
			"faces": {
				"north": {"uv": [0, 0, 6, 5], "texture": "#3"},
				"east": {"uv": [0, 0, 2, 5], "texture": "#3"},
				"south": {"uv": [0, 0, 6, 5], "texture": "#3"},
				"west": {"uv": [0, 0, 2, 5], "texture": "#3"},
				"up": {"uv": [0, 0, 6, 2], "texture": "#3"},
				"down": {"uv": [0, 0, 6, 2], "texture": "#3"}
			}
		},
		{
			"name": "4",
			"from": [4.75, 0, 3],
			"to": [10.75, 5, 5],
			"faces": {
				"north": {"uv": [0, 0, 6, 5], "texture": "#3"},
				"east": {"uv": [0, 0, 2, 5], "texture": "#3"},
				"south": {"uv": [0, 0, 6, 5], "texture": "#3"},
				"west": {"uv": [0, 0, 2, 5], "texture": "#3"},
				"up": {"uv": [0, 0, 6, 2], "texture": "#3"},
				"down": {"uv": [0, 0, 6, 2], "texture": "#3"}
			}
		},
		{
			"name": "5",
			"from": [5, 0, 3],
			"to": [11, 5, 5],
			"faces": {
				"north": {"uv": [0, 0, 6, 5], "texture": "#4"},
				"east": {"uv": [0, 0, 2, 5], "texture": "#4"},
				"south": {"uv": [0, 0, 6, 5], "texture": "#4"},
				"west": {"uv": [0, 0, 2, 5], "texture": "#4"},
				"up": {"uv": [0, 0, 6, 2], "texture": "#4"},
				"down": {"uv": [0, 0, 6, 2], "texture": "#4"}
			}
		},
		{
			"name": "5",
			"from": [5, 0, 11],
			"to": [11, 5, 13],
			"faces": {
				"north": {"uv": [0, 0, 6, 5], "texture": "#4"},
				"east": {"uv": [0, 0, 2, 5], "texture": "#4"},
				"south": {"uv": [0, 0, 6, 5], "texture": "#4"},
				"west": {"uv": [0, 0, 2, 5], "texture": "#4"},
				"up": {"uv": [0, 0, 6, 2], "texture": "#4"},
				"down": {"uv": [0, 0, 6, 2], "texture": "#4"}
			}
		},
		{
			"name": "5",
			"from": [6, 0, 1],
			"to": [10, 3, 3],
			"faces": {
				"north": {"uv": [0, 0, 4, 3], "texture": "#4"},
				"east": {"uv": [0, 0, 2, 3], "texture": "#4"},
				"south": {"uv": [0, 0, 4, 3], "texture": "#4"},
				"west": {"uv": [0, 0, 2, 3], "texture": "#4"},
				"up": {"uv": [0, 0, 4, 2], "texture": "#4"},
				"down": {"uv": [0, 0, 4, 2], "texture": "#4"}
			}
		},
		{
			"name": "6",
			"from": [6.2, 0, 1],
			"to": [10.2, 3, 3],
			"faces": {
				"north": {"uv": [0, 0, 4, 3], "texture": "#5"},
				"east": {"uv": [0, 0, 2, 3], "texture": "#5"},
				"south": {"uv": [0, 0, 4, 3], "texture": "#5"},
				"west": {"uv": [0, 0, 2, 3], "texture": "#5"},
				"up": {"uv": [0, 0, 4, 2], "texture": "#5"},
				"down": {"uv": [0, 0, 4, 2], "texture": "#5"}
			}
		},
		{
			"name": "6",
			"from": [4.8, 0, 11],
			"to": [10.8, 5, 13],
			"faces": {
				"north": {"uv": [0, 0, 6, 5], "texture": "#5"},
				"east": {"uv": [0, 0, 2, 5], "texture": "#5"},
				"south": {"uv": [0, 0, 6, 5], "texture": "#5"},
				"west": {"uv": [0, 0, 2, 5], "texture": "#5"},
				"up": {"uv": [0, 0, 6, 2], "texture": "#5"},
				"down": {"uv": [0, 0, 6, 2], "texture": "#5"}
			}
		},
		{
			"name": "6",
			"from": [5.2, 0, 3],
			"to": [11.2, 5, 5],
			"faces": {
				"north": {"uv": [0, 0, 6, 5], "texture": "#5"},
				"east": {"uv": [0, 0, 2, 5], "texture": "#5"},
				"south": {"uv": [0, 0, 6, 5], "texture": "#5"},
				"west": {"uv": [0, 0, 2, 5], "texture": "#5"},
				"up": {"uv": [0, 0, 6, 2], "texture": "#5"},
				"down": {"uv": [0, 0, 6, 2], "texture": "#5"}
			}
		},
		{
			"name": "7",
			"from": [4.6, 0, 11],
			"to": [10.6, 5, 13],
			"faces": {
				"north": {"uv": [0, 0, 6, 5], "texture": "#6"},
				"east": {"uv": [0, 0, 2, 5], "texture": "#6"},
				"south": {"uv": [0, 0, 6, 5], "texture": "#6"},
				"west": {"uv": [0, 0, 2, 5], "texture": "#6"},
				"up": {"uv": [0, 0, 6, 2], "texture": "#6"},
				"down": {"uv": [0, 0, 6, 2], "texture": "#6"}
			}
		},
		{
			"name": "7",
			"from": [6.6, 0, 1],
			"to": [10.6, 3, 3],
			"faces": {
				"north": {"uv": [0, 0, 4, 3], "texture": "#6"},
				"east": {"uv": [0, 0, 2, 3], "texture": "#6"},
				"south": {"uv": [0, 0, 4, 3], "texture": "#6"},
				"west": {"uv": [0, 0, 2, 3], "texture": "#6"},
				"up": {"uv": [0, 0, 4, 2], "texture": "#6"},
				"down": {"uv": [0, 0, 4, 2], "texture": "#6"}
			}
		},
		{
			"name": "7",
			"from": [5.4, 0, 3],
			"to": [11.4, 5, 5],
			"faces": {
				"north": {"uv": [0, 0, 6, 5], "texture": "#6"},
				"east": {"uv": [0, 0, 2, 5], "texture": "#6"},
				"south": {"uv": [0, 0, 6, 5], "texture": "#6"},
				"west": {"uv": [0, 0, 2, 5], "texture": "#6"},
				"up": {"uv": [0, 0, 6, 2], "texture": "#6"},
				"down": {"uv": [0, 0, 6, 2], "texture": "#6"}
			}
		},
		{
			"name": "8",
			"from": [6.2, 0, 1],
			"to": [10.2, 3, 3],
			"faces": {
				"north": {"uv": [0, 0, 4, 3], "texture": "#7"},
				"east": {"uv": [0, 0, 2, 3], "texture": "#7"},
				"south": {"uv": [0, 0, 4, 3], "texture": "#7"},
				"west": {"uv": [0, 0, 2, 3], "texture": "#7"},
				"up": {"uv": [0, 0, 4, 2], "texture": "#7"},
				"down": {"uv": [0, 0, 4, 2], "texture": "#7"}
			}
		},
		{
			"name": "8",
			"from": [4.8, 0, 11],
			"to": [10.8, 5, 13],
			"faces": {
				"north": {"uv": [0, 0, 6, 5], "texture": "#7"},
				"east": {"uv": [0, 0, 2, 5], "texture": "#7"},
				"south": {"uv": [0, 0, 6, 5], "texture": "#7"},
				"west": {"uv": [0, 0, 2, 5], "texture": "#7"},
				"up": {"uv": [0, 0, 6, 2], "texture": "#7"},
				"down": {"uv": [0, 0, 6, 2], "texture": "#7"}
			}
		},
		{
			"name": "8",
			"from": [5.2, 0, 3],
			"to": [11.2, 5, 5],
			"faces": {
				"north": {"uv": [0, 0, 6, 5], "texture": "#7"},
				"east": {"uv": [0, 0, 2, 5], "texture": "#7"},
				"south": {"uv": [0, 0, 6, 5], "texture": "#7"},
				"west": {"uv": [0, 0, 2, 5], "texture": "#7"},
				"up": {"uv": [0, 0, 6, 2], "texture": "#7"},
				"down": {"uv": [0, 0, 6, 2], "texture": "#7"}
			}
		}
	],
	"display": {
		"head": {
			"translation": [0, -29, 0],
			"scale": [2, 2, 2]
		}
	}
}