{
	"credit": "Made with Blockbench",
	"textures": {
		"1": "block/blue_glazed_terracotta",
		"2": "block/yellow_glazed_terracotta",
		"particle": "block/yellow_glazed_terracotta"
	},
	"elements": [
		{
			"from": [5, 0, 5],
			"to": [11, 1, 11],
			"rotation": {"angle": 0, "axis": "y", "origin": [5, 0, 5]},
			"faces": {
				"north": {"uv": [0, 0, 6, 1], "texture": "#1"},
				"east": {"uv": [0, 0, 6, 1], "texture": "#1"},
				"south": {"uv": [0, 0, 6, 1], "texture": "#1"},
				"west": {"uv": [0, 0, 6, 1], "texture": "#1"},
				"up": {"uv": [0, 0, 6, 6], "texture": "#1"},
				"down": {"uv": [0, 0, 6, 6], "texture": "#1"}
			}
		},
		{
			"from": [4, 0, 6],
			"to": [5, 1, 10],
			"rotation": {"angle": 0, "axis": "y", "origin": [4, 0, 6]},
			"faces": {
				"north": {"uv": [0, 0, 1, 1], "texture": "#1"},
				"east": {"uv": [0, 0, 4, 1], "texture": "#1"},
				"south": {"uv": [0, 0, 1, 1], "texture": "#1"},
				"west": {"uv": [0, 0, 4, 1], "texture": "#1"},
				"up": {"uv": [0, 0, 1, 4], "texture": "#1"},
				"down": {"uv": [0, 0, 1, 4], "texture": "#1"}
			}
		},
		{
			"from": [11, 0, 6],
			"to": [12, 1, 10],
			"rotation": {"angle": 0, "axis": "y", "origin": [11, 0, 6]},
			"faces": {
				"north": {"uv": [0, 0, 1, 1], "texture": "#1"},
				"east": {"uv": [0, 0, 4, 1], "texture": "#1"},
				"south": {"uv": [0, 0, 1, 1], "texture": "#1"},
				"west": {"uv": [0, 0, 4, 1], "texture": "#1"},
				"up": {"uv": [0, 0, 1, 4], "texture": "#1"},
				"down": {"uv": [0, 0, 1, 4], "texture": "#1"}
			}
		},
		{
			"from": [6, 0, 4],
			"to": [10, 1, 5],
			"rotation": {"angle": 0, "axis": "y", "origin": [8, 0.5, 8]},
			"faces": {
				"north": {"uv": [0, 0, 4, 1], "texture": "#1"},
				"east": {"uv": [0, 0, 1, 1], "texture": "#1"},
				"south": {"uv": [0, 0, 4, 1], "texture": "#1"},
				"west": {"uv": [0, 0, 1, 1], "texture": "#1"},
				"up": {"uv": [0, 0, 1, 4], "rotation": 270, "texture": "#1"},
				"down": {"uv": [0, 0, 1, 4], "rotation": 90, "texture": "#1"}
			}
		},
		{
			"from": [6, 0, 11],
			"to": [10, 1, 12],
			"rotation": {"angle": 0, "axis": "y", "origin": [8, 0.5, 8]},
			"faces": {
				"north": {"uv": [0, 0, 4, 1], "texture": "#1"},
				"east": {"uv": [0, 0, 1, 1], "texture": "#1"},
				"south": {"uv": [0, 0, 4, 1], "texture": "#1"},
				"west": {"uv": [0, 0, 1, 1], "texture": "#1"},
				"up": {"uv": [0, 0, 1, 4], "rotation": 270, "texture": "#1"},
				"down": {"uv": [0, 0, 1, 4], "rotation": 90, "texture": "#1"}
			}
		},
		{
			"from": [6, -0.1, 6],
			"to": [10, 1.1, 10],
			"rotation": {"angle": 0, "axis": "y", "origin": [8, 0.5, 8]},
			"faces": {
				"north": {"uv": [0, 0, 4, 1.2], "texture": "#2"},
				"east": {"uv": [0, 0, 4, 1.2], "texture": "#2"},
				"south": {"uv": [0, 0, 4, 1.2], "texture": "#2"},
				"west": {"uv": [0, 0, 4, 1.2], "texture": "#2"},
				"up": {"uv": [0, 0, 4, 4], "rotation": 270, "texture": "#2"},
				"down": {"uv": [0, 0, 4, 4], "rotation": 90, "texture": "#2"}
			}
		}
	],
	"gui_light": "front",
	"display": {
		"thirdperson_righthand": {
			"rotation": [29, 0, 0],
			"translation": [-1, 2.25, 1.25],
			"scale": [0.3, 0.3, 0.3]
		},
		"thirdperson_lefthand": {
			"rotation": [29, 0, 0],
			"translation": [-1, 2.25, 1.25],
			"scale": [0.3, 0.3, 0.3]
		},
		"firstperson_righthand": {
			"rotation": [29, 0, 0],
			"translation": [-1, 2.25, 1.25],
			"scale": [0.3, 0.3, 0.3]
		},
		"firstperson_lefthand": {
			"rotation": [29, 0, 0],
			"translation": [-1, 2.25, 1.25],
			"scale": [0.3, 0.3, 0.3]
		},
		"ground": {
			"rotation": [29, 0, 0],
			"translation": [-1, 3, 1.25],
			"scale": [0.5, 0.5, 0.5]
		},
		"gui": {
			"rotation": [43, 43, 49],
			"translation": [-4, 0, 0]
		}
	}
}