{
	"credit": "Made with Blockbench",
	"textures": {
		"2": "block/amethyst_block",
		"9": "block/budding_amethyst",
		"10": "block/chorus_plant",
		"particle": "item/custom/boss/boss8/boss8body"
	},
	"elements": [
		{
			"from": [4, -9.5, 8.5],
			"to": [12, 1.5, 14],
			"rotation": {"angle": -45, "axis": "x", "origin": [8, -2, 8.25]},
			"faces": {
				"north": {"uv": [0, 0, 8, 11], "tintindex": 0,"texture": "#2"},
				"east": {"uv": [0, 0, 5.5, 11], "tintindex": 0,"texture": "#2"},
				"south": {"uv": [0, 0, 8, 11], "tintindex": 0,"texture": "#2"},
				"west": {"uv": [0, 0, 5.5, 11], "tintindex": 0,"texture": "#2"},
				"up": {"uv": [0, 0, 8, 5.5], "tintindex": 0,"texture": "#2"},
				"down": {"uv": [0, 0, 8, 5.5], "tintindex": 0,"texture": "#2"}
			}
		},
		{
			"from": [5, -7.12652, 13.73008],
			"to": [11, -2.62652, 21.73008],
			"rotation": {"angle": 0, "axis": "x", "origin": [7.5, -4.87652, 17.73008]},
			"faces": {
				"north": {"uv": [0, 0, 6, 4.5], "rotation": 180, "tintindex": 0,"texture": "#2"},
				"east": {"uv": [0, 0, 4.5, 8], "rotation": 90, "tintindex": 0,"texture": "#2"},
				"south": {"uv": [0, 0, 6, 4.5], "tintindex": 0,"texture": "#2"},
				"west": {"uv": [0, 0, 4.5, 8], "rotation": 270, "tintindex": 0,"texture": "#2"},
				"up": {"uv": [0, 0, 6, 8], "tintindex": 0,"texture": "#2"},
				"down": {"uv": [0, 0, 6, 8], "rotation": 180, "tintindex": 0,"texture": "#2"}
			}
		},
		{
			"from": [13.38909, -5.62652, 18.91206],
			"to": [14.38909, -3.62652, 28.91206],
			"rotation": {"angle": 45, "axis": "y", "origin": [14.88909, -3.62652, 24.91206]},
			"faces": {
				"north": {"uv": [0, 0, 1, 2], "tintindex": 0,"texture": "#10"},
				"east": {"uv": [0, 0, 10, 2], "tintindex": 0,"texture": "#10"},
				"south": {"uv": [0, 0, 1, 2], "tintindex": 0,"texture": "#10"},
				"west": {"uv": [0, 0, 10, 2], "tintindex": 0,"texture": "#10"},
				"up": {"uv": [0, 0, 1, 10], "tintindex": 0,"texture": "#10"},
				"down": {"uv": [0, 0, 1, 10], "tintindex": 0,"texture": "#10"}
			}
		},
		{
			"from": [7.5, -5.62652, 19.73008],
			"to": [8.5, -3.62652, 29.73008],
			"rotation": {"angle": 0, "axis": "y", "origin": [8, -4.62652, 24.73008]},
			"faces": {
				"north": {"uv": [0, 0, 1, 2], "tintindex": 0,"texture": "#10"},
				"east": {"uv": [0, 0, 10, 2], "tintindex": 0,"texture": "#10"},
				"south": {"uv": [0, 0, 1, 2], "tintindex": 0,"texture": "#10"},
				"west": {"uv": [0, 0, 10, 2], "tintindex": 0,"texture": "#10"},
				"up": {"uv": [0, 0, 1, 10], "tintindex": 0,"texture": "#10"},
				"down": {"uv": [0, 0, 1, 10], "tintindex": 0,"texture": "#10"}
			}
		},
		{
			"from": [-2.88909, -5.62652, 25.41206],
			"to": [7.11091, -3.62652, 26.41206],
			"rotation": {"angle": 45, "axis": "y", "origin": [1.11091, -3.62652, 24.91206]},
			"faces": {
				"north": {"uv": [0, 0, 10, 2], "tintindex": 0,"texture": "#10"},
				"east": {"uv": [0, 0, 1, 2], "tintindex": 0,"texture": "#10"},
				"south": {"uv": [0, 0, 10, 2], "tintindex": 0,"texture": "#10"},
				"west": {"uv": [0, 0, 1, 2], "tintindex": 0,"texture": "#10"},
				"up": {"uv": [0, 0, 1, 10], "rotation": 270, "tintindex": 0,"texture": "#10"},
				"down": {"uv": [0, 0, 1, 10], "rotation": 90, "tintindex": 0,"texture": "#10"}
			}
		},
		{
			"from": [4, -5, 26],
			"to": [12, -4, 31],
			"rotation": {"angle": 45, "axis": "y", "origin": [4, -4.5, 29.5]},
			"faces": {
				"north": {"uv": [0, 0, 8, 1], "tintindex": 0,"texture": "#9"},
				"east": {"uv": [0, 0, 5, 1], "tintindex": 0,"texture": "#9"},
				"south": {"uv": [0, 0, 8, 1], "tintindex": 0,"texture": "#9"},
				"west": {"uv": [0, 0, 5, 1], "tintindex": 0,"texture": "#9"},
				"up": {"uv": [0, 0, 8, 5], "tintindex": 0,"texture": "#9"},
				"down": {"uv": [0, 0, 8, 5], "tintindex": 0,"texture": "#9"}
			}
		},
		{
			"from": [5.12132, -5.1, 20.46447],
			"to": [13.12132, -4.1, 25.46447],
			"rotation": {"angle": -45, "axis": "y", "origin": [6.12132, -4.5, 25.96447]},
			"faces": {
				"north": {"uv": [0, 0, 8, 1], "tintindex": 0,"texture": "#9"},
				"east": {"uv": [0, 0, 5, 1], "tintindex": 0,"texture": "#9"},
				"south": {"uv": [0, 0, 8, 1], "tintindex": 0,"texture": "#9"},
				"west": {"uv": [0, 0, 5, 1], "tintindex": 0,"texture": "#9"},
				"up": {"uv": [0, 0, 8, 5], "tintindex": 0,"texture": "#9"},
				"down": {"uv": [0, 0, 8, 5], "tintindex": 0,"texture": "#9"}
			}
		}
	],
	"display": {
		"head": {
			"translation": [0, 19.5, -4.25],
			"scale": [4, 4, 4]
		}
	},
	"groups": [
		{
			"name": "alex",
			"origin": [8, 8, 8],
			"color": 0,
			"children": []
		},
		0,
		1,
		2,
		3,
		4,
		5,
		6
	]
}