{
	"credit": "Made with Blockbench",
	"textures": {
		"0": "item/custom/boss/boss8/boss8body",
		"4": "block/medium_amethyst_bud",
		"8": "block/large_amethyst_bud",
		"particle": "item/custom/boss/boss8/boss8body"
	},
	"elements": [
		{
			"name": "head",
			"from": [4, 22.5, 4],
			"to": [12, 30.5, 12],
			"rotation": {"angle": 0, "axis": "y", "origin": [0, -1, 0]},
			"faces": {
				"north": {"uv": [2, 2, 4, 4], "tintindex": 0,"texture": "#0"},
				"east": {"uv": [0, 2, 2, 4], "tintindex": 0,"texture": "#0"},
				"south": {"uv": [6, 2, 8, 4], "tintindex": 0,"texture": "#0"},
				"west": {"uv": [4, 2, 6, 4], "tintindex": 0,"texture": "#0"},
				"up": {"uv": [4, 2, 2, 0], "tintindex": 0,"texture": "#0"},
				"down": {"uv": [6, 0, 4, 2], "tintindex": 0,"texture": "#0"}
			}
		},
		{
			"from": [2.79289, 24.5, 6.91421],
			"to": [3.79289, 28.5, 9.91421],
			"rotation": {"angle": -45, "axis": "y", "origin": [3.29289, 26.5, 8.41421]},
			"faces": {
				"north": {"uv": [0, 0, 4, 1], "rotation": 270, "tintindex": 0,"texture": "#4"},
				"east": {"uv": [0, 0, 4, 3], "rotation": 270, "tintindex": 0,"texture": "#4"},
				"south": {"uv": [0, 0, 4, 1], "rotation": 270, "tintindex": 0,"texture": "#4"},
				"west": {"uv": [3, 9, 13, 16], "rotation": 90, "tintindex": 0,"texture": "#4"},
				"up": {"uv": [0, 0, 1, 3], "rotation": 180, "tintindex": 0,"texture": "#4"},
				"down": {"uv": [0, 0, 1, 3], "tintindex": 0,"texture": "#4"}
			}
		},
		{
			"from": [12.20711, 24.5, 6.91421],
			"to": [13.20711, 28.5, 9.91421],
			"rotation": {"angle": 45, "axis": "y", "origin": [12.70711, 26.5, 8.41421]},
			"faces": {
				"north": {"uv": [0, 0, 4, 1], "rotation": 270, "tintindex": 0,"texture": "#4"},
				"east": {"uv": [3, 9, 13, 16], "rotation": 270, "tintindex": 0,"texture": "#4"},
				"south": {"uv": [0, 0, 4, 1], "rotation": 270, "tintindex": 0,"texture": "#4"},
				"west": {"uv": [0, 0, 10, 7], "rotation": 90, "tintindex": 0,"texture": "#4"},
				"up": {"uv": [0, 0, 1, 3], "rotation": 180, "tintindex": 0,"texture": "#4"},
				"down": {"uv": [0, 0, 1, 3], "tintindex": 0,"texture": "#4"}
			}
		},
		{
			"from": [5, 27, 3.75],
			"to": [11, 32, 4.75],
			"rotation": {"angle": 0, "axis": "y", "origin": [8.5, 0.5, 0.5]},
			"faces": {
				"north": {"uv": [2, 6, 14, 16], "tintindex": 0,"texture": "#8"},
				"east": {"uv": [0, 0, 1, 3], "tintindex": 0,"texture": "#8"},
				"south": {"uv": [2, 6, 14, 16], "tintindex": 0,"texture": "#8"},
				"west": {"uv": [0, 0, 1, 3], "tintindex": 0,"texture": "#8"},
				"up": {"uv": [0, 0, 6, 1], "tintindex": 0,"texture": "#8"},
				"down": {"uv": [0, 0, 6, 1], "tintindex": 0,"texture": "#8"}
			}
		}
	],
	"display": {
		"head": {
			"translation": [0, -64.5, 0],
			"scale": [4, 4, 4]
		}
	},
	"groups": [
		{
			"name": "alex",
			"origin": [8, 8, 8],
			"color": 0,
			"children": [0, 1, 2, 3]
		}
	]
}