{
	"credit": "Made with Blockbench",
	"textures": {
		"0": "item/custom/boss/boss8/boss8body",
		"2": "block/amethyst_block",
		"3": "block/bubble_coral_block",
		"5": "block/prismarine",
		"11": "block/bubble_coral_fan",
		"particle": "item/custom/boss/boss8/boss8body"
	},
	"elements": [
		{
			"name": "body",
			"from": [4, 10.5, 6],
			"to": [12, 22.5, 10],
			"rotation": {"angle": 0, "axis": "y", "origin": [0, -1, 0]},
			"faces": {
				"north": {"uv": [5, 5, 7, 8], "tintindex": 0,"texture": "#0"},
				"east": {"uv": [4, 5, 5, 8], "tintindex": 0,"texture": "#0"},
				"south": {"uv": [8, 5, 10, 8], "tintindex": 0,"texture": "#0"},
				"west": {"uv": [7, 5, 8, 8], "tintindex": 0,"texture": "#0"},
				"up": {"uv": [7, 5, 5, 4], "tintindex": 0,"texture": "#0"},
				"down": {"uv": [9, 4, 7, 5], "tintindex": 0,"texture": "#0"}
			}
		},
		{
			"from": [3, 8.5, 5],
			"to": [4, 11.5, 11],
			"rotation": {"angle": -22.5, "axis": "z", "origin": [3.5, 10, 8]},
			"faces": {
				"north": {"uv": [0, 0, 1, 4], "rotation": 180, "tintindex": 0,"texture": "#11"},
				"east": {"uv": [0, 0, 7, 4], "rotation": 180, "tintindex": 0,"texture": "#11"},
				"south": {"uv": [0, 0, 1, 4], "rotation": 180, "tintindex": 0,"texture": "#11"},
				"west": {"uv": [0, 6, 16, 16], "rotation": 180, "tintindex": 0,"texture": "#11"},
				"up": {"uv": [0, 0, 7, 1], "rotation": 270, "tintindex": 0,"texture": "#11"},
				"down": {"uv": [0, 0, 7, 1], "rotation": 90, "tintindex": 0,"texture": "#11"}
			}
		},
		{
			"from": [12, 8.5, 5],
			"to": [13, 11.5, 11],
			"rotation": {"angle": 22.5, "axis": "z", "origin": [12.5, 10, 8]},
			"faces": {
				"north": {"uv": [0, 0, 1, 4], "rotation": 180, "tintindex": 0,"texture": "#11"},
				"east": {"uv": [0, 6, 16, 16], "rotation": 180, "tintindex": 0,"texture": "#11"},
				"south": {"uv": [0, 0, 1, 4], "rotation": 180, "tintindex": 0,"texture": "#11"},
				"west": {"uv": [0, 0, 7, 4], "rotation": 180, "tintindex": 0,"texture": "#11"},
				"up": {"uv": [0, 0, 7, 1], "rotation": 90, "tintindex": 0,"texture": "#11"},
				"down": {"uv": [0, 0, 7, 1], "rotation": 270, "tintindex": 0,"texture": "#11"}
			}
		},
		{
			"from": [3.75, 19, 0],
			"to": [12.75, 23, 4],
			"rotation": {"angle": 45, "axis": "x", "origin": [8.5, 15, 2]},
			"faces": {
				"north": {"uv": [0, 0, 9, 4], "tintindex": 0,"texture": "#3"},
				"east": {"uv": [0, 0, 4, 4], "tintindex": 0,"texture": "#3"},
				"south": {"uv": [0, 0, 9, 4], "tintindex": 0,"texture": "#3"},
				"west": {"uv": [0, 0, 4, 4], "tintindex": 0,"texture": "#3"},
				"up": {"uv": [0, 0, 9, 4], "tintindex": 0,"texture": "#3"},
				"down": {"uv": [0, 0, 9, 4], "tintindex": 0,"texture": "#3"}
			}
		},
		{
			"from": [3.4, 10.5, 5],
			"to": [8.4, 11.5, 11],
			"rotation": {"angle": -22.5, "axis": "z", "origin": [5.9, 11, 7.5]},
			"faces": {
				"north": {"uv": [0, 0, 5, 1], "tintindex": 0,"texture": "#5"},
				"east": {"uv": [0, 0, 6, 1], "tintindex": 0,"texture": "#5"},
				"south": {"uv": [0, 0, 5, 1], "tintindex": 0,"texture": "#5"},
				"west": {"uv": [0, 0, 6, 1], "tintindex": 0,"texture": "#5"},
				"up": {"uv": [0, 0, 5, 6], "tintindex": 0,"texture": "#5"},
				"down": {"uv": [0, 0, 5, 6], "tintindex": 0,"texture": "#5"}
			}
		},
		{
			"from": [7.63671, 10.5, 5],
			"to": [12.63671, 11.5, 11],
			"rotation": {"angle": 22.5, "axis": "z", "origin": [10.13671, 11, 7.5]},
			"faces": {
				"north": {"uv": [0, 0, 5, 1], "tintindex": 0,"texture": "#5"},
				"east": {"uv": [0, 0, 6, 1], "tintindex": 0,"texture": "#5"},
				"south": {"uv": [0, 0, 5, 1], "tintindex": 0,"texture": "#5"},
				"west": {"uv": [0, 0, 6, 1], "tintindex": 0,"texture": "#5"},
				"up": {"uv": [0, 0, 5, 6], "tintindex": 0,"texture": "#5"},
				"down": {"uv": [0, 0, 5, 6], "tintindex": 0,"texture": "#5"}
			}
		},
		{
			"from": [7.5, 11.25, 6.75],
			"to": [8.5, 16.25, 10.75],
			"rotation": {"angle": -45, "axis": "x", "origin": [8, 14.5, 10]},
			"faces": {
				"north": {"uv": [0, 0, 1, 5], "tintindex": 0,"texture": "#2"},
				"east": {"uv": [0, 0, 4, 5], "tintindex": 0,"texture": "#2"},
				"south": {"uv": [0, 0, 1, 5], "tintindex": 0,"texture": "#2"},
				"west": {"uv": [0, 0, 4, 5], "tintindex": 0,"texture": "#2"},
				"up": {"uv": [0, 0, 1, 4], "tintindex": 0,"texture": "#2"},
				"down": {"uv": [0, 0, 1, 4], "tintindex": 0,"texture": "#2"}
			}
		},
		{
			"from": [3.5, 6.5, 5.25],
			"to": [12.5, 11.5, 10.75],
			"rotation": {"angle": 0, "axis": "y", "origin": [6, 2.5, 2.5]},
			"faces": {
				"north": {"uv": [0, 0, 9, 5], "tintindex": 0,"texture": "#2"},
				"east": {"uv": [0, 0, 5.5, 5], "tintindex": 0,"texture": "#2"},
				"south": {"uv": [0, 0, 9, 5], "tintindex": 0,"texture": "#2"},
				"west": {"uv": [0, 0, 5.5, 5], "tintindex": 0,"texture": "#2"},
				"up": {"uv": [0, 0, 9, 5.5], "tintindex": 0,"texture": "#2"},
				"down": {"uv": [0, 0, 9, 5.5], "tintindex": 0,"texture": "#2"}
			}
		},
		{
			"from": [3, 0.5, 4.75],
			"to": [13, 9.5, 11.25],
			"rotation": {"angle": 0, "axis": "y", "origin": [6, 2.5, 2.5]},
			"faces": {
				"north": {"uv": [0, 0, 10, 9], "tintindex": 0,"texture": "#2"},
				"east": {"uv": [0, 0, 6.5, 9], "tintindex": 0,"texture": "#2"},
				"south": {"uv": [0, 0, 10, 9], "tintindex": 0,"texture": "#2"},
				"west": {"uv": [0, 0, 6.5, 9], "tintindex": 0,"texture": "#2"},
				"up": {"uv": [0, 0, 10, 6.5], "tintindex": 0,"texture": "#2"},
				"down": {"uv": [0, 0, 10, 6.5], "tintindex": 0,"texture": "#2"}
			}
		}
	],
	"display": {
		"head": {
			"translation": [0, 23.75, 0],
			"scale": [4, 4, 4]
		}
	},
	"groups": [
		{
			"name": "alex",
			"origin": [8, 8, 8],
			"color": 0,
			"children": [0, 1, 2]
		},
		3,
		4,
		5,
		6,
		7,
		8
	]
}