{
	"credit": "Made with Blockbench",
	"textures": {
		"0": "item/custom/boss/boss8/boss8body",
		"9": "block/budding_amethyst",
		"10": "block/chorus_plant",
		"particle": "item/custom/boss/boss8/boss8body"
	},
	"elements": [
		{
			"name": "left_arm",
			"from": [-4.65434, 20.76223, 5.75],
			"to": [4.34566, 23.76223, 9.75],
			"rotation": {"angle": 22.5, "axis": "z", "origin": [7.34566, 22.26223, 7.75]},
			"faces": {
				"north": {"uv": [9, 13, 9.75, 16], "rotation": 270, "tintindex": 0,"texture": "#0"},
				"east": {"uv": [9.75, 13, 9, 12], "rotation": 90, "tintindex": 0,"texture": "#0"},
				"south": {"uv": [10.75, 13, 11.5, 16], "rotation": 90, "tintindex": 0,"texture": "#0"},
				"west": {"uv": [10.5, 12, 9.75, 13], "rotation": 90, "tintindex": 0,"texture": "#0"},
				"up": {"uv": [9.75, 13, 10.75, 16], "rotation": 90, "tintindex": 0,"texture": "#0"},
				"down": {"uv": [8, 13, 9, 16], "rotation": 90, "tintindex": 0,"texture": "#0"}
			}
		},
		{
			"from": [-10.58108, 16.28421, 7.99264],
			"to": [-0.58108, 19.28421, 10.99264],
			"rotation": {"angle": 45, "axis": "y", "origin": [-4.58108, 17.78421, 9.99264]},
			"faces": {
				"north": {"uv": [0, 0, 10, 3], "tintindex": 0,"texture": "#10"},
				"east": {"uv": [0, 0, 3, 3], "tintindex": 0,"texture": "#10"},
				"south": {"uv": [0, 0, 10, 3], "tintindex": 0,"texture": "#10"},
				"west": {"uv": [0, 0, 3, 3], "tintindex": 0,"texture": "#10"},
				"up": {"uv": [0, 0, 10, 3], "tintindex": 0,"texture": "#10"},
				"down": {"uv": [0, 0, 10, 3], "tintindex": 0,"texture": "#10"}
			}
		},
		{
			"from": [-12.03613, 16.78421, 12.86121],
			"to": [-10.03613, 18.78421, 21.86121],
			"rotation": {"angle": -22.5, "axis": "y", "origin": [-11.03613, 18.28421, 17.36121]},
			"faces": {
				"north": {"uv": [0, 0, 2, 2], "tintindex": 0,"texture": "#10"},
				"east": {"uv": [0, 0, 9, 2], "tintindex": 0,"texture": "#10"},
				"south": {"uv": [0, 0, 2, 2], "tintindex": 0,"texture": "#10"},
				"west": {"uv": [0, 0, 9, 2], "tintindex": 0,"texture": "#10"},
				"up": {"uv": [0, 0, 2, 9], "tintindex": 0,"texture": "#10"},
				"down": {"uv": [0, 0, 2, 9], "tintindex": 0,"texture": "#10"}
			}
		},
		{
			"from": [-5, 18, 9],
			"to": [0, 19, 17],
			"rotation": {"angle": 0, "axis": "y", "origin": [-2.5, 18.5, 14]},
			"faces": {
				"north": {"uv": [0, 0, 5, 1], "tintindex": 0,"texture": "#9"},
				"east": {"uv": [0, 0, 8, 1], "tintindex": 0,"texture": "#9"},
				"south": {"uv": [0, 0, 5, 1], "tintindex": 0,"texture": "#9"},
				"west": {"uv": [0, 0, 8, 1], "tintindex": 0,"texture": "#9"},
				"up": {"uv": [0, 0, 5, 8], "tintindex": 0,"texture": "#9"},
				"down": {"uv": [0, 0, 5, 8], "tintindex": 0,"texture": "#9"}
			}
		},
		{
			"from": [-7, 17.75, 12],
			"to": [-2, 18.75, 20],
			"rotation": {"angle": 0, "axis": "y", "origin": [-2.5, 18.5, 14]},
			"faces": {
				"north": {"uv": [0, 0, 5, 1], "tintindex": 0,"texture": "#9"},
				"east": {"uv": [0, 0, 8, 1], "tintindex": 0,"texture": "#9"},
				"south": {"uv": [0, 0, 5, 1], "tintindex": 0,"texture": "#9"},
				"west": {"uv": [0, 0, 8, 1], "tintindex": 0,"texture": "#9"},
				"up": {"uv": [0, 0, 5, 8], "tintindex": 0,"texture": "#9"},
				"down": {"uv": [0, 0, 5, 8], "tintindex": 0,"texture": "#9"}
			}
		},
		{
			"from": [-10, 17.5, 14],
			"to": [-5, 18.5, 22],
			"rotation": {"angle": -22.5, "axis": "y", "origin": [-7.5, 18, 18]},
			"faces": {
				"north": {"uv": [0, 0, 5, 1], "tintindex": 0,"texture": "#9"},
				"east": {"uv": [0, 0, 8, 1], "tintindex": 0,"texture": "#9"},
				"south": {"uv": [0, 0, 5, 1], "tintindex": 0,"texture": "#9"},
				"west": {"uv": [0, 0, 8, 1], "tintindex": 0,"texture": "#9"},
				"up": {"uv": [0, 0, 5, 8], "tintindex": 0,"texture": "#9"},
				"down": {"uv": [0, 0, 5, 8], "tintindex": 0,"texture": "#9"}
			}
		},
		{
			"from": [-2.5, 18.5, 8],
			"to": [2.5, 19.5, 14],
			"rotation": {"angle": 22.5, "axis": "z", "origin": [0, 19, 11.5]},
			"faces": {
				"north": {"uv": [0, 0, 5, 1], "tintindex": 0,"texture": "#9"},
				"east": {"uv": [0, 0, 6, 1], "tintindex": 0,"texture": "#9"},
				"south": {"uv": [0, 0, 5, 1], "tintindex": 0,"texture": "#9"},
				"west": {"uv": [0, 0, 6, 1], "tintindex": 0,"texture": "#9"},
				"up": {"uv": [0, 0, 5, 6], "tintindex": 0,"texture": "#9"},
				"down": {"uv": [0, 0, 5, 6], "tintindex": 0,"texture": "#9"}
			}
		}
	],
	"display": {
		"head": {
			"rotation": [0, -90, 0],
			"translation": [-1, -50, 18],
			"scale": [4, 4, 4]
		}
	},
	"groups": [
		{
			"name": "alex",
			"origin": [8, 8, 8],
			"color": 0,
			"children": [0, 1, 2, 3, 4, 5, 6]
		}
	]
}