{
	"credit": "Made with Blockbench",
	"textures": {
		"1": "block/cake_top",
		"2": "block/cake_side",
		"particle": "block/iron_block"
	},
	"elements": [
		{
			"from": [8, 1, 5.5],
			"to": [10, 4, 9.5],
			"rotation": {"angle": 45, "axis": "y", "origin": [9, 2.5, 7.5]},
			"faces": {
				"north": {"uv": [9, 9, 13, 15], "texture": "#2"},
				"east": {"uv": [1, 9, 9, 15], "texture": "#2"},
				"south": {"uv": [9, 9, 13, 15], "texture": "#2"},
				"west": {"uv": [1, 9, 9, 15], "texture": "#2"},
				"up": {"uv": [10.5, 3.75, 14.5, 11.75], "texture": "#1"},
				"down": {"uv": [7, 12, 9, 16], "texture": "#2"}
			}
		}
	],
	"gui_light": "front",
	"display": {
		"thirdperson_righthand": {
			"rotation": [0, -155, -10],
			"translation": [-0.5, 5.25, 0],
			"scale": [0.8, 0.8, 0.8]
		},
		"thirdperson_lefthand": {
			"rotation": [0, -155, -10],
			"translation": [-0.5, 5.25, 0],
			"scale": [0.8, 0.8, 0.8]
		},
		"firstperson_righthand": {
			"rotation": [0, -155, -10],
			"translation": [-0.5, 5.5, 0],
			"scale": [0.8, 0.8, 0.8]
		},
		"firstperson_lefthand": {
			"rotation": [0, -155, -10],
			"translation": [-0.5, 5.5, 0],
			"scale": [0.8, 0.8, 0.8]
		},
		"ground": {
			"rotation": [0, -155, -10],
			"translation": [-0.5, 6, 0],
			"scale": [0.8, 0.8, 0.8]
		},
		"gui": {
			"rotation": [33, -144, 0],
			"translation": [1.25, 6.5, 0],
			"scale": [1.3, 1.3, 1.3]
		},
		"fixed": {
			"rotation": [-90, 59, 0],
			"translation": [0, 0.5, -6]
		}
	}
}