{
	"credit": "Made with Blockbench",
	"textures": {
		"2": "block/brown_concrete_powder",
		"4": "block/green_concrete_powder",
		"particle": "block/iron_block"
	},
	"elements": [
		{
			"from": [3, 0, 6],
			"to": [13, 0.1, 10],
			"rotation": {"angle": 0, "axis": "y", "origin": [3, 0, 6]},
			"faces": {
				"north": {"uv": [0, 0, 10, 0.1], "texture": "#2"},
				"east": {"uv": [0, 0, 4, 0.1], "texture": "#2"},
				"south": {"uv": [0, 0, 10, 0.1], "texture": "#2"},
				"west": {"uv": [0, 0, 4, 0.1], "texture": "#2"},
				"up": {"uv": [0, 0, 10, 4], "texture": "#2"},
				"down": {"uv": [0, 0, 10, 4], "texture": "#2"}
			}
		},
		{
			"from": [3, 4.1, 6],
			"to": [13, 4.5, 10],
			"rotation": {"angle": 0, "axis": "y", "origin": [3, 4.1, 6]},
			"faces": {
				"north": {"uv": [0, 0, 10, 0.4], "texture": "#2"},
				"east": {"uv": [0, 0, 4, 0.4], "texture": "#2"},
				"south": {"uv": [0, 0, 10, 0.4], "texture": "#2"},
				"west": {"uv": [0, 0, 4, 0.4], "texture": "#2"},
				"up": {"uv": [0, 0, 10, 4], "texture": "#2"},
				"down": {"uv": [0, 0, 10, 4], "texture": "#2"}
			}
		},
		{
			"from": [3, 0.1, 6],
			"to": [13, 4.1, 10],
			"rotation": {"angle": 0, "axis": "y", "origin": [3, 0.1, 6]},
			"faces": {
				"north": {"uv": [0, 0, 10, 4], "texture": "#4"},
				"east": {"uv": [0, 0, 4, 4], "texture": "#4"},
				"south": {"uv": [0, 0, 10, 4], "texture": "#4"},
				"west": {"uv": [0, 0, 4, 4], "texture": "#4"},
				"up": {"uv": [0, 0, 10, 4], "texture": "#4"},
				"down": {"uv": [0, 0, 10, 4], "texture": "#4"}
			}
		}
	],
	"gui_light": "front",
	"display": {
		"thirdperson_righthand": {
			"rotation": [0, -155, -10],
			"translation": [-0.5, 3.5, 0],
			"scale": [0.4, 0.4, 0.4]
		},
		"thirdperson_lefthand": {
			"rotation": [0, -155, -10],
			"translation": [-0.5, 3.5, 0],
			"scale": [0.4, 0.4, 0.4]
		},
		"firstperson_righthand": {
			"rotation": [0, -155, -10],
			"translation": [-0.5, 3.5, 0],
			"scale": [0.4, 0.4, 0.4]
		},
		"firstperson_lefthand": {
			"rotation": [0, -155, -10],
			"translation": [-0.5, 3.5, 0],
			"scale": [0.4, 0.4, 0.4]
		},
		"ground": {
			"rotation": [0, -155, -10],
			"translation": [-0.5, 6, 0],
			"scale": [0.8, 0.8, 0.8]
		},
		"gui": {
			"rotation": [33, -144, 0],
			"translation": [-0.25, 3.75, 0]
		},
		"fixed": {
			"rotation": [-90, 0, 0],
			"translation": [0, 0.5, -6.25]
		}
	}
}