{
	"credit": "Made with Blockbench",
	"textures": {
		"0": "block/shroomlight",
		"1": "block/cake_top",
		"particle": "block/shroomlight"
	},
	"elements": [
		{
			"from": [2.5, 4.25, 3],
			"to": [12.5, 8.25, 13],
			"rotation": {"angle": 22.5, "axis": "z", "origin": [7.5, 5.25, 8.125]},
			"faces": {
				"north": {"uv": [0, 0, 10, 4], "texture": "#0"},
				"east": {"uv": [0, 0, 10, 4], "texture": "#0"},
				"south": {"uv": [0, 0, 10, 4], "texture": "#0"},
				"west": {"uv": [0, 0, 10, 4], "texture": "#0"},
				"up": {"uv": [0, 0, 10, 10], "texture": "#0"},
				"down": {"uv": [0, 0, 10, 10], "texture": "#0"}
			}
		},
		{
			"from": [3, -1, 3],
			"to": [13, 2, 13],
			"rotation": {"angle": 0, "axis": "y", "origin": [3, -1, 3]},
			"faces": {
				"north": {"uv": [0, 0, 10, 3], "texture": "#0"},
				"east": {"uv": [0, 0, 10, 3], "texture": "#0"},
				"south": {"uv": [0, 0, 10, 3], "texture": "#0"},
				"west": {"uv": [0, 0, 10, 3], "texture": "#0"},
				"up": {"uv": [0, 0, 10, 10], "texture": "#0"},
				"down": {"uv": [0, 0, 10, 10], "texture": "#0"}
			}
		},
		{
			"from": [3.5, 2, 3.5],
			"to": [12.5, 6, 12.5],
			"rotation": {"angle": 0, "axis": "y", "origin": [8.5, 3.5, 8.5]},
			"faces": {
				"north": {"uv": [6, 1, 15, 4], "texture": "#1"},
				"east": {"uv": [6, 12, 15, 15], "texture": "#1"},
				"south": {"uv": [3, 8, 12, 11], "texture": "#1"},
				"west": {"uv": [3, 4, 12, 7], "texture": "#1"},
				"up": {"uv": [3, 4, 12, 13], "rotation": 270, "texture": "#1"},
				"down": {"uv": [3, 4, 12, 13], "rotation": 90, "texture": "#1"}
			}
		},
		{
			"from": [1.5, 4.5, 4.5],
			"to": [13.5, 7.5, 11.5],
			"rotation": {"angle": 22.5, "axis": "z", "origin": [7.5, 5.25, 8.125]},
			"faces": {
				"north": {"uv": [0, 0, 12, 3], "texture": "#0"},
				"east": {"uv": [0, 0, 7, 3], "texture": "#0"},
				"south": {"uv": [0, 0, 12, 3], "texture": "#0"},
				"west": {"uv": [0, 0, 7, 3], "texture": "#0"},
				"up": {"uv": [0, 0, 12, 7], "texture": "#0"},
				"down": {"uv": [0, 0, 12, 7], "texture": "#0"}
			}
		},
		{
			"from": [4, 4.5, 2.25],
			"to": [11, 7.5, 14.25],
			"rotation": {"angle": 22.5, "axis": "z", "origin": [7.5, 5.25, 8.125]},
			"faces": {
				"north": {"uv": [0, 0, 7, 3], "texture": "#0"},
				"east": {"uv": [0, 0, 12, 3], "texture": "#0"},
				"south": {"uv": [0, 0, 7, 3], "texture": "#0"},
				"west": {"uv": [0, 0, 12, 3], "texture": "#0"},
				"up": {"uv": [0, 0, 12, 7], "rotation": 270, "texture": "#0"},
				"down": {"uv": [0, 0, 12, 7], "rotation": 90, "texture": "#0"}
			}
		},
		{
			"from": [1.5, 5, 4.75],
			"to": [8.5, 9, 11.75],
			"rotation": {"angle": 22.5, "axis": "z", "origin": [5, 10.5, 8.125]},
			"faces": {
				"north": {"uv": [0, 0, 4, 7], "rotation": 90, "texture": "#0"},
				"east": {"uv": [0, 0, 4, 7], "rotation": 90, "texture": "#0"},
				"south": {"uv": [0, 0, 4, 7], "rotation": 90, "texture": "#0"},
				"west": {"uv": [0, 0, 4, 7], "rotation": 270, "texture": "#0"},
				"up": {"uv": [0, 0, 7, 7], "texture": "#0"},
				"down": {"uv": [0, 0, 7, 7], "rotation": 180, "texture": "#0"}
			}
		}
	],
	"gui_light": "front",
	"display": {
		"thirdperson_righthand": {
			"rotation": [0, -52, -10],
			"translation": [-0.5, 1.5, 0],
			"scale": [0.25, 0.25, 0.25]
		},
		"thirdperson_lefthand": {
			"rotation": [0, -52, -10],
			"translation": [-0.5, 1.5, 0],
			"scale": [0.25, 0.25, 0.25]
		},
		"firstperson_righthand": {
			"rotation": [0, -155, -10],
			"translation": [-0.5, 2.25, 0],
			"scale": [0.25, 0.25, 0.25]
		},
		"firstperson_lefthand": {
			"rotation": [0, 36, -10],
			"translation": [-0.5, 2.25, 0],
			"scale": [0.25, 0.25, 0.25]
		},
		"ground": {
			"rotation": [0, -155, -10],
			"translation": [-0.5, 2.25, 0],
			"scale": [0.4, 0.4, 0.4]
		},
		"gui": {
			"rotation": [33, -144, 0],
			"translation": [0, 3.25, 0],
			"scale": [0.8, 0.8, 0.8]
		},
		"fixed": {
			"rotation": [-90, 59, 0],
			"translation": [0, 0.5, -4.75],
			"scale": [0.6, 0.6, 0.6]
		}
	}
}