{
	"credit": "Made with Blockbench",
	"textures": {
		"0": "block/shroomlight",
		"1": "block/powder_snow",
		"2": "block/dark_oak_trapdoor",
		"particle": "block/shroomlight"
	},
	"elements": [
		{
			"from": [2.5, 4.25, 3],
			"to": [12.5, 8.25, 13],
			"rotation": {"angle": 22.5, "axis": "z", "origin": [7.5, 5.25, 8.125]},
			"faces": {
				"north": {"uv": [0, 0, 10, 4], "texture": "#0"},
				"east": {"uv": [0, 0, 10, 4], "texture": "#0"},
				"south": {"uv": [0, 0, 10, 4], "texture": "#0"},
				"west": {"uv": [0, 0, 10, 4], "texture": "#0"},
				"up": {"uv": [0, 0, 10, 10], "texture": "#0"},
				"down": {"uv": [0, 0, 10, 10], "texture": "#0"}
			}
		},
		{
			"from": [1.65849, 5.21562, 2.95],
			"to": [11.75849, 8.25562, 13.05],
			"rotation": {"angle": 22.5, "axis": "z", "origin": [6.70849, 7.23562, 8]},
			"faces": {
				"north": {"uv": [0, 0, 10, 4], "texture": "#2"},
				"east": {"uv": [0, 0, 10, 4], "texture": "#2"},
				"south": {"uv": [0, 0, 10, 4], "texture": "#2"},
				"west": {"uv": [0, 0, 10, 4], "texture": "#2"},
				"up": {"uv": [0, 0, 10, 10], "texture": "#2"},
				"down": {"uv": [0, 0, 10, 10], "texture": "#2"}
			}
		},
		{
			"from": [3, -1, 3],
			"to": [13, 2, 13],
			"rotation": {"angle": 0, "axis": "y", "origin": [3, -1, 3]},
			"faces": {
				"north": {"uv": [0, 0, 10, 3], "texture": "#0"},
				"east": {"uv": [0, 0, 10, 3], "texture": "#0"},
				"south": {"uv": [0, 0, 10, 3], "texture": "#0"},
				"west": {"uv": [0, 0, 10, 3], "texture": "#0"},
				"up": {"uv": [0, 0, 10, 10], "texture": "#0"},
				"down": {"uv": [0, 0, 10, 10], "texture": "#0"}
			}
		},
		{
			"from": [3.5, 2, 3.5],
			"to": [12.5, 6, 12.5],
			"rotation": {"angle": 0, "axis": "y", "origin": [8.5, 3.5, 8.5]},
			"faces": {
				"north": {"uv": [6, 1, 15, 4], "texture": "#1"},
				"east": {"uv": [6, 12, 15, 15], "texture": "#1"},
				"south": {"uv": [3, 8, 12, 11], "texture": "#1"},
				"west": {"uv": [3, 4, 12, 7], "texture": "#1"},
				"up": {"uv": [3, 4, 12, 13], "rotation": 270, "texture": "#1"},
				"down": {"uv": [3, 4, 12, 13], "rotation": 90, "texture": "#1"}
			}
		},
		{
			"from": [1.5, 4.5, 4.5],
			"to": [13.5, 7.5, 11.5],
			"rotation": {"angle": 22.5, "axis": "z", "origin": [7.5, 5.25, 8.125]},
			"faces": {
				"north": {"uv": [0, 0, 12, 3], "texture": "#0"},
				"east": {"uv": [0, 0, 7, 3], "texture": "#0"},
				"south": {"uv": [0, 0, 12, 3], "texture": "#0"},
				"west": {"uv": [0, 0, 7, 3], "texture": "#0"},
				"up": {"uv": [0, 0, 12, 7], "texture": "#2"},
				"down": {"uv": [0, 0, 12, 7], "texture": "#0"}
			}
		},
		{
			"from": [4, 4.5, 2.25],
			"to": [11, 7.5, 14.25],
			"rotation": {"angle": 22.5, "axis": "z", "origin": [7.5, 5.25, 8.125]},
			"faces": {
				"north": {"uv": [0, 0, 7, 3], "texture": "#0"},
				"east": {"uv": [0, 0, 12, 3], "texture": "#0"},
				"south": {"uv": [0, 0, 7, 3], "texture": "#0"},
				"west": {"uv": [0, 0, 12, 3], "texture": "#0"},
				"up": {"uv": [0, 0, 12, 7], "rotation": 270, "texture": "#0"},
				"down": {"uv": [0, 0, 12, 7], "rotation": 90, "texture": "#0"}
			}
		},
		{
			"from": [10.85943, 6.94291, 5.39645],
			"to": [12.85943, 9.94291, 7.39645],
			"rotation": {"angle": 22.5, "axis": "z", "origin": [11.85943, 8.44291, 6.39645]},
			"faces": {
				"north": {"uv": [0, 0, 2, 3], "texture": "#2"},
				"east": {"uv": [0, 0, 2, 3], "texture": "#2"},
				"south": {"uv": [0, 0, 2, 3], "texture": "#2"},
				"west": {"uv": [0, 0, 2, 3], "texture": "#2"},
				"up": {"uv": [0, 0, 2, 2], "rotation": 270, "texture": "#2"},
				"down": {"uv": [0, 0, 2, 2], "rotation": 90, "texture": "#2"}
			}
		},
		{
			"from": [1.10943, 2.94291, 5.39645],
			"to": [3.10943, 5.94291, 7.39645],
			"rotation": {"angle": 22.5, "axis": "z", "origin": [2.10943, 4.44291, 6.39645]},
			"faces": {
				"north": {"uv": [0, 0, 2, 3], "texture": "#2"},
				"east": {"uv": [0, 0, 2, 3], "texture": "#2"},
				"south": {"uv": [0, 0, 2, 3], "texture": "#2"},
				"west": {"uv": [0, 0, 2, 3], "texture": "#2"},
				"up": {"uv": [0, 0, 2, 2], "rotation": 270, "texture": "#2"},
				"down": {"uv": [0, 0, 2, 2], "rotation": 90, "texture": "#2"}
			}
		},
		{
			"from": [5.85943, 4.94291, 1.39645],
			"to": [7.85943, 7.94291, 3.39645],
			"rotation": {"angle": 22.5, "axis": "z", "origin": [6.85943, 6.44291, 2.39645]},
			"faces": {
				"north": {"uv": [0, 0, 2, 3], "texture": "#2"},
				"east": {"uv": [0, 0, 2, 3], "texture": "#2"},
				"south": {"uv": [0, 0, 2, 3], "texture": "#2"},
				"west": {"uv": [0, 0, 2, 3], "texture": "#2"},
				"up": {"uv": [0, 0, 2, 2], "rotation": 270, "texture": "#2"},
				"down": {"uv": [0, 0, 2, 2], "rotation": 90, "texture": "#2"}
			}
		},
		{
			"from": [7.60943, 5.94291, 12.39645],
			"to": [9.60943, 8.94291, 14.39645],
			"rotation": {"angle": 22.5, "axis": "z", "origin": [8.60943, 7.44291, 13.39645]},
			"faces": {
				"north": {"uv": [0, 0, 2, 3], "texture": "#2"},
				"east": {"uv": [0, 0, 2, 3], "texture": "#2"},
				"south": {"uv": [0, 0, 2, 3], "texture": "#2"},
				"west": {"uv": [0, 0, 2, 3], "texture": "#2"},
				"up": {"uv": [0, 0, 2, 2], "rotation": 270, "texture": "#2"},
				"down": {"uv": [0, 0, 2, 2], "rotation": 90, "texture": "#2"}
			}
		},
		{
			"from": [4.85943, 5.44291, 12.39645],
			"to": [6.35943, 7.44291, 14.39645],
			"rotation": {"angle": 22.5, "axis": "z", "origin": [5.85943, 6.94291, 13.39645]},
			"faces": {
				"north": {"uv": [0, 0, 1.5, 2], "texture": "#2"},
				"east": {"uv": [0, 0, 2, 2], "texture": "#2"},
				"south": {"uv": [0, 0, 1.5, 2], "texture": "#2"},
				"west": {"uv": [0, 0, 2, 2], "texture": "#2"},
				"up": {"uv": [0, 0, 2, 1.5], "rotation": 270, "texture": "#2"},
				"down": {"uv": [0, 0, 2, 1.5], "rotation": 90, "texture": "#2"}
			}
		},
		{
			"from": [10.35943, 7.69291, 8.39645],
			"to": [12.35943, 9.69291, 9.39645],
			"rotation": {"angle": 22.5, "axis": "z", "origin": [11.35943, 9.19291, 9.39645]},
			"faces": {
				"north": {"uv": [0, 0, 2, 2], "texture": "#2"},
				"east": {"uv": [0, 0, 1, 2], "texture": "#2"},
				"south": {"uv": [0, 0, 2, 2], "texture": "#2"},
				"west": {"uv": [0, 0, 1, 2], "texture": "#2"},
				"up": {"uv": [0, 0, 1, 2], "rotation": 270, "texture": "#2"},
				"down": {"uv": [0, 0, 1, 2], "rotation": 90, "texture": "#2"}
			}
		},
		{
			"from": [1.5, 5, 4.75],
			"to": [8.5, 9, 11.75],
			"rotation": {"angle": 22.5, "axis": "z", "origin": [5, 10.5, 8.125]},
			"faces": {
				"north": {"uv": [6, 4, 10, 11], "rotation": 90, "texture": "#2"},
				"east": {"uv": [6, 4, 10, 11], "rotation": 90, "texture": "#2"},
				"south": {"uv": [6, 4, 10, 11], "rotation": 90, "texture": "#2"},
				"west": {"uv": [6, 4, 10, 11], "rotation": 270, "texture": "#2"},
				"up": {"uv": [5, 4, 12, 11], "texture": "#2"},
				"down": {"uv": [5, 4, 12, 11], "rotation": 180, "texture": "#2"}
			}
		}
	],
	"gui_light": "front",
	"display": {
		"thirdperson_righthand": {
			"rotation": [0, -52, -10],
			"translation": [-0.5, 1.5, 0],
			"scale": [0.25, 0.25, 0.25]
		},
		"thirdperson_lefthand": {
			"rotation": [0, -52, -10],
			"translation": [-0.5, 1.5, 0],
			"scale": [0.25, 0.25, 0.25]
		},
		"firstperson_righthand": {
			"rotation": [0, -155, -10],
			"translation": [-0.5, 2.25, 0],
			"scale": [0.25, 0.25, 0.25]
		},
		"firstperson_lefthand": {
			"rotation": [0, 36, -10],
			"translation": [-0.5, 2.25, 0],
			"scale": [0.25, 0.25, 0.25]
		},
		"ground": {
			"rotation": [0, -155, -10],
			"translation": [-0.5, 2.25, 0],
			"scale": [0.4, 0.4, 0.4]
		},
		"gui": {
			"rotation": [33, -144, 0],
			"translation": [0, 3.25, 0],
			"scale": [0.8, 0.8, 0.8]
		},
		"fixed": {
			"rotation": [-90, 59, 0],
			"translation": [0, 0.5, -4.75],
			"scale": [0.6, 0.6, 0.6]
		}
	}
}