{
	"credit": "Made with Blockbench",
	"textures": {
		"0": "block/dirt",
		"2": "block/powder_snow",
		"particle": "block/dirt"
	},
	"elements": [
		{
			"from": [4, 0.1, 10],
			"to": [12, 2.1, 13],
			"rotation": {"angle": 0, "axis": "y", "origin": [4, 0.1, 10]},
			"faces": {
				"north": {"uv": [4, 8, 12, 10], "texture": "#0"},
				"east": {"uv": [0, 0, 3, 2], "texture": "#0"},
				"south": {"uv": [3, 8, 11, 10], "texture": "#0"},
				"west": {"uv": [6, 8, 9, 10], "texture": "#0"},
				"up": {"uv": [2, 7, 10, 10], "texture": "#0"},
				"down": {"uv": [3, 7, 11, 10], "texture": "#0"}
			}
		},
		{
			"from": [4, -0.1, 3],
			"to": [12, 2.1, 6],
			"rotation": {"angle": 0, "axis": "y", "origin": [4, -0.1, 3]},
			"faces": {
				"north": {"uv": [4, 8, 12, 10], "texture": "#2"},
				"east": {"uv": [0, 0, 3, 2], "texture": "#2"},
				"south": {"uv": [3, 8, 11, 10], "texture": "#2"},
				"west": {"uv": [6, 8, 9, 10], "texture": "#2"},
				"up": {"uv": [2, 7, 10, 10], "texture": "#2"},
				"down": {"uv": [3, 7, 11, 10], "texture": "#2"}
			}
		},
		{
			"from": [3, 0, 4],
			"to": [6, 2, 12],
			"rotation": {"angle": 0, "axis": "y", "origin": [8, 1, 8]},
			"faces": {
				"north": {"uv": [0, 0, 3, 2], "texture": "#0"},
				"east": {"uv": [3, 8, 11, 10], "texture": "#0"},
				"south": {"uv": [6, 8, 9, 10], "texture": "#0"},
				"west": {"uv": [4, 8, 12, 10], "texture": "#0"},
				"up": {"uv": [2, 7, 10, 10], "rotation": 270, "texture": "#0"},
				"down": {"uv": [3, 7, 11, 10], "rotation": 90, "texture": "#0"}
			}
		},
		{
			"from": [10, 0, 4],
			"to": [13, 2, 12],
			"rotation": {"angle": 0, "axis": "y", "origin": [8, 1, 8]},
			"faces": {
				"north": {"uv": [0, 0, 3, 2], "texture": "#2"},
				"east": {"uv": [3, 8, 11, 10], "texture": "#2"},
				"south": {"uv": [6, 8, 9, 10], "texture": "#2"},
				"west": {"uv": [4, 8, 12, 10], "texture": "#2"},
				"up": {"uv": [2, 7, 10, 10], "rotation": 270, "texture": "#2"},
				"down": {"uv": [3, 7, 11, 10], "rotation": 90, "texture": "#2"}
			}
		}
	],
	"gui_light": "front",
	"display": {
		"thirdperson_righthand": {
			"rotation": [31, 0, 0],
			"translation": [-1, 3, 1],
			"scale": [0.4, 0.4, 0.4]
		},
		"thirdperson_lefthand": {
			"rotation": [31, 0, 0],
			"translation": [-1, 3, 1],
			"scale": [0.4, 0.4, 0.4]
		},
		"firstperson_righthand": {
			"rotation": [52, 0, 0],
			"translation": [-1, 2.5, 1],
			"scale": [0.4, 0.4, 0.4]
		},
		"firstperson_lefthand": {
			"rotation": [52, 0, 0],
			"translation": [-1, 2.5, 1],
			"scale": [0.4, 0.4, 0.4]
		},
		"ground": {
			"rotation": [52, 0, 0],
			"translation": [-1, 2.5, 1],
			"scale": [0.6, 0.6, 0.6]
		},
		"gui": {
			"rotation": [33, 47, 31],
			"translation": [-1.75, 4, 1]
		},
		"fixed": {
			"rotation": [90, 0, 0],
			"translation": [-1, 0, 6.75]
		}
	}
}