{
	"credit": "Made with Blockbench",
	"textures": {
		"2": "block/lime_concrete",
		"3": "block/white_concrete",
		"5": "block/birch_planks",
		"6": "block/pink_concrete",
		"particle": "block/white_concrete"
	},
	"elements": [
		{
			"from": [2, 0, 4],
			"to": [14, 1, 12],
			"rotation": {"angle": 0, "axis": "y", "origin": [2, 0, 4]},
			"faces": {
				"north": {"uv": [0, 0, 12, 1], "texture": "#5"},
				"east": {"uv": [0, 0, 8, 1], "texture": "#5"},
				"south": {"uv": [0, 0, 12, 1], "texture": "#5"},
				"west": {"uv": [0, 0, 8, 1], "texture": "#5"},
				"up": {"uv": [0, 0, 12, 8], "texture": "#5"},
				"down": {"uv": [0, 0, 12, 8], "texture": "#5"}
			}
		},
		{
			"from": [2, 1, 3.5],
			"to": [14, 2, 4.5],
			"rotation": {"angle": 0, "axis": "y", "origin": [2, 1, 3.5]},
			"faces": {
				"north": {"uv": [0, 0, 12, 1], "texture": "#5"},
				"east": {"uv": [0, 0, 1, 1], "texture": "#5"},
				"south": {"uv": [0, 0, 12, 1], "texture": "#5"},
				"west": {"uv": [0, 0, 1, 1], "texture": "#5"},
				"up": {"uv": [0, 0, 12, 1], "texture": "#5"},
				"down": {"uv": [0, 0, 12, 1], "texture": "#5"}
			}
		},
		{
			"from": [1.5, 1, 4.5],
			"to": [2.5, 2, 11.5],
			"rotation": {"angle": 0, "axis": "y", "origin": [1.5, 1, 4.5]},
			"faces": {
				"north": {"uv": [0, 0, 1, 1], "texture": "#5"},
				"east": {"uv": [0, 0, 7, 1], "texture": "#5"},
				"south": {"uv": [0, 0, 1, 1], "texture": "#5"},
				"west": {"uv": [0, 0, 7, 1], "texture": "#5"},
				"up": {"uv": [0, 0, 1, 7], "texture": "#5"},
				"down": {"uv": [0, 0, 1, 7], "texture": "#5"}
			}
		},
		{
			"from": [13.5, 1, 4.5],
			"to": [14.5, 2, 11.5],
			"rotation": {"angle": 0, "axis": "y", "origin": [13.5, 1, 4.5]},
			"faces": {
				"north": {"uv": [0, 0, 1, 1], "texture": "#5"},
				"east": {"uv": [0, 0, 7, 1], "texture": "#5"},
				"south": {"uv": [0, 0, 1, 1], "texture": "#5"},
				"west": {"uv": [0, 0, 7, 1], "texture": "#5"},
				"up": {"uv": [0, 0, 1, 7], "texture": "#5"},
				"down": {"uv": [0, 0, 1, 7], "texture": "#5"}
			}
		},
		{
			"from": [2, 1, 11.5],
			"to": [14, 2, 12.5],
			"rotation": {"angle": 0, "axis": "y", "origin": [2, 1, 11.5]},
			"faces": {
				"north": {"uv": [0, 0, 12, 1], "texture": "#5"},
				"east": {"uv": [0, 0, 1, 1], "texture": "#5"},
				"south": {"uv": [0, 0, 12, 1], "texture": "#5"},
				"west": {"uv": [0, 0, 1, 1], "texture": "#5"},
				"up": {"uv": [0, 0, 12, 1], "texture": "#5"},
				"down": {"uv": [0, 0, 12, 1], "texture": "#5"}
			}
		},
		{
			"from": [4, 1, 5.5],
			"to": [6, 3, 7.5],
			"rotation": {"angle": 0, "axis": "y", "origin": [4, 1, 5.5]},
			"faces": {
				"north": {"uv": [0, 0, 2, 2], "texture": "#6"},
				"east": {"uv": [0, 0, 2, 2], "texture": "#6"},
				"south": {"uv": [0, 0, 2, 2], "texture": "#6"},
				"west": {"uv": [0, 0, 2, 2], "texture": "#6"},
				"up": {"uv": [0, 0, 2, 2], "texture": "#6"},
				"down": {"uv": [0, 0, 2, 2], "texture": "#6"}
			}
		},
		{
			"from": [6.2, 1, 5.5],
			"to": [8.2, 3, 7.5],
			"rotation": {"angle": 0, "axis": "y", "origin": [6.2, 1, 5.5]},
			"faces": {
				"north": {"uv": [0, 0, 2, 2], "texture": "#3"},
				"east": {"uv": [0, 0, 2, 2], "texture": "#3"},
				"south": {"uv": [0, 0, 2, 2], "texture": "#3"},
				"west": {"uv": [0, 0, 2, 2], "texture": "#3"},
				"up": {"uv": [0, 0, 2, 2], "texture": "#3"},
				"down": {"uv": [0, 0, 2, 2], "texture": "#3"}
			}
		},
		{
			"from": [8.5, 1, 5.5],
			"to": [10.5, 3, 7.5],
			"rotation": {"angle": 0, "axis": "y", "origin": [8.5, 1, 5.5]},
			"faces": {
				"north": {"uv": [0, 0, 2, 2], "texture": "#2"},
				"east": {"uv": [0, 0, 2, 2], "texture": "#2"},
				"south": {"uv": [0, 0, 2, 2], "texture": "#2"},
				"west": {"uv": [0, 0, 2, 2], "texture": "#2"},
				"up": {"uv": [0, 0, 2, 2], "texture": "#2"},
				"down": {"uv": [0, 0, 2, 2], "texture": "#2"}
			}
		},
		{
			"from": [5, 2, 6.5],
			"to": [13, 2.2, 6.7],
			"rotation": {"angle": 0, "axis": "y", "origin": [5, 2, 6.5]},
			"faces": {
				"north": {"uv": [0, 0, 8, 0.2], "texture": "#5"},
				"east": {"uv": [0, 0, 0.2, 0.2], "texture": "#5"},
				"south": {"uv": [0, 0, 8, 0.2], "texture": "#5"},
				"west": {"uv": [0, 0, 0.2, 0.2], "texture": "#5"},
				"up": {"uv": [0, 0, 8, 0.2], "texture": "#5"},
				"down": {"uv": [0, 0, 8, 0.2], "texture": "#5"}
			}
		},
		{
			"from": [5, 2, 9.5],
			"to": [13, 2.2, 9.7],
			"rotation": {"angle": 0, "axis": "y", "origin": [5, 2, 9.5]},
			"faces": {
				"north": {"uv": [0, 0, 8, 0.2], "texture": "#5"},
				"east": {"uv": [0, 0, 0.2, 0.2], "texture": "#5"},
				"south": {"uv": [0, 0, 8, 0.2], "texture": "#5"},
				"west": {"uv": [0, 0, 0.2, 0.2], "texture": "#5"},
				"up": {"uv": [0, 0, 8, 0.2], "texture": "#5"},
				"down": {"uv": [0, 0, 8, 0.2], "texture": "#5"}
			}
		},
		{
			"from": [8.5, 1, 8.5],
			"to": [10.5, 3, 10.5],
			"rotation": {"angle": 0, "axis": "y", "origin": [8.5, 1, 8.5]},
			"faces": {
				"north": {"uv": [0, 0, 2, 2], "texture": "#2"},
				"east": {"uv": [0, 0, 2, 2], "texture": "#2"},
				"south": {"uv": [0, 0, 2, 2], "texture": "#2"},
				"west": {"uv": [0, 0, 2, 2], "texture": "#2"},
				"up": {"uv": [0, 0, 2, 2], "texture": "#2"},
				"down": {"uv": [0, 0, 2, 2], "texture": "#2"}
			}
		},
		{
			"from": [6.2, 1, 8.5],
			"to": [8.2, 3, 10.5],
			"rotation": {"angle": 0, "axis": "y", "origin": [6.2, 1, 8.5]},
			"faces": {
				"north": {"uv": [0, 0, 2, 2], "texture": "#3"},
				"east": {"uv": [0, 0, 2, 2], "texture": "#3"},
				"south": {"uv": [0, 0, 2, 2], "texture": "#3"},
				"west": {"uv": [0, 0, 2, 2], "texture": "#3"},
				"up": {"uv": [0, 0, 2, 2], "texture": "#3"},
				"down": {"uv": [0, 0, 2, 2], "texture": "#3"}
			}
		},
		{
			"from": [4, 1, 8.5],
			"to": [6, 3, 10.5],
			"rotation": {"angle": 0, "axis": "y", "origin": [4, 1, 8.5]},
			"faces": {
				"north": {"uv": [0, 0, 2, 2], "texture": "#6"},
				"east": {"uv": [0, 0, 2, 2], "texture": "#6"},
				"south": {"uv": [0, 0, 2, 2], "texture": "#6"},
				"west": {"uv": [0, 0, 2, 2], "texture": "#6"},
				"up": {"uv": [0, 0, 2, 2], "texture": "#6"},
				"down": {"uv": [0, 0, 2, 2], "texture": "#6"}
			}
		}
	],
	"gui_light": "front",
	"display": {
		"thirdperson_righthand": {
			"rotation": [0, -155, -10],
			"translation": [-0.5, 3.5, 0],
			"scale": [0.4, 0.4, 0.4]
		},
		"thirdperson_lefthand": {
			"rotation": [0, -155, -10],
			"translation": [-0.5, 3.5, 0],
			"scale": [0.4, 0.4, 0.4]
		},
		"firstperson_righthand": {
			"rotation": [0, -155, -10],
			"translation": [-0.5, 3.5, 0],
			"scale": [0.4, 0.4, 0.4]
		},
		"firstperson_lefthand": {
			"rotation": [0, -155, -10],
			"translation": [-0.5, 3.5, 0],
			"scale": [0.4, 0.4, 0.4]
		},
		"ground": {
			"rotation": [0, -155, -10],
			"translation": [-0.5, 6, 0],
			"scale": [0.8, 0.8, 0.8]
		},
		"gui": {
			"rotation": [33, -144, 0],
			"translation": [-0.25, 3.75, 0]
		},
		"fixed": {
			"rotation": [-90, 0, 0],
			"translation": [0, 0.5, -6.25]
		}
	}
}