{
	"credit": "Made with Blockbench",
	"textures": {
		"1": "block/yellow_concrete",
		"2": "block/brown_concrete",
		"3": "block/iron_block",
		"particle": "block/yellow_concrete"
	},
	"elements": [
		{
			"from": [6, 0, 5],
			"to": [12, 1, 11],
			"rotation": {"angle": 0, "axis": "y", "origin": [6, 0, 5]},
			"faces": {
				"north": {"uv": [0, 0, 6, 1], "texture": "#3"},
				"east": {"uv": [0, 0, 6, 1], "texture": "#3"},
				"south": {"uv": [0, 0, 6, 1], "texture": "#3"},
				"west": {"uv": [0, 0, 6, 1], "texture": "#3"},
				"up": {"uv": [1, 1, 7, 7], "texture": "#3"},
				"down": {"uv": [1, 1, 7, 7], "texture": "#3"}
			}
		},
		{
			"from": [6, 1, 3],
			"to": [12, 2, 5],
			"rotation": {"angle": 0, "axis": "y", "origin": [6, 1, 3]},
			"faces": {
				"north": {"uv": [0, 0, 6, 1], "texture": "#3"},
				"east": {"uv": [0, 0, 2, 1], "texture": "#3"},
				"south": {"uv": [0, 0, 6, 1], "texture": "#3"},
				"west": {"uv": [0, 0, 2, 1], "texture": "#3"},
				"up": {"uv": [2, 1, 8, 3], "texture": "#3"},
				"down": {"uv": [2, 1, 8, 3], "texture": "#3"}
			}
		},
		{
			"from": [6, 1, 11],
			"to": [12, 2, 13],
			"rotation": {"angle": 0, "axis": "y", "origin": [6, 1, 11]},
			"faces": {
				"north": {"uv": [0, 0, 6, 1], "texture": "#3"},
				"east": {"uv": [0, 0, 2, 1], "texture": "#3"},
				"south": {"uv": [0, 0, 6, 1], "texture": "#3"},
				"west": {"uv": [0, 0, 2, 1], "texture": "#3"},
				"up": {"uv": [2, 1, 8, 3], "texture": "#3"},
				"down": {"uv": [2, 1, 8, 3], "texture": "#3"}
			}
		},
		{
			"from": [12, 1, 5],
			"to": [14, 2, 11],
			"rotation": {"angle": 0, "axis": "y", "origin": [9, 1.5, 8]},
			"faces": {
				"north": {"uv": [0, 0, 2, 1], "texture": "#3"},
				"east": {"uv": [0, 0, 6, 1], "texture": "#3"},
				"south": {"uv": [0, 0, 2, 1], "texture": "#3"},
				"west": {"uv": [0, 0, 6, 1], "texture": "#3"},
				"up": {"uv": [2, 1, 8, 3], "rotation": 270, "texture": "#3"},
				"down": {"uv": [2, 1, 8, 3], "rotation": 90, "texture": "#3"}
			}
		},
		{
			"from": [4, 1, 5],
			"to": [6, 2, 11],
			"rotation": {"angle": 0, "axis": "y", "origin": [9, 1.5, 8]},
			"faces": {
				"north": {"uv": [0, 0, 2, 1], "texture": "#3"},
				"east": {"uv": [0, 0, 6, 1], "texture": "#3"},
				"south": {"uv": [0, 0, 2, 1], "texture": "#3"},
				"west": {"uv": [0, 0, 6, 1], "texture": "#3"},
				"up": {"uv": [2, 1, 8, 3], "rotation": 270, "texture": "#3"},
				"down": {"uv": [2, 1, 8, 3], "rotation": 90, "texture": "#3"}
			}
		},
		{
			"from": [7, 1, 6.5],
			"to": [11, 3, 9.5],
			"rotation": {"angle": 0, "axis": "y", "origin": [7, 1, 6.5]},
			"faces": {
				"north": {"uv": [0, 0, 4, 2], "texture": "#1"},
				"east": {"uv": [0, 0, 3, 2], "texture": "#1"},
				"south": {"uv": [0, 0, 4, 2], "texture": "#1"},
				"west": {"uv": [0, 0, 3, 2], "texture": "#1"},
				"up": {"uv": [0, 0, 4, 3], "texture": "#1"},
				"down": {"uv": [0, 0, 4, 3], "texture": "#1"}
			}
		},
		{
			"from": [7.5, 1, 6],
			"to": [10.5, 3, 10],
			"rotation": {"angle": 0, "axis": "y", "origin": [9, 2.5, 8]},
			"faces": {
				"north": {"uv": [0, 0, 3, 2], "texture": "#1"},
				"east": {"uv": [0, 0, 4, 2], "texture": "#1"},
				"south": {"uv": [0, 0, 3, 2], "texture": "#1"},
				"west": {"uv": [0, 0, 4, 2], "texture": "#1"},
				"up": {"uv": [0, 0, 4, 3], "rotation": 270, "texture": "#1"},
				"down": {"uv": [0, 0, 4, 3], "rotation": 90, "texture": "#1"}
			}
		},
		{
			"from": [7.5626, 2.1244, 6.2504],
			"to": [10.187, 4.0792, 9.7496],
			"rotation": {"angle": 0, "axis": "y", "origin": [8.8748, 3.4366, 8]},
			"faces": {
				"north": {"uv": [0, 0, 3, 1], "texture": "#1"},
				"east": {"uv": [0, 0, 4, 1], "texture": "#1"},
				"south": {"uv": [0, 0, 3, 1], "texture": "#1"},
				"west": {"uv": [0, 0, 4, 1], "texture": "#1"},
				"up": {"uv": [0, 0, 4, 3], "rotation": 270, "texture": "#1"},
				"down": {"uv": [0, 0, 4, 3], "rotation": 90, "texture": "#1"}
			}
		},
		{
			"from": [7.1252, 2.1244, 6.6878],
			"to": [10.6244, 4.0792, 9.3122],
			"rotation": {"angle": 0, "axis": "y", "origin": [7.1252, 2.1244, 6.6878]},
			"faces": {
				"north": {"uv": [0, 0, 4, 1], "texture": "#1"},
				"east": {"uv": [0, 0, 3, 1], "texture": "#1"},
				"south": {"uv": [0, 0, 4, 1], "texture": "#1"},
				"west": {"uv": [0, 0, 3, 1], "texture": "#1"},
				"up": {"uv": [0, 0, 4, 3], "texture": "#1"},
				"down": {"uv": [0, 0, 4, 3], "texture": "#1"}
			}
		},
		{
			"from": [7.5626, 4.0792, 6.2504],
			"to": [10.187, 4.5792, 9.7496],
			"rotation": {"angle": 0, "axis": "y", "origin": [8.8748, 6.3914, 8]},
			"faces": {
				"north": {"uv": [0, 0, 3, 1], "texture": "#2"},
				"east": {"uv": [0, 0, 4, 1], "texture": "#2"},
				"south": {"uv": [0, 0, 3, 1], "texture": "#2"},
				"west": {"uv": [0, 0, 4, 1], "texture": "#2"},
				"up": {"uv": [0, 0, 4, 3], "rotation": 270, "texture": "#2"},
				"down": {"uv": [0, 0, 4, 3], "rotation": 90, "texture": "#2"}
			}
		},
		{
			"from": [7.1252, 4.0792, 6.6878],
			"to": [10.6244, 4.5792, 9.3122],
			"rotation": {"angle": 0, "axis": "y", "origin": [7.1252, 5.0792, 6.6878]},
			"faces": {
				"north": {"uv": [0, 0, 4, 1], "texture": "#2"},
				"east": {"uv": [0, 0, 3, 1], "texture": "#2"},
				"south": {"uv": [0, 0, 4, 1], "texture": "#2"},
				"west": {"uv": [0, 0, 3, 1], "texture": "#2"},
				"up": {"uv": [0, 0, 4, 3], "texture": "#2"},
				"down": {"uv": [0, 0, 4, 3], "texture": "#2"}
			}
		},
		{
			"from": [9, 3.25, 8.8],
			"to": [9.5, 4.25, 9.8],
			"rotation": {"angle": 0, "axis": "y", "origin": [9, 3.25, 8.8]},
			"faces": {
				"north": {"uv": [0, 0, 0.5, 1], "texture": "#2"},
				"east": {"uv": [0, 0, 1, 1], "texture": "#2"},
				"south": {"uv": [0, 0, 0.5, 1], "texture": "#2"},
				"west": {"uv": [0, 0, 1, 1], "texture": "#2"},
				"up": {"uv": [0, 0, 0.5, 1], "texture": "#2"},
				"down": {"uv": [0, 0, 0.5, 1], "texture": "#2"}
			}
		},
		{
			"from": [8.25, 3.75, 8.8],
			"to": [8.55, 4.25, 9.8],
			"rotation": {"angle": 0, "axis": "y", "origin": [8.25, 3.75, 8.8]},
			"faces": {
				"north": {"uv": [0, 0, 0.3, 0.5], "texture": "#2"},
				"east": {"uv": [0, 0, 1, 0.5], "texture": "#2"},
				"south": {"uv": [0, 0, 0.3, 0.5], "texture": "#2"},
				"west": {"uv": [0, 0, 1, 0.5], "texture": "#2"},
				"up": {"uv": [0, 0, 0.3, 1], "texture": "#2"},
				"down": {"uv": [0, 0, 0.3, 1], "texture": "#2"}
			}
		}
	],
	"gui_light": "front",
	"display": {
		"thirdperson_righthand": {
			"rotation": [0, -155, -10],
			"translation": [-0.5, 6, 0],
			"scale": [0.8, 0.8, 0.8]
		},
		"thirdperson_lefthand": {
			"rotation": [0, -155, -10],
			"translation": [-0.5, 6, 0],
			"scale": [0.8, 0.8, 0.8]
		},
		"firstperson_righthand": {
			"rotation": [0, -155, -10],
			"translation": [-0.5, 5.5, 0],
			"scale": [0.8, 0.8, 0.8]
		},
		"firstperson_lefthand": {
			"rotation": [0, -155, -10],
			"translation": [-0.5, 5.5, 0],
			"scale": [0.8, 0.8, 0.8]
		},
		"ground": {
			"rotation": [0, -155, -10],
			"translation": [-0.5, 6, 0],
			"scale": [0.8, 0.8, 0.8]
		},
		"gui": {
			"rotation": [33, -144, 0],
			"translation": [1.25, 6.5, 0],
			"scale": [1.3, 1.3, 1.3]
		},
		"fixed": {
			"rotation": [-90, 59, 0],
			"translation": [0, 0.5, -6.25]
		}
	}
}