{
	"credit": "Made with Blockbench",
	"textures": {
		"0": "block/fire_coral_fan",
		"1": "block/fire_coral_block",
		"2": "block/nether_wart_block",
		"4": "block/crimson_stem",
		"5": "block/crimson_nylium",
		"8": "block/magma",
		"9": "block/bee_nest_top",
		"particle": "block/fire_coral_fan"
	},
	"elements": [
		{
			"from": [4, -15, 4],
			"to": [12, -5, 12],
			"rotation": {"angle": 0, "axis": "y", "origin": [0, -16, 0]},
			"faces": {
				"north": {"uv": [0, 0, 8, 10], "tintindex": 0,"texture": "#5"},
				"east": {"uv": [0, 0, 8, 10], "tintindex": 0,"texture": "#5"},
				"south": {"uv": [3, 1, 11, 11], "tintindex": 0,"texture": "#5"},
				"west": {"uv": [3, 6, 11, 16], "tintindex": 0,"texture": "#5"},
				"up": {"uv": [4, 1, 12, 9], "tintindex": 0,"texture": "#5"},
				"down": {"uv": [8, 6, 16, 14], "tintindex": 0,"texture": "#5"}
			}
		},
		{
			"from": [5, -15, 3],
			"to": [11, -7, 13],
			"rotation": {"angle": 0, "axis": "y", "origin": [0, -16, 0]},
			"faces": {
				"north": {"uv": [0, 0, 6, 8], "tintindex": 0,"texture": "#5"},
				"east": {"uv": [0, 0, 10, 8], "tintindex": 0,"texture": "#5"},
				"south": {"uv": [0, 0, 6, 8], "tintindex": 0,"texture": "#5"},
				"west": {"uv": [0, 0, 10, 8], "tintindex": 0,"texture": "#5"},
				"up": {"uv": [0, 0, 6, 10], "tintindex": 0,"texture": "#5"},
				"down": {"uv": [0, 0, 6, 10], "tintindex": 0,"texture": "#5"}
			}
		},
		{
			"from": [3, -15, 5],
			"to": [13, -7, 11],
			"rotation": {"angle": 0, "axis": "y", "origin": [8, -12, 8]},
			"faces": {
				"north": {"uv": [0, 0, 10, 8], "tintindex": 0,"texture": "#5"},
				"east": {"uv": [0, 0, 6, 8], "tintindex": 0,"texture": "#5"},
				"south": {"uv": [0, 0, 10, 8], "tintindex": 0,"texture": "#5"},
				"west": {"uv": [0, 0, 6, 8], "tintindex": 0,"texture": "#5"},
				"up": {"uv": [0, 0, 6, 10], "rotation": 270, "tintindex": 0,"texture": "#5"},
				"down": {"uv": [0, 0, 6, 10], "rotation": 90, "tintindex": 0,"texture": "#5"}
			}
		},
		{
			"from": [6, -5, 6],
			"to": [10, 9, 11],
			"rotation": {"angle": 0, "axis": "y", "origin": [0, -16, 0]},
			"faces": {
				"north": {"uv": [0, 1, 4, 15], "tintindex": 0,"texture": "#4"},
				"east": {"uv": [12, 2, 16, 16], "tintindex": 0,"texture": "#4"},
				"south": {"uv": [2, 1, 6, 15], "tintindex": 0,"texture": "#4"},
				"west": {"uv": [6, 1, 10, 15], "tintindex": 0,"texture": "#4"},
				"up": {"uv": [0, 0, 4, 4], "tintindex": 0,"texture": "#4"},
				"down": {"uv": [0, 0, 4, 4], "tintindex": 0,"texture": "#4"}
			}
		},
		{
			"from": [1, -16, 1],
			"to": [15, -15, 15],
			"rotation": {"angle": 0, "axis": "y", "origin": [0, -16, 0]},
			"faces": {
				"north": {"uv": [0, 0, 14, 1], "tintindex": 0,"texture": "#5"},
				"east": {"uv": [0, 0, 14, 1], "tintindex": 0,"texture": "#5"},
				"south": {"uv": [0, 0, 14, 1], "tintindex": 0,"texture": "#5"},
				"west": {"uv": [0, 0, 14, 1], "tintindex": 0,"texture": "#5"},
				"up": {"uv": [0, 0, 14, 14], "tintindex": 0,"texture": "#5"},
				"down": {"uv": [0, 0, 14, 14], "tintindex": 0,"texture": "#5"}
			}
		},
		{
			"from": [3, -16, 0],
			"to": [14, -15, 1],
			"rotation": {"angle": 0, "axis": "y", "origin": [0, -16, 0]},
			"faces": {
				"north": {"uv": [0, 0, 11, 1], "tintindex": 0,"texture": "#5"},
				"east": {"uv": [0, 0, 1, 1], "tintindex": 0,"texture": "#5"},
				"south": {"uv": [0, 0, 11, 1], "tintindex": 0,"texture": "#5"},
				"west": {"uv": [0, 0, 1, 1], "tintindex": 0,"texture": "#5"},
				"up": {"uv": [0, 0, 11, 1], "tintindex": 0,"texture": "#5"},
				"down": {"uv": [0, 0, 11, 1], "tintindex": 0,"texture": "#5"}
			}
		},
		{
			"from": [3, -16, 15],
			"to": [14, -15, 16],
			"rotation": {"angle": 0, "axis": "y", "origin": [0, -16, 0]},
			"faces": {
				"north": {"uv": [0, 0, 11, 1], "tintindex": 0,"texture": "#5"},
				"east": {"uv": [0, 0, 1, 1], "tintindex": 0,"texture": "#5"},
				"south": {"uv": [0, 0, 11, 1], "tintindex": 0,"texture": "#5"},
				"west": {"uv": [0, 0, 1, 1], "tintindex": 0,"texture": "#5"},
				"up": {"uv": [0, 0, 11, 1], "tintindex": 0,"texture": "#5"},
				"down": {"uv": [0, 0, 11, 1], "tintindex": 0,"texture": "#5"}
			}
		},
		{
			"from": [15, -16, 2.5],
			"to": [16, -15, 13.5],
			"rotation": {"angle": 0, "axis": "y", "origin": [8, -15.5, 8]},
			"faces": {
				"north": {"uv": [0, 0, 1, 1], "tintindex": 0,"texture": "#5"},
				"east": {"uv": [0, 0, 11, 1], "tintindex": 0,"texture": "#5"},
				"south": {"uv": [0, 0, 1, 1], "tintindex": 0,"texture": "#5"},
				"west": {"uv": [0, 0, 11, 1], "tintindex": 0,"texture": "#5"},
				"up": {"uv": [0, 0, 11, 1], "rotation": 270, "tintindex": 0,"texture": "#5"},
				"down": {"uv": [0, 0, 11, 1], "rotation": 90, "tintindex": 0,"texture": "#5"}
			}
		},
		{
			"from": [0, -16, 2.5],
			"to": [1, -15, 13.5],
			"rotation": {"angle": 0, "axis": "y", "origin": [8, -15.5, 8]},
			"faces": {
				"north": {"uv": [0, 0, 1, 1], "tintindex": 0,"texture": "#5"},
				"east": {"uv": [0, 0, 11, 1], "tintindex": 0,"texture": "#5"},
				"south": {"uv": [0, 0, 1, 1], "tintindex": 0,"texture": "#5"},
				"west": {"uv": [0, 0, 11, 1], "tintindex": 0,"texture": "#5"},
				"up": {"uv": [0, 0, 11, 1], "rotation": 270, "tintindex": 0,"texture": "#5"},
				"down": {"uv": [0, 0, 11, 1], "rotation": 90, "tintindex": 0,"texture": "#5"}
			}
		},
		{
			"from": [2, -14.75, 6],
			"to": [4, -9.75, 8],
			"rotation": {"angle": -22.5, "axis": "z", "origin": [1, -13.5, 5]},
			"faces": {
				"north": {"uv": [0, 0, 2, 5], "tintindex": 0,"texture": "#2"},
				"east": {"uv": [0, 0, 2, 5], "tintindex": 0,"texture": "#2"},
				"south": {"uv": [0, 0, 2, 5], "tintindex": 0,"texture": "#2"},
				"west": {"uv": [0, 0, 2, 5], "tintindex": 0,"texture": "#2"},
				"up": {"uv": [0, 0, 2, 2], "tintindex": 0,"texture": "#2"},
				"down": {"uv": [0, 0, 2, 2], "tintindex": 0,"texture": "#2"}
			}
		},
		{
			"from": [11.25, -14.75, 5],
			"to": [13.25, -10.75, 7],
			"rotation": {"angle": 22.5, "axis": "x", "origin": [7, -13, 3]},
			"faces": {
				"north": {"uv": [0, 0, 2, 4], "tintindex": 0,"texture": "#4"},
				"east": {"uv": [0, 0, 2, 4], "tintindex": 0,"texture": "#4"},
				"south": {"uv": [0, 0, 2, 4], "tintindex": 0,"texture": "#4"},
				"west": {"uv": [0, 0, 2, 4], "tintindex": 0,"texture": "#4"},
				"up": {"uv": [0, 0, 2, 2], "tintindex": 0,"texture": "#4"},
				"down": {"uv": [0, 0, 2, 2], "tintindex": 0,"texture": "#4"}
			}
		},
		{
			"from": [6, -13, 2.95],
			"to": [10, -9, 6.95],
			"faces": {
				"north": {"uv": [4, 4, 12, 12], "tintindex": 0,"texture": "#9"},
				"east": {"uv": [4, 4, 12, 12], "tintindex": 0,"texture": "#9"},
				"south": {"uv": [4, 4, 12, 12], "tintindex": 0,"texture": "#9"},
				"west": {"uv": [4, 4, 12, 12], "tintindex": 0,"texture": "#9"},
				"up": {"uv": [4, 4, 12, 12], "tintindex": 0,"texture": "#9"},
				"down": {"uv": [0, 0, 4, 4], "tintindex": 0,"texture": "#9"}
			}
		},
		{
			"from": [7, -14, 2.95],
			"to": [9, -13, 6.95],
			"faces": {
				"north": {"uv": [4, 4, 6, 6], "tintindex": 0,"texture": "#9"},
				"east": {"uv": [4, 4, 6, 6], "tintindex": 0,"texture": "#9"},
				"south": {"uv": [4, 4, 6, 6], "tintindex": 0,"texture": "#9"},
				"west": {"uv": [4, 4, 6, 6], "tintindex": 0,"texture": "#9"},
				"up": {"uv": [4, 4, 6, 6], "tintindex": 0,"texture": "#9"},
				"down": {"uv": [4, 4, 6, 6], "tintindex": 0,"texture": "#9"}
			}
		},
		{
			"from": [7, -9, 2.95],
			"to": [9, -8, 6.95],
			"faces": {
				"north": {"uv": [4, 4, 6, 6], "tintindex": 0,"texture": "#9"},
				"east": {"uv": [4, 4, 6, 6], "tintindex": 0,"texture": "#9"},
				"south": {"uv": [4, 4, 6, 6], "tintindex": 0,"texture": "#9"},
				"west": {"uv": [4, 4, 6, 6], "tintindex": 0,"texture": "#9"},
				"up": {"uv": [4, 4, 6, 6], "tintindex": 0,"texture": "#9"},
				"down": {"uv": [4, 4, 6, 6], "tintindex": 0,"texture": "#9"}
			}
		},
		{
			"from": [6.75, 3.95, 2.55],
			"to": [9.25, 6.95, 5.55],
			"rotation": {"angle": -22.5, "axis": "x", "origin": [8, 5.3, 4.8]},
			"faces": {
				"north": {"uv": [0, 0, 2.5, 3], "tintindex": 0,"texture": "#2"},
				"east": {"uv": [0, 0, 3, 3], "tintindex": 0,"texture": "#2"},
				"south": {"uv": [0, 0, 2.5, 3], "tintindex": 0,"texture": "#2"},
				"west": {"uv": [0, 0, 3, 3], "tintindex": 0,"texture": "#2"},
				"up": {"uv": [0, 0, 2.5, 3], "tintindex": 0,"texture": "#2"},
				"down": {"uv": [0, 0, 2.5, 3], "tintindex": 0,"texture": "#2"}
			}
		},
		{
			"from": [7.5, 0.3, 4.45],
			"to": [9, 1.8, 5.95],
			"rotation": {"angle": 0, "axis": "y", "origin": [8.25, 1.55, 1.05]},
			"faces": {
				"north": {"uv": [0, 0, 1.5, 1.5], "tintindex": 0,"texture": "#2"},
				"east": {"uv": [0, 0, 1.5, 1.5], "tintindex": 0,"texture": "#2"},
				"south": {"uv": [0, 0, 1.5, 1.5], "tintindex": 0,"texture": "#2"},
				"west": {"uv": [0, 0, 1.5, 1.5], "tintindex": 0,"texture": "#2"},
				"up": {"uv": [0, 0, 1.5, 1.5], "tintindex": 0,"texture": "#2"},
				"down": {"uv": [0, 0, 1.5, 1.5], "tintindex": 0,"texture": "#2"}
			}
		},
		{
			"from": [5.65, -0.4, 0.7],
			"to": [7.65, 1.6, 2.7],
			"rotation": {"angle": -45, "axis": "x", "origin": [5.25, 3.35, 1.35]},
			"faces": {
				"north": {"uv": [0, 0, 2, 2], "tintindex": 0,"texture": "#2"},
				"east": {"uv": [0, 0, 2, 2], "tintindex": 0,"texture": "#2"},
				"south": {"uv": [0, 0, 2, 2], "tintindex": 0,"texture": "#2"},
				"west": {"uv": [0, 0, 2, 2], "tintindex": 0,"texture": "#2"},
				"up": {"uv": [0, 0, 2, 2], "tintindex": 0,"texture": "#2"},
				"down": {"uv": [0, 0, 2, 2], "tintindex": 0,"texture": "#2"}
			}
		},
		{
			"from": [7.85, -0.4, 0.7],
			"to": [9.85, 1.6, 2.7],
			"rotation": {"angle": -45, "axis": "x", "origin": [5.25, 3.35, 1.35]},
			"faces": {
				"north": {"uv": [0, 0, 2, 2], "tintindex": 0,"texture": "#2"},
				"east": {"uv": [0, 0, 2, 2], "tintindex": 0,"texture": "#2"},
				"south": {"uv": [0, 0, 2, 2], "tintindex": 0,"texture": "#2"},
				"west": {"uv": [0, 0, 2, 2], "tintindex": 0,"texture": "#2"},
				"up": {"uv": [0, 0, 2, 2], "tintindex": 0,"texture": "#2"},
				"down": {"uv": [0, 0, 2, 2], "tintindex": 0,"texture": "#2"}
			}
		},
		{
			"from": [7, -1.65, 4.1],
			"to": [9, 4.35, 6.1],
			"rotation": {"angle": 0, "axis": "y", "origin": [0, 2.1, 0.1]},
			"faces": {
				"north": {"uv": [0, 0, 2, 6], "tintindex": 0,"texture": "#2"},
				"east": {"uv": [0, 0, 2, 6], "tintindex": 0,"texture": "#2"},
				"south": {"uv": [0, 0, 2, 6], "tintindex": 0,"texture": "#2"},
				"west": {"uv": [0, 0, 2, 6], "tintindex": 0,"texture": "#2"},
				"up": {"uv": [0, 0, 2, 2], "tintindex": 0,"texture": "#2"},
				"down": {"uv": [0, 0, 2, 2], "tintindex": 0,"texture": "#2"}
			}
		},
		{
			"from": [6.25, 0.1, 3.5],
			"to": [9.75, 3.1, 6.5],
			"rotation": {"angle": 0, "axis": "y", "origin": [0, 2.1, 0.1]},
			"faces": {
				"north": {"uv": [0, 0, 3.5, 3], "tintindex": 0,"texture": "#2"},
				"east": {"uv": [0, 0, 3, 3], "tintindex": 0,"texture": "#2"},
				"south": {"uv": [0, 0, 3.5, 3], "tintindex": 0,"texture": "#2"},
				"west": {"uv": [0, 0, 3, 3], "tintindex": 0,"texture": "#2"},
				"up": {"uv": [0, 0, 3.5, 3], "tintindex": 0,"texture": "#2"},
				"down": {"uv": [0, 0, 3.5, 3], "tintindex": 0,"texture": "#2"}
			}
		},
		{
			"from": [7.2, -1.6, 3.9],
			"to": [10.2, -0.6, 6.9],
			"rotation": {"angle": 22.5, "axis": "z", "origin": [8.5, -0.6, 5.5]},
			"faces": {
				"north": {"uv": [0, 0, 3, 1], "tintindex": 0,"texture": "#1"},
				"east": {"uv": [0, 0, 3, 1], "tintindex": 0,"texture": "#1"},
				"south": {"uv": [0, 0, 3, 1], "tintindex": 0,"texture": "#1"},
				"west": {"uv": [0, 0, 3, 1], "tintindex": 0,"texture": "#1"},
				"up": {"uv": [0, 0, 3, 3], "tintindex": 0,"texture": "#1"},
				"down": {"uv": [0, 0, 3, 3], "tintindex": 0,"texture": "#1"}
			}
		},
		{
			"from": [6.7, -2.6, 3.9],
			"to": [9.45, -1.6, 6.9],
			"rotation": {"angle": 22.5, "axis": "z", "origin": [8.5, -0.6, 5.7]},
			"faces": {
				"north": {"uv": [0, 0, 2.75, 1], "tintindex": 0,"texture": "#1"},
				"east": {"uv": [0, 0, 3, 1], "tintindex": 0,"texture": "#1"},
				"south": {"uv": [0, 0, 2.75, 1], "tintindex": 0,"texture": "#1"},
				"west": {"uv": [0, 0, 3, 1], "tintindex": 0,"texture": "#1"},
				"up": {"uv": [0, 0, 2.75, 3], "tintindex": 0,"texture": "#1"},
				"down": {"uv": [0, 0, 2.75, 3], "tintindex": 0,"texture": "#1"}
			}
		},
		{
			"from": [6.2, -3.6, 4.2],
			"to": [8.7, -2.6, 7.2],
			"rotation": {"angle": 22.5, "axis": "z", "origin": [8.5, -0.6, 5.9]},
			"faces": {
				"north": {"uv": [0, 0, 2.5, 1], "tintindex": 0,"texture": "#1"},
				"east": {"uv": [0, 0, 3, 1], "tintindex": 0,"texture": "#1"},
				"south": {"uv": [0, 0, 2.5, 1], "tintindex": 0,"texture": "#1"},
				"west": {"uv": [0, 0, 3, 1], "tintindex": 0,"texture": "#1"},
				"up": {"uv": [0, 0, 2.5, 3], "tintindex": 0,"texture": "#1"},
				"down": {"uv": [0, 0, 2.5, 3], "tintindex": 0,"texture": "#1"}
			}
		},
		{
			"from": [5.7, -4.6, 4.5],
			"to": [7.95, -3.6, 7.5],
			"rotation": {"angle": 22.5, "axis": "z", "origin": [8.5, -0.6, 6.2]},
			"faces": {
				"north": {"uv": [0, 0, 2.25, 1], "tintindex": 0,"texture": "#1"},
				"east": {"uv": [0, 0, 3, 1], "tintindex": 0,"texture": "#1"},
				"south": {"uv": [0, 0, 2.25, 1], "tintindex": 0,"texture": "#1"},
				"west": {"uv": [0, 0, 3, 1], "tintindex": 0,"texture": "#1"},
				"up": {"uv": [0, 0, 2.25, 3], "tintindex": 0,"texture": "#1"},
				"down": {"uv": [0, 0, 2.25, 3], "tintindex": 0,"texture": "#1"}
			}
		},
		{
			"from": [8.05, -4.6, 4.6],
			"to": [10.3, -3.6, 7.6],
			"rotation": {"angle": -22.5, "axis": "z", "origin": [7.5, -0.6, 6.2]},
			"faces": {
				"north": {"uv": [2.25, 0, 4.5, 1], "tintindex": 0,"texture": "#1"},
				"east": {"uv": [3, 0, 6, 1], "tintindex": 0,"texture": "#1"},
				"south": {"uv": [2.25, 0, 4.5, 1], "tintindex": 0,"texture": "#1"},
				"west": {"uv": [3, 0, 6, 1], "tintindex": 0,"texture": "#1"},
				"up": {"uv": [2.25, 0, 4.5, 3], "tintindex": 0,"texture": "#1"},
				"down": {"uv": [2.25, 0, 4.5, 3], "tintindex": 0,"texture": "#1"}
			}
		},
		{
			"from": [5.8, -1.6, 3.8],
			"to": [8.8, -0.6, 6.8],
			"rotation": {"angle": -22.5, "axis": "z", "origin": [7.5, -0.6, 5.5]},
			"faces": {
				"north": {"uv": [3, 0, 6, 1], "tintindex": 0,"texture": "#1"},
				"east": {"uv": [3, 0, 6, 1], "tintindex": 0,"texture": "#1"},
				"south": {"uv": [3, 0, 6, 1], "tintindex": 0,"texture": "#1"},
				"west": {"uv": [3, 0, 6, 1], "tintindex": 0,"texture": "#1"},
				"up": {"uv": [3, 0, 6, 3], "tintindex": 0,"texture": "#1"},
				"down": {"uv": [3, 0, 6, 3], "tintindex": 0,"texture": "#1"}
			}
		},
		{
			"from": [6.55, -2.6, 4],
			"to": [9.3, -1.6, 7],
			"rotation": {"angle": -22.5, "axis": "z", "origin": [7.5, -0.6, 5.7]},
			"faces": {
				"north": {"uv": [2.75, 0, 5.5, 1], "tintindex": 0,"texture": "#1"},
				"east": {"uv": [3, 0, 6, 1], "tintindex": 0,"texture": "#1"},
				"south": {"uv": [2.75, 0, 5.5, 1], "tintindex": 0,"texture": "#1"},
				"west": {"uv": [3, 0, 6, 1], "tintindex": 0,"texture": "#1"},
				"up": {"uv": [2.75, 0, 5.5, 3], "tintindex": 0,"texture": "#1"},
				"down": {"uv": [2.75, 0, 5.5, 3], "tintindex": 0,"texture": "#1"}
			}
		},
		{
			"from": [7.3, -3.6, 4.4],
			"to": [9.8, -2.6, 7.4],
			"rotation": {"angle": -22.5, "axis": "z", "origin": [7.5, -0.6, 5.9]},
			"faces": {
				"north": {"uv": [2.5, 0, 5, 1], "tintindex": 0,"texture": "#1"},
				"east": {"uv": [3, 0, 6, 1], "tintindex": 0,"texture": "#1"},
				"south": {"uv": [2.5, 0, 5, 1], "tintindex": 0,"texture": "#1"},
				"west": {"uv": [3, 0, 6, 1], "tintindex": 0,"texture": "#1"},
				"up": {"uv": [2.5, 0, 5, 3], "tintindex": 0,"texture": "#1"},
				"down": {"uv": [2.5, 0, 5, 3], "tintindex": 0,"texture": "#1"}
			}
		},
		{
			"from": [7, 3.25, 1.5],
			"to": [7.1, 6.25, 4.5],
			"rotation": {"angle": -22.5, "axis": "y", "origin": [0.05, 1.5, 1.5]},
			"faces": {
				"north": {"uv": [0, 0, 2, 2], "rotation": 180, "tintindex": 0,"texture": "#0"},
				"east": {"uv": [0, 0, 2, 2], "rotation": 270, "tintindex": 0,"texture": "#0"},
				"south": {"uv": [0, 0, 2, 2], "tintindex": 0,"texture": "#0"},
				"west": {"uv": [0, 0, 16, 16], "rotation": 90, "tintindex": 0,"texture": "#0"},
				"up": {"uv": [0, 0, 2, 2], "rotation": 180, "tintindex": 0,"texture": "#0"},
				"down": {"uv": [0, 0, 2, 2], "tintindex": 0,"texture": "#0"}
			}
		},
		{
			"from": [5.15531, -4.75, 5.18183],
			"to": [5.25531, -1.75, 8.18183],
			"rotation": {"angle": -45, "axis": "y", "origin": [4.95531, -1.25, 6.68183]},
			"faces": {
				"north": {"uv": [0, 0, 2, 2], "rotation": 180, "tintindex": 0,"texture": "#0"},
				"east": {"uv": [0, 0, 2, 2], "rotation": 270, "tintindex": 0,"texture": "#0"},
				"south": {"uv": [0, 0, 2, 2], "tintindex": 0,"texture": "#0"},
				"west": {"uv": [0, 0, 16, 16], "rotation": 90, "tintindex": 0,"texture": "#0"},
				"up": {"uv": [0, 0, 2, 2], "rotation": 180, "tintindex": 0,"texture": "#0"},
				"down": {"uv": [0, 0, 2, 2], "tintindex": 0,"texture": "#0"}
			}
		},
		{
			"from": [6.34925, -7.25, 3.62982],
			"to": [9.34925, -4.25, 3.72982],
			"rotation": {"angle": 22.5, "axis": "x", "origin": [6.59925, -5.25, 2.17982]},
			"faces": {
				"north": {"uv": [0, 0, 16, 16], "rotation": 180, "tintindex": 0,"texture": "#0"},
				"east": {"uv": [0, 0, 2, 2], "rotation": 180, "tintindex": 0,"texture": "#0"},
				"south": {"uv": [0, 0, 2, 2], "rotation": 180, "tintindex": 0,"texture": "#0"},
				"west": {"uv": [0, 0, 2, 2], "rotation": 180, "tintindex": 0,"texture": "#0"},
				"up": {"uv": [0, 0, 2, 2], "rotation": 90, "tintindex": 0,"texture": "#0"},
				"down": {"uv": [0, 0, 2, 2], "rotation": 270, "tintindex": 0,"texture": "#0"}
			}
		},
		{
			"from": [2.34925, 7.22028, 7.29291],
			"to": [5.34925, 10.22028, 7.39291],
			"rotation": {"angle": -45, "axis": "x", "origin": [2.84925, 8.72028, 6.34291]},
			"faces": {
				"north": {"uv": [0, 0, 16, 16], "rotation": 180, "tintindex": 0,"texture": "#0"},
				"east": {"uv": [0, 0, 2, 2], "rotation": 180, "tintindex": 0,"texture": "#0"},
				"south": {"uv": [0, 0, 2, 2], "rotation": 180, "tintindex": 0,"texture": "#0"},
				"west": {"uv": [0, 0, 2, 2], "rotation": 180, "tintindex": 0,"texture": "#0"},
				"up": {"uv": [0, 0, 2, 2], "rotation": 90, "tintindex": 0,"texture": "#0"},
				"down": {"uv": [0, 0, 2, 2], "rotation": 270, "tintindex": 0,"texture": "#0"}
			}
		},
		{
			"from": [11.34925, 7.47028, 8.04291],
			"to": [14.34925, 10.47028, 8.14291],
			"rotation": {"angle": -45, "axis": "x", "origin": [2.84925, 8.72028, 6.34291]},
			"faces": {
				"north": {"uv": [0, 0, 16, 16], "rotation": 180, "tintindex": 0,"texture": "#0"},
				"east": {"uv": [0, 0, 2, 2], "rotation": 180, "tintindex": 0,"texture": "#0"},
				"south": {"uv": [0, 0, 2, 2], "rotation": 180, "tintindex": 0,"texture": "#0"},
				"west": {"uv": [0, 0, 2, 2], "rotation": 180, "tintindex": 0,"texture": "#0"},
				"up": {"uv": [0, 0, 2, 2], "rotation": 90, "tintindex": 0,"texture": "#0"},
				"down": {"uv": [0, 0, 2, 2], "rotation": 270, "tintindex": 0,"texture": "#0"}
			}
		},
		{
			"from": [11.29925, 5.88449, 11.90357],
			"to": [11.39925, 8.88449, 14.90357],
			"rotation": {"angle": -45, "axis": "z", "origin": [12.84925, 10.13449, 12.40357]},
			"faces": {
				"north": {"uv": [0, 0, 2, 2], "rotation": 180, "tintindex": 0,"texture": "#0"},
				"east": {"uv": [0, 0, 16, 16], "rotation": 180, "tintindex": 0,"texture": "#0"},
				"south": {"uv": [0, 0, 2, 2], "rotation": 180, "tintindex": 0,"texture": "#0"},
				"west": {"uv": [0, 0, 2, 2], "rotation": 180, "tintindex": 0,"texture": "#0"},
				"up": {"uv": [0, 0, 2, 2], "rotation": 180, "tintindex": 0,"texture": "#0"},
				"down": {"uv": [0, 0, 2, 2], "rotation": 180, "tintindex": 0,"texture": "#0"}
			}
		},
		{
			"from": [9.08209, -0.75, 8.60861],
			"to": [9.18209, 2.25, 11.60861],
			"rotation": {"angle": 45, "axis": "y", "origin": [5.13209, -3.25, 6.85861]},
			"faces": {
				"north": {"uv": [0, 0, 2, 2], "tintindex": 0,"texture": "#0"},
				"east": {"uv": [0, 0, 16, 16], "rotation": 270, "tintindex": 0,"texture": "#0"},
				"south": {"uv": [0, 0, 2, 2], "rotation": 180, "tintindex": 0,"texture": "#0"},
				"west": {"uv": [0, 0, 2, 2], "rotation": 90, "tintindex": 0,"texture": "#0"},
				"up": {"uv": [0, 0, 2, 2], "rotation": 180, "tintindex": 0,"texture": "#0"},
				"down": {"uv": [0, 0, 2, 2], "tintindex": 0,"texture": "#0"}
			}
		},
		{
			"from": [10.38539, 6, 4.6515],
			"to": [10.48539, 9, 7.6515],
			"rotation": {"angle": 22.5, "axis": "y", "origin": [10.43539, 7.5, 6.1515]},
			"faces": {
				"north": {"uv": [0, 0, 2, 2], "tintindex": 0,"texture": "#0"},
				"east": {"uv": [0, 0, 16, 16], "rotation": 270, "tintindex": 0,"texture": "#0"},
				"south": {"uv": [0, 0, 2, 2], "rotation": 180, "tintindex": 0,"texture": "#0"},
				"west": {"uv": [0, 0, 2, 2], "rotation": 90, "tintindex": 0,"texture": "#0"},
				"up": {"uv": [0, 0, 2, 2], "rotation": 180, "tintindex": 0,"texture": "#0"},
				"down": {"uv": [0, 0, 2, 2], "tintindex": 0,"texture": "#0"}
			}
		},
		{
			"from": [13.00491, 3.25, 5.49109],
			"to": [13.10491, 6.25, 8.49109],
			"rotation": {"angle": -22.5, "axis": "z", "origin": [13.30491, 4.75, 6.99109]},
			"faces": {
				"north": {"uv": [0, 0, 2, 2], "tintindex": 0,"texture": "#0"},
				"east": {"uv": [0, 0, 16, 16], "rotation": 270, "tintindex": 0,"texture": "#0"},
				"south": {"uv": [0, 0, 2, 2], "rotation": 180, "tintindex": 0,"texture": "#0"},
				"west": {"uv": [0, 0, 2, 2], "rotation": 90, "tintindex": 0,"texture": "#0"},
				"up": {"uv": [0, 0, 2, 2], "rotation": 180, "tintindex": 0,"texture": "#0"},
				"down": {"uv": [0, 0, 2, 2], "tintindex": 0,"texture": "#0"}
			}
		},
		{
			"from": [5, -5.8, 7],
			"to": [11, 9.2, 10],
			"faces": {
				"north": {"uv": [0, 0, 6, 15], "tintindex": 0,"texture": "#4"},
				"east": {"uv": [0, 0, 3, 15], "tintindex": 0,"texture": "#4"},
				"south": {"uv": [0, 0, 6, 15], "tintindex": 0,"texture": "#4"},
				"west": {"uv": [0, 0, 3, 15], "tintindex": 0,"texture": "#4"},
				"up": {"uv": [0, 0, 6, 3], "tintindex": 0,"texture": "#4"},
				"down": {"uv": [0, 0, 6, 3], "tintindex": 0,"texture": "#4"}
			}
		},
		{
			"from": [4.23462, 2.33416, 5],
			"to": [5.73462, 4.33416, 6.5],
			"rotation": {"angle": 45, "axis": "z", "origin": [6.48462, 3.33416, 5.5]},
			"faces": {
				"north": {"uv": [0, 0, 1.5, 2], "tintindex": 0,"texture": "#2"},
				"east": {"uv": [0, 0, 1.5, 2], "tintindex": 0,"texture": "#2"},
				"south": {"uv": [0, 0, 1.5, 2], "tintindex": 0,"texture": "#2"},
				"west": {"uv": [0, 0, 1.5, 2], "tintindex": 0,"texture": "#2"},
				"up": {"uv": [0, 0, 1.5, 1.5], "tintindex": 0,"texture": "#2"},
				"down": {"uv": [0, 0, 1.5, 1.5], "tintindex": 0,"texture": "#2"}
			}
		},
		{
			"from": [4.78062, 3.46356, 5.1],
			"to": [6.28062, 8.46356, 6.6],
			"rotation": {"angle": 22.5, "axis": "z", "origin": [7.03062, 1.46356, 5.6]},
			"faces": {
				"north": {"uv": [0, 0, 1.5, 5], "tintindex": 0,"texture": "#2"},
				"east": {"uv": [0, 0, 1.5, 5], "tintindex": 0,"texture": "#2"},
				"south": {"uv": [0, 0, 1.5, 5], "tintindex": 0,"texture": "#2"},
				"west": {"uv": [0, 0, 1.5, 5], "tintindex": 0,"texture": "#2"},
				"up": {"uv": [0, 0, 1.5, 1.5], "tintindex": 0,"texture": "#2"},
				"down": {"uv": [0, 0, 1.5, 1.5], "tintindex": 0,"texture": "#2"}
			}
		},
		{
			"from": [9.46938, 3.46356, 5.1],
			"to": [10.96938, 8.46356, 6.6],
			"rotation": {"angle": -22.5, "axis": "z", "origin": [8.71938, 1.46356, 5.6]},
			"faces": {
				"north": {"uv": [1.5, 0, 3, 5], "tintindex": 0,"texture": "#2"},
				"east": {"uv": [1.5, 0, 3, 5], "tintindex": 0,"texture": "#2"},
				"south": {"uv": [1.5, 0, 3, 5], "tintindex": 0,"texture": "#2"},
				"west": {"uv": [1.5, 0, 3, 5], "tintindex": 0,"texture": "#2"},
				"up": {"uv": [1.5, 0, 3, 1.5], "tintindex": 0,"texture": "#2"},
				"down": {"uv": [1.5, 0, 3, 1.5], "tintindex": 0,"texture": "#2"}
			}
		},
		{
			"from": [10.01538, 2.33416, 5],
			"to": [11.51538, 4.33416, 6.5],
			"rotation": {"angle": -45, "axis": "z", "origin": [9.26538, 3.33416, 5.5]},
			"faces": {
				"north": {"uv": [1.5, 0, 3, 2], "tintindex": 0,"texture": "#2"},
				"east": {"uv": [1.5, 0, 3, 2], "tintindex": 0,"texture": "#2"},
				"south": {"uv": [1.5, 0, 3, 2], "tintindex": 0,"texture": "#2"},
				"west": {"uv": [1.5, 0, 3, 2], "tintindex": 0,"texture": "#2"},
				"up": {"uv": [1.5, 0, 3, 1.5], "tintindex": 0,"texture": "#2"},
				"down": {"uv": [1.5, 0, 3, 1.5], "tintindex": 0,"texture": "#2"}
			}
		},
		{
			"from": [11.14491, 2.76954, 6.5],
			"to": [13.14491, 10.76954, 8.5],
			"rotation": {"angle": -22.5, "axis": "z", "origin": [4.14491, 6.76954, 7.5]},
			"faces": {
				"north": {"uv": [0, 0, 2, 8], "tintindex": 0,"texture": "#4"},
				"east": {"uv": [0, 0, 2, 8], "tintindex": 0,"texture": "#4"},
				"south": {"uv": [0, 0, 2, 8], "tintindex": 0,"texture": "#4"},
				"west": {"uv": [0, 0, 2, 8], "tintindex": 0,"texture": "#4"},
				"up": {"uv": [0, 0, 2, 2], "tintindex": 0,"texture": "#4"},
				"down": {"uv": [0, 0, 2, 2], "tintindex": 0,"texture": "#4"}
			}
		},
		{
			"from": [6.35, 4.64972, 3.97231],
			"to": [6.85, 7.14972, 4.47231],
			"rotation": {"angle": 0, "axis": "y", "origin": [0.35, 0.39972, 0.47231]},
			"faces": {
				"north": {"uv": [0, 0, 0.5, 2.5], "tintindex": 0,"texture": "#1"},
				"east": {"uv": [0, 0, 0.5, 2.5], "tintindex": 0,"texture": "#1"},
				"south": {"uv": [0, 0, 0.5, 2.5], "tintindex": 0,"texture": "#1"},
				"west": {"uv": [0, 0, 0.5, 2.5], "tintindex": 0,"texture": "#1"},
				"up": {"uv": [0, 0, 0.5, 0.5], "tintindex": 0,"texture": "#1"},
				"down": {"uv": [0, 0, 0.5, 0.5], "tintindex": 0,"texture": "#1"}
			}
		},
		{
			"from": [6, 4.25, 2.8],
			"to": [6.5, 6.25, 3.3],
			"faces": {
				"north": {"uv": [0, 0, 0.5, 2], "tintindex": 0,"texture": "#1"},
				"east": {"uv": [0, 0, 0.5, 2], "tintindex": 0,"texture": "#1"},
				"south": {"uv": [0, 0, 0.5, 2], "tintindex": 0,"texture": "#1"},
				"west": {"uv": [0, 0, 0.5, 2], "tintindex": 0,"texture": "#1"},
				"up": {"uv": [0, 0, 0.5, 0.5], "tintindex": 0,"texture": "#1"},
				"down": {"uv": [0, 0, 0.5, 0.5], "tintindex": 0,"texture": "#1"}
			}
		},
		{
			"from": [6, 4.25, 2.8],
			"to": [6.5, 6.25, 3.3],
			"faces": {
				"north": {"uv": [0, 0, 0.5, 2], "tintindex": 0,"texture": "#1"},
				"east": {"uv": [0, 0, 0.5, 2], "tintindex": 0,"texture": "#1"},
				"south": {"uv": [0, 0, 0.5, 2], "tintindex": 0,"texture": "#1"},
				"west": {"uv": [0, 0, 0.5, 2], "tintindex": 0,"texture": "#1"},
				"up": {"uv": [0, 0, 0.5, 0.5], "tintindex": 0,"texture": "#1"},
				"down": {"uv": [0, 0, 0.5, 0.5], "tintindex": 0,"texture": "#1"}
			}
		},
		{
			"from": [5.9, 4.75, 3.1],
			"to": [6.4, 6.75, 3.6],
			"faces": {
				"north": {"uv": [0, 0, 0.5, 2], "tintindex": 0,"texture": "#1"},
				"east": {"uv": [0, 0, 0.5, 2], "tintindex": 0,"texture": "#1"},
				"south": {"uv": [0, 0, 0.5, 2], "tintindex": 0,"texture": "#1"},
				"west": {"uv": [0, 0, 0.5, 2], "tintindex": 0,"texture": "#1"},
				"up": {"uv": [0, 0, 0.5, 0.5], "tintindex": 0,"texture": "#1"},
				"down": {"uv": [0, 0, 0.5, 0.5], "tintindex": 0,"texture": "#1"}
			}
		},
		{
			"from": [5.9, 4.75, 3.1],
			"to": [6.4, 6.75, 3.6],
			"faces": {
				"north": {"uv": [0, 0, 0.5, 2], "tintindex": 0,"texture": "#1"},
				"east": {"uv": [0, 0, 0.5, 2], "tintindex": 0,"texture": "#1"},
				"south": {"uv": [0, 0, 0.5, 2], "tintindex": 0,"texture": "#1"},
				"west": {"uv": [0, 0, 0.5, 2], "tintindex": 0,"texture": "#1"},
				"up": {"uv": [0, 0, 0.5, 0.5], "tintindex": 0,"texture": "#1"},
				"down": {"uv": [0, 0, 0.5, 0.5], "tintindex": 0,"texture": "#1"}
			}
		},
		{
			"from": [6.15, 3.5, 3.5],
			"to": [6.65, 5.5, 4],
			"rotation": {"angle": 22.5, "axis": "z", "origin": [6.15, 4.5, 3.75]},
			"faces": {
				"north": {"uv": [0, 0, 0.5, 2], "tintindex": 0,"texture": "#1"},
				"east": {"uv": [0, 0, 0.5, 2], "tintindex": 0,"texture": "#1"},
				"south": {"uv": [0, 0, 0.5, 2], "tintindex": 0,"texture": "#1"},
				"west": {"uv": [0, 0, 0.5, 2], "tintindex": 0,"texture": "#1"},
				"up": {"uv": [0, 0, 0.5, 0.5], "tintindex": 0,"texture": "#1"},
				"down": {"uv": [0, 0, 0.5, 0.5], "tintindex": 0,"texture": "#1"}
			}
		},
		{
			"from": [5.55, 4.75, 3.6],
			"to": [6.05, 6.75, 4.1],
			"rotation": {"angle": -22.5, "axis": "z", "origin": [6.05, 5.75, 3.85]},
			"faces": {
				"north": {"uv": [0, 0, 0.5, 2], "tintindex": 0,"texture": "#1"},
				"east": {"uv": [0, 0, 0.5, 2], "tintindex": 0,"texture": "#1"},
				"south": {"uv": [0, 0, 0.5, 2], "tintindex": 0,"texture": "#1"},
				"west": {"uv": [0, 0, 0.5, 2], "tintindex": 0,"texture": "#1"},
				"up": {"uv": [0, 0, 0.5, 0.5], "tintindex": 0,"texture": "#1"},
				"down": {"uv": [0, 0, 0.5, 0.5], "tintindex": 0,"texture": "#1"}
			}
		},
		{
			"from": [6.35, 4, 2.5],
			"to": [6.85, 6, 3],
			"rotation": {"angle": 0, "axis": "x", "origin": [6.35, 5.25, 3.25]},
			"faces": {
				"north": {"uv": [0, 0, 0.5, 2], "tintindex": 0,"texture": "#1"},
				"east": {"uv": [0, 0, 0.5, 2], "tintindex": 0,"texture": "#1"},
				"south": {"uv": [0, 0, 0.5, 2], "tintindex": 0,"texture": "#1"},
				"west": {"uv": [0, 0, 0.5, 2], "tintindex": 0,"texture": "#1"},
				"up": {"uv": [0, 0, 0.5, 0.5], "tintindex": 0,"texture": "#1"},
				"down": {"uv": [0, 0, 0.5, 0.5], "tintindex": 0,"texture": "#1"}
			}
		},
		{
			"from": [6.85, 4.75, 1.5],
			"to": [7.35, 6.25, 2],
			"rotation": {"angle": 22.5, "axis": "x", "origin": [6.35, 5.25, 2.25]},
			"faces": {
				"north": {"uv": [0, 0, 0.5, 1.5], "tintindex": 0,"texture": "#1"},
				"east": {"uv": [0, 0, 0.5, 1.5], "tintindex": 0,"texture": "#1"},
				"south": {"uv": [0, 0, 0.5, 1.5], "tintindex": 0,"texture": "#1"},
				"west": {"uv": [0, 0, 0.5, 1.5], "tintindex": 0,"texture": "#1"},
				"up": {"uv": [0, 0, 0.5, 0.5], "tintindex": 0,"texture": "#1"},
				"down": {"uv": [0, 0, 0.5, 0.5], "tintindex": 0,"texture": "#1"}
			}
		},
		{
			"from": [6.35, 4.75, 1.7],
			"to": [6.85, 6.25, 2.2],
			"rotation": {"angle": 22.5, "axis": "x", "origin": [6.35, 5.25, 2.25]},
			"faces": {
				"north": {"uv": [0, 0, 0.5, 1.5], "tintindex": 0,"texture": "#1"},
				"east": {"uv": [0, 0, 0.5, 1.5], "tintindex": 0,"texture": "#1"},
				"south": {"uv": [0, 0, 0.5, 1.5], "tintindex": 0,"texture": "#1"},
				"west": {"uv": [0, 0, 0.5, 1.5], "tintindex": 0,"texture": "#1"},
				"up": {"uv": [0, 0, 0.5, 0.5], "tintindex": 0,"texture": "#1"},
				"down": {"uv": [0, 0, 0.5, 0.5], "tintindex": 0,"texture": "#1"}
			}
		},
		{
			"from": [6.35, 5.71204, 2.25828],
			"to": [6.85, 6.21204, 4.25828],
			"rotation": {"angle": -22.5, "axis": "x", "origin": [6.6, 5.96204, 1.75828]},
			"faces": {
				"north": {"uv": [0, 0, 0.5, 0.5], "rotation": 180, "tintindex": 0,"texture": "#1"},
				"east": {"uv": [0, 0, 0.5, 2], "rotation": 90, "tintindex": 0,"texture": "#1"},
				"south": {"uv": [0, 0, 0.5, 0.5], "tintindex": 0,"texture": "#1"},
				"west": {"uv": [0, 0, 0.5, 2], "rotation": 270, "tintindex": 0,"texture": "#1"},
				"up": {"uv": [0, 0, 0.5, 2], "tintindex": 0,"texture": "#1"},
				"down": {"uv": [0, 0, 0.5, 2], "rotation": 180, "tintindex": 0,"texture": "#1"}
			}
		},
		{
			"from": [6.35, 6.68005, 4.60619],
			"to": [6.85, 8.68005, 5.10619],
			"rotation": {"angle": 45, "axis": "x", "origin": [6.6, 7.68005, 4.85619]},
			"faces": {
				"north": {"uv": [0, 0, 0.5, 2], "tintindex": 0,"texture": "#1"},
				"east": {"uv": [0, 0, 0.5, 2], "tintindex": 0,"texture": "#1"},
				"south": {"uv": [0, 0, 0.5, 2], "tintindex": 0,"texture": "#1"},
				"west": {"uv": [0, 0, 0.5, 2], "tintindex": 0,"texture": "#1"},
				"up": {"uv": [0, 0, 0.5, 0.5], "tintindex": 0,"texture": "#1"},
				"down": {"uv": [0, 0, 0.5, 0.5], "tintindex": 0,"texture": "#1"}
			}
		},
		{
			"from": [5.85, 6.38005, 4.80619],
			"to": [6.35, 8.38005, 5.30619],
			"rotation": {"angle": 45, "axis": "x", "origin": [6.6, 7.68005, 4.85619]},
			"faces": {
				"north": {"uv": [0, 0, 0.5, 2], "tintindex": 0,"texture": "#1"},
				"east": {"uv": [0, 0, 0.5, 2], "tintindex": 0,"texture": "#1"},
				"south": {"uv": [0, 0, 0.5, 2], "tintindex": 0,"texture": "#1"},
				"west": {"uv": [0, 0, 0.5, 2], "tintindex": 0,"texture": "#1"},
				"up": {"uv": [0, 0, 0.5, 0.5], "tintindex": 0,"texture": "#1"},
				"down": {"uv": [0, 0, 0.5, 0.5], "tintindex": 0,"texture": "#1"}
			}
		},
		{
			"from": [5.75, 5.98005, 5.20619],
			"to": [6.25, 7.98005, 5.70619],
			"rotation": {"angle": 45, "axis": "x", "origin": [6.6, 7.68005, 4.85619]},
			"faces": {
				"north": {"uv": [0, 0, 0.5, 2], "tintindex": 0,"texture": "#1"},
				"east": {"uv": [0, 0, 0.5, 2], "tintindex": 0,"texture": "#1"},
				"south": {"uv": [0, 0, 0.5, 2], "tintindex": 0,"texture": "#1"},
				"west": {"uv": [0, 0, 0.5, 2], "tintindex": 0,"texture": "#1"},
				"up": {"uv": [0, 0, 0.5, 0.5], "tintindex": 0,"texture": "#1"},
				"down": {"uv": [0, 0, 0.5, 0.5], "tintindex": 0,"texture": "#1"}
			}
		},
		{
			"from": [7.07469, 8.11038, 4.97275],
			"to": [7.57469, 9.61038, 5.47275],
			"rotation": {"angle": 22.5, "axis": "y", "origin": [7.32469, 9.96038, 8.22275]},
			"faces": {
				"north": {"uv": [0, 0, 0.5, 1.5], "rotation": 180, "tintindex": 0,"texture": "#1"},
				"east": {"uv": [0, 0, 0.5, 1.5], "rotation": 180, "tintindex": 0,"texture": "#1"},
				"south": {"uv": [0, 0, 0.5, 1.5], "rotation": 180, "tintindex": 0,"texture": "#1"},
				"west": {"uv": [0, 0, 0.5, 1.5], "rotation": 180, "tintindex": 0,"texture": "#1"},
				"up": {"uv": [0, 0, 0.5, 0.5], "tintindex": 0,"texture": "#1"},
				"down": {"uv": [0, 0, 0.5, 0.5], "tintindex": 0,"texture": "#1"}
			}
		},
		{
			"from": [5.85, 7.97075, 5.12478],
			"to": [6.35, 8.47075, 6.62478],
			"rotation": {"angle": -22.5, "axis": "x", "origin": [6.4, 8.82075, 5.87478]},
			"faces": {
				"north": {"uv": [0, 0, 0.5, 0.5], "rotation": 180, "tintindex": 0,"texture": "#1"},
				"east": {"uv": [0, 0, 0.5, 1.5], "rotation": 90, "tintindex": 0,"texture": "#1"},
				"south": {"uv": [0, 0, 0.5, 0.5], "tintindex": 0,"texture": "#1"},
				"west": {"uv": [0, 0, 0.5, 1.5], "rotation": 270, "tintindex": 0,"texture": "#1"},
				"up": {"uv": [0, 0, 0.5, 1.5], "tintindex": 0,"texture": "#1"},
				"down": {"uv": [0, 0, 0.5, 1.5], "rotation": 180, "tintindex": 0,"texture": "#1"}
			}
		},
		{
			"from": [6.85, 6.75659, 4.42142],
			"to": [7.35, 8.75659, 4.92142],
			"rotation": {"angle": 45, "axis": "x", "origin": [6.1, 7.75659, 4.67142]},
			"faces": {
				"north": {"uv": [0, 0, 0.5, 2], "tintindex": 0,"texture": "#1"},
				"east": {"uv": [0, 0, 0.5, 2], "tintindex": 0,"texture": "#1"},
				"south": {"uv": [0, 0, 0.5, 2], "tintindex": 0,"texture": "#1"},
				"west": {"uv": [0, 0, 0.5, 2], "tintindex": 0,"texture": "#1"},
				"up": {"uv": [0, 0, 0.5, 0.5], "tintindex": 0,"texture": "#1"},
				"down": {"uv": [0, 0, 0.5, 0.5], "tintindex": 0,"texture": "#1"}
			}
		},
		{
			"from": [7.35, 6.61008, 4.25249],
			"to": [7.85, 8.61008, 4.75249],
			"rotation": {"angle": 45, "axis": "x", "origin": [5.6, 7.61008, 4.50249]},
			"faces": {
				"north": {"uv": [0, 0, 0.5, 2], "tintindex": 0,"texture": "#1"},
				"east": {"uv": [0, 0, 0.5, 2], "tintindex": 0,"texture": "#1"},
				"south": {"uv": [0, 0, 0.5, 2], "tintindex": 0,"texture": "#1"},
				"west": {"uv": [0, 0, 0.5, 2], "tintindex": 0,"texture": "#1"},
				"up": {"uv": [0, 0, 0.5, 0.5], "tintindex": 0,"texture": "#1"},
				"down": {"uv": [0, 0, 0.5, 0.5], "tintindex": 0,"texture": "#1"}
			}
		},
		{
			"from": [7.75, 6.36551, 4.04295],
			"to": [8.25, 8.36551, 4.54295],
			"rotation": {"angle": 45, "axis": "x", "origin": [5.5, 7.36551, 4.69295]},
			"faces": {
				"north": {"uv": [0, 0, 0.5, 2], "tintindex": 0,"texture": "#1"},
				"east": {"uv": [0, 0, 0.5, 2], "tintindex": 0,"texture": "#1"},
				"south": {"uv": [0, 0, 0.5, 2], "tintindex": 0,"texture": "#1"},
				"west": {"uv": [0, 0, 0.5, 2], "tintindex": 0,"texture": "#1"},
				"up": {"uv": [0, 0, 0.5, 0.5], "tintindex": 0,"texture": "#1"},
				"down": {"uv": [0, 0, 0.5, 0.5], "tintindex": 0,"texture": "#1"}
			}
		},
		{
			"from": [7.35, 5.64207, 1.90458],
			"to": [7.85, 6.14207, 3.90458],
			"rotation": {"angle": -22.5, "axis": "x", "origin": [6.6, 5.89207, 1.40458]},
			"faces": {
				"north": {"uv": [0, 0, 0.5, 0.5], "rotation": 180, "tintindex": 0,"texture": "#1"},
				"east": {"uv": [0, 0, 0.5, 2], "rotation": 90, "tintindex": 0,"texture": "#1"},
				"south": {"uv": [0, 0, 0.5, 0.5], "tintindex": 0,"texture": "#1"},
				"west": {"uv": [0, 0, 0.5, 2], "rotation": 270, "tintindex": 0,"texture": "#1"},
				"up": {"uv": [0, 0, 0.5, 2], "tintindex": 0,"texture": "#1"},
				"down": {"uv": [0, 0, 0.5, 2], "rotation": 180, "tintindex": 0,"texture": "#1"}
			}
		},
		{
			"from": [7.75, 5.68795, 1.85046],
			"to": [8.25, 6.18795, 3.85046],
			"rotation": {"angle": -22.5, "axis": "x", "origin": [6.5, 5.83795, 1.35046]},
			"faces": {
				"north": {"uv": [0, 0, 0.5, 0.5], "rotation": 180, "tintindex": 0,"texture": "#1"},
				"east": {"uv": [0, 0, 0.5, 2], "rotation": 90, "tintindex": 0,"texture": "#1"},
				"south": {"uv": [0, 0, 0.5, 0.5], "tintindex": 0,"texture": "#1"},
				"west": {"uv": [0, 0, 0.5, 2], "rotation": 270, "tintindex": 0,"texture": "#1"},
				"up": {"uv": [0, 0, 0.5, 2], "tintindex": 0,"texture": "#1"},
				"down": {"uv": [0, 0, 0.5, 2], "rotation": 180, "tintindex": 0,"texture": "#1"}
			}
		},
		{
			"from": [6.85, 5.59724, 2.11157],
			"to": [7.35, 6.09724, 4.11157],
			"rotation": {"angle": -22.5, "axis": "x", "origin": [6.6, 5.84724, 1.11157]},
			"faces": {
				"north": {"uv": [0, 0, 0.5, 0.5], "rotation": 180, "tintindex": 0,"texture": "#1"},
				"east": {"uv": [0, 0, 0.5, 2], "rotation": 90, "tintindex": 0,"texture": "#1"},
				"south": {"uv": [0, 0, 0.5, 0.5], "tintindex": 0,"texture": "#1"},
				"west": {"uv": [0, 0, 0.5, 2], "rotation": 270, "tintindex": 0,"texture": "#1"},
				"up": {"uv": [0, 0, 0.5, 2], "tintindex": 0,"texture": "#1"},
				"down": {"uv": [0, 0, 0.5, 2], "rotation": 180, "tintindex": 0,"texture": "#1"}
			}
		},
		{
			"from": [7.35, 5.05, 1.4],
			"to": [7.85, 6.05, 1.9],
			"rotation": {"angle": 22.5, "axis": "x", "origin": [6.35, 5.25, 2.25]},
			"faces": {
				"north": {"uv": [0, 0, 0.5, 1], "tintindex": 0,"texture": "#1"},
				"east": {"uv": [0, 0, 0.5, 1], "tintindex": 0,"texture": "#1"},
				"south": {"uv": [0, 0, 0.5, 1], "tintindex": 0,"texture": "#1"},
				"west": {"uv": [0, 0, 0.5, 1], "tintindex": 0,"texture": "#1"},
				"up": {"uv": [0, 0, 0.5, 0.5], "tintindex": 0,"texture": "#1"},
				"down": {"uv": [0, 0, 0.5, 0.5], "tintindex": 0,"texture": "#1"}
			}
		},
		{
			"from": [7.75, 5.05, 1.3],
			"to": [8.25, 6.05, 1.8],
			"rotation": {"angle": 22.5, "axis": "x", "origin": [6.35, 5.25, 2.25]},
			"faces": {
				"north": {"uv": [0, 0, 0.5, 1], "tintindex": 0,"texture": "#1"},
				"east": {"uv": [0, 0, 0.5, 1], "tintindex": 0,"texture": "#1"},
				"south": {"uv": [0, 0, 0.5, 1], "tintindex": 0,"texture": "#1"},
				"west": {"uv": [0, 0, 0.5, 1], "tintindex": 0,"texture": "#1"},
				"up": {"uv": [0, 0, 0.5, 0.5], "tintindex": 0,"texture": "#1"},
				"down": {"uv": [0, 0, 0.5, 0.5], "tintindex": 0,"texture": "#1"}
			}
		},
		{
			"from": [9.75, 5.98005, 5.20619],
			"to": [10.25, 7.98005, 5.70619],
			"rotation": {"angle": 45, "axis": "x", "origin": [9.4, 7.68005, 4.85619]},
			"faces": {
				"north": {"uv": [0.5, 0, 1, 2], "tintindex": 0,"texture": "#1"},
				"east": {"uv": [0.5, 0, 1, 2], "tintindex": 0,"texture": "#1"},
				"south": {"uv": [0.5, 0, 1, 2], "tintindex": 0,"texture": "#1"},
				"west": {"uv": [0.5, 0, 1, 2], "tintindex": 0,"texture": "#1"},
				"up": {"uv": [0.5, 0, 1, 0.5], "tintindex": 0,"texture": "#1"},
				"down": {"uv": [0.5, 0, 1, 0.5], "tintindex": 0,"texture": "#1"}
			}
		},
		{
			"from": [9.95, 4.75, 3.6],
			"to": [10.45, 6.75, 4.1],
			"rotation": {"angle": 22.5, "axis": "z", "origin": [9.95, 5.75, 3.85]},
			"faces": {
				"north": {"uv": [0.5, 0, 1, 2], "tintindex": 0,"texture": "#1"},
				"east": {"uv": [0.5, 0, 1, 2], "tintindex": 0,"texture": "#1"},
				"south": {"uv": [0.5, 0, 1, 2], "tintindex": 0,"texture": "#1"},
				"west": {"uv": [0.5, 0, 1, 2], "tintindex": 0,"texture": "#1"},
				"up": {"uv": [0.5, 0, 1, 0.5], "tintindex": 0,"texture": "#1"},
				"down": {"uv": [0.5, 0, 1, 0.5], "tintindex": 0,"texture": "#1"}
			}
		},
		{
			"from": [9.75, 4.25, 4.1],
			"to": [10.25, 6.25, 4.6],
			"rotation": {"angle": 22.5, "axis": "z", "origin": [9.95, 5.75, 3.85]},
			"faces": {
				"north": {"uv": [0.5, 0, 1, 2], "tintindex": 0,"texture": "#1"},
				"east": {"uv": [0.5, 0, 1, 2], "tintindex": 0,"texture": "#1"},
				"south": {"uv": [0.5, 0, 1, 2], "tintindex": 0,"texture": "#1"},
				"west": {"uv": [0.5, 0, 1, 2], "tintindex": 0,"texture": "#1"},
				"up": {"uv": [0.5, 0, 1, 0.5], "tintindex": 0,"texture": "#1"},
				"down": {"uv": [0.5, 0, 1, 0.5], "tintindex": 0,"texture": "#1"}
			}
		},
		{
			"from": [9.85, 3.95, 4.6],
			"to": [10.35, 6.45, 5.1],
			"rotation": {"angle": 22.5, "axis": "z", "origin": [9.95, 5.75, 3.85]},
			"faces": {
				"north": {"uv": [0.5, 0, 1, 2.5], "tintindex": 0,"texture": "#1"},
				"east": {"uv": [0.5, 0, 1, 2.5], "tintindex": 0,"texture": "#1"},
				"south": {"uv": [0.5, 0, 1, 2.5], "tintindex": 0,"texture": "#1"},
				"west": {"uv": [0.5, 0, 1, 2.5], "tintindex": 0,"texture": "#1"},
				"up": {"uv": [0.5, 0, 1, 0.5], "tintindex": 0,"texture": "#1"},
				"down": {"uv": [0.5, 0, 1, 0.5], "tintindex": 0,"texture": "#1"}
			}
		},
		{
			"from": [9.95, 3.95, 5.1],
			"to": [10.45, 6.95, 5.6],
			"rotation": {"angle": 22.5, "axis": "z", "origin": [9.95, 5.75, 3.85]},
			"faces": {
				"north": {"uv": [0.5, 0, 1, 3], "tintindex": 0,"texture": "#1"},
				"east": {"uv": [0.5, 0, 1, 3], "tintindex": 0,"texture": "#1"},
				"south": {"uv": [0.5, 0, 1, 3], "tintindex": 0,"texture": "#1"},
				"west": {"uv": [0.5, 0, 1, 3], "tintindex": 0,"texture": "#1"},
				"up": {"uv": [0.5, 0, 1, 0.5], "tintindex": 0,"texture": "#1"},
				"down": {"uv": [0.5, 0, 1, 0.5], "tintindex": 0,"texture": "#1"}
			}
		},
		{
			"from": [9.35, 3.5, 3.5],
			"to": [9.85, 5.5, 4],
			"rotation": {"angle": -22.5, "axis": "z", "origin": [9.85, 4.5, 3.75]},
			"faces": {
				"north": {"uv": [0.5, 0, 1, 2], "tintindex": 0,"texture": "#1"},
				"east": {"uv": [0.5, 0, 1, 2], "tintindex": 0,"texture": "#1"},
				"south": {"uv": [0.5, 0, 1, 2], "tintindex": 0,"texture": "#1"},
				"west": {"uv": [0.5, 0, 1, 2], "tintindex": 0,"texture": "#1"},
				"up": {"uv": [0.5, 0, 1, 0.5], "tintindex": 0,"texture": "#1"},
				"down": {"uv": [0.5, 0, 1, 0.5], "tintindex": 0,"texture": "#1"}
			}
		},
		{
			"from": [9.6, 4.75, 3.1],
			"to": [10.1, 6.75, 3.6],
			"rotation": {"angle": 0, "axis": "y", "origin": [16, 0, 0]},
			"faces": {
				"north": {"uv": [0.5, 0, 1, 2], "tintindex": 0,"texture": "#1"},
				"east": {"uv": [0.5, 0, 1, 2], "tintindex": 0,"texture": "#1"},
				"south": {"uv": [0.5, 0, 1, 2], "tintindex": 0,"texture": "#1"},
				"west": {"uv": [0.5, 0, 1, 2], "tintindex": 0,"texture": "#1"},
				"up": {"uv": [0.5, 0, 1, 0.5], "tintindex": 0,"texture": "#1"},
				"down": {"uv": [0.5, 0, 1, 0.5], "tintindex": 0,"texture": "#1"}
			}
		},
		{
			"from": [9.5, 4.25, 2.8],
			"to": [10, 6.25, 3.3],
			"rotation": {"angle": 0, "axis": "y", "origin": [16, 0, 0]},
			"faces": {
				"north": {"uv": [0.5, 0, 1, 2], "tintindex": 0,"texture": "#1"},
				"east": {"uv": [0.5, 0, 1, 2], "tintindex": 0,"texture": "#1"},
				"south": {"uv": [0.5, 0, 1, 2], "tintindex": 0,"texture": "#1"},
				"west": {"uv": [0.5, 0, 1, 2], "tintindex": 0,"texture": "#1"},
				"up": {"uv": [0.5, 0, 1, 0.5], "tintindex": 0,"texture": "#1"},
				"down": {"uv": [0.5, 0, 1, 0.5], "tintindex": 0,"texture": "#1"}
			}
		},
		{
			"from": [9.15, 4, 2.5],
			"to": [9.65, 6, 3],
			"rotation": {"angle": 0, "axis": "x", "origin": [9.65, 5.25, 3.25]},
			"faces": {
				"north": {"uv": [0.5, 0, 1, 2], "tintindex": 0,"texture": "#1"},
				"east": {"uv": [0.5, 0, 1, 2], "tintindex": 0,"texture": "#1"},
				"south": {"uv": [0.5, 0, 1, 2], "tintindex": 0,"texture": "#1"},
				"west": {"uv": [0.5, 0, 1, 2], "tintindex": 0,"texture": "#1"},
				"up": {"uv": [0.5, 0, 1, 0.5], "tintindex": 0,"texture": "#1"},
				"down": {"uv": [0.5, 0, 1, 0.5], "tintindex": 0,"texture": "#1"}
			}
		},
		{
			"from": [9.15, 4.75, 1.7],
			"to": [9.65, 6.25, 2.2],
			"rotation": {"angle": 22.5, "axis": "x", "origin": [9.65, 5.25, 2.25]},
			"faces": {
				"north": {"uv": [0.5, 0, 1, 1.5], "tintindex": 0,"texture": "#1"},
				"east": {"uv": [0.5, 0, 1, 1.5], "tintindex": 0,"texture": "#1"},
				"south": {"uv": [0.5, 0, 1, 1.5], "tintindex": 0,"texture": "#1"},
				"west": {"uv": [0.5, 0, 1, 1.5], "tintindex": 0,"texture": "#1"},
				"up": {"uv": [0.5, 0, 1, 0.5], "tintindex": 0,"texture": "#1"},
				"down": {"uv": [0.5, 0, 1, 0.5], "tintindex": 0,"texture": "#1"}
			}
		},
		{
			"from": [8.65, 4.75, 1.5],
			"to": [9.15, 6.25, 2],
			"rotation": {"angle": 22.5, "axis": "x", "origin": [9.65, 5.25, 2.25]},
			"faces": {
				"north": {"uv": [0.5, 0, 1, 1.5], "tintindex": 0,"texture": "#1"},
				"east": {"uv": [0.5, 0, 1, 1.5], "tintindex": 0,"texture": "#1"},
				"south": {"uv": [0.5, 0, 1, 1.5], "tintindex": 0,"texture": "#1"},
				"west": {"uv": [0.5, 0, 1, 1.5], "tintindex": 0,"texture": "#1"},
				"up": {"uv": [0.5, 0, 1, 0.5], "tintindex": 0,"texture": "#1"},
				"down": {"uv": [0.5, 0, 1, 0.5], "tintindex": 0,"texture": "#1"}
			}
		},
		{
			"from": [8.15, 5.05, 1.4],
			"to": [8.65, 6.05, 1.9],
			"rotation": {"angle": 22.5, "axis": "x", "origin": [9.65, 5.25, 2.25]},
			"faces": {
				"north": {"uv": [0.5, 0, 1, 1], "tintindex": 0,"texture": "#1"},
				"east": {"uv": [0.5, 0, 1, 1], "tintindex": 0,"texture": "#1"},
				"south": {"uv": [0.5, 0, 1, 1], "tintindex": 0,"texture": "#1"},
				"west": {"uv": [0.5, 0, 1, 1], "tintindex": 0,"texture": "#1"},
				"up": {"uv": [0.5, 0, 1, 0.5], "tintindex": 0,"texture": "#1"},
				"down": {"uv": [0.5, 0, 1, 0.5], "tintindex": 0,"texture": "#1"}
			}
		},
		{
			"from": [8.15, 5.64207, 1.90458],
			"to": [8.65, 6.14207, 3.90458],
			"rotation": {"angle": -22.5, "axis": "x", "origin": [9.4, 5.89207, 1.40458]},
			"faces": {
				"north": {"uv": [0.5, 0, 1, 0.5], "rotation": 180, "tintindex": 0,"texture": "#1"},
				"east": {"uv": [0, 2, 0.5, 4], "rotation": 270, "tintindex": 0,"texture": "#1"},
				"south": {"uv": [0.5, 0, 1, 0.5], "tintindex": 0,"texture": "#1"},
				"west": {"uv": [0, 2, 0.5, 4], "rotation": 90, "tintindex": 0,"texture": "#1"},
				"up": {"uv": [0.5, 0, 1, 2], "tintindex": 0,"texture": "#1"},
				"down": {"uv": [0.5, 0, 1, 2], "rotation": 180, "tintindex": 0,"texture": "#1"}
			}
		},
		{
			"from": [8.65, 5.59724, 2.11157],
			"to": [9.15, 6.09724, 4.11157],
			"rotation": {"angle": -22.5, "axis": "x", "origin": [9.4, 5.84724, 1.11157]},
			"faces": {
				"north": {"uv": [0.5, 0, 1, 0.5], "rotation": 180, "tintindex": 0,"texture": "#1"},
				"east": {"uv": [0, 2, 0.5, 4], "rotation": 270, "tintindex": 0,"texture": "#1"},
				"south": {"uv": [0.5, 0, 1, 0.5], "tintindex": 0,"texture": "#1"},
				"west": {"uv": [0, 2, 0.5, 4], "rotation": 90, "tintindex": 0,"texture": "#1"},
				"up": {"uv": [0.5, 0, 1, 2], "tintindex": 0,"texture": "#1"},
				"down": {"uv": [0.5, 0, 1, 2], "rotation": 180, "tintindex": 0,"texture": "#1"}
			}
		},
		{
			"from": [9.15, 5.71204, 2.25828],
			"to": [9.65, 6.21204, 4.25828],
			"rotation": {"angle": -22.5, "axis": "x", "origin": [9.4, 5.96204, 1.75828]},
			"faces": {
				"north": {"uv": [0.5, 0, 1, 0.5], "rotation": 180, "tintindex": 0,"texture": "#1"},
				"east": {"uv": [0, 2, 0.5, 4], "rotation": 270, "tintindex": 0,"texture": "#1"},
				"south": {"uv": [0.5, 0, 1, 0.5], "tintindex": 0,"texture": "#1"},
				"west": {"uv": [0, 2, 0.5, 4], "rotation": 90, "tintindex": 0,"texture": "#1"},
				"up": {"uv": [0.5, 0, 1, 2], "tintindex": 0,"texture": "#1"},
				"down": {"uv": [0.5, 0, 1, 2], "rotation": 180, "tintindex": 0,"texture": "#1"}
			}
		},
		{
			"from": [9.15, 6.68005, 4.60619],
			"to": [9.65, 8.68005, 5.10619],
			"rotation": {"angle": 45, "axis": "x", "origin": [9.4, 7.68005, 4.85619]},
			"faces": {
				"north": {"uv": [0.5, 0, 1, 2], "tintindex": 0,"texture": "#1"},
				"east": {"uv": [0.5, 0, 1, 2], "tintindex": 0,"texture": "#1"},
				"south": {"uv": [0.5, 0, 1, 2], "tintindex": 0,"texture": "#1"},
				"west": {"uv": [0.5, 0, 1, 2], "tintindex": 0,"texture": "#1"},
				"up": {"uv": [0.5, 0, 1, 0.5], "tintindex": 0,"texture": "#1"},
				"down": {"uv": [0.5, 0, 1, 0.5], "tintindex": 0,"texture": "#1"}
			}
		},
		{
			"from": [8.65, 6.75659, 4.42142],
			"to": [9.15, 8.75659, 4.92142],
			"rotation": {"angle": 45, "axis": "x", "origin": [9.9, 7.75659, 4.67142]},
			"faces": {
				"north": {"uv": [0.5, 0, 1, 2], "tintindex": 0,"texture": "#1"},
				"east": {"uv": [0.5, 0, 1, 2], "tintindex": 0,"texture": "#1"},
				"south": {"uv": [0.5, 0, 1, 2], "tintindex": 0,"texture": "#1"},
				"west": {"uv": [0.5, 0, 1, 2], "tintindex": 0,"texture": "#1"},
				"up": {"uv": [0.5, 0, 1, 0.5], "tintindex": 0,"texture": "#1"},
				"down": {"uv": [0.5, 0, 1, 0.5], "tintindex": 0,"texture": "#1"}
			}
		},
		{
			"from": [8.15, 6.61008, 4.25249],
			"to": [8.65, 8.61008, 4.75249],
			"rotation": {"angle": 45, "axis": "x", "origin": [10.4, 7.61008, 4.50249]},
			"faces": {
				"north": {"uv": [0.5, 0, 1, 2], "tintindex": 0,"texture": "#1"},
				"east": {"uv": [0.5, 0, 1, 2], "tintindex": 0,"texture": "#1"},
				"south": {"uv": [0.5, 0, 1, 2], "tintindex": 0,"texture": "#1"},
				"west": {"uv": [0.5, 0, 1, 2], "tintindex": 0,"texture": "#1"},
				"up": {"uv": [0.5, 0, 1, 0.5], "tintindex": 0,"texture": "#1"},
				"down": {"uv": [0.5, 0, 1, 0.5], "tintindex": 0,"texture": "#1"}
			}
		},
		{
			"from": [9.65, 6.38005, 4.80619],
			"to": [10.15, 8.38005, 5.30619],
			"rotation": {"angle": 45, "axis": "x", "origin": [9.4, 7.68005, 4.85619]},
			"faces": {
				"north": {"uv": [0.5, 0, 1, 2], "tintindex": 0,"texture": "#1"},
				"east": {"uv": [0.5, 0, 1, 2], "tintindex": 0,"texture": "#1"},
				"south": {"uv": [0.5, 0, 1, 2], "tintindex": 0,"texture": "#1"},
				"west": {"uv": [0.5, 0, 1, 2], "tintindex": 0,"texture": "#1"},
				"up": {"uv": [0.5, 0, 1, 0.5], "tintindex": 0,"texture": "#1"},
				"down": {"uv": [0.5, 0, 1, 0.5], "tintindex": 0,"texture": "#1"}
			}
		},
		{
			"from": [6.25, 4.6, 3],
			"to": [8.25, 5.6, 5],
			"rotation": {"angle": -22.5, "axis": "x", "origin": [6, 3.5, 3]},
			"faces": {
				"north": {"uv": [0, 0, 2, 1], "tintindex": 0,"texture": "#4"},
				"east": {"uv": [0, 0, 2, 1], "tintindex": 0,"texture": "#4"},
				"south": {"uv": [0, 0, 2, 1], "tintindex": 0,"texture": "#4"},
				"west": {"uv": [0, 0, 2, 1], "tintindex": 0,"texture": "#4"},
				"up": {"uv": [0, 0, 2, 2], "tintindex": 0,"texture": "#4"},
				"down": {"uv": [0, 0, 2, 2], "tintindex": 0,"texture": "#4"}
			}
		},
		{
			"from": [6.25, 8.61551, -0.11626],
			"to": [8.25, 10.61551, 6.88374],
			"rotation": {"angle": 22.5, "axis": "x", "origin": [6, 9.61551, 3.38374]},
			"faces": {
				"north": {"uv": [0, 0, 2, 2], "rotation": 180, "tintindex": 0,"texture": "#4"},
				"east": {"uv": [0, 0, 2, 7], "rotation": 90, "tintindex": 0,"texture": "#4"},
				"south": {"uv": [0, 0, 2, 2], "tintindex": 0,"texture": "#4"},
				"west": {"uv": [0, 0, 2, 7], "rotation": 270, "tintindex": 0,"texture": "#4"},
				"up": {"uv": [0, 0, 2, 7], "tintindex": 0,"texture": "#4"},
				"down": {"uv": [0, 0, 2, 7], "rotation": 180, "tintindex": 0,"texture": "#4"}
			}
		},
		{
			"from": [7.4, 8.76327, 8.55089],
			"to": [9.4, 10.76327, 15.55089],
			"rotation": {"angle": -22.5, "axis": "x", "origin": [7, 11.26327, 13.85089]},
			"faces": {
				"north": {"uv": [0, 0, 2, 2], "rotation": 180, "tintindex": 0,"texture": "#4"},
				"east": {"uv": [0, 0, 2, 7], "rotation": 90, "tintindex": 0,"texture": "#4"},
				"south": {"uv": [0, 0, 2, 2], "tintindex": 0,"texture": "#4"},
				"west": {"uv": [0, 0, 2, 7], "rotation": 270, "tintindex": 0,"texture": "#4"},
				"up": {"uv": [0, 0, 2, 7], "tintindex": 0,"texture": "#4"},
				"down": {"uv": [0, 0, 2, 7], "rotation": 180, "tintindex": 0,"texture": "#4"}
			}
		},
		{
			"from": [7.98221, 6.00626, 7.5],
			"to": [17.98221, 8.00626, 9.5],
			"rotation": {"angle": 22.5, "axis": "z", "origin": [6.98221, 11.00626, 7.5]},
			"faces": {
				"north": {"uv": [0, 0, 2, 10], "rotation": 90, "tintindex": 0,"texture": "#4"},
				"east": {"uv": [0, 0, 2, 2], "rotation": 270, "tintindex": 0,"texture": "#4"},
				"south": {"uv": [0, 0, 2, 10], "rotation": 270, "tintindex": 0,"texture": "#4"},
				"west": {"uv": [0, 0, 2, 2], "rotation": 270, "tintindex": 0,"texture": "#4"},
				"up": {"uv": [0, 0, 2, 10], "rotation": 270, "tintindex": 0,"texture": "#4"},
				"down": {"uv": [0, 0, 2, 10], "rotation": 270, "tintindex": 0,"texture": "#4"}
			}
		},
		{
			"from": [0.1704, 8.03281, 7.5],
			"to": [7.1704, 10.03281, 9.5],
			"rotation": {"angle": 0, "axis": "z", "origin": [12.6704, 9.03281, 8.5]},
			"faces": {
				"north": {"uv": [0, 0, 2, 7], "rotation": 90, "tintindex": 0,"texture": "#4"},
				"east": {"uv": [0, 0, 2, 2], "rotation": 270, "tintindex": 0,"texture": "#4"},
				"south": {"uv": [0, 0, 2, 7], "rotation": 270, "tintindex": 0,"texture": "#4"},
				"west": {"uv": [0, 0, 2, 2], "rotation": 270, "tintindex": 0,"texture": "#4"},
				"up": {"uv": [0, 0, 2, 7], "rotation": 270, "tintindex": 0,"texture": "#4"},
				"down": {"uv": [0, 0, 2, 7], "rotation": 270, "tintindex": 0,"texture": "#4"}
			}
		},
		{
			"from": [-7.66018, 4.02761, 7.6],
			"to": [-0.66018, 6.02761, 9.6],
			"rotation": {"angle": -45, "axis": "z", "origin": [4.58982, 5.02761, 8.5]},
			"faces": {
				"north": {"uv": [0, 0, 2, 7], "rotation": 90, "tintindex": 0,"texture": "#4"},
				"east": {"uv": [0, 0, 2, 2], "rotation": 270, "tintindex": 0,"texture": "#4"},
				"south": {"uv": [0, 0, 2, 7], "rotation": 270, "tintindex": 0,"texture": "#4"},
				"west": {"uv": [0, 0, 2, 2], "rotation": 270, "tintindex": 0,"texture": "#4"},
				"up": {"uv": [0, 0, 2, 7], "rotation": 270, "tintindex": 0,"texture": "#4"},
				"down": {"uv": [0, 0, 2, 7], "rotation": 270, "tintindex": 0,"texture": "#4"}
			}
		},
		{
			"from": [3.3, 9.85, -0.4],
			"to": [11.7, 26.65, 16.4],
			"rotation": {"angle": 0, "axis": "y", "origin": [-1.7, -3.4, -1.6]},
			"faces": {
				"north": {"uv": [0, 0, 7, 14], "tintindex": 0,"texture": "#8"},
				"east": {"uv": [0, 0, 14, 14], "tintindex": 0,"texture": "#8"},
				"south": {"uv": [0, 0, 7, 14], "tintindex": 0,"texture": "#8"},
				"west": {"uv": [0, 0, 14, 14], "tintindex": 0,"texture": "#8"},
				"up": {"uv": [0, 0, 7, 14], "tintindex": 0,"texture": "#8"},
				"down": {"uv": [0, 0, 7, 14], "tintindex": 0,"texture": "#8"}
			}
		},
		{
			"from": [-0.3, 11.05, 0.8],
			"to": [15.3, 25.45, 15.2],
			"rotation": {"angle": 0, "axis": "y", "origin": [-1.7, -3.4, -1.6]},
			"faces": {
				"north": {"uv": [0, 0, 13, 12], "tintindex": 0,"texture": "#8"},
				"east": {"uv": [0, 0, 12, 12], "tintindex": 0,"texture": "#8"},
				"south": {"uv": [0, 0, 13, 12], "tintindex": 0,"texture": "#8"},
				"west": {"uv": [0, 0, 12, 12], "tintindex": 0,"texture": "#8"},
				"up": {"uv": [0, 0, 13, 12], "tintindex": 0,"texture": "#8"},
				"down": {"uv": [0, 0, 13, 12], "tintindex": 0,"texture": "#8"}
			}
		},
		{
			"from": [-1.5, 12.25, 2],
			"to": [16.5, 24.25, 14],
			"rotation": {"angle": 0, "axis": "y", "origin": [-1.7, -3.4, -1.6]},
			"faces": {
				"north": {"uv": [0, 0, 15, 10], "tintindex": 0,"texture": "#8"},
				"east": {"uv": [0, 0, 10, 10], "tintindex": 0,"texture": "#8"},
				"south": {"uv": [0, 0, 15, 10], "tintindex": 0,"texture": "#8"},
				"west": {"uv": [0, 0, 10, 10], "tintindex": 0,"texture": "#8"},
				"up": {"uv": [0, 0, 15, 10], "tintindex": 0,"texture": "#8"},
				"down": {"uv": [0, 0, 15, 10], "tintindex": 0,"texture": "#8"}
			}
		},
		{
			"from": [-6, 7, 4],
			"to": [-4, 15, 6],
			"rotation": {"angle": -22.5, "axis": "z", "origin": [1, 4, 10]},
			"faces": {
				"north": {"uv": [0, 0, 2, 8], "tintindex": 0,"texture": "#1"},
				"east": {"uv": [0, 0, 2, 8], "tintindex": 0,"texture": "#1"},
				"south": {"uv": [0, 0, 2, 8], "tintindex": 0,"texture": "#1"},
				"west": {"uv": [0, 0, 2, 8], "tintindex": 0,"texture": "#1"},
				"up": {"uv": [0, 0, 2, 2], "tintindex": 0,"texture": "#1"},
				"down": {"uv": [0, 0, 2, 2], "tintindex": 0,"texture": "#1"}
			}
		}
	],
	"display": {
		"head": {
			"translation": [0, 59.5, 11.25],
			"scale": [4, 4, 4]
		}
	},
	"groups": [
		0,
		1,
		2,
		3,
		4,
		5,
		6,
		7,
		8,
		9,
		10,
		11,
		12,
		13,
		14,
		15,
		16,
		17,
		18,
		19,
		20,
		21,
		22,
		23,
		24,
		25,
		26,
		27,
		28,
		29,
		30,
		31,
		32,
		33,
		34,
		35,
		36,
		37,
		38,
		39,
		40,
		41,
		42,
		43,
		44,
		45,
		46,
		47,
		48,
		49,
		50,
		51,
		52,
		53,
		54,
		55,
		56,
		57,
		58,
		59,
		60,
		61,
		62,
		63,
		64,
		65,
		66,
		67,
		68,
		69,
		70,
		71,
		72,
		73,
		74,
		75,
		76,
		77,
		78,
		79,
		80,
		81,
		82,
		83,
		84,
		85,
		86,
		87,
		88,
		{
			"name": "group",
			"origin": [4, 2.5, 1],
			"color": 0,
			"children": [89]
		},
		{
			"name": "group",
			"origin": [4, 2.5, 1],
			"color": 0,
			"children": [90]
		},
		{
			"name": "group",
			"origin": [4, 2.5, 1],
			"color": 0,
			"children": [91, 92, 93, 94, 95]
		}
	]
}