{
	"credit": "Made with Blockbench",
	"textures": {
		"0": "block/fire_coral_fan",
		"2": "block/nether_wart_block",
		"4": "block/crimson_stem",
		"5": "block/crimson_nylium",
		"9": "block/bee_nest_top",
		"particle": "block/fire_coral_fan"
	},
	"elements": [
		{
			"from": [0, 2, 0],
			"to": [16, 22, 16],
			"rotation": {"angle": 0, "axis": "y", "origin": [-8, 0, -8]},
			"faces": {
				"north": {"uv": [0, 0, 8, 10], "tintindex": 0,"texture": "#5"},
				"east": {"uv": [0, 0, 8, 10], "tintindex": 0,"texture": "#5"},
				"south": {"uv": [3, 1, 11, 11], "tintindex": 0,"texture": "#5"},
				"west": {"uv": [3, 6, 11, 16], "tintindex": 0,"texture": "#5"},
				"up": {"uv": [4, 1, 12, 9], "tintindex": 0,"texture": "#5"},
				"down": {"uv": [8, 6, 16, 14], "tintindex": 0,"texture": "#5"}
			}
		},
		{
			"from": [2, 2, -2],
			"to": [14, 18, 18],
			"rotation": {"angle": 0, "axis": "y", "origin": [-8, 0, -8]},
			"faces": {
				"north": {"uv": [0, 0, 6, 8], "tintindex": 0,"texture": "#5"},
				"east": {"uv": [0, 0, 10, 8], "tintindex": 0,"texture": "#5"},
				"south": {"uv": [0, 0, 6, 8], "tintindex": 0,"texture": "#5"},
				"west": {"uv": [0, 0, 10, 8], "tintindex": 0,"texture": "#5"},
				"up": {"uv": [0, 0, 6, 10], "tintindex": 0,"texture": "#5"},
				"down": {"uv": [0, 0, 6, 10], "tintindex": 0,"texture": "#5"}
			}
		},
		{
			"from": [-2, 2, 2],
			"to": [18, 18, 14],
			"rotation": {"angle": 0, "axis": "y", "origin": [8, 8, 8]},
			"faces": {
				"north": {"uv": [0, 0, 10, 8], "tintindex": 0,"texture": "#5"},
				"east": {"uv": [0, 0, 6, 8], "tintindex": 0,"texture": "#5"},
				"south": {"uv": [0, 0, 10, 8], "tintindex": 0,"texture": "#5"},
				"west": {"uv": [0, 0, 6, 8], "tintindex": 0,"texture": "#5"},
				"up": {"uv": [0, 0, 6, 10], "rotation": 270, "tintindex": 0,"texture": "#5"},
				"down": {"uv": [0, 0, 6, 10], "rotation": 90, "tintindex": 0,"texture": "#5"}
			}
		},
		{
			"from": [-6, 0, -6],
			"to": [22, 2, 22],
			"rotation": {"angle": 0, "axis": "y", "origin": [-8, 0, -8]},
			"faces": {
				"north": {"uv": [0, 0, 14, 1], "tintindex": 0,"texture": "#5"},
				"east": {"uv": [0, 0, 14, 1], "tintindex": 0,"texture": "#5"},
				"south": {"uv": [0, 0, 14, 1], "tintindex": 0,"texture": "#5"},
				"west": {"uv": [0, 0, 14, 1], "tintindex": 0,"texture": "#5"},
				"up": {"uv": [0, 0, 14, 14], "tintindex": 0,"texture": "#5"},
				"down": {"uv": [0, 0, 14, 14], "tintindex": 0,"texture": "#5"}
			}
		},
		{
			"from": [-2, 0, -8],
			"to": [20, 2, -6],
			"rotation": {"angle": 0, "axis": "y", "origin": [-8, 0, -8]},
			"faces": {
				"north": {"uv": [0, 0, 11, 1], "tintindex": 0,"texture": "#5"},
				"east": {"uv": [0, 0, 1, 1], "tintindex": 0,"texture": "#5"},
				"south": {"uv": [0, 0, 11, 1], "tintindex": 0,"texture": "#5"},
				"west": {"uv": [0, 0, 1, 1], "tintindex": 0,"texture": "#5"},
				"up": {"uv": [0, 0, 11, 1], "tintindex": 0,"texture": "#5"},
				"down": {"uv": [0, 0, 11, 1], "tintindex": 0,"texture": "#5"}
			}
		},
		{
			"from": [-2, 0, 22],
			"to": [20, 2, 24],
			"rotation": {"angle": 0, "axis": "y", "origin": [-8, 0, -8]},
			"faces": {
				"north": {"uv": [0, 0, 11, 1], "tintindex": 0,"texture": "#5"},
				"east": {"uv": [0, 0, 1, 1], "tintindex": 0,"texture": "#5"},
				"south": {"uv": [0, 0, 11, 1], "tintindex": 0,"texture": "#5"},
				"west": {"uv": [0, 0, 1, 1], "tintindex": 0,"texture": "#5"},
				"up": {"uv": [0, 0, 11, 1], "tintindex": 0,"texture": "#5"},
				"down": {"uv": [0, 0, 11, 1], "tintindex": 0,"texture": "#5"}
			}
		},
		{
			"from": [22, 0, -3],
			"to": [24, 2, 19],
			"rotation": {"angle": 0, "axis": "y", "origin": [8, 1, 8]},
			"faces": {
				"north": {"uv": [0, 0, 1, 1], "tintindex": 0,"texture": "#5"},
				"east": {"uv": [0, 0, 11, 1], "tintindex": 0,"texture": "#5"},
				"south": {"uv": [0, 0, 1, 1], "tintindex": 0,"texture": "#5"},
				"west": {"uv": [0, 0, 11, 1], "tintindex": 0,"texture": "#5"},
				"up": {"uv": [0, 0, 11, 1], "rotation": 270, "tintindex": 0,"texture": "#5"},
				"down": {"uv": [0, 0, 11, 1], "rotation": 90, "tintindex": 0,"texture": "#5"}
			}
		},
		{
			"from": [-8, 0, -3],
			"to": [-6, 2, 19],
			"rotation": {"angle": 0, "axis": "y", "origin": [8, 1, 8]},
			"faces": {
				"north": {"uv": [0, 0, 1, 1], "tintindex": 0,"texture": "#5"},
				"east": {"uv": [0, 0, 11, 1], "tintindex": 0,"texture": "#5"},
				"south": {"uv": [0, 0, 1, 1], "tintindex": 0,"texture": "#5"},
				"west": {"uv": [0, 0, 11, 1], "tintindex": 0,"texture": "#5"},
				"up": {"uv": [0, 0, 11, 1], "rotation": 270, "tintindex": 0,"texture": "#5"},
				"down": {"uv": [0, 0, 11, 1], "rotation": 90, "tintindex": 0,"texture": "#5"}
			}
		},
		{
			"from": [-4, 2.5, 4],
			"to": [0, 12.5, 8],
			"rotation": {"angle": -22.5, "axis": "z", "origin": [-6, 5, 2]},
			"faces": {
				"north": {"uv": [0, 0, 2, 5], "tintindex": 0,"texture": "#2"},
				"east": {"uv": [0, 0, 2, 5], "tintindex": 0,"texture": "#2"},
				"south": {"uv": [0, 0, 2, 5], "tintindex": 0,"texture": "#2"},
				"west": {"uv": [0, 0, 2, 5], "tintindex": 0,"texture": "#2"},
				"up": {"uv": [0, 0, 2, 2], "tintindex": 0,"texture": "#2"},
				"down": {"uv": [0, 0, 2, 2], "tintindex": 0,"texture": "#2"}
			}
		},
		{
			"from": [14.5, 2.5, 2],
			"to": [18.5, 10.5, 6],
			"rotation": {"angle": 22.5, "axis": "x", "origin": [6, 6, -2]},
			"faces": {
				"north": {"uv": [0, 0, 2, 4], "tintindex": 0,"texture": "#4"},
				"east": {"uv": [0, 0, 2, 4], "tintindex": 0,"texture": "#4"},
				"south": {"uv": [0, 0, 2, 4], "tintindex": 0,"texture": "#4"},
				"west": {"uv": [0, 0, 2, 4], "tintindex": 0,"texture": "#4"},
				"up": {"uv": [0, 0, 2, 2], "tintindex": 0,"texture": "#4"},
				"down": {"uv": [0, 0, 2, 2], "tintindex": 0,"texture": "#4"}
			}
		},
		{
			"from": [4, 6, -2.1],
			"to": [12, 14, 5.9],
			"rotation": {"angle": 0, "axis": "y", "origin": [-8, 32, -8]},
			"faces": {
				"north": {"uv": [4, 4, 12, 12], "tintindex": 0,"texture": "#9"},
				"east": {"uv": [4, 4, 12, 12], "tintindex": 0,"texture": "#9"},
				"south": {"uv": [4, 4, 12, 12], "tintindex": 0,"texture": "#9"},
				"west": {"uv": [4, 4, 12, 12], "tintindex": 0,"texture": "#9"},
				"up": {"uv": [4, 4, 12, 12], "tintindex": 0,"texture": "#9"},
				"down": {"uv": [0, 0, 4, 4], "tintindex": 0,"texture": "#9"}
			}
		},
		{
			"from": [6, 4, -2.1],
			"to": [10, 6, 5.9],
			"rotation": {"angle": 0, "axis": "y", "origin": [-8, 32, -8]},
			"faces": {
				"north": {"uv": [4, 4, 6, 6], "tintindex": 0,"texture": "#9"},
				"east": {"uv": [4, 4, 6, 6], "tintindex": 0,"texture": "#9"},
				"south": {"uv": [4, 4, 6, 6], "tintindex": 0,"texture": "#9"},
				"west": {"uv": [4, 4, 6, 6], "tintindex": 0,"texture": "#9"},
				"up": {"uv": [4, 4, 6, 6], "tintindex": 0,"texture": "#9"},
				"down": {"uv": [4, 4, 6, 6], "tintindex": 0,"texture": "#9"}
			}
		},
		{
			"from": [6, 14, -2.1],
			"to": [10, 16, 5.9],
			"rotation": {"angle": 0, "axis": "y", "origin": [-8, 32, -8]},
			"faces": {
				"north": {"uv": [4, 4, 6, 6], "tintindex": 0,"texture": "#9"},
				"east": {"uv": [4, 4, 6, 6], "tintindex": 0,"texture": "#9"},
				"south": {"uv": [4, 4, 6, 6], "tintindex": 0,"texture": "#9"},
				"west": {"uv": [4, 4, 6, 6], "tintindex": 0,"texture": "#9"},
				"up": {"uv": [4, 4, 6, 6], "tintindex": 0,"texture": "#9"},
				"down": {"uv": [4, 4, 6, 6], "tintindex": 0,"texture": "#9"}
			}
		},
		{
			"from": [4.69849, 17.5, -0.74035],
			"to": [10.69849, 23.5, -0.54035],
			"rotation": {"angle": 22.5, "axis": "x", "origin": [5.19849, 21.5, -3.64035]},
			"faces": {
				"north": {"uv": [0, 0, 16, 16], "rotation": 180, "tintindex": 0,"texture": "#0"},
				"east": {"uv": [0, 0, 2, 2], "rotation": 180, "tintindex": 0,"texture": "#0"},
				"south": {"uv": [0, 0, 2, 2], "rotation": 180, "tintindex": 0,"texture": "#0"},
				"west": {"uv": [0, 0, 2, 2], "rotation": 180, "tintindex": 0,"texture": "#0"},
				"up": {"uv": [0, 0, 2, 2], "rotation": 90, "tintindex": 0,"texture": "#0"},
				"down": {"uv": [0, 0, 2, 2], "rotation": 270, "tintindex": 0,"texture": "#0"}
			}
		}
	],
	"display": {
		"head": {
			"translation": [0, -14, 4],
			"scale": [4, 4, 4]
		}
	},
	"groups": [
		0,
		1,
		2,
		3,
		4,
		5,
		6,
		7,
		8,
		9,
		10,
		11,
		12,
		13,
		{
			"name": "group",
			"origin": [4, 2.5, 1],
			"color": 0,
			"children": []
		},
		{
			"name": "group",
			"origin": [4, 2.5, 1],
			"color": 0,
			"children": []
		},
		{
			"name": "group",
			"origin": [4, 2.5, 1],
			"color": 0,
			"children": []
		}
	]
}