{
	"credit": "Made with Blockbench",
	"textures": {
		"0": "block/fire_coral_fan",
		"1": "block/fire_coral_block",
		"2": "block/nether_wart_block",
		"4": "block/crimson_stem",
		"particle": "block/fire_coral_fan"
	},
	"elements": [
		{
			"from": [3.44198, -8.24406, 7.45489],
			"to": [11.37798, 19.53194, 17.37489],
			"rotation": {"angle": 0, "axis": "y", "origin": [-8.46202, -30.06806, -4.44911]},
			"faces": {
				"north": {"uv": [0, 1, 4, 15], "tintindex": 0,"texture": "#4"},
				"east": {"uv": [12, 2, 16, 16], "tintindex": 0,"texture": "#4"},
				"south": {"uv": [2, 1, 6, 15], "tintindex": 0,"texture": "#4"},
				"west": {"uv": [6, 1, 10, 15], "tintindex": 0,"texture": "#4"},
				"up": {"uv": [0, 0, 4, 4], "tintindex": 0,"texture": "#4"},
				"down": {"uv": [0, 0, 4, 4], "tintindex": 0,"texture": "#4"}
			}
		},
		{
			"from": [4.92998, 9.51274, 0.61009],
			"to": [9.88998, 15.46474, 6.56209],
			"rotation": {"angle": -22.5, "axis": "x", "origin": [7.40998, 12.19114, 5.07409]},
			"faces": {
				"north": {"uv": [0, 0, 2.5, 3], "tintindex": 0,"texture": "#2"},
				"east": {"uv": [0, 0, 3, 3], "tintindex": 0,"texture": "#2"},
				"south": {"uv": [0, 0, 2.5, 3], "tintindex": 0,"texture": "#2"},
				"west": {"uv": [0, 0, 3, 3], "tintindex": 0,"texture": "#2"},
				"up": {"uv": [0, 0, 2.5, 3], "tintindex": 0,"texture": "#2"},
				"down": {"uv": [0, 0, 2.5, 3], "tintindex": 0,"texture": "#2"}
			}
		},
		{
			"from": [6.41798, 2.27114, 4.37969],
			"to": [9.39398, 5.24714, 7.35569],
			"rotation": {"angle": 0, "axis": "y", "origin": [7.90598, 4.75114, -2.36591]},
			"faces": {
				"north": {"uv": [0, 0, 1.5, 1.5], "tintindex": 0,"texture": "#2"},
				"east": {"uv": [0, 0, 1.5, 1.5], "tintindex": 0,"texture": "#2"},
				"south": {"uv": [0, 0, 1.5, 1.5], "tintindex": 0,"texture": "#2"},
				"west": {"uv": [0, 0, 1.5, 1.5], "tintindex": 0,"texture": "#2"},
				"up": {"uv": [0, 0, 1.5, 1.5], "tintindex": 0,"texture": "#2"},
				"down": {"uv": [0, 0, 1.5, 1.5], "tintindex": 0,"texture": "#2"}
			}
		},
		{
			"from": [2.74758, 0.88234, -3.06031],
			"to": [6.71558, 4.85034, 0.90769],
			"rotation": {"angle": -45, "axis": "x", "origin": [1.95398, 8.32234, -1.77071]},
			"faces": {
				"north": {"uv": [0, 0, 2, 2], "tintindex": 0,"texture": "#2"},
				"east": {"uv": [0, 0, 2, 2], "tintindex": 0,"texture": "#2"},
				"south": {"uv": [0, 0, 2, 2], "tintindex": 0,"texture": "#2"},
				"west": {"uv": [0, 0, 2, 2], "tintindex": 0,"texture": "#2"},
				"up": {"uv": [0, 0, 2, 2], "tintindex": 0,"texture": "#2"},
				"down": {"uv": [0, 0, 2, 2], "tintindex": 0,"texture": "#2"}
			}
		},
		{
			"from": [7.11238, 0.88234, -3.06031],
			"to": [11.08038, 4.85034, 0.90769],
			"rotation": {"angle": -45, "axis": "x", "origin": [1.95398, 8.32234, -1.77071]},
			"faces": {
				"north": {"uv": [0, 0, 2, 2], "tintindex": 0,"texture": "#2"},
				"east": {"uv": [0, 0, 2, 2], "tintindex": 0,"texture": "#2"},
				"south": {"uv": [0, 0, 2, 2], "tintindex": 0,"texture": "#2"},
				"west": {"uv": [0, 0, 2, 2], "tintindex": 0,"texture": "#2"},
				"up": {"uv": [0, 0, 2, 2], "tintindex": 0,"texture": "#2"},
				"down": {"uv": [0, 0, 2, 2], "tintindex": 0,"texture": "#2"}
			}
		},
		{
			"from": [5.42598, -1.59766, 3.68529],
			"to": [9.39398, 10.30634, 7.65329],
			"rotation": {"angle": 0, "axis": "y", "origin": [-8.46202, 5.84234, -4.25071]},
			"faces": {
				"north": {"uv": [0, 0, 2, 6], "tintindex": 0,"texture": "#2"},
				"east": {"uv": [0, 0, 2, 6], "tintindex": 0,"texture": "#2"},
				"south": {"uv": [0, 0, 2, 6], "tintindex": 0,"texture": "#2"},
				"west": {"uv": [0, 0, 2, 6], "tintindex": 0,"texture": "#2"},
				"up": {"uv": [0, 0, 2, 2], "tintindex": 0,"texture": "#2"},
				"down": {"uv": [0, 0, 2, 2], "tintindex": 0,"texture": "#2"}
			}
		},
		{
			"from": [3.93798, 1.87434, 2.49489],
			"to": [10.88198, 7.82634, 8.44689],
			"rotation": {"angle": 0, "axis": "y", "origin": [-8.46202, 5.84234, -4.25071]},
			"faces": {
				"north": {"uv": [0, 0, 3.5, 3], "tintindex": 0,"texture": "#2"},
				"east": {"uv": [0, 0, 3, 3], "tintindex": 0,"texture": "#2"},
				"south": {"uv": [0, 0, 3.5, 3], "tintindex": 0,"texture": "#2"},
				"west": {"uv": [0, 0, 3, 3], "tintindex": 0,"texture": "#2"},
				"up": {"uv": [0, 0, 3.5, 3], "tintindex": 0,"texture": "#2"},
				"down": {"uv": [0, 0, 3.5, 3], "tintindex": 0,"texture": "#2"}
			}
		},
		{
			"from": [5.82278, -1.49846, 3.28849],
			"to": [11.77478, 0.48554, 9.24049],
			"rotation": {"angle": 22.5, "axis": "z", "origin": [8.40198, 0.48554, 6.46289]},
			"faces": {
				"north": {"uv": [0, 0, 3, 1], "tintindex": 0,"texture": "#1"},
				"east": {"uv": [0, 0, 3, 1], "tintindex": 0,"texture": "#1"},
				"south": {"uv": [0, 0, 3, 1], "tintindex": 0,"texture": "#1"},
				"west": {"uv": [0, 0, 3, 1], "tintindex": 0,"texture": "#1"},
				"up": {"uv": [0, 0, 3, 3], "tintindex": 0,"texture": "#1"},
				"down": {"uv": [0, 0, 3, 3], "tintindex": 0,"texture": "#1"}
			}
		},
		{
			"from": [4.83078, -3.48246, 3.28849],
			"to": [10.28678, -1.49846, 9.24049],
			"rotation": {"angle": 22.5, "axis": "z", "origin": [8.40198, 0.48554, 6.85969]},
			"faces": {
				"north": {"uv": [0, 0, 2.75, 1], "tintindex": 0,"texture": "#1"},
				"east": {"uv": [0, 0, 3, 1], "tintindex": 0,"texture": "#1"},
				"south": {"uv": [0, 0, 2.75, 1], "tintindex": 0,"texture": "#1"},
				"west": {"uv": [0, 0, 3, 1], "tintindex": 0,"texture": "#1"},
				"up": {"uv": [0, 0, 2.75, 3], "tintindex": 0,"texture": "#1"},
				"down": {"uv": [0, 0, 2.75, 3], "tintindex": 0,"texture": "#1"}
			}
		},
		{
			"from": [3.83878, -5.46646, 3.88369],
			"to": [8.79878, -3.48246, 9.83569],
			"rotation": {"angle": 22.5, "axis": "z", "origin": [8.40198, 0.48554, 7.25649]},
			"faces": {
				"north": {"uv": [0, 0, 2.5, 1], "tintindex": 0,"texture": "#1"},
				"east": {"uv": [0, 0, 3, 1], "tintindex": 0,"texture": "#1"},
				"south": {"uv": [0, 0, 2.5, 1], "tintindex": 0,"texture": "#1"},
				"west": {"uv": [0, 0, 3, 1], "tintindex": 0,"texture": "#1"},
				"up": {"uv": [0, 0, 2.5, 3], "tintindex": 0,"texture": "#1"},
				"down": {"uv": [0, 0, 2.5, 3], "tintindex": 0,"texture": "#1"}
			}
		},
		{
			"from": [2.84678, -7.45046, 4.47889],
			"to": [7.31078, -5.46646, 10.43089],
			"rotation": {"angle": 22.5, "axis": "z", "origin": [8.40198, 0.48554, 7.85169]},
			"faces": {
				"north": {"uv": [0, 0, 2.25, 1], "tintindex": 0,"texture": "#1"},
				"east": {"uv": [0, 0, 3, 1], "tintindex": 0,"texture": "#1"},
				"south": {"uv": [0, 0, 2.25, 1], "tintindex": 0,"texture": "#1"},
				"west": {"uv": [0, 0, 3, 1], "tintindex": 0,"texture": "#1"},
				"up": {"uv": [0, 0, 2.25, 3], "tintindex": 0,"texture": "#1"},
				"down": {"uv": [0, 0, 2.25, 3], "tintindex": 0,"texture": "#1"}
			}
		},
		{
			"from": [7.50918, -7.45046, 4.67729],
			"to": [11.97318, -5.46646, 10.62929],
			"rotation": {"angle": -22.5, "axis": "z", "origin": [6.41798, 0.48554, 7.85169]},
			"faces": {
				"north": {"uv": [2.25, 0, 4.5, 1], "tintindex": 0,"texture": "#1"},
				"east": {"uv": [3, 0, 6, 1], "tintindex": 0,"texture": "#1"},
				"south": {"uv": [2.25, 0, 4.5, 1], "tintindex": 0,"texture": "#1"},
				"west": {"uv": [3, 0, 6, 1], "tintindex": 0,"texture": "#1"},
				"up": {"uv": [2.25, 0, 4.5, 3], "tintindex": 0,"texture": "#1"},
				"down": {"uv": [2.25, 0, 4.5, 3], "tintindex": 0,"texture": "#1"}
			}
		},
		{
			"from": [3.04518, -1.49846, 3.09009],
			"to": [8.99718, 0.48554, 9.04209],
			"rotation": {"angle": -22.5, "axis": "z", "origin": [6.41798, 0.48554, 6.46289]},
			"faces": {
				"north": {"uv": [3, 0, 6, 1], "tintindex": 0,"texture": "#1"},
				"east": {"uv": [3, 0, 6, 1], "tintindex": 0,"texture": "#1"},
				"south": {"uv": [3, 0, 6, 1], "tintindex": 0,"texture": "#1"},
				"west": {"uv": [3, 0, 6, 1], "tintindex": 0,"texture": "#1"},
				"up": {"uv": [3, 0, 6, 3], "tintindex": 0,"texture": "#1"},
				"down": {"uv": [3, 0, 6, 3], "tintindex": 0,"texture": "#1"}
			}
		},
		{
			"from": [4.53318, -3.48246, 3.48689],
			"to": [9.98918, -1.49846, 9.43889],
			"rotation": {"angle": -22.5, "axis": "z", "origin": [6.41798, 0.48554, 6.85969]},
			"faces": {
				"north": {"uv": [2.75, 0, 5.5, 1], "tintindex": 0,"texture": "#1"},
				"east": {"uv": [3, 0, 6, 1], "tintindex": 0,"texture": "#1"},
				"south": {"uv": [2.75, 0, 5.5, 1], "tintindex": 0,"texture": "#1"},
				"west": {"uv": [3, 0, 6, 1], "tintindex": 0,"texture": "#1"},
				"up": {"uv": [2.75, 0, 5.5, 3], "tintindex": 0,"texture": "#1"},
				"down": {"uv": [2.75, 0, 5.5, 3], "tintindex": 0,"texture": "#1"}
			}
		},
		{
			"from": [6.02118, -5.46646, 4.28049],
			"to": [10.98118, -3.48246, 10.23249],
			"rotation": {"angle": -22.5, "axis": "z", "origin": [6.41798, 0.48554, 7.25649]},
			"faces": {
				"north": {"uv": [2.5, 0, 5, 1], "tintindex": 0,"texture": "#1"},
				"east": {"uv": [3, 0, 6, 1], "tintindex": 0,"texture": "#1"},
				"south": {"uv": [2.5, 0, 5, 1], "tintindex": 0,"texture": "#1"},
				"west": {"uv": [3, 0, 6, 1], "tintindex": 0,"texture": "#1"},
				"up": {"uv": [2.5, 0, 5, 3], "tintindex": 0,"texture": "#1"},
				"down": {"uv": [2.5, 0, 5, 3], "tintindex": 0,"texture": "#1"}
			}
		},
		{
			"from": [5.42598, 8.12394, -1.47311],
			"to": [5.62438, 14.07594, 4.47889],
			"rotation": {"angle": -22.5, "axis": "y", "origin": [-8.36282, 4.65194, -1.47311]},
			"faces": {
				"north": {"uv": [0, 0, 2, 2], "rotation": 180, "tintindex": 0,"texture": "#0"},
				"east": {"uv": [0, 0, 2, 2], "rotation": 270, "tintindex": 0,"texture": "#0"},
				"south": {"uv": [0, 0, 2, 2], "tintindex": 0,"texture": "#0"},
				"west": {"uv": [0, 0, 16, 16], "rotation": 90, "tintindex": 0,"texture": "#0"},
				"up": {"uv": [0, 0, 2, 2], "rotation": 180, "tintindex": 0,"texture": "#0"},
				"down": {"uv": [0, 0, 2, 2], "tintindex": 0,"texture": "#0"}
			}
		},
		{
			"from": [1.76612, -7.74806, 5.83164],
			"to": [1.96452, -1.79606, 11.78364],
			"rotation": {"angle": -45, "axis": "y", "origin": [1.36932, -0.80406, 8.80764]},
			"faces": {
				"north": {"uv": [0, 0, 2, 2], "rotation": 180, "tintindex": 0,"texture": "#0"},
				"east": {"uv": [0, 0, 2, 2], "rotation": 270, "tintindex": 0,"texture": "#0"},
				"south": {"uv": [0, 0, 2, 2], "tintindex": 0,"texture": "#0"},
				"west": {"uv": [0, 0, 16, 16], "rotation": 90, "tintindex": 0,"texture": "#0"},
				"up": {"uv": [0, 0, 2, 2], "rotation": 180, "tintindex": 0,"texture": "#0"},
				"down": {"uv": [0, 0, 2, 2], "tintindex": 0,"texture": "#0"}
			}
		},
		{
			"from": [9.55684, 0.18794, 12.63037],
			"to": [9.75524, 6.13994, 18.58237],
			"rotation": {"angle": 45, "axis": "y", "origin": [1.72004, -4.77206, 9.15837]},
			"faces": {
				"north": {"uv": [0, 0, 2, 2], "tintindex": 0,"texture": "#0"},
				"east": {"uv": [0, 0, 16, 16], "rotation": 270, "tintindex": 0,"texture": "#0"},
				"south": {"uv": [0, 0, 2, 2], "rotation": 180, "tintindex": 0,"texture": "#0"},
				"west": {"uv": [0, 0, 2, 2], "rotation": 90, "tintindex": 0,"texture": "#0"},
				"up": {"uv": [0, 0, 2, 2], "rotation": 180, "tintindex": 0,"texture": "#0"},
				"down": {"uv": [0, 0, 2, 2], "tintindex": 0,"texture": "#0"}
			}
		},
		{
			"from": [12.14259, 13.57994, 4.77947],
			"to": [12.34099, 19.53194, 10.73147],
			"rotation": {"angle": 22.5, "axis": "y", "origin": [12.24179, 16.55594, 7.75547]},
			"faces": {
				"north": {"uv": [0, 0, 2, 2], "tintindex": 0,"texture": "#0"},
				"east": {"uv": [0, 0, 16, 16], "rotation": 270, "tintindex": 0,"texture": "#0"},
				"south": {"uv": [0, 0, 2, 2], "rotation": 180, "tintindex": 0,"texture": "#0"},
				"west": {"uv": [0, 0, 2, 2], "rotation": 90, "tintindex": 0,"texture": "#0"},
				"up": {"uv": [0, 0, 2, 2], "rotation": 180, "tintindex": 0,"texture": "#0"},
				"down": {"uv": [0, 0, 2, 2], "tintindex": 0,"texture": "#0"}
			}
		},
		{
			"from": [17.33971, 8.12394, 6.44522],
			"to": [17.53811, 14.07594, 12.39722],
			"rotation": {"angle": -22.5, "axis": "z", "origin": [17.93491, 11.09994, 9.42122]},
			"faces": {
				"north": {"uv": [0, 0, 2, 2], "tintindex": 0,"texture": "#0"},
				"east": {"uv": [0, 0, 16, 16], "rotation": 270, "tintindex": 0,"texture": "#0"},
				"south": {"uv": [0, 0, 2, 2], "rotation": 180, "tintindex": 0,"texture": "#0"},
				"west": {"uv": [0, 0, 2, 2], "rotation": 90, "tintindex": 0,"texture": "#0"},
				"up": {"uv": [0, 0, 2, 2], "rotation": 180, "tintindex": 0,"texture": "#0"},
				"down": {"uv": [0, 0, 2, 2], "tintindex": 0,"texture": "#0"}
			}
		},
		{
			"from": [1.45798, -9.83126, 9.43889],
			"to": [13.36198, 19.92874, 15.39089],
			"rotation": {"angle": 0, "axis": "y", "origin": [-8.46202, 1.67594, -4.44911]},
			"faces": {
				"north": {"uv": [0, 0, 6, 15], "tintindex": 0,"texture": "#4"},
				"east": {"uv": [0, 0, 3, 15], "tintindex": 0,"texture": "#4"},
				"south": {"uv": [0, 0, 6, 15], "tintindex": 0,"texture": "#4"},
				"west": {"uv": [0, 0, 3, 15], "tintindex": 0,"texture": "#4"},
				"up": {"uv": [0, 0, 6, 3], "tintindex": 0,"texture": "#4"},
				"down": {"uv": [0, 0, 6, 3], "tintindex": 0,"texture": "#4"}
			}
		},
		{
			"from": [-0.06054, 6.30692, 5.47089],
			"to": [2.91546, 10.27492, 8.44689],
			"rotation": {"angle": 45, "axis": "z", "origin": [4.40346, 8.29092, 6.46289]},
			"faces": {
				"north": {"uv": [0, 0, 1.5, 2], "tintindex": 0,"texture": "#2"},
				"east": {"uv": [0, 0, 1.5, 2], "tintindex": 0,"texture": "#2"},
				"south": {"uv": [0, 0, 1.5, 2], "tintindex": 0,"texture": "#2"},
				"west": {"uv": [0, 0, 1.5, 2], "tintindex": 0,"texture": "#2"},
				"up": {"uv": [0, 0, 1.5, 1.5], "tintindex": 0,"texture": "#2"},
				"down": {"uv": [0, 0, 1.5, 1.5], "tintindex": 0,"texture": "#2"}
			}
		},
		{
			"from": [1.02272, 8.54764, 5.66929],
			"to": [3.99872, 18.46764, 8.64529],
			"rotation": {"angle": 22.5, "axis": "z", "origin": [5.48672, 4.57964, 6.66129]},
			"faces": {
				"north": {"uv": [0, 0, 1.5, 5], "tintindex": 0,"texture": "#2"},
				"east": {"uv": [0, 0, 1.5, 5], "tintindex": 0,"texture": "#2"},
				"south": {"uv": [0, 0, 1.5, 5], "tintindex": 0,"texture": "#2"},
				"west": {"uv": [0, 0, 1.5, 5], "tintindex": 0,"texture": "#2"},
				"up": {"uv": [0, 0, 1.5, 1.5], "tintindex": 0,"texture": "#2"},
				"down": {"uv": [0, 0, 1.5, 1.5], "tintindex": 0,"texture": "#2"}
			}
		},
		{
			"from": [10.32523, 8.54764, 5.66929],
			"to": [13.30123, 18.46764, 8.64529],
			"rotation": {"angle": -22.5, "axis": "z", "origin": [8.83723, 4.57964, 6.66129]},
			"faces": {
				"north": {"uv": [1.5, 0, 3, 5], "tintindex": 0,"texture": "#2"},
				"east": {"uv": [1.5, 0, 3, 5], "tintindex": 0,"texture": "#2"},
				"south": {"uv": [1.5, 0, 3, 5], "tintindex": 0,"texture": "#2"},
				"west": {"uv": [1.5, 0, 3, 5], "tintindex": 0,"texture": "#2"},
				"up": {"uv": [1.5, 0, 3, 1.5], "tintindex": 0,"texture": "#2"},
				"down": {"uv": [1.5, 0, 3, 1.5], "tintindex": 0,"texture": "#2"}
			}
		},
		{
			"from": [11.4085, 6.30692, 5.47089],
			"to": [14.3845, 10.27492, 8.44689],
			"rotation": {"angle": -45, "axis": "z", "origin": [9.9205, 8.29092, 6.46289]},
			"faces": {
				"north": {"uv": [1.5, 0, 3, 2], "tintindex": 0,"texture": "#2"},
				"east": {"uv": [1.5, 0, 3, 2], "tintindex": 0,"texture": "#2"},
				"south": {"uv": [1.5, 0, 3, 2], "tintindex": 0,"texture": "#2"},
				"west": {"uv": [1.5, 0, 3, 2], "tintindex": 0,"texture": "#2"},
				"up": {"uv": [1.5, 0, 3, 1.5], "tintindex": 0,"texture": "#2"},
				"down": {"uv": [1.5, 0, 3, 1.5], "tintindex": 0,"texture": "#2"}
			}
		},
		{
			"from": [13.64949, 7.17072, 8.44689],
			"to": [17.61749, 23.04272, 12.41489],
			"rotation": {"angle": -22.5, "axis": "z", "origin": [-0.23851, 15.10672, 10.43089]},
			"faces": {
				"north": {"uv": [0, 0, 2, 8], "tintindex": 0,"texture": "#4"},
				"east": {"uv": [0, 0, 2, 8], "tintindex": 0,"texture": "#4"},
				"south": {"uv": [0, 0, 2, 8], "tintindex": 0,"texture": "#4"},
				"west": {"uv": [0, 0, 2, 8], "tintindex": 0,"texture": "#4"},
				"up": {"uv": [0, 0, 2, 2], "tintindex": 0,"texture": "#4"},
				"down": {"uv": [0, 0, 2, 2], "tintindex": 0,"texture": "#4"}
			}
		},
		{
			"from": [4.13638, 10.90099, 3.43195],
			"to": [5.12838, 15.86099, 4.42395],
			"rotation": {"angle": 0, "axis": "y", "origin": [-7.76762, 2.46899, -3.51205]},
			"faces": {
				"north": {"uv": [0, 0, 0.5, 2.5], "tintindex": 0,"texture": "#1"},
				"east": {"uv": [0, 0, 0.5, 2.5], "tintindex": 0,"texture": "#1"},
				"south": {"uv": [0, 0, 0.5, 2.5], "tintindex": 0,"texture": "#1"},
				"west": {"uv": [0, 0, 0.5, 2.5], "tintindex": 0,"texture": "#1"},
				"up": {"uv": [0, 0, 0.5, 0.5], "tintindex": 0,"texture": "#1"},
				"down": {"uv": [0, 0, 0.5, 0.5], "tintindex": 0,"texture": "#1"}
			}
		},
		{
			"from": [3.44198, 10.10794, 1.10609],
			"to": [4.43398, 14.07594, 2.09809],
			"rotation": {"angle": 0, "axis": "y", "origin": [-8.46202, 1.67594, -4.44911]},
			"faces": {
				"north": {"uv": [0, 0, 0.5, 2], "tintindex": 0,"texture": "#1"},
				"east": {"uv": [0, 0, 0.5, 2], "tintindex": 0,"texture": "#1"},
				"south": {"uv": [0, 0, 0.5, 2], "tintindex": 0,"texture": "#1"},
				"west": {"uv": [0, 0, 0.5, 2], "tintindex": 0,"texture": "#1"},
				"up": {"uv": [0, 0, 0.5, 0.5], "tintindex": 0,"texture": "#1"},
				"down": {"uv": [0, 0, 0.5, 0.5], "tintindex": 0,"texture": "#1"}
			}
		},
		{
			"from": [3.44198, 10.10794, 1.10609],
			"to": [4.43398, 14.07594, 2.09809],
			"rotation": {"angle": 0, "axis": "y", "origin": [-8.46202, 1.67594, -4.44911]},
			"faces": {
				"north": {"uv": [0, 0, 0.5, 2], "tintindex": 0,"texture": "#1"},
				"east": {"uv": [0, 0, 0.5, 2], "tintindex": 0,"texture": "#1"},
				"south": {"uv": [0, 0, 0.5, 2], "tintindex": 0,"texture": "#1"},
				"west": {"uv": [0, 0, 0.5, 2], "tintindex": 0,"texture": "#1"},
				"up": {"uv": [0, 0, 0.5, 0.5], "tintindex": 0,"texture": "#1"},
				"down": {"uv": [0, 0, 0.5, 0.5], "tintindex": 0,"texture": "#1"}
			}
		},
		{
			"from": [3.24358, 11.09994, 1.70129],
			"to": [4.23558, 15.06794, 2.69329],
			"rotation": {"angle": 0, "axis": "y", "origin": [-8.46202, 1.67594, -4.44911]},
			"faces": {
				"north": {"uv": [0, 0, 0.5, 2], "tintindex": 0,"texture": "#1"},
				"east": {"uv": [0, 0, 0.5, 2], "tintindex": 0,"texture": "#1"},
				"south": {"uv": [0, 0, 0.5, 2], "tintindex": 0,"texture": "#1"},
				"west": {"uv": [0, 0, 0.5, 2], "tintindex": 0,"texture": "#1"},
				"up": {"uv": [0, 0, 0.5, 0.5], "tintindex": 0,"texture": "#1"},
				"down": {"uv": [0, 0, 0.5, 0.5], "tintindex": 0,"texture": "#1"}
			}
		},
		{
			"from": [3.24358, 11.09994, 1.70129],
			"to": [4.23558, 15.06794, 2.69329],
			"rotation": {"angle": 0, "axis": "y", "origin": [-8.46202, 1.67594, -4.44911]},
			"faces": {
				"north": {"uv": [0, 0, 0.5, 2], "tintindex": 0,"texture": "#1"},
				"east": {"uv": [0, 0, 0.5, 2], "tintindex": 0,"texture": "#1"},
				"south": {"uv": [0, 0, 0.5, 2], "tintindex": 0,"texture": "#1"},
				"west": {"uv": [0, 0, 0.5, 2], "tintindex": 0,"texture": "#1"},
				"up": {"uv": [0, 0, 0.5, 0.5], "tintindex": 0,"texture": "#1"},
				"down": {"uv": [0, 0, 0.5, 0.5], "tintindex": 0,"texture": "#1"}
			}
		},
		{
			"from": [3.73958, 8.61994, 2.49489],
			"to": [4.73158, 12.58794, 3.48689],
			"rotation": {"angle": 22.5, "axis": "z", "origin": [3.73958, 10.60394, 2.99089]},
			"faces": {
				"north": {"uv": [0, 0, 0.5, 2], "tintindex": 0,"texture": "#1"},
				"east": {"uv": [0, 0, 0.5, 2], "tintindex": 0,"texture": "#1"},
				"south": {"uv": [0, 0, 0.5, 2], "tintindex": 0,"texture": "#1"},
				"west": {"uv": [0, 0, 0.5, 2], "tintindex": 0,"texture": "#1"},
				"up": {"uv": [0, 0, 0.5, 0.5], "tintindex": 0,"texture": "#1"},
				"down": {"uv": [0, 0, 0.5, 0.5], "tintindex": 0,"texture": "#1"}
			}
		},
		{
			"from": [2.54918, 11.09994, 2.69329],
			"to": [3.54118, 15.06794, 3.68529],
			"rotation": {"angle": -22.5, "axis": "z", "origin": [3.54118, 13.08394, 3.18929]},
			"faces": {
				"north": {"uv": [0, 0, 0.5, 2], "tintindex": 0,"texture": "#1"},
				"east": {"uv": [0, 0, 0.5, 2], "tintindex": 0,"texture": "#1"},
				"south": {"uv": [0, 0, 0.5, 2], "tintindex": 0,"texture": "#1"},
				"west": {"uv": [0, 0, 0.5, 2], "tintindex": 0,"texture": "#1"},
				"up": {"uv": [0, 0, 0.5, 0.5], "tintindex": 0,"texture": "#1"},
				"down": {"uv": [0, 0, 0.5, 0.5], "tintindex": 0,"texture": "#1"}
			}
		},
		{
			"from": [4.13638, 9.61194, 0.51089],
			"to": [5.12838, 13.57994, 1.50289],
			"rotation": {"angle": 0, "axis": "x", "origin": [4.13638, 12.09194, 1.99889]},
			"faces": {
				"north": {"uv": [0, 0, 0.5, 2], "tintindex": 0,"texture": "#1"},
				"east": {"uv": [0, 0, 0.5, 2], "tintindex": 0,"texture": "#1"},
				"south": {"uv": [0, 0, 0.5, 2], "tintindex": 0,"texture": "#1"},
				"west": {"uv": [0, 0, 0.5, 2], "tintindex": 0,"texture": "#1"},
				"up": {"uv": [0, 0, 0.5, 0.5], "tintindex": 0,"texture": "#1"},
				"down": {"uv": [0, 0, 0.5, 0.5], "tintindex": 0,"texture": "#1"}
			}
		},
		{
			"from": [5.12838, 11.09994, -1.47311],
			"to": [6.12038, 14.07594, -0.48111],
			"rotation": {"angle": 22.5, "axis": "x", "origin": [4.13638, 12.09194, 0.01489]},
			"faces": {
				"north": {"uv": [0, 0, 0.5, 1.5], "tintindex": 0,"texture": "#1"},
				"east": {"uv": [0, 0, 0.5, 1.5], "tintindex": 0,"texture": "#1"},
				"south": {"uv": [0, 0, 0.5, 1.5], "tintindex": 0,"texture": "#1"},
				"west": {"uv": [0, 0, 0.5, 1.5], "tintindex": 0,"texture": "#1"},
				"up": {"uv": [0, 0, 0.5, 0.5], "tintindex": 0,"texture": "#1"},
				"down": {"uv": [0, 0, 0.5, 0.5], "tintindex": 0,"texture": "#1"}
			}
		},
		{
			"from": [4.13638, 11.09994, -1.07631],
			"to": [5.12838, 14.07594, -0.08431],
			"rotation": {"angle": 22.5, "axis": "x", "origin": [4.13638, 12.09194, 0.01489]},
			"faces": {
				"north": {"uv": [0, 0, 0.5, 1.5], "tintindex": 0,"texture": "#1"},
				"east": {"uv": [0, 0, 0.5, 1.5], "tintindex": 0,"texture": "#1"},
				"south": {"uv": [0, 0, 0.5, 1.5], "tintindex": 0,"texture": "#1"},
				"west": {"uv": [0, 0, 0.5, 1.5], "tintindex": 0,"texture": "#1"},
				"up": {"uv": [0, 0, 0.5, 0.5], "tintindex": 0,"texture": "#1"},
				"down": {"uv": [0, 0, 0.5, 0.5], "tintindex": 0,"texture": "#1"}
			}
		},
		{
			"from": [4.13638, 13.00864, 0.03132],
			"to": [5.12838, 14.00064, 3.99932],
			"rotation": {"angle": -22.5, "axis": "x", "origin": [4.63238, 13.50464, -0.96068]},
			"faces": {
				"north": {"uv": [0, 0, 0.5, 0.5], "rotation": 180, "tintindex": 0,"texture": "#1"},
				"east": {"uv": [0, 0, 0.5, 2], "rotation": 90, "tintindex": 0,"texture": "#1"},
				"south": {"uv": [0, 0, 0.5, 0.5], "tintindex": 0,"texture": "#1"},
				"west": {"uv": [0, 0, 0.5, 2], "rotation": 270, "tintindex": 0,"texture": "#1"},
				"up": {"uv": [0, 0, 0.5, 2], "tintindex": 0,"texture": "#1"},
				"down": {"uv": [0, 0, 0.5, 2], "rotation": 180, "tintindex": 0,"texture": "#1"}
			}
		},
		{
			"from": [4.13638, 14.92917, 4.68958],
			"to": [5.12838, 18.89717, 5.68158],
			"rotation": {"angle": 45, "axis": "x", "origin": [4.63238, 16.91317, 5.18558]},
			"faces": {
				"north": {"uv": [0, 0, 0.5, 2], "tintindex": 0,"texture": "#1"},
				"east": {"uv": [0, 0, 0.5, 2], "tintindex": 0,"texture": "#1"},
				"south": {"uv": [0, 0, 0.5, 2], "tintindex": 0,"texture": "#1"},
				"west": {"uv": [0, 0, 0.5, 2], "tintindex": 0,"texture": "#1"},
				"up": {"uv": [0, 0, 0.5, 0.5], "tintindex": 0,"texture": "#1"},
				"down": {"uv": [0, 0, 0.5, 0.5], "tintindex": 0,"texture": "#1"}
			}
		},
		{
			"from": [3.14438, 14.33397, 5.08638],
			"to": [4.13638, 18.30197, 6.07838],
			"rotation": {"angle": 45, "axis": "x", "origin": [4.63238, 16.91317, 5.18558]},
			"faces": {
				"north": {"uv": [0, 0, 0.5, 2], "tintindex": 0,"texture": "#1"},
				"east": {"uv": [0, 0, 0.5, 2], "tintindex": 0,"texture": "#1"},
				"south": {"uv": [0, 0, 0.5, 2], "tintindex": 0,"texture": "#1"},
				"west": {"uv": [0, 0, 0.5, 2], "tintindex": 0,"texture": "#1"},
				"up": {"uv": [0, 0, 0.5, 0.5], "tintindex": 0,"texture": "#1"},
				"down": {"uv": [0, 0, 0.5, 0.5], "tintindex": 0,"texture": "#1"}
			}
		},
		{
			"from": [2.94598, 13.54037, 5.87998],
			"to": [3.93798, 17.50837, 6.87198],
			"rotation": {"angle": 45, "axis": "x", "origin": [4.63238, 16.91317, 5.18558]},
			"faces": {
				"north": {"uv": [0, 0, 0.5, 2], "tintindex": 0,"texture": "#1"},
				"east": {"uv": [0, 0, 0.5, 2], "tintindex": 0,"texture": "#1"},
				"south": {"uv": [0, 0, 0.5, 2], "tintindex": 0,"texture": "#1"},
				"west": {"uv": [0, 0, 0.5, 2], "tintindex": 0,"texture": "#1"},
				"up": {"uv": [0, 0, 0.5, 0.5], "tintindex": 0,"texture": "#1"},
				"down": {"uv": [0, 0, 0.5, 0.5], "tintindex": 0,"texture": "#1"}
			}
		},
		{
			"from": [5.57417, 17.76694, 5.41682],
			"to": [6.56617, 20.74294, 6.40882],
			"rotation": {"angle": 22.5, "axis": "y", "origin": [6.07017, 21.43734, 11.86482]},
			"faces": {
				"north": {"uv": [0, 0, 0.5, 1.5], "rotation": 180, "tintindex": 0,"texture": "#1"},
				"east": {"uv": [0, 0, 0.5, 1.5], "rotation": 180, "tintindex": 0,"texture": "#1"},
				"south": {"uv": [0, 0, 0.5, 1.5], "rotation": 180, "tintindex": 0,"texture": "#1"},
				"west": {"uv": [0, 0, 0.5, 1.5], "rotation": 180, "tintindex": 0,"texture": "#1"},
				"up": {"uv": [0, 0, 0.5, 0.5], "tintindex": 0,"texture": "#1"},
				"down": {"uv": [0, 0, 0.5, 0.5], "tintindex": 0,"texture": "#1"}
			}
		},
		{
			"from": [3.14438, 17.48992, 5.71846],
			"to": [4.13638, 18.48192, 8.69446],
			"rotation": {"angle": -22.5, "axis": "x", "origin": [4.23558, 19.17632, 7.20646]},
			"faces": {
				"north": {"uv": [0, 0, 0.5, 0.5], "rotation": 180, "tintindex": 0,"texture": "#1"},
				"east": {"uv": [0, 0, 0.5, 1.5], "rotation": 90, "tintindex": 0,"texture": "#1"},
				"south": {"uv": [0, 0, 0.5, 0.5], "tintindex": 0,"texture": "#1"},
				"west": {"uv": [0, 0, 0.5, 1.5], "rotation": 270, "tintindex": 0,"texture": "#1"},
				"up": {"uv": [0, 0, 0.5, 1.5], "tintindex": 0,"texture": "#1"},
				"down": {"uv": [0, 0, 0.5, 1.5], "rotation": 180, "tintindex": 0,"texture": "#1"}
			}
		},
		{
			"from": [5.12838, 15.08102, 4.32298],
			"to": [6.12038, 19.04902, 5.31498],
			"rotation": {"angle": 45, "axis": "x", "origin": [3.64038, 17.06502, 4.81898]},
			"faces": {
				"north": {"uv": [0, 0, 0.5, 2], "tintindex": 0,"texture": "#1"},
				"east": {"uv": [0, 0, 0.5, 2], "tintindex": 0,"texture": "#1"},
				"south": {"uv": [0, 0, 0.5, 2], "tintindex": 0,"texture": "#1"},
				"west": {"uv": [0, 0, 0.5, 2], "tintindex": 0,"texture": "#1"},
				"up": {"uv": [0, 0, 0.5, 0.5], "tintindex": 0,"texture": "#1"},
				"down": {"uv": [0, 0, 0.5, 0.5], "tintindex": 0,"texture": "#1"}
			}
		},
		{
			"from": [6.12038, 14.79034, 3.98783],
			"to": [7.11238, 18.75834, 4.97983],
			"rotation": {"angle": 45, "axis": "x", "origin": [2.64838, 16.77434, 4.48383]},
			"faces": {
				"north": {"uv": [0, 0, 0.5, 2], "tintindex": 0,"texture": "#1"},
				"east": {"uv": [0, 0, 0.5, 2], "tintindex": 0,"texture": "#1"},
				"south": {"uv": [0, 0, 0.5, 2], "tintindex": 0,"texture": "#1"},
				"west": {"uv": [0, 0, 0.5, 2], "tintindex": 0,"texture": "#1"},
				"up": {"uv": [0, 0, 0.5, 0.5], "tintindex": 0,"texture": "#1"},
				"down": {"uv": [0, 0, 0.5, 0.5], "tintindex": 0,"texture": "#1"}
			}
		},
		{
			"from": [6.91398, 14.30511, 3.5721],
			"to": [7.90598, 18.27311, 4.5641],
			"rotation": {"angle": 45, "axis": "x", "origin": [2.44998, 16.28911, 4.8617]},
			"faces": {
				"north": {"uv": [0, 0, 0.5, 2], "tintindex": 0,"texture": "#1"},
				"east": {"uv": [0, 0, 0.5, 2], "tintindex": 0,"texture": "#1"},
				"south": {"uv": [0, 0, 0.5, 2], "tintindex": 0,"texture": "#1"},
				"west": {"uv": [0, 0, 0.5, 2], "tintindex": 0,"texture": "#1"},
				"up": {"uv": [0, 0, 0.5, 0.5], "tintindex": 0,"texture": "#1"},
				"down": {"uv": [0, 0, 0.5, 0.5], "tintindex": 0,"texture": "#1"}
			}
		},
		{
			"from": [6.12038, 12.86982, -0.67042],
			"to": [7.11238, 13.86182, 3.29758],
			"rotation": {"angle": -22.5, "axis": "x", "origin": [4.63238, 13.36582, -1.66242]},
			"faces": {
				"north": {"uv": [0, 0, 0.5, 0.5], "rotation": 180, "tintindex": 0,"texture": "#1"},
				"east": {"uv": [0, 0, 0.5, 2], "rotation": 90, "tintindex": 0,"texture": "#1"},
				"south": {"uv": [0, 0, 0.5, 0.5], "tintindex": 0,"texture": "#1"},
				"west": {"uv": [0, 0, 0.5, 2], "rotation": 270, "tintindex": 0,"texture": "#1"},
				"up": {"uv": [0, 0, 0.5, 2], "tintindex": 0,"texture": "#1"},
				"down": {"uv": [0, 0, 0.5, 2], "rotation": 180, "tintindex": 0,"texture": "#1"}
			}
		},
		{
			"from": [6.91398, 12.96085, -0.77779],
			"to": [7.90598, 13.95285, 3.19021],
			"rotation": {"angle": -22.5, "axis": "x", "origin": [4.43398, 13.25845, -1.76979]},
			"faces": {
				"north": {"uv": [0, 0, 0.5, 0.5], "rotation": 180, "tintindex": 0,"texture": "#1"},
				"east": {"uv": [0, 0, 0.5, 2], "rotation": 90, "tintindex": 0,"texture": "#1"},
				"south": {"uv": [0, 0, 0.5, 0.5], "tintindex": 0,"texture": "#1"},
				"west": {"uv": [0, 0, 0.5, 2], "rotation": 270, "tintindex": 0,"texture": "#1"},
				"up": {"uv": [0, 0, 0.5, 2], "tintindex": 0,"texture": "#1"},
				"down": {"uv": [0, 0, 0.5, 2], "rotation": 180, "tintindex": 0,"texture": "#1"}
			}
		},
		{
			"from": [5.12838, 12.78086, -0.25976],
			"to": [6.12038, 13.77286, 3.70824],
			"rotation": {"angle": -22.5, "axis": "x", "origin": [4.63238, 13.27686, -2.24376]},
			"faces": {
				"north": {"uv": [0, 0, 0.5, 0.5], "rotation": 180, "tintindex": 0,"texture": "#1"},
				"east": {"uv": [0, 0, 0.5, 2], "rotation": 90, "tintindex": 0,"texture": "#1"},
				"south": {"uv": [0, 0, 0.5, 0.5], "tintindex": 0,"texture": "#1"},
				"west": {"uv": [0, 0, 0.5, 2], "rotation": 270, "tintindex": 0,"texture": "#1"},
				"up": {"uv": [0, 0, 0.5, 2], "tintindex": 0,"texture": "#1"},
				"down": {"uv": [0, 0, 0.5, 2], "rotation": 180, "tintindex": 0,"texture": "#1"}
			}
		},
		{
			"from": [6.12038, 11.69514, -1.67151],
			"to": [7.11238, 13.67914, -0.67951],
			"rotation": {"angle": 22.5, "axis": "x", "origin": [4.13638, 12.09194, 0.01489]},
			"faces": {
				"north": {"uv": [0, 0, 0.5, 1], "tintindex": 0,"texture": "#1"},
				"east": {"uv": [0, 0, 0.5, 1], "tintindex": 0,"texture": "#1"},
				"south": {"uv": [0, 0, 0.5, 1], "tintindex": 0,"texture": "#1"},
				"west": {"uv": [0, 0, 0.5, 1], "tintindex": 0,"texture": "#1"},
				"up": {"uv": [0, 0, 0.5, 0.5], "tintindex": 0,"texture": "#1"},
				"down": {"uv": [0, 0, 0.5, 0.5], "tintindex": 0,"texture": "#1"}
			}
		},
		{
			"from": [6.91398, 11.69514, -1.86991],
			"to": [7.90598, 13.67914, -0.87791],
			"rotation": {"angle": 22.5, "axis": "x", "origin": [4.13638, 12.09194, 0.01489]},
			"faces": {
				"north": {"uv": [0, 0, 0.5, 1], "tintindex": 0,"texture": "#1"},
				"east": {"uv": [0, 0, 0.5, 1], "tintindex": 0,"texture": "#1"},
				"south": {"uv": [0, 0, 0.5, 1], "tintindex": 0,"texture": "#1"},
				"west": {"uv": [0, 0, 0.5, 1], "tintindex": 0,"texture": "#1"},
				"up": {"uv": [0, 0, 0.5, 0.5], "tintindex": 0,"texture": "#1"},
				"down": {"uv": [0, 0, 0.5, 0.5], "tintindex": 0,"texture": "#1"}
			}
		},
		{
			"from": [10.88198, 13.54037, 5.87998],
			"to": [11.87398, 17.50837, 6.87198],
			"rotation": {"angle": 45, "axis": "x", "origin": [10.18758, 16.91317, 5.18558]},
			"faces": {
				"north": {"uv": [0.5, 0, 0, 2], "tintindex": 0,"texture": "#1"},
				"east": {"uv": [0.5, 0, 0, 2], "tintindex": 0,"texture": "#1"},
				"south": {"uv": [0.5, 0, 0, 2], "tintindex": 0,"texture": "#1"},
				"west": {"uv": [0.5, 0, 0, 2], "tintindex": 0,"texture": "#1"},
				"up": {"uv": [0.5, 0, 0, 0.5], "tintindex": 0,"texture": "#1"},
				"down": {"uv": [0.5, 0, 0, 0.5], "tintindex": 0,"texture": "#1"}
			}
		},
		{
			"from": [11.27878, 11.09994, 2.69329],
			"to": [12.27078, 15.06794, 3.68529],
			"rotation": {"angle": 22.5, "axis": "z", "origin": [11.27878, 13.08394, 3.18929]},
			"faces": {
				"north": {"uv": [0.5, 0, 0, 2], "tintindex": 0,"texture": "#1"},
				"east": {"uv": [0.5, 0, 0, 2], "tintindex": 0,"texture": "#1"},
				"south": {"uv": [0.5, 0, 0, 2], "tintindex": 0,"texture": "#1"},
				"west": {"uv": [0.5, 0, 0, 2], "tintindex": 0,"texture": "#1"},
				"up": {"uv": [0.5, 0, 0, 0.5], "tintindex": 0,"texture": "#1"},
				"down": {"uv": [0.5, 0, 0, 0.5], "tintindex": 0,"texture": "#1"}
			}
		},
		{
			"from": [10.88198, 10.10794, 3.68529],
			"to": [11.87398, 14.07594, 4.67729],
			"rotation": {"angle": 22.5, "axis": "z", "origin": [11.27878, 13.08394, 3.18929]},
			"faces": {
				"north": {"uv": [0.5, 0, 1, 2], "tintindex": 0,"texture": "#1"},
				"east": {"uv": [0.5, 0, 1, 2], "tintindex": 0,"texture": "#1"},
				"south": {"uv": [0.5, 0, 1, 2], "tintindex": 0,"texture": "#1"},
				"west": {"uv": [0.5, 0, 1, 2], "tintindex": 0,"texture": "#1"},
				"up": {"uv": [0.5, 0, 1, 0.5], "tintindex": 0,"texture": "#1"},
				"down": {"uv": [0.5, 0, 1, 0.5], "tintindex": 0,"texture": "#1"}
			}
		},
		{
			"from": [11.08038, 9.51274, 4.67729],
			"to": [12.07238, 14.47274, 5.66929],
			"rotation": {"angle": 22.5, "axis": "z", "origin": [11.27878, 13.08394, 3.18929]},
			"faces": {
				"north": {"uv": [0.5, 0, 1, 2.5], "tintindex": 0,"texture": "#1"},
				"east": {"uv": [0.5, 0, 1, 2.5], "tintindex": 0,"texture": "#1"},
				"south": {"uv": [0.5, 0, 1, 2.5], "tintindex": 0,"texture": "#1"},
				"west": {"uv": [0.5, 0, 1, 2.5], "tintindex": 0,"texture": "#1"},
				"up": {"uv": [0.5, 0, 1, 0.5], "tintindex": 0,"texture": "#1"},
				"down": {"uv": [0.5, 0, 1, 0.5], "tintindex": 0,"texture": "#1"}
			}
		},
		{
			"from": [11.27878, 9.51274, 5.66929],
			"to": [12.27078, 15.46474, 6.66129],
			"rotation": {"angle": 22.5, "axis": "z", "origin": [11.27878, 13.08394, 3.18929]},
			"faces": {
				"north": {"uv": [0.5, 0, 1, 3], "tintindex": 0,"texture": "#1"},
				"east": {"uv": [0.5, 0, 1, 3], "tintindex": 0,"texture": "#1"},
				"south": {"uv": [0.5, 0, 1, 3], "tintindex": 0,"texture": "#1"},
				"west": {"uv": [0.5, 0, 1, 3], "tintindex": 0,"texture": "#1"},
				"up": {"uv": [0.5, 0, 1, 0.5], "tintindex": 0,"texture": "#1"},
				"down": {"uv": [0.5, 0, 1, 0.5], "tintindex": 0,"texture": "#1"}
			}
		},
		{
			"from": [10.08838, 8.61994, 2.49489],
			"to": [11.08038, 12.58794, 3.48689],
			"rotation": {"angle": -22.5, "axis": "z", "origin": [11.08038, 10.60394, 2.99089]},
			"faces": {
				"north": {"uv": [0.5, 0, 1, 2], "tintindex": 0,"texture": "#1"},
				"east": {"uv": [0.5, 0, 1, 2], "tintindex": 0,"texture": "#1"},
				"south": {"uv": [0.5, 0, 1, 2], "tintindex": 0,"texture": "#1"},
				"west": {"uv": [0.5, 0, 1, 2], "tintindex": 0,"texture": "#1"},
				"up": {"uv": [0.5, 0, 1, 0.5], "tintindex": 0,"texture": "#1"},
				"down": {"uv": [0.5, 0, 1, 0.5], "tintindex": 0,"texture": "#1"}
			}
		},
		{
			"from": [10.58438, 11.09994, 1.70129],
			"to": [11.57638, 15.06794, 2.69329],
			"rotation": {"angle": 0, "axis": "y", "origin": [23.28198, 1.67594, -4.44911]},
			"faces": {
				"north": {"uv": [0.5, 0, 0, 2], "tintindex": 0,"texture": "#1"},
				"east": {"uv": [0.5, 0, 0, 2], "tintindex": 0,"texture": "#1"},
				"south": {"uv": [0.5, 0, 0, 2], "tintindex": 0,"texture": "#1"},
				"west": {"uv": [0.5, 0, 0, 2], "tintindex": 0,"texture": "#1"},
				"up": {"uv": [0.5, 0, 0, 0.5], "tintindex": 0,"texture": "#1"},
				"down": {"uv": [0.5, 0, 0, 0.5], "tintindex": 0,"texture": "#1"}
			}
		},
		{
			"from": [10.38598, 10.10794, 1.10609],
			"to": [11.37798, 14.07594, 2.09809],
			"rotation": {"angle": 0, "axis": "y", "origin": [23.28198, 1.67594, -4.44911]},
			"faces": {
				"north": {"uv": [0.5, 0, 0, 2], "tintindex": 0,"texture": "#1"},
				"east": {"uv": [0.5, 0, 0, 2], "tintindex": 0,"texture": "#1"},
				"south": {"uv": [0.5, 0, 0, 2], "tintindex": 0,"texture": "#1"},
				"west": {"uv": [0.5, 0, 0, 2], "tintindex": 0,"texture": "#1"},
				"up": {"uv": [0.5, 0, 0, 0.5], "tintindex": 0,"texture": "#1"},
				"down": {"uv": [0.5, 0, 0, 0.5], "tintindex": 0,"texture": "#1"}
			}
		},
		{
			"from": [9.69158, 9.61194, 0.51089],
			"to": [10.68358, 13.57994, 1.50289],
			"rotation": {"angle": 0, "axis": "x", "origin": [10.68358, 12.09194, 1.99889]},
			"faces": {
				"north": {"uv": [0.5, 0, 1, 2], "tintindex": 0,"texture": "#1"},
				"east": {"uv": [0.5, 0, 1, 2], "tintindex": 0,"texture": "#1"},
				"south": {"uv": [0.5, 0, 1, 2], "tintindex": 0,"texture": "#1"},
				"west": {"uv": [0.5, 0, 1, 2], "tintindex": 0,"texture": "#1"},
				"up": {"uv": [0.5, 0, 1, 0.5], "tintindex": 0,"texture": "#1"},
				"down": {"uv": [0.5, 0, 1, 0.5], "tintindex": 0,"texture": "#1"}
			}
		},
		{
			"from": [9.69158, 11.09994, -1.07631],
			"to": [10.68358, 14.07594, -0.08431],
			"rotation": {"angle": 22.5, "axis": "x", "origin": [10.68358, 12.09194, 0.01489]},
			"faces": {
				"north": {"uv": [0.5, 0, 1, 1.5], "tintindex": 0,"texture": "#1"},
				"east": {"uv": [0.5, 0, 1, 1.5], "tintindex": 0,"texture": "#1"},
				"south": {"uv": [0.5, 0, 1, 1.5], "tintindex": 0,"texture": "#1"},
				"west": {"uv": [0.5, 0, 1, 1.5], "tintindex": 0,"texture": "#1"},
				"up": {"uv": [0.5, 0, 1, 0.5], "tintindex": 0,"texture": "#1"},
				"down": {"uv": [0.5, 0, 1, 0.5], "tintindex": 0,"texture": "#1"}
			}
		},
		{
			"from": [8.69958, 11.09994, -1.47311],
			"to": [9.69158, 14.07594, -0.48111],
			"rotation": {"angle": 22.5, "axis": "x", "origin": [10.68358, 12.09194, 0.01489]},
			"faces": {
				"north": {"uv": [0.5, 0, 1, 1.5], "tintindex": 0,"texture": "#1"},
				"east": {"uv": [0.5, 0, 1, 1.5], "tintindex": 0,"texture": "#1"},
				"south": {"uv": [0.5, 0, 1, 1.5], "tintindex": 0,"texture": "#1"},
				"west": {"uv": [0.5, 0, 1, 1.5], "tintindex": 0,"texture": "#1"},
				"up": {"uv": [0.5, 0, 1, 0.5], "tintindex": 0,"texture": "#1"},
				"down": {"uv": [0.5, 0, 1, 0.5], "tintindex": 0,"texture": "#1"}
			}
		},
		{
			"from": [7.70758, 11.69514, -1.67151],
			"to": [8.69958, 13.67914, -0.67951],
			"rotation": {"angle": 22.5, "axis": "x", "origin": [10.68358, 12.09194, 0.01489]},
			"faces": {
				"north": {"uv": [0.5, 0, 0, 1], "tintindex": 0,"texture": "#1"},
				"east": {"uv": [0.5, 0, 0, 1], "tintindex": 0,"texture": "#1"},
				"south": {"uv": [0.5, 0, 0, 1], "tintindex": 0,"texture": "#1"},
				"west": {"uv": [0.5, 0, 0, 1], "tintindex": 0,"texture": "#1"},
				"up": {"uv": [0.5, 0, 0, 0.5], "tintindex": 0,"texture": "#1"},
				"down": {"uv": [0.5, 0, 0, 0.5], "tintindex": 0,"texture": "#1"}
			}
		},
		{
			"from": [7.70758, 12.86982, -0.67042],
			"to": [8.69958, 13.86182, 3.29758],
			"rotation": {"angle": -22.5, "axis": "x", "origin": [10.18758, 13.36582, -1.66242]},
			"faces": {
				"north": {"uv": [0.5, 0, 0, 0.5], "rotation": 180, "tintindex": 0,"texture": "#1"},
				"east": {"uv": [0, 2, 0.5, 0], "rotation": 270, "tintindex": 0,"texture": "#1"},
				"south": {"uv": [0.5, 0, 0, 0.5], "tintindex": 0,"texture": "#1"},
				"west": {"uv": [0, 2, 0.5, 0], "rotation": 90, "tintindex": 0,"texture": "#1"},
				"up": {"uv": [0.5, 0, 0, 2], "tintindex": 0,"texture": "#1"},
				"down": {"uv": [0.5, 0, 0, 2], "rotation": 180, "tintindex": 0,"texture": "#1"}
			}
		},
		{
			"from": [8.69958, 12.78086, -0.25976],
			"to": [9.69158, 13.77286, 3.70824],
			"rotation": {"angle": -22.5, "axis": "x", "origin": [10.18758, 13.27686, -2.24376]},
			"faces": {
				"north": {"uv": [0.5, 0, 0, 0.5], "rotation": 180, "tintindex": 0,"texture": "#1"},
				"east": {"uv": [0, 2, 0.5, 0], "rotation": 270, "tintindex": 0,"texture": "#1"},
				"south": {"uv": [0.5, 0, 0, 0.5], "tintindex": 0,"texture": "#1"},
				"west": {"uv": [0, 2, 0.5, 0], "rotation": 90, "tintindex": 0,"texture": "#1"},
				"up": {"uv": [0.5, 0, 0, 2], "tintindex": 0,"texture": "#1"},
				"down": {"uv": [0.5, 0, 0, 2], "rotation": 180, "tintindex": 0,"texture": "#1"}
			}
		},
		{
			"from": [9.69158, 13.00864, 0.03132],
			"to": [10.68358, 14.00064, 3.99932],
			"rotation": {"angle": -22.5, "axis": "x", "origin": [10.18758, 13.50464, -0.96068]},
			"faces": {
				"north": {"uv": [0.5, 0, 0, 0.5], "rotation": 180, "tintindex": 0,"texture": "#1"},
				"east": {"uv": [0, 2, 0.5, 0], "rotation": 270, "tintindex": 0,"texture": "#1"},
				"south": {"uv": [0.5, 0, 0, 0.5], "tintindex": 0,"texture": "#1"},
				"west": {"uv": [0, 2, 0.5, 0], "rotation": 90, "tintindex": 0,"texture": "#1"},
				"up": {"uv": [0.5, 0, 0, 2], "tintindex": 0,"texture": "#1"},
				"down": {"uv": [0.5, 0, 0, 2], "rotation": 180, "tintindex": 0,"texture": "#1"}
			}
		},
		{
			"from": [9.69158, 14.92917, 4.68958],
			"to": [10.68358, 18.89717, 5.68158],
			"rotation": {"angle": 45, "axis": "x", "origin": [10.18758, 16.91317, 5.18558]},
			"faces": {
				"north": {"uv": [0.5, 0, 0, 2], "tintindex": 0,"texture": "#1"},
				"east": {"uv": [0.5, 0, 0, 2], "tintindex": 0,"texture": "#1"},
				"south": {"uv": [0.5, 0, 0, 2], "tintindex": 0,"texture": "#1"},
				"west": {"uv": [0.5, 0, 0, 2], "tintindex": 0,"texture": "#1"},
				"up": {"uv": [0.5, 0, 0, 0.5], "tintindex": 0,"texture": "#1"},
				"down": {"uv": [0.5, 0, 0, 0.5], "tintindex": 0,"texture": "#1"}
			}
		},
		{
			"from": [8.69958, 15.08102, 4.32298],
			"to": [9.69158, 19.04902, 5.31498],
			"rotation": {"angle": 45, "axis": "x", "origin": [11.17958, 17.06502, 4.81898]},
			"faces": {
				"north": {"uv": [0.5, 0, 0, 2], "tintindex": 0,"texture": "#1"},
				"east": {"uv": [0.5, 0, 0, 2], "tintindex": 0,"texture": "#1"},
				"south": {"uv": [0.5, 0, 0, 2], "tintindex": 0,"texture": "#1"},
				"west": {"uv": [0.5, 0, 0, 2], "tintindex": 0,"texture": "#1"},
				"up": {"uv": [0.5, 0, 0, 0.5], "tintindex": 0,"texture": "#1"},
				"down": {"uv": [0.5, 0, 0, 0.5], "tintindex": 0,"texture": "#1"}
			}
		},
		{
			"from": [7.70758, 14.79034, 3.98783],
			"to": [8.69958, 18.75834, 4.97983],
			"rotation": {"angle": 45, "axis": "x", "origin": [12.17158, 16.77434, 4.48383]},
			"faces": {
				"north": {"uv": [0.5, 0, 0, 2], "tintindex": 0,"texture": "#1"},
				"east": {"uv": [0.5, 0, 0, 2], "tintindex": 0,"texture": "#1"},
				"south": {"uv": [0.5, 0, 0, 2], "tintindex": 0,"texture": "#1"},
				"west": {"uv": [0.5, 0, 0, 2], "tintindex": 0,"texture": "#1"},
				"up": {"uv": [0.5, 0, 0, 0.5], "tintindex": 0,"texture": "#1"},
				"down": {"uv": [0.5, 0, 0, 0.5], "tintindex": 0,"texture": "#1"}
			}
		},
		{
			"from": [10.68358, 14.33397, 5.08638],
			"to": [11.67558, 18.30197, 6.07838],
			"rotation": {"angle": 45, "axis": "x", "origin": [10.18758, 16.91317, 5.18558]},
			"faces": {
				"north": {"uv": [0.5, 0, 0, 2], "tintindex": 0,"texture": "#1"},
				"east": {"uv": [0.5, 0, 0, 2], "tintindex": 0,"texture": "#1"},
				"south": {"uv": [0.5, 0, 0, 2], "tintindex": 0,"texture": "#1"},
				"west": {"uv": [0.5, 0, 0, 2], "tintindex": 0,"texture": "#1"},
				"up": {"uv": [0.5, 0, 0, 0.5], "tintindex": 0,"texture": "#1"},
				"down": {"uv": [0.5, 0, 0, 0.5], "tintindex": 0,"texture": "#1"}
			}
		},
		{
			"from": [3.93798, 10.80234, 1.50289],
			"to": [7.90598, 12.78634, 5.47089],
			"rotation": {"angle": -22.5, "axis": "x", "origin": [3.44198, 8.61994, 1.50289]},
			"faces": {
				"north": {"uv": [0, 0, 2, 1], "tintindex": 0,"texture": "#4"},
				"east": {"uv": [0, 0, 2, 1], "tintindex": 0,"texture": "#4"},
				"south": {"uv": [0, 0, 2, 1], "tintindex": 0,"texture": "#4"},
				"west": {"uv": [0, 0, 2, 1], "tintindex": 0,"texture": "#4"},
				"up": {"uv": [0, 0, 2, 2], "tintindex": 0,"texture": "#4"},
				"down": {"uv": [0, 0, 2, 2], "tintindex": 0,"texture": "#4"}
			}
		}
	],
	"display": {
		"head": {
			"translation": [0, 58.5, -12],
			"scale": [4, 4, 4]
		}
	},
	"groups": [
		0,
		1,
		2,
		3,
		4,
		5,
		6,
		7,
		8,
		9,
		10,
		11,
		12,
		13,
		14,
		15,
		16,
		17,
		18,
		19,
		20,
		21,
		22,
		23,
		24,
		25,
		26,
		27,
		28,
		29,
		30,
		31,
		32,
		33,
		34,
		35,
		36,
		37,
		38,
		39,
		40,
		41,
		42,
		43,
		44,
		45,
		46,
		47,
		48,
		49,
		50,
		51,
		52,
		53,
		54,
		55,
		56,
		57,
		58,
		59,
		60,
		61,
		62,
		63,
		64,
		65,
		66,
		67,
		68,
		69,
		{
			"name": "group",
			"origin": [4, 2.5, 1],
			"color": 0,
			"children": []
		},
		{
			"name": "group",
			"origin": [4, 2.5, 1],
			"color": 0,
			"children": []
		},
		{
			"name": "group",
			"origin": [4, 2.5, 1],
			"color": 0,
			"children": []
		}
	]
}