{
	"credit": "Made with Blockbench",
	"textures": {
		"0": "block/nether_wart_block",
		"1": "block/crimson_stem",
		"particle": "block/nether_wart_block"
	},
	"elements": [
		{
			"from": [0, 0, 0],
			"to": [16, 3, 16],
			"faces": {
				"north": {"uv": [0, 0, 16, 3], "tintindex": 0,"texture": "#0"},
				"east": {"uv": [0, 0, 16, 3], "tintindex": 0,"texture": "#0"},
				"south": {"uv": [0, 0, 16, 3], "tintindex": 0,"texture": "#0"},
				"west": {"uv": [0, 0, 16, 3], "tintindex": 0,"texture": "#0"},
				"up": {"uv": [0, 0, 16, 16], "tintindex": 0,"texture": "#0"},
				"down": {"uv": [0, 0, 16, 16], "tintindex": 0,"texture": "#0"}
			}
		},
		{
			"from": [0, 0, -3],
			"to": [16, 2, 0],
			"faces": {
				"north": {"uv": [0, 0, 16, 2], "tintindex": 0,"texture": "#0"},
				"east": {"uv": [0, 0, 3, 2], "tintindex": 0,"texture": "#0"},
				"south": {"uv": [0, 0, 16, 2], "tintindex": 0,"texture": "#0"},
				"west": {"uv": [0, 0, 3, 2], "tintindex": 0,"texture": "#0"},
				"up": {"uv": [0, 0, 16, 3], "tintindex": 0,"texture": "#0"},
				"down": {"uv": [0, 0, 16, 3], "tintindex": 0,"texture": "#0"}
			}
		},
		{
			"from": [0, 0, 16],
			"to": [16, 2, 19],
			"faces": {
				"north": {"uv": [0, 0, 16, 2], "tintindex": 0,"texture": "#0"},
				"east": {"uv": [0, 0, 3, 2], "tintindex": 0,"texture": "#0"},
				"south": {"uv": [0, 0, 16, 2], "tintindex": 0,"texture": "#0"},
				"west": {"uv": [0, 0, 3, 2], "tintindex": 0,"texture": "#0"},
				"up": {"uv": [0, 0, 16, 3], "tintindex": 0,"texture": "#0"},
				"down": {"uv": [0, 0, 16, 3], "tintindex": 0,"texture": "#0"}
			}
		},
		{
			"from": [16, 0, 0],
			"to": [19, 2, 16],
			"rotation": {"angle": 0, "axis": "y", "origin": [8, 1, 8]},
			"faces": {
				"north": {"uv": [0, 0, 3, 2], "tintindex": 0,"texture": "#0"},
				"east": {"uv": [0, 0, 16, 2], "tintindex": 0,"texture": "#0"},
				"south": {"uv": [0, 0, 3, 2], "tintindex": 0,"texture": "#0"},
				"west": {"uv": [0, 0, 16, 2], "tintindex": 0,"texture": "#0"},
				"up": {"uv": [0, 0, 16, 3], "rotation": 270, "tintindex": 0,"texture": "#0"},
				"down": {"uv": [0, 0, 16, 3], "rotation": 90, "tintindex": 0,"texture": "#0"}
			}
		},
		{
			"from": [19, 0, 2],
			"to": [21, 2, 14],
			"rotation": {"angle": 0, "axis": "y", "origin": [8, 1, 8]},
			"faces": {
				"north": {"uv": [0, 0, 2, 2], "tintindex": 0,"texture": "#0"},
				"east": {"uv": [0, 0, 12, 2], "tintindex": 0,"texture": "#0"},
				"south": {"uv": [0, 0, 2, 2], "tintindex": 0,"texture": "#0"},
				"west": {"uv": [0, 0, 12, 2], "tintindex": 0,"texture": "#0"},
				"up": {"uv": [0, 0, 12, 2], "rotation": 270, "tintindex": 0,"texture": "#0"},
				"down": {"uv": [0, 0, 12, 2], "rotation": 90, "tintindex": 0,"texture": "#0"}
			}
		},
		{
			"from": [-5, 0, 2],
			"to": [-3, 2, 14],
			"rotation": {"angle": 0, "axis": "y", "origin": [8, 1, 8]},
			"faces": {
				"north": {"uv": [0, 0, 2, 2], "tintindex": 0,"texture": "#0"},
				"east": {"uv": [0, 0, 12, 2], "tintindex": 0,"texture": "#0"},
				"south": {"uv": [0, 0, 2, 2], "tintindex": 0,"texture": "#0"},
				"west": {"uv": [0, 0, 12, 2], "tintindex": 0,"texture": "#0"},
				"up": {"uv": [0, 0, 12, 2], "rotation": 270, "tintindex": 0,"texture": "#0"},
				"down": {"uv": [0, 0, 12, 2], "rotation": 90, "tintindex": 0,"texture": "#0"}
			}
		},
		{
			"from": [2, 0, 19],
			"to": [14, 2, 21],
			"rotation": {"angle": 0, "axis": "y", "origin": [8, 1, 8]},
			"faces": {
				"north": {"uv": [0, 0, 12, 2], "tintindex": 0,"texture": "#0"},
				"east": {"uv": [0, 0, 2, 2], "tintindex": 0,"texture": "#0"},
				"south": {"uv": [0, 0, 12, 2], "tintindex": 0,"texture": "#0"},
				"west": {"uv": [0, 0, 2, 2], "tintindex": 0,"texture": "#0"},
				"up": {"uv": [0, 0, 12, 2], "rotation": 180, "tintindex": 0,"texture": "#0"},
				"down": {"uv": [0, 0, 12, 2], "rotation": 180, "tintindex": 0,"texture": "#0"}
			}
		},
		{
			"from": [5, 0, 21],
			"to": [11, 1, 22],
			"rotation": {"angle": 0, "axis": "y", "origin": [8, 1, 8]},
			"faces": {
				"north": {"uv": [0, 0, 6, 1], "tintindex": 0,"texture": "#0"},
				"east": {"uv": [0, 0, 1, 1], "tintindex": 0,"texture": "#0"},
				"south": {"uv": [0, 0, 6, 1], "tintindex": 0,"texture": "#0"},
				"west": {"uv": [0, 0, 1, 1], "tintindex": 0,"texture": "#0"},
				"up": {"uv": [0, 0, 6, 1], "rotation": 180, "tintindex": 0,"texture": "#0"},
				"down": {"uv": [0, 0, 6, 1], "rotation": 180, "tintindex": 0,"texture": "#0"}
			}
		},
		{
			"from": [5, 2, 16],
			"to": [11, 3, 17],
			"rotation": {"angle": 0, "axis": "y", "origin": [8, 1, 8]},
			"faces": {
				"north": {"uv": [0, 0, 6, 1], "tintindex": 0,"texture": "#0"},
				"east": {"uv": [0, 0, 1, 1], "tintindex": 0,"texture": "#0"},
				"south": {"uv": [0, 0, 6, 1], "tintindex": 0,"texture": "#0"},
				"west": {"uv": [0, 0, 1, 1], "tintindex": 0,"texture": "#0"},
				"up": {"uv": [0, 0, 6, 1], "rotation": 180, "tintindex": 0,"texture": "#0"},
				"down": {"uv": [0, 0, 6, 1], "rotation": 180, "tintindex": 0,"texture": "#0"}
			}
		},
		{
			"from": [5, 3, 12.5],
			"to": [11, 4, 13.5],
			"rotation": {"angle": 0, "axis": "y", "origin": [8, 1, 8]},
			"faces": {
				"north": {"uv": [0, 0, 6, 1], "tintindex": 0,"texture": "#0"},
				"east": {"uv": [0, 0, 1, 1], "tintindex": 0,"texture": "#0"},
				"south": {"uv": [0, 0, 6, 1], "tintindex": 0,"texture": "#0"},
				"west": {"uv": [0, 0, 1, 1], "tintindex": 0,"texture": "#0"},
				"up": {"uv": [0, 0, 6, 1], "rotation": 180, "tintindex": 0,"texture": "#0"},
				"down": {"uv": [0, 0, 6, 1], "rotation": 180, "tintindex": 0,"texture": "#0"}
			}
		},
		{
			"from": [5, 3, 1.5],
			"to": [11, 4, 2.5],
			"rotation": {"angle": 0, "axis": "y", "origin": [8, 1, 8]},
			"faces": {
				"north": {"uv": [0, 0, 6, 1], "tintindex": 0,"texture": "#0"},
				"east": {"uv": [0, 0, 1, 1], "tintindex": 0,"texture": "#0"},
				"south": {"uv": [0, 0, 6, 1], "tintindex": 0,"texture": "#0"},
				"west": {"uv": [0, 0, 1, 1], "tintindex": 0,"texture": "#0"},
				"up": {"uv": [0, 0, 6, 1], "rotation": 180, "tintindex": 0,"texture": "#0"},
				"down": {"uv": [0, 0, 6, 1], "rotation": 180, "tintindex": 0,"texture": "#0"}
			}
		},
		{
			"from": [2, 3, 4.5],
			"to": [3, 4, 10.5],
			"rotation": {"angle": 0, "axis": "y", "origin": [8, 3.5, 7.5]},
			"faces": {
				"north": {"uv": [0, 0, 1, 1], "tintindex": 0,"texture": "#0"},
				"east": {"uv": [0, 0, 6, 1], "tintindex": 0,"texture": "#0"},
				"south": {"uv": [0, 0, 1, 1], "tintindex": 0,"texture": "#0"},
				"west": {"uv": [0, 0, 6, 1], "tintindex": 0,"texture": "#0"},
				"up": {"uv": [0, 0, 6, 1], "rotation": 90, "tintindex": 0,"texture": "#0"},
				"down": {"uv": [0, 0, 6, 1], "rotation": 270, "tintindex": 0,"texture": "#0"}
			}
		},
		{
			"from": [13, 3, 4.5],
			"to": [14, 4, 10.5],
			"rotation": {"angle": 0, "axis": "y", "origin": [8, 3.5, 7.5]},
			"faces": {
				"north": {"uv": [0, 0, 1, 1], "tintindex": 0,"texture": "#0"},
				"east": {"uv": [0, 0, 6, 1], "tintindex": 0,"texture": "#0"},
				"south": {"uv": [0, 0, 1, 1], "tintindex": 0,"texture": "#0"},
				"west": {"uv": [0, 0, 6, 1], "tintindex": 0,"texture": "#0"},
				"up": {"uv": [0, 0, 6, 1], "rotation": 90, "tintindex": 0,"texture": "#0"},
				"down": {"uv": [0, 0, 6, 1], "rotation": 270, "tintindex": 0,"texture": "#0"}
			}
		},
		{
			"from": [5, 2, -1],
			"to": [11, 3, 0],
			"rotation": {"angle": 0, "axis": "y", "origin": [8, 1, 8]},
			"faces": {
				"north": {"uv": [0, 0, 6, 1], "tintindex": 0,"texture": "#0"},
				"east": {"uv": [0, 0, 1, 1], "tintindex": 0,"texture": "#0"},
				"south": {"uv": [0, 0, 6, 1], "tintindex": 0,"texture": "#0"},
				"west": {"uv": [0, 0, 1, 1], "tintindex": 0,"texture": "#0"},
				"up": {"uv": [0, 0, 6, 1], "rotation": 180, "tintindex": 0,"texture": "#0"},
				"down": {"uv": [0, 0, 6, 1], "rotation": 180, "tintindex": 0,"texture": "#0"}
			}
		},
		{
			"from": [-1, 2, 5],
			"to": [0, 3, 11],
			"rotation": {"angle": 0, "axis": "y", "origin": [8, 2.5, 8]},
			"faces": {
				"north": {"uv": [0, 0, 1, 1], "tintindex": 0,"texture": "#0"},
				"east": {"uv": [0, 0, 6, 1], "tintindex": 0,"texture": "#0"},
				"south": {"uv": [0, 0, 1, 1], "tintindex": 0,"texture": "#0"},
				"west": {"uv": [0, 0, 6, 1], "tintindex": 0,"texture": "#0"},
				"up": {"uv": [0, 0, 6, 1], "rotation": 90, "tintindex": 0,"texture": "#0"},
				"down": {"uv": [0, 0, 6, 1], "rotation": 270, "tintindex": 0,"texture": "#0"}
			}
		},
		{
			"from": [16, 2, 5],
			"to": [17, 3, 11],
			"rotation": {"angle": 0, "axis": "y", "origin": [8, 2.5, 8]},
			"faces": {
				"north": {"uv": [0, 0, 1, 1], "tintindex": 0,"texture": "#0"},
				"east": {"uv": [0, 0, 6, 1], "tintindex": 0,"texture": "#0"},
				"south": {"uv": [0, 0, 1, 1], "tintindex": 0,"texture": "#0"},
				"west": {"uv": [0, 0, 6, 1], "tintindex": 0,"texture": "#0"},
				"up": {"uv": [0, 0, 6, 1], "rotation": 90, "tintindex": 0,"texture": "#0"},
				"down": {"uv": [0, 0, 6, 1], "rotation": 270, "tintindex": 0,"texture": "#0"}
			}
		},
		{
			"from": [5, 0, -6],
			"to": [11, 1, -5],
			"rotation": {"angle": 0, "axis": "y", "origin": [8, 1, 8]},
			"faces": {
				"north": {"uv": [0, 0, 6, 1], "tintindex": 0,"texture": "#0"},
				"east": {"uv": [0, 0, 1, 1], "tintindex": 0,"texture": "#0"},
				"south": {"uv": [0, 0, 6, 1], "tintindex": 0,"texture": "#0"},
				"west": {"uv": [0, 0, 1, 1], "tintindex": 0,"texture": "#0"},
				"up": {"uv": [0, 0, 6, 1], "rotation": 180, "tintindex": 0,"texture": "#0"},
				"down": {"uv": [0, 0, 6, 1], "rotation": 180, "tintindex": 0,"texture": "#0"}
			}
		},
		{
			"from": [-6, 0, 5],
			"to": [-5, 1, 11],
			"rotation": {"angle": 0, "axis": "y", "origin": [8, 0.5, 8]},
			"faces": {
				"north": {"uv": [0, 0, 1, 1], "tintindex": 0,"texture": "#0"},
				"east": {"uv": [0, 0, 6, 1], "tintindex": 0,"texture": "#0"},
				"south": {"uv": [0, 0, 1, 1], "tintindex": 0,"texture": "#0"},
				"west": {"uv": [0, 0, 6, 1], "tintindex": 0,"texture": "#0"},
				"up": {"uv": [0, 0, 6, 1], "rotation": 90, "tintindex": 0,"texture": "#0"},
				"down": {"uv": [0, 0, 6, 1], "rotation": 270, "tintindex": 0,"texture": "#0"}
			}
		},
		{
			"from": [21, 0, 5],
			"to": [22, 1, 11],
			"rotation": {"angle": 0, "axis": "y", "origin": [8, 0.5, 8]},
			"faces": {
				"north": {"uv": [0, 0, 1, 1], "tintindex": 0,"texture": "#0"},
				"east": {"uv": [0, 0, 6, 1], "tintindex": 0,"texture": "#0"},
				"south": {"uv": [0, 0, 1, 1], "tintindex": 0,"texture": "#0"},
				"west": {"uv": [0, 0, 6, 1], "tintindex": 0,"texture": "#0"},
				"up": {"uv": [0, 0, 6, 1], "rotation": 90, "tintindex": 0,"texture": "#0"},
				"down": {"uv": [0, 0, 6, 1], "rotation": 270, "tintindex": 0,"texture": "#0"}
			}
		},
		{
			"from": [2, 0, -5],
			"to": [14, 2, -3],
			"rotation": {"angle": 0, "axis": "y", "origin": [8, 1, 8]},
			"faces": {
				"north": {"uv": [0, 0, 12, 2], "tintindex": 0,"texture": "#0"},
				"east": {"uv": [0, 0, 2, 2], "tintindex": 0,"texture": "#0"},
				"south": {"uv": [0, 0, 12, 2], "tintindex": 0,"texture": "#0"},
				"west": {"uv": [0, 0, 2, 2], "tintindex": 0,"texture": "#0"},
				"up": {"uv": [0, 0, 12, 2], "rotation": 180, "tintindex": 0,"texture": "#0"},
				"down": {"uv": [0, 0, 12, 2], "rotation": 180, "tintindex": 0,"texture": "#0"}
			}
		},
		{
			"from": [19, 0, 2],
			"to": [21, 1.5, 14],
			"rotation": {"angle": 0, "axis": "y", "origin": [8, 1, 8]},
			"faces": {
				"north": {"uv": [0, 0, 2, 1.5], "tintindex": 0,"texture": "#0"},
				"east": {"uv": [0, 0, 12, 1.5], "tintindex": 0,"texture": "#0"},
				"south": {"uv": [0, 0, 2, 1.5], "tintindex": 0,"texture": "#0"},
				"west": {"uv": [0, 0, 12, 1.5], "tintindex": 0,"texture": "#0"},
				"up": {"uv": [0, 0, 12, 2], "rotation": 270, "tintindex": 0,"texture": "#0"},
				"down": {"uv": [0, 0, 12, 2], "rotation": 90, "tintindex": 0,"texture": "#0"}
			}
		},
		{
			"from": [-3, 0, 0],
			"to": [0, 2, 16],
			"rotation": {"angle": 0, "axis": "y", "origin": [8, 1, 8]},
			"faces": {
				"north": {"uv": [0, 0, 3, 2], "tintindex": 0,"texture": "#0"},
				"east": {"uv": [0, 0, 16, 2], "tintindex": 0,"texture": "#0"},
				"south": {"uv": [0, 0, 3, 2], "tintindex": 0,"texture": "#0"},
				"west": {"uv": [0, 0, 16, 2], "tintindex": 0,"texture": "#0"},
				"up": {"uv": [0, 0, 16, 3], "rotation": 270, "tintindex": 0,"texture": "#0"},
				"down": {"uv": [0, 0, 16, 3], "rotation": 90, "tintindex": 0,"texture": "#0"}
			}
		},
		{
			"from": [16, 0, -2],
			"to": [18, 2, 0],
			"faces": {
				"north": {"uv": [0, 0, 2, 2], "tintindex": 0,"texture": "#0"},
				"east": {"uv": [0, 0, 2, 2], "tintindex": 0,"texture": "#0"},
				"south": {"uv": [0, 0, 2, 2], "tintindex": 0,"texture": "#0"},
				"west": {"uv": [0, 0, 2, 2], "tintindex": 0,"texture": "#0"},
				"up": {"uv": [0, 0, 2, 2], "tintindex": 0,"texture": "#0"},
				"down": {"uv": [0, 0, 2, 2], "tintindex": 0,"texture": "#0"}
			}
		},
		{
			"from": [16, 0, 16],
			"to": [18, 2, 18],
			"faces": {
				"north": {"uv": [0, 0, 2, 2], "tintindex": 0,"texture": "#0"},
				"east": {"uv": [0, 0, 2, 2], "tintindex": 0,"texture": "#0"},
				"south": {"uv": [0, 0, 2, 2], "tintindex": 0,"texture": "#0"},
				"west": {"uv": [0, 0, 2, 2], "tintindex": 0,"texture": "#0"},
				"up": {"uv": [0, 0, 2, 2], "tintindex": 0,"texture": "#0"},
				"down": {"uv": [0, 0, 2, 2], "tintindex": 0,"texture": "#0"}
			}
		},
		{
			"from": [-2, 0, 16],
			"to": [0, 2, 18],
			"faces": {
				"north": {"uv": [0, 0, 2, 2], "tintindex": 0,"texture": "#0"},
				"east": {"uv": [0, 0, 2, 2], "tintindex": 0,"texture": "#0"},
				"south": {"uv": [0, 0, 2, 2], "tintindex": 0,"texture": "#0"},
				"west": {"uv": [0, 0, 2, 2], "tintindex": 0,"texture": "#0"},
				"up": {"uv": [0, 0, 2, 2], "tintindex": 0,"texture": "#0"},
				"down": {"uv": [0, 0, 2, 2], "tintindex": 0,"texture": "#0"}
			}
		},
		{
			"from": [-2, 0, -2],
			"to": [0, 2, 0],
			"faces": {
				"north": {"uv": [0, 0, 2, 2], "tintindex": 0,"texture": "#0"},
				"east": {"uv": [0, 0, 2, 2], "tintindex": 0,"texture": "#0"},
				"south": {"uv": [0, 0, 2, 2], "tintindex": 0,"texture": "#0"},
				"west": {"uv": [0, 0, 2, 2], "tintindex": 0,"texture": "#0"},
				"up": {"uv": [0, 0, 2, 2], "tintindex": 0,"texture": "#0"},
				"down": {"uv": [0, 0, 2, 2], "tintindex": 0,"texture": "#0"}
			}
		},
		{
			"from": [3, 2, 2.5],
			"to": [13, 4, 12.5],
			"faces": {
				"north": {"uv": [0, 0, 10, 2], "tintindex": 0,"texture": "#0"},
				"east": {"uv": [0, 0, 10, 2], "tintindex": 0,"texture": "#0"},
				"south": {"uv": [0, 0, 10, 2], "tintindex": 0,"texture": "#0"},
				"west": {"uv": [0, 0, 10, 2], "tintindex": 0,"texture": "#0"},
				"up": {"uv": [0, 0, 10, 10], "tintindex": 0,"texture": "#0"},
				"down": {"uv": [0, 0, 10, 10], "tintindex": 0,"texture": "#0"}
			}
		},
		{
			"from": [-2, 2, 4],
			"to": [0, 4, 6],
			"faces": {
				"north": {"uv": [3, 1, 5, 3], "tintindex": 0,"texture": "#1"},
				"east": {"uv": [1, 3, 3, 5], "tintindex": 0,"texture": "#1"},
				"south": {"uv": [6, 2, 8, 4], "tintindex": 0,"texture": "#1"},
				"west": {"uv": [2, 3, 4, 5], "tintindex": 0,"texture": "#1"},
				"up": {"uv": [2, 1, 4, 3], "tintindex": 0,"texture": "#1"},
				"down": {"uv": [1, 0, 3, 2], "tintindex": 0,"texture": "#1"}
			}
		},
		{
			"from": [8, 4, 4],
			"to": [10, 6, 6],
			"rotation": {"angle": 45, "axis": "y", "origin": [9, 5, 5]},
			"faces": {
				"north": {"uv": [3, 1, 5, 3], "tintindex": 0,"texture": "#1"},
				"east": {"uv": [1, 3, 3, 5], "tintindex": 0,"texture": "#1"},
				"south": {"uv": [6, 2, 8, 4], "tintindex": 0,"texture": "#1"},
				"west": {"uv": [2, 3, 4, 5], "tintindex": 0,"texture": "#1"},
				"up": {"uv": [2, 1, 4, 3], "tintindex": 0,"texture": "#1"},
				"down": {"uv": [1, 0, 3, 2], "tintindex": 0,"texture": "#1"}
			}
		},
		{
			"from": [14.36396, 1.5, 10.36396],
			"to": [16.36396, 3.5, 12.36396],
			"rotation": {"angle": 45, "axis": "x", "origin": [15.36396, 3, 11.36396]},
			"faces": {
				"north": {"uv": [3, 1, 5, 3], "tintindex": 0,"texture": "#1"},
				"east": {"uv": [1, 3, 3, 5], "tintindex": 0,"texture": "#1"},
				"south": {"uv": [6, 2, 8, 4], "tintindex": 0,"texture": "#1"},
				"west": {"uv": [2, 3, 4, 5], "tintindex": 0,"texture": "#1"},
				"up": {"uv": [2, 1, 4, 3], "tintindex": 0,"texture": "#1"},
				"down": {"uv": [1, 0, 3, 2], "tintindex": 0,"texture": "#1"}
			}
		},
		{
			"from": [4, 3.25, 6],
			"to": [6, 5.25, 8],
			"rotation": {"angle": 22.5, "axis": "y", "origin": [9, 5, 5]},
			"faces": {
				"north": {"uv": [3, 1, 5, 3], "tintindex": 0,"texture": "#1"},
				"east": {"uv": [1, 3, 3, 5], "tintindex": 0,"texture": "#1"},
				"south": {"uv": [6, 2, 8, 4], "tintindex": 0,"texture": "#1"},
				"west": {"uv": [2, 3, 4, 5], "tintindex": 0,"texture": "#1"},
				"up": {"uv": [2, 1, 4, 3], "tintindex": 0,"texture": "#1"},
				"down": {"uv": [1, 0, 3, 2], "tintindex": 0,"texture": "#1"}
			}
		},
		{
			"from": [4, 2.75, -1],
			"to": [6, 4.75, 1],
			"rotation": {"angle": 22.5, "axis": "y", "origin": [9, 5, 5]},
			"faces": {
				"north": {"uv": [3, 1, 5, 3], "tintindex": 0,"texture": "#1"},
				"east": {"uv": [1, 3, 3, 5], "tintindex": 0,"texture": "#1"},
				"south": {"uv": [6, 2, 8, 4], "tintindex": 0,"texture": "#1"},
				"west": {"uv": [2, 3, 4, 5], "tintindex": 0,"texture": "#1"},
				"up": {"uv": [2, 1, 4, 3], "tintindex": 0,"texture": "#1"},
				"down": {"uv": [1, 0, 3, 2], "tintindex": 0,"texture": "#1"}
			}
		},
		{
			"from": [8, 1.5, -2],
			"to": [10, 3.5, 0],
			"faces": {
				"north": {"uv": [3, 1, 5, 3], "tintindex": 0,"texture": "#1"},
				"east": {"uv": [1, 3, 3, 5], "tintindex": 0,"texture": "#1"},
				"south": {"uv": [6, 2, 8, 4], "tintindex": 0,"texture": "#1"},
				"west": {"uv": [2, 3, 4, 5], "tintindex": 0,"texture": "#1"},
				"up": {"uv": [2, 1, 4, 3], "tintindex": 0,"texture": "#1"},
				"down": {"uv": [1, 0, 3, 2], "tintindex": 0,"texture": "#1"}
			}
		},
		{
			"from": [3, 2, 13],
			"to": [5, 4, 15],
			"rotation": {"angle": 45, "axis": "y", "origin": [4, 3, 14]},
			"faces": {
				"north": {"uv": [3, 1, 5, 3], "tintindex": 0,"texture": "#1"},
				"east": {"uv": [1, 3, 3, 5], "tintindex": 0,"texture": "#1"},
				"south": {"uv": [6, 2, 8, 4], "tintindex": 0,"texture": "#1"},
				"west": {"uv": [2, 3, 4, 5], "tintindex": 0,"texture": "#1"},
				"up": {"uv": [2, 1, 4, 3], "tintindex": 0,"texture": "#1"},
				"down": {"uv": [1, 0, 3, 2], "tintindex": 0,"texture": "#1"}
			}
		},
		{
			"from": [6.53553, 0.5, 16.53553],
			"to": [8.53553, 2.5, 18.53553],
			"rotation": {"angle": -22.5, "axis": "y", "origin": [7.53553, 1.5, 17.53553]},
			"faces": {
				"north": {"uv": [1, 3, 3, 5], "tintindex": 0,"texture": "#1"},
				"east": {"uv": [6, 2, 8, 4], "tintindex": 0,"texture": "#1"},
				"south": {"uv": [2, 3, 4, 5], "tintindex": 0,"texture": "#1"},
				"west": {"uv": [3, 1, 5, 3], "tintindex": 0,"texture": "#1"},
				"up": {"uv": [2, 1, 4, 3], "rotation": 270, "tintindex": 0,"texture": "#1"},
				"down": {"uv": [1, 0, 3, 2], "rotation": 90, "tintindex": 0,"texture": "#1"}
			}
		}
	],
	"display": {
		"head": {
			"translation": [0, -13.75, 0],
			"scale": [4, 4, 4]
		}
	}
}