{
	"credit": "Made with Blockbench",
	"textures": {
		"0": "block/nether_wart_block",
		"2": "block/chiseled_quartz_block_top",
		"particle": "block/nether_wart_block"
	},
	"elements": [
		{
			"from": [10, 0, 0],
			"to": [12, 6, 2],
			"faces": {
				"north": {"uv": [0, 0, 2, 6], "tintindex": 0,"texture": "#0"},
				"east": {"uv": [0, 0, 2, 6], "tintindex": 0,"texture": "#0"},
				"south": {"uv": [0, 0, 2, 6], "tintindex": 0,"texture": "#0"},
				"west": {"uv": [0, 0, 2, 6], "tintindex": 0,"texture": "#0"},
				"up": {"uv": [0, 0, 2, 2], "tintindex": 0,"texture": "#0"},
				"down": {"uv": [0, 0, 2, 2], "tintindex": 0,"texture": "#0"}
			}
		},
		{
			"from": [10, 0, 14],
			"to": [12, 6, 16],
			"faces": {
				"north": {"uv": [0, 0, 2, 6], "tintindex": 0,"texture": "#0"},
				"east": {"uv": [0, 0, 2, 6], "tintindex": 0,"texture": "#0"},
				"south": {"uv": [0, 0, 2, 6], "tintindex": 0,"texture": "#0"},
				"west": {"uv": [0, 0, 2, 6], "tintindex": 0,"texture": "#0"},
				"up": {"uv": [0, 0, 2, 2], "tintindex": 0,"texture": "#0"},
				"down": {"uv": [0, 0, 2, 2], "tintindex": 0,"texture": "#0"}
			}
		},
		{
			"from": [15, 0, 3],
			"to": [17, 6, 7],
			"faces": {
				"north": {"uv": [0, 0, 2, 6], "tintindex": 0,"texture": "#0"},
				"east": {"uv": [0, 0, 4, 6], "tintindex": 0,"texture": "#0"},
				"south": {"uv": [0, 0, 2, 6], "tintindex": 0,"texture": "#0"},
				"west": {"uv": [0, 0, 4, 6], "tintindex": 0,"texture": "#0"},
				"up": {"uv": [0, 0, 2, 4], "tintindex": 0,"texture": "#0"},
				"down": {"uv": [0, 0, 2, 4], "tintindex": 0,"texture": "#0"}
			}
		},
		{
			"from": [17, 0, 5],
			"to": [18, 6, 11],
			"faces": {
				"north": {"uv": [0, 0, 1, 6], "tintindex": 0,"texture": "#0"},
				"east": {"uv": [0, 0, 6, 6], "tintindex": 0,"texture": "#0"},
				"south": {"uv": [0, 0, 1, 6], "tintindex": 0,"texture": "#0"},
				"west": {"uv": [0, 0, 6, 6], "tintindex": 0,"texture": "#0"},
				"up": {"uv": [0, 0, 1, 6], "tintindex": 0,"texture": "#0"},
				"down": {"uv": [0, 0, 1, 6], "tintindex": 0,"texture": "#0"}
			}
		},
		{
			"from": [15, 0, 9],
			"to": [17, 6, 13],
			"faces": {
				"north": {"uv": [0, 0, 2, 6], "tintindex": 0,"texture": "#0"},
				"east": {"uv": [0, 0, 4, 6], "tintindex": 0,"texture": "#0"},
				"south": {"uv": [0, 0, 2, 6], "tintindex": 0,"texture": "#0"},
				"west": {"uv": [0, 0, 4, 6], "tintindex": 0,"texture": "#0"},
				"up": {"uv": [0, 0, 2, 4], "tintindex": 0,"texture": "#0"},
				"down": {"uv": [0, 0, 2, 4], "tintindex": 0,"texture": "#0"}
			}
		},
		{
			"from": [12, 0, 13],
			"to": [16, 6, 15],
			"faces": {
				"north": {"uv": [0, 0, 4, 6], "tintindex": 0,"texture": "#0"},
				"east": {"uv": [0, 0, 2, 6], "tintindex": 0,"texture": "#0"},
				"south": {"uv": [0, 0, 4, 6], "tintindex": 0,"texture": "#0"},
				"west": {"uv": [0, 0, 2, 6], "tintindex": 0,"texture": "#0"},
				"up": {"uv": [0, 0, 4, 2], "tintindex": 0,"texture": "#0"},
				"down": {"uv": [0, 0, 4, 2], "tintindex": 0,"texture": "#0"}
			}
		},
		{
			"from": [12, 0, 1],
			"to": [16, 6, 3],
			"faces": {
				"north": {"uv": [0, 0, 4, 6], "tintindex": 0,"texture": "#0"},
				"east": {"uv": [0, 0, 2, 6], "tintindex": 0,"texture": "#0"},
				"south": {"uv": [0, 0, 4, 6], "tintindex": 0,"texture": "#0"},
				"west": {"uv": [0, 0, 2, 6], "tintindex": 0,"texture": "#0"},
				"up": {"uv": [0, 0, 4, 2], "tintindex": 0,"texture": "#0"},
				"down": {"uv": [0, 0, 4, 2], "tintindex": 0,"texture": "#0"}
			}
		},
		{
			"from": [10, 6, 13.4],
			"to": [11.8, 10.4, 15.2],
			"rotation": {"angle": 0, "axis": "y", "origin": [0.8, 0, 0.8]},
			"faces": {
				"north": {"uv": [0, 0, 2, 6], "tintindex": 0,"texture": "#0"},
				"east": {"uv": [0, 0, 2, 6], "tintindex": 0,"texture": "#0"},
				"south": {"uv": [0, 0, 2, 6], "tintindex": 0,"texture": "#0"},
				"west": {"uv": [0, 0, 2, 6], "tintindex": 0,"texture": "#0"},
				"up": {"uv": [0, 0, 2, 2], "tintindex": 0,"texture": "#0"},
				"down": {"uv": [0, 0, 2, 2], "tintindex": 0,"texture": "#0"}
			}
		},
		{
			"from": [11.8, 6, 12.5],
			"to": [15.4, 10.4, 14.3],
			"rotation": {"angle": 0, "axis": "y", "origin": [0.8, 0, 0.8]},
			"faces": {
				"north": {"uv": [0, 0, 4, 6], "tintindex": 0,"texture": "#0"},
				"east": {"uv": [0, 0, 2, 6], "tintindex": 0,"texture": "#0"},
				"south": {"uv": [0, 0, 4, 6], "tintindex": 0,"texture": "#0"},
				"west": {"uv": [0, 0, 2, 6], "tintindex": 0,"texture": "#0"},
				"up": {"uv": [0, 0, 4, 2], "tintindex": 0,"texture": "#0"},
				"down": {"uv": [0, 0, 4, 2], "tintindex": 0,"texture": "#0"}
			}
		},
		{
			"from": [14.5, 6, 8.9],
			"to": [16.3, 10.4, 12.5],
			"rotation": {"angle": 0, "axis": "y", "origin": [0.8, 0, 0.8]},
			"faces": {
				"north": {"uv": [0, 0, 2, 6], "tintindex": 0,"texture": "#0"},
				"east": {"uv": [0, 0, 4, 6], "tintindex": 0,"texture": "#0"},
				"south": {"uv": [0, 0, 2, 6], "tintindex": 0,"texture": "#0"},
				"west": {"uv": [0, 0, 4, 6], "tintindex": 0,"texture": "#0"},
				"up": {"uv": [0, 0, 2, 4], "tintindex": 0,"texture": "#0"},
				"down": {"uv": [0, 0, 2, 4], "tintindex": 0,"texture": "#0"}
			}
		},
		{
			"from": [16.3, 6, 5.3],
			"to": [17.2, 10.4, 10.7],
			"rotation": {"angle": 0, "axis": "y", "origin": [0.8, 0, 0.8]},
			"faces": {
				"north": {"uv": [0, 0, 1, 6], "tintindex": 0,"texture": "#0"},
				"east": {"uv": [0, 0, 6, 6], "tintindex": 0,"texture": "#0"},
				"south": {"uv": [0, 0, 1, 6], "tintindex": 0,"texture": "#0"},
				"west": {"uv": [0, 0, 6, 6], "tintindex": 0,"texture": "#0"},
				"up": {"uv": [0, 0, 1, 6], "tintindex": 0,"texture": "#0"},
				"down": {"uv": [0, 0, 1, 6], "tintindex": 0,"texture": "#0"}
			}
		},
		{
			"from": [14.5, 6, 3.5],
			"to": [16.3, 10.4, 7.1],
			"rotation": {"angle": 0, "axis": "y", "origin": [0.8, 0, 0.8]},
			"faces": {
				"north": {"uv": [0, 0, 2, 6], "tintindex": 0,"texture": "#0"},
				"east": {"uv": [0, 0, 4, 6], "tintindex": 0,"texture": "#0"},
				"south": {"uv": [0, 0, 2, 6], "tintindex": 0,"texture": "#0"},
				"west": {"uv": [0, 0, 4, 6], "tintindex": 0,"texture": "#0"},
				"up": {"uv": [0, 0, 2, 4], "tintindex": 0,"texture": "#0"},
				"down": {"uv": [0, 0, 2, 4], "tintindex": 0,"texture": "#0"}
			}
		},
		{
			"from": [11.8, 6, 1.7],
			"to": [15.4, 10.4, 3.5],
			"rotation": {"angle": 0, "axis": "y", "origin": [0.8, 0, 0.8]},
			"faces": {
				"north": {"uv": [0, 0, 4, 6], "tintindex": 0,"texture": "#0"},
				"east": {"uv": [0, 0, 2, 6], "tintindex": 0,"texture": "#0"},
				"south": {"uv": [0, 0, 4, 6], "tintindex": 0,"texture": "#0"},
				"west": {"uv": [0, 0, 2, 6], "tintindex": 0,"texture": "#0"},
				"up": {"uv": [0, 0, 4, 2], "tintindex": 0,"texture": "#0"},
				"down": {"uv": [0, 0, 4, 2], "tintindex": 0,"texture": "#0"}
			}
		},
		{
			"from": [10, 6, 0.8],
			"to": [11.8, 10.4, 2.6],
			"rotation": {"angle": 0, "axis": "y", "origin": [0.8, 0, 0.8]},
			"faces": {
				"north": {"uv": [0, 0, 2, 6], "tintindex": 0,"texture": "#0"},
				"east": {"uv": [0, 0, 2, 6], "tintindex": 0,"texture": "#0"},
				"south": {"uv": [0, 0, 2, 6], "tintindex": 0,"texture": "#0"},
				"west": {"uv": [0, 0, 2, 6], "tintindex": 0,"texture": "#0"},
				"up": {"uv": [0, 0, 2, 2], "tintindex": 0,"texture": "#0"},
				"down": {"uv": [0, 0, 2, 2], "tintindex": 0,"texture": "#0"}
			}
		},
		{
			"from": [9.92, 10.32, 12.86],
			"to": [11.54, 13.38, 14.48],
			"rotation": {"angle": 0, "axis": "y", "origin": [1.52, 0, 1.52]},
			"faces": {
				"north": {"uv": [0, 0, 2, 6], "tintindex": 0,"texture": "#0"},
				"east": {"uv": [0, 0, 2, 6], "tintindex": 0,"texture": "#0"},
				"south": {"uv": [0, 0, 2, 6], "tintindex": 0,"texture": "#0"},
				"west": {"uv": [0, 0, 2, 6], "tintindex": 0,"texture": "#0"},
				"up": {"uv": [0, 0, 2, 2], "tintindex": 0,"texture": "#0"},
				"down": {"uv": [0, 0, 2, 2], "tintindex": 0,"texture": "#0"}
			}
		},
		{
			"from": [11.54, 10.32, 12.05],
			"to": [14.78, 13.38, 13.67],
			"rotation": {"angle": 0, "axis": "y", "origin": [1.52, 0, 1.52]},
			"faces": {
				"north": {"uv": [0, 0, 4, 6], "tintindex": 0,"texture": "#0"},
				"east": {"uv": [0, 0, 2, 6], "tintindex": 0,"texture": "#0"},
				"south": {"uv": [0, 0, 4, 6], "tintindex": 0,"texture": "#0"},
				"west": {"uv": [0, 0, 2, 6], "tintindex": 0,"texture": "#0"},
				"up": {"uv": [0, 0, 4, 2], "tintindex": 0,"texture": "#0"},
				"down": {"uv": [0, 0, 4, 2], "tintindex": 0,"texture": "#0"}
			}
		},
		{
			"from": [13.97, 10.32, 8.81],
			"to": [15.59, 13.38, 12.05],
			"rotation": {"angle": 0, "axis": "y", "origin": [1.52, 0, 1.52]},
			"faces": {
				"north": {"uv": [0, 0, 2, 6], "tintindex": 0,"texture": "#0"},
				"east": {"uv": [0, 0, 4, 6], "tintindex": 0,"texture": "#0"},
				"south": {"uv": [0, 0, 2, 6], "tintindex": 0,"texture": "#0"},
				"west": {"uv": [0, 0, 4, 6], "tintindex": 0,"texture": "#0"},
				"up": {"uv": [0, 0, 2, 4], "tintindex": 0,"texture": "#0"},
				"down": {"uv": [0, 0, 2, 4], "tintindex": 0,"texture": "#0"}
			}
		},
		{
			"from": [15.59, 10.32, 5.57],
			"to": [16.4, 13.38, 10.43],
			"rotation": {"angle": 0, "axis": "y", "origin": [1.52, 0, 1.52]},
			"faces": {
				"north": {"uv": [0, 0, 1, 6], "tintindex": 0,"texture": "#0"},
				"east": {"uv": [0, 0, 6, 6], "tintindex": 0,"texture": "#0"},
				"south": {"uv": [0, 0, 1, 6], "tintindex": 0,"texture": "#0"},
				"west": {"uv": [0, 0, 6, 6], "tintindex": 0,"texture": "#0"},
				"up": {"uv": [0, 0, 1, 6], "tintindex": 0,"texture": "#0"},
				"down": {"uv": [0, 0, 1, 6], "tintindex": 0,"texture": "#0"}
			}
		},
		{
			"from": [13.97, 10.32, 3.95],
			"to": [15.59, 13.38, 7.19],
			"rotation": {"angle": 0, "axis": "y", "origin": [1.52, 0, 1.52]},
			"faces": {
				"north": {"uv": [0, 0, 2, 6], "tintindex": 0,"texture": "#0"},
				"east": {"uv": [0, 0, 4, 6], "tintindex": 0,"texture": "#0"},
				"south": {"uv": [0, 0, 2, 6], "tintindex": 0,"texture": "#0"},
				"west": {"uv": [0, 0, 4, 6], "tintindex": 0,"texture": "#0"},
				"up": {"uv": [0, 0, 2, 4], "tintindex": 0,"texture": "#0"},
				"down": {"uv": [0, 0, 2, 4], "tintindex": 0,"texture": "#0"}
			}
		},
		{
			"from": [12.97, 13.4, 4],
			"to": [14.97, 15.4, 12.2],
			"rotation": {"angle": 0, "axis": "y", "origin": [1.52, 0, 1.52]},
			"faces": {
				"north": {"uv": [0, 0, 2, 6], "tintindex": 0,"texture": "#0"},
				"east": {"uv": [0, 0, 4, 6], "tintindex": 0,"texture": "#0"},
				"south": {"uv": [0, 0, 2, 6], "tintindex": 0,"texture": "#0"},
				"west": {"uv": [0, 0, 4, 6], "tintindex": 0,"texture": "#0"},
				"up": {"uv": [0, 0, 2, 4], "tintindex": 0,"texture": "#0"},
				"down": {"uv": [0, 0, 2, 4], "tintindex": 0,"texture": "#0"}
			}
		},
		{
			"from": [9.97, 15.4, 3.85],
			"to": [12.97, 17.4, 12.35],
			"rotation": {"angle": 0, "axis": "y", "origin": [1.52, 0, 1.52]},
			"faces": {
				"north": {"uv": [0, 0, 2, 6], "tintindex": 0,"texture": "#0"},
				"east": {"uv": [0, 0, 4, 6], "tintindex": 0,"texture": "#0"},
				"south": {"uv": [0, 0, 2, 6], "tintindex": 0,"texture": "#0"},
				"west": {"uv": [0, 0, 4, 6], "tintindex": 0,"texture": "#0"},
				"up": {"uv": [0, 0, 2, 4], "tintindex": 0,"texture": "#0"},
				"down": {"uv": [0, 0, 2, 4], "tintindex": 0,"texture": "#0"}
			}
		},
		{
			"from": [11.54, 10.32, 2.33],
			"to": [14.78, 13.38, 3.95],
			"rotation": {"angle": 0, "axis": "y", "origin": [1.52, 0, 1.52]},
			"faces": {
				"north": {"uv": [0, 0, 4, 6], "tintindex": 0,"texture": "#0"},
				"east": {"uv": [0, 0, 2, 6], "tintindex": 0,"texture": "#0"},
				"south": {"uv": [0, 0, 4, 6], "tintindex": 0,"texture": "#0"},
				"west": {"uv": [0, 0, 2, 6], "tintindex": 0,"texture": "#0"},
				"up": {"uv": [0, 0, 4, 2], "tintindex": 0,"texture": "#0"},
				"down": {"uv": [0, 0, 4, 2], "tintindex": 0,"texture": "#0"}
			}
		},
		{
			"from": [9.92, 10.32, 1.52],
			"to": [11.54, 13.38, 3.14],
			"rotation": {"angle": 0, "axis": "y", "origin": [1.52, 0, 1.52]},
			"faces": {
				"north": {"uv": [0, 0, 2, 6], "tintindex": 0,"texture": "#0"},
				"east": {"uv": [0, 0, 2, 6], "tintindex": 0,"texture": "#0"},
				"south": {"uv": [0, 0, 2, 6], "tintindex": 0,"texture": "#0"},
				"west": {"uv": [0, 0, 2, 6], "tintindex": 0,"texture": "#0"},
				"up": {"uv": [0, 0, 2, 2], "tintindex": 0,"texture": "#0"},
				"down": {"uv": [0, 0, 2, 2], "tintindex": 0,"texture": "#0"}
			}
		},
		{
			"from": [9.5, 0, 1],
			"to": [11.5, 2, 3],
			"rotation": {"angle": 45, "axis": "z", "origin": [9, 1, 2]},
			"faces": {
				"north": {"uv": [0, 0, 2, 2], "tintindex": 0,"texture": "#2"},
				"east": {"uv": [0, 0, 2, 2], "tintindex": 0,"texture": "#2"},
				"south": {"uv": [0, 0, 2, 2], "tintindex": 0,"texture": "#2"},
				"west": {"uv": [0, 0, 2, 2], "tintindex": 0,"texture": "#2"},
				"up": {"uv": [0, 0, 2, 2], "tintindex": 0,"texture": "#2"},
				"down": {"uv": [0, 0, 2, 2], "tintindex": 0,"texture": "#2"}
			}
		},
		{
			"from": [11.5, 2, 1],
			"to": [13.5, 4, 3],
			"rotation": {"angle": 45, "axis": "z", "origin": [9, 1, 2]},
			"faces": {
				"north": {"uv": [0, 0, 2, 2], "tintindex": 0,"texture": "#2"},
				"east": {"uv": [0, 0, 2, 2], "tintindex": 0,"texture": "#2"},
				"south": {"uv": [0, 0, 2, 2], "tintindex": 0,"texture": "#2"},
				"west": {"uv": [0, 0, 2, 2], "tintindex": 0,"texture": "#2"},
				"up": {"uv": [0, 0, 2, 2], "tintindex": 0,"texture": "#2"},
				"down": {"uv": [0, 0, 2, 2], "tintindex": 0,"texture": "#2"}
			}
		},
		{
			"from": [11.5, 2, 13],
			"to": [13.5, 4, 15],
			"rotation": {"angle": 45, "axis": "z", "origin": [9, 1, 2]},
			"faces": {
				"north": {"uv": [0, 0, 2, 2], "tintindex": 0,"texture": "#2"},
				"east": {"uv": [0, 0, 2, 2], "tintindex": 0,"texture": "#2"},
				"south": {"uv": [0, 0, 2, 2], "tintindex": 0,"texture": "#2"},
				"west": {"uv": [0, 0, 2, 2], "tintindex": 0,"texture": "#2"},
				"up": {"uv": [0, 0, 2, 2], "tintindex": 0,"texture": "#2"},
				"down": {"uv": [0, 0, 2, 2], "tintindex": 0,"texture": "#2"}
			}
		},
		{
			"from": [13.5, 4, 12.5],
			"to": [15.5, 6, 14.5],
			"rotation": {"angle": 45, "axis": "z", "origin": [9, 1, 2]},
			"faces": {
				"north": {"uv": [0, 0, 2, 2], "tintindex": 0,"texture": "#2"},
				"east": {"uv": [0, 0, 2, 2], "tintindex": 0,"texture": "#2"},
				"south": {"uv": [0, 0, 2, 2], "tintindex": 0,"texture": "#2"},
				"west": {"uv": [0, 0, 2, 2], "tintindex": 0,"texture": "#2"},
				"up": {"uv": [0, 0, 2, 2], "tintindex": 0,"texture": "#2"},
				"down": {"uv": [0, 0, 2, 2], "tintindex": 0,"texture": "#2"}
			}
		},
		{
			"from": [15.5, 6, 12],
			"to": [17.5, 8, 14],
			"rotation": {"angle": 45, "axis": "z", "origin": [9, 1, 2]},
			"faces": {
				"north": {"uv": [0, 0, 2, 2], "tintindex": 0,"texture": "#2"},
				"east": {"uv": [0, 0, 2, 2], "tintindex": 0,"texture": "#2"},
				"south": {"uv": [0, 0, 2, 2], "tintindex": 0,"texture": "#2"},
				"west": {"uv": [0, 0, 2, 2], "tintindex": 0,"texture": "#2"},
				"up": {"uv": [0, 0, 2, 2], "tintindex": 0,"texture": "#2"},
				"down": {"uv": [0, 0, 2, 2], "tintindex": 0,"texture": "#2"}
			}
		},
		{
			"from": [17.5, 8, 11.25],
			"to": [19.5, 10, 13.25],
			"rotation": {"angle": 45, "axis": "z", "origin": [9, 1, 2]},
			"faces": {
				"north": {"uv": [0, 0, 2, 2], "tintindex": 0,"texture": "#2"},
				"east": {"uv": [0, 0, 2, 2], "tintindex": 0,"texture": "#2"},
				"south": {"uv": [0, 0, 2, 2], "tintindex": 0,"texture": "#2"},
				"west": {"uv": [0, 0, 2, 2], "tintindex": 0,"texture": "#2"},
				"up": {"uv": [0, 0, 2, 2], "tintindex": 0,"texture": "#2"},
				"down": {"uv": [0, 0, 2, 2], "tintindex": 0,"texture": "#2"}
			}
		},
		{
			"from": [9.5, 0, 13],
			"to": [11.5, 2, 15],
			"rotation": {"angle": 45, "axis": "z", "origin": [9, 1, 2]},
			"faces": {
				"north": {"uv": [0, 0, 2, 2], "tintindex": 0,"texture": "#2"},
				"east": {"uv": [0, 0, 2, 2], "tintindex": 0,"texture": "#2"},
				"south": {"uv": [0, 0, 2, 2], "tintindex": 0,"texture": "#2"},
				"west": {"uv": [0, 0, 2, 2], "tintindex": 0,"texture": "#2"},
				"up": {"uv": [0, 0, 2, 2], "tintindex": 0,"texture": "#2"},
				"down": {"uv": [0, 0, 2, 2], "tintindex": 0,"texture": "#2"}
			}
		},
		{
			"from": [13.5, 4, 1.5],
			"to": [15.5, 6, 3.5],
			"rotation": {"angle": 45, "axis": "z", "origin": [9, 1, 2]},
			"faces": {
				"north": {"uv": [0, 0, 2, 2], "tintindex": 0,"texture": "#2"},
				"east": {"uv": [0, 0, 2, 2], "tintindex": 0,"texture": "#2"},
				"south": {"uv": [0, 0, 2, 2], "tintindex": 0,"texture": "#2"},
				"west": {"uv": [0, 0, 2, 2], "tintindex": 0,"texture": "#2"},
				"up": {"uv": [0, 0, 2, 2], "tintindex": 0,"texture": "#2"},
				"down": {"uv": [0, 0, 2, 2], "tintindex": 0,"texture": "#2"}
			}
		},
		{
			"from": [15.5, 6, 2],
			"to": [17.5, 8, 4],
			"rotation": {"angle": 45, "axis": "z", "origin": [9, 1, 2]},
			"faces": {
				"north": {"uv": [0, 0, 2, 2], "tintindex": 0,"texture": "#2"},
				"east": {"uv": [0, 0, 2, 2], "tintindex": 0,"texture": "#2"},
				"south": {"uv": [0, 0, 2, 2], "tintindex": 0,"texture": "#2"},
				"west": {"uv": [0, 0, 2, 2], "tintindex": 0,"texture": "#2"},
				"up": {"uv": [0, 0, 2, 2], "tintindex": 0,"texture": "#2"},
				"down": {"uv": [0, 0, 2, 2], "tintindex": 0,"texture": "#2"}
			}
		},
		{
			"from": [17.5, 8, 3.25],
			"to": [19.5, 10, 5.25],
			"rotation": {"angle": 45, "axis": "z", "origin": [9, 1, 2]},
			"faces": {
				"north": {"uv": [0, 0, 2, 2], "tintindex": 0,"texture": "#2"},
				"east": {"uv": [0, 0, 2, 2], "tintindex": 0,"texture": "#2"},
				"south": {"uv": [0, 0, 2, 2], "tintindex": 0,"texture": "#2"},
				"west": {"uv": [0, 0, 2, 2], "tintindex": 0,"texture": "#2"},
				"up": {"uv": [0, 0, 2, 2], "tintindex": 0,"texture": "#2"},
				"down": {"uv": [0, 0, 2, 2], "tintindex": 0,"texture": "#2"}
			}
		},
		{
			"from": [9.81066, 15.2028, 4],
			"to": [11.81066, 17.2028, 6],
			"rotation": {"angle": -45, "axis": "y", "origin": [10.06066, 16.2028, 4.25]},
			"faces": {
				"north": {"uv": [0, 0, 2, 2], "rotation": 270, "tintindex": 0,"texture": "#2"},
				"east": {"uv": [0, 0, 2, 2], "rotation": 270, "tintindex": 0,"texture": "#2"},
				"south": {"uv": [0, 0, 2, 2], "rotation": 270, "tintindex": 0,"texture": "#2"},
				"west": {"uv": [0, 0, 2, 2], "rotation": 90, "tintindex": 0,"texture": "#2"},
				"up": {"uv": [0, 0, 2, 2], "rotation": 180, "tintindex": 0,"texture": "#2"},
				"down": {"uv": [0, 0, 2, 2], "tintindex": 0,"texture": "#2"}
			}
		},
		{
			"from": [11.81066, 15.2028, 6],
			"to": [13.81066, 17.2028, 8],
			"rotation": {"angle": -45, "axis": "y", "origin": [10.06066, 16.2028, 4.25]},
			"faces": {
				"north": {"uv": [0, 0, 2, 2], "rotation": 270, "tintindex": 0,"texture": "#2"},
				"east": {"uv": [0, 0, 2, 2], "rotation": 270, "tintindex": 0,"texture": "#2"},
				"south": {"uv": [0, 0, 2, 2], "rotation": 270, "tintindex": 0,"texture": "#2"},
				"west": {"uv": [0, 0, 2, 2], "rotation": 90, "tintindex": 0,"texture": "#2"},
				"up": {"uv": [0, 0, 2, 2], "rotation": 180, "tintindex": 0,"texture": "#2"},
				"down": {"uv": [0, 0, 2, 2], "tintindex": 0,"texture": "#2"}
			}
		},
		{
			"from": [13.81066, 15.2028, 8],
			"to": [15.81066, 17.2028, 10],
			"rotation": {"angle": -45, "axis": "y", "origin": [10.06066, 16.2028, 4.25]},
			"faces": {
				"north": {"uv": [0, 0, 2, 2], "rotation": 270, "tintindex": 0,"texture": "#2"},
				"east": {"uv": [0, 0, 2, 2], "rotation": 270, "tintindex": 0,"texture": "#2"},
				"south": {"uv": [0, 0, 2, 2], "rotation": 270, "tintindex": 0,"texture": "#2"},
				"west": {"uv": [0, 0, 2, 2], "rotation": 90, "tintindex": 0,"texture": "#2"},
				"up": {"uv": [0, 0, 2, 2], "rotation": 180, "tintindex": 0,"texture": "#2"},
				"down": {"uv": [0, 0, 2, 2], "tintindex": 0,"texture": "#2"}
			}
		},
		{
			"from": [10, 13.4, 2.5],
			"to": [13, 15.4, 4.5],
			"faces": {
				"north": {"uv": [0, 0, 3, 2], "tintindex": 0,"texture": "#0"},
				"east": {"uv": [0, 0, 2, 2], "tintindex": 0,"texture": "#0"},
				"south": {"uv": [0, 0, 3, 2], "tintindex": 0,"texture": "#0"},
				"west": {"uv": [0, 0, 2, 2], "tintindex": 0,"texture": "#0"},
				"up": {"uv": [0, 0, 3, 2], "tintindex": 0,"texture": "#0"},
				"down": {"uv": [0, 0, 3, 2], "tintindex": 0,"texture": "#0"}
			}
		},
		{
			"from": [10, 13.4, 11.5],
			"to": [13, 15.4, 13.5],
			"faces": {
				"north": {"uv": [0, 0, 3, 2], "tintindex": 0,"texture": "#0"},
				"east": {"uv": [0, 0, 2, 2], "tintindex": 0,"texture": "#0"},
				"south": {"uv": [0, 0, 3, 2], "tintindex": 0,"texture": "#0"},
				"west": {"uv": [0, 0, 2, 2], "tintindex": 0,"texture": "#0"},
				"up": {"uv": [0, 0, 3, 2], "tintindex": 0,"texture": "#0"},
				"down": {"uv": [0, 0, 3, 2], "tintindex": 0,"texture": "#0"}
			}
		}
	],
	"display": {
		"head": {
			"rotation": [0, -91, 0],
			"translation": [0, 24.25, -16.5],
			"scale": [4, 4, 4]
		}
	}
}