{
	"credit": "Made with Blockbench",
	"textures": {
		"0": "block/nether_wart_block",
		"2": "block/warped_stem",
		"3": "block/crimson_stem",
		"particle": "block/nether_wart_block"
	},
	"elements": [
		{
			"from": [0.75, -6, 15.85],
			"to": [15.75, 9, 27.85],
			"rotation": {"angle": 45, "axis": "z", "origin": [8.25, 1.5, 22]},
			"faces": {
				"north": {"uv": [0, 0, 10, 10], "tintindex": 0,"texture": "#3"},
				"east": {"uv": [0, 0, 8, 10], "tintindex": 0,"texture": "#3"},
				"south": {"uv": [0, 0, 10, 10], "tintindex": 0,"texture": "#3"},
				"west": {"uv": [0, 0, 8, 10], "tintindex": 0,"texture": "#3"},
				"up": {"uv": [0, 0, 10, 8], "tintindex": 0,"texture": "#3"},
				"down": {"uv": [0, 0, 10, 8], "tintindex": 0,"texture": "#3"}
			}
		},
		{
			"from": [2.25, -4.5, -8],
			"to": [14.25, 7.5, 4],
			"rotation": {"angle": 45, "axis": "z", "origin": [8.25, 1.5, 22]},
			"faces": {
				"north": {"uv": [0, 0, 8, 8], "tintindex": 0,"texture": "#3"},
				"east": {"uv": [0, 0, 8, 8], "tintindex": 0,"texture": "#3"},
				"south": {"uv": [0, 0, 8, 8], "tintindex": 0,"texture": "#3"},
				"west": {"uv": [0, 0, 8, 8], "tintindex": 0,"texture": "#3"},
				"up": {"uv": [0, 0, 8, 8], "tintindex": 0,"texture": "#3"},
				"down": {"uv": [0, 0, 8, 8], "tintindex": 0,"texture": "#3"}
			}
		},
		{
			"from": [3.75, -3, -15.5],
			"to": [12.75, 6, -6.5],
			"rotation": {"angle": 0, "axis": "z", "origin": [8.25, 1.5, -9.5]},
			"faces": {
				"north": {"uv": [0, 0, 6, 6], "rotation": 90, "tintindex": 0,"texture": "#3"},
				"east": {"uv": [0, 0, 6, 6], "rotation": 270, "tintindex": 0,"texture": "#3"},
				"south": {"uv": [0, 0, 6, 6], "rotation": 270, "tintindex": 0,"texture": "#3"},
				"west": {"uv": [0, 0, 6, 6], "rotation": 270, "tintindex": 0,"texture": "#3"},
				"up": {"uv": [0, 0, 6, 6], "rotation": 270, "tintindex": 0,"texture": "#3"},
				"down": {"uv": [0, 0, 6, 6], "rotation": 270, "tintindex": 0,"texture": "#3"}
			}
		},
		{
			"from": [2.25, -4.5, 2.5],
			"to": [14.25, 7.5, 14.5],
			"rotation": {"angle": 45, "axis": "y", "origin": [8.25, 1.5, 8.5]},
			"faces": {
				"north": {"uv": [0, 0, 8, 8], "tintindex": 0,"texture": "#3"},
				"east": {"uv": [0, 0, 8, 8], "tintindex": 0,"texture": "#3"},
				"south": {"uv": [0, 0, 8, 8], "tintindex": 0,"texture": "#3"},
				"west": {"uv": [0, 0, 8, 8], "tintindex": 0,"texture": "#3"},
				"up": {"uv": [0, 0, 8, 8], "tintindex": 0,"texture": "#3"},
				"down": {"uv": [0, 0, 8, 8], "tintindex": 0,"texture": "#3"}
			}
		},
		{
			"from": [5.25, -1.5, -8],
			"to": [11.25, 4.5, 26.5],
			"rotation": {"angle": 0, "axis": "y", "origin": [18.75, -4.5, 16]},
			"faces": {
				"north": {"uv": [0, 0, 4, 4], "tintindex": 0,"texture": "#0"},
				"east": {"uv": [0, 0, 16, 4], "tintindex": 0,"texture": "#0"},
				"south": {"uv": [0, 0, 4, 4], "tintindex": 0,"texture": "#0"},
				"west": {"uv": [0, 0, 16, 4], "tintindex": 0,"texture": "#0"},
				"up": {"uv": [0, 0, 4, 16], "tintindex": 0,"texture": "#0"},
				"down": {"uv": [0, 0, 4, 16], "tintindex": 0,"texture": "#0"}
			}
		},
		{
			"from": [6.75, -7.5, -6.5],
			"to": [9.75, -4.5, -3.5],
			"rotation": {"angle": 0, "axis": "y", "origin": [-2.25, 0, -20]},
			"faces": {
				"north": {"uv": [5, 7, 7, 9], "tintindex": 0,"texture": "#2"},
				"east": {"uv": [13, 2, 15, 4], "tintindex": 0,"texture": "#2"},
				"south": {"uv": [2, 3, 4, 5], "tintindex": 0,"texture": "#2"},
				"west": {"uv": [2, 0, 4, 2], "tintindex": 0,"texture": "#2"},
				"up": {"uv": [7, 1, 9, 3], "tintindex": 0,"texture": "#2"},
				"down": {"uv": [8, 4, 10, 6], "tintindex": 0,"texture": "#2"}
			}
		},
		{
			"from": [6.75, -7.5, -0.5],
			"to": [9.75, -4.5, 2.5],
			"rotation": {"angle": 45, "axis": "y", "origin": [8.25, -6, 1]},
			"faces": {
				"north": {"uv": [5, 7, 7, 9], "tintindex": 0,"texture": "#2"},
				"east": {"uv": [13, 2, 15, 4], "tintindex": 0,"texture": "#2"},
				"south": {"uv": [2, 3, 4, 5], "tintindex": 0,"texture": "#2"},
				"west": {"uv": [2, 0, 4, 2], "tintindex": 0,"texture": "#2"},
				"up": {"uv": [7, 1, 9, 3], "tintindex": 0,"texture": "#2"},
				"down": {"uv": [8, 4, 10, 6], "tintindex": 0,"texture": "#2"}
			}
		},
		{
			"from": [6.75, -7.5, 5.5],
			"to": [9.75, -4.5, 8.5],
			"rotation": {"angle": 45, "axis": "y", "origin": [8.25, -6, 7]},
			"faces": {
				"north": {"uv": [5, 7, 7, 9], "tintindex": 0,"texture": "#2"},
				"east": {"uv": [13, 2, 15, 4], "tintindex": 0,"texture": "#2"},
				"south": {"uv": [2, 3, 4, 5], "tintindex": 0,"texture": "#2"},
				"west": {"uv": [2, 0, 4, 2], "tintindex": 0,"texture": "#2"},
				"up": {"uv": [7, 1, 9, 3], "tintindex": 0,"texture": "#2"},
				"down": {"uv": [8, 4, 10, 6], "tintindex": 0,"texture": "#2"}
			}
		},
		{
			"from": [6.75, -7.5, 11.5],
			"to": [9.75, -4.5, 14.5],
			"rotation": {"angle": 0, "axis": "y", "origin": [-2.25, 0, -20]},
			"faces": {
				"north": {"uv": [5, 7, 7, 9], "tintindex": 0,"texture": "#2"},
				"east": {"uv": [13, 2, 15, 4], "tintindex": 0,"texture": "#2"},
				"south": {"uv": [2, 3, 4, 5], "tintindex": 0,"texture": "#2"},
				"west": {"uv": [2, 0, 4, 2], "tintindex": 0,"texture": "#2"},
				"up": {"uv": [7, 1, 9, 3], "tintindex": 0,"texture": "#2"},
				"down": {"uv": [8, 4, 10, 6], "tintindex": 0,"texture": "#2"}
			}
		},
		{
			"from": [6.75, -10.125, 16],
			"to": [9.75, -7.125, 19],
			"rotation": {"angle": 0, "axis": "y", "origin": [-2.25, -0.75, -20]},
			"faces": {
				"north": {"uv": [5, 7, 7, 9], "tintindex": 0,"texture": "#2"},
				"east": {"uv": [13, 2, 15, 4], "tintindex": 0,"texture": "#2"},
				"south": {"uv": [2, 3, 4, 5], "tintindex": 0,"texture": "#2"},
				"west": {"uv": [2, 0, 4, 2], "tintindex": 0,"texture": "#2"},
				"up": {"uv": [7, 1, 9, 3], "tintindex": 0,"texture": "#2"},
				"down": {"uv": [8, 4, 10, 6], "tintindex": 0,"texture": "#2"}
			}
		},
		{
			"from": [6.75, -10.125, 22],
			"to": [9.75, -7.125, 25],
			"rotation": {"angle": 45, "axis": "y", "origin": [8.25, -8.625, 23.5]},
			"faces": {
				"north": {"uv": [5, 7, 7, 9], "tintindex": 0,"texture": "#2"},
				"east": {"uv": [13, 2, 15, 4], "tintindex": 0,"texture": "#2"},
				"south": {"uv": [2, 3, 4, 5], "tintindex": 0,"texture": "#2"},
				"west": {"uv": [2, 0, 4, 2], "tintindex": 0,"texture": "#2"},
				"up": {"uv": [7, 1, 9, 3], "tintindex": 0,"texture": "#2"},
				"down": {"uv": [8, 4, 10, 6], "tintindex": 0,"texture": "#2"}
			}
		},
		{
			"from": [6.75, -7.5, 23.5],
			"to": [9.75, -4.5, 26.5],
			"rotation": {"angle": 0, "axis": "y", "origin": [-2.25, 0, -8]},
			"faces": {
				"north": {"uv": [5, 7, 7, 9], "tintindex": 0,"texture": "#2"},
				"east": {"uv": [13, 2, 15, 4], "tintindex": 0,"texture": "#2"},
				"south": {"uv": [2, 3, 4, 5], "tintindex": 0,"texture": "#2"},
				"west": {"uv": [2, 0, 4, 2], "tintindex": 0,"texture": "#2"},
				"up": {"uv": [7, 1, 9, 3], "tintindex": 0,"texture": "#2"},
				"down": {"uv": [8, 4, 10, 6], "tintindex": 0,"texture": "#2"}
			}
		},
		{
			"from": [6.75, -7.5, 17.5],
			"to": [9.75, -4.5, 20.5],
			"rotation": {"angle": 45, "axis": "y", "origin": [8.25, -6, 19]},
			"faces": {
				"north": {"uv": [5, 7, 7, 9], "tintindex": 0,"texture": "#2"},
				"east": {"uv": [13, 2, 15, 4], "tintindex": 0,"texture": "#2"},
				"south": {"uv": [2, 3, 4, 5], "tintindex": 0,"texture": "#2"},
				"west": {"uv": [2, 0, 4, 2], "tintindex": 0,"texture": "#2"},
				"up": {"uv": [7, 1, 9, 3], "tintindex": 0,"texture": "#2"},
				"down": {"uv": [8, 4, 10, 6], "tintindex": 0,"texture": "#2"}
			}
		},
		{
			"from": [2.25, -6, 10],
			"to": [14.25, 9, 28],
			"rotation": {"angle": 0, "axis": "y", "origin": [-2.25, 0, -20]},
			"faces": {
				"north": {"uv": [0, 0, 8, 10], "tintindex": 0,"texture": "#3"},
				"east": {"uv": [0, 0, 12, 10], "tintindex": 0,"texture": "#3"},
				"south": {"uv": [0, 0, 8, 10], "tintindex": 0,"texture": "#3"},
				"west": {"uv": [0, 0, 12, 10], "tintindex": 0,"texture": "#3"},
				"up": {"uv": [0, 0, 8, 12], "tintindex": 0,"texture": "#3"},
				"down": {"uv": [0, 0, 8, 12], "tintindex": 0,"texture": "#3"}
			}
		},
		{
			"from": [6, -9.15, 14.5],
			"to": [10.5, -6.15, 28],
			"rotation": {"angle": 0, "axis": "y", "origin": [-2.25, 0, -20]},
			"faces": {
				"north": {"uv": [0, 0, 3, 2], "tintindex": 0,"texture": "#0"},
				"east": {"uv": [0, 0, 9, 2], "tintindex": 0,"texture": "#0"},
				"south": {"uv": [0, 0, 3, 2], "tintindex": 0,"texture": "#0"},
				"west": {"uv": [0, 0, 9, 2], "tintindex": 0,"texture": "#0"},
				"up": {"uv": [0, 0, 3, 9], "tintindex": 0,"texture": "#0"},
				"down": {"uv": [0, 0, 3, 9], "tintindex": 0,"texture": "#0"}
			}
		},
		{
			"from": [6, -6.15, 1],
			"to": [10.5, -3.15, 14.5],
			"rotation": {"angle": 0, "axis": "y", "origin": [-2.25, 0, -20]},
			"faces": {
				"north": {"uv": [0, 0, 3, 2], "tintindex": 0,"texture": "#0"},
				"east": {"uv": [0, 0, 9, 2], "tintindex": 0,"texture": "#0"},
				"south": {"uv": [0, 0, 3, 2], "tintindex": 0,"texture": "#0"},
				"west": {"uv": [0, 0, 9, 2], "tintindex": 0,"texture": "#0"},
				"up": {"uv": [0, 0, 3, 9], "tintindex": 0,"texture": "#0"},
				"down": {"uv": [0, 0, 3, 9], "tintindex": 0,"texture": "#0"}
			}
		},
		{
			"from": [6, -6.15, -8],
			"to": [10.5, -3.15, 1],
			"rotation": {"angle": 0, "axis": "y", "origin": [-2.25, 0, -20]},
			"faces": {
				"north": {"uv": [0, 0, 3, 2], "tintindex": 0,"texture": "#0"},
				"east": {"uv": [0, 0, 6, 2], "tintindex": 0,"texture": "#0"},
				"south": {"uv": [0, 0, 3, 2], "tintindex": 0,"texture": "#0"},
				"west": {"uv": [0, 0, 6, 2], "tintindex": 0,"texture": "#0"},
				"up": {"uv": [0, 0, 3, 6], "tintindex": 0,"texture": "#0"},
				"down": {"uv": [0, 0, 3, 6], "tintindex": 0,"texture": "#0"}
			}
		},
		{
			"from": [-3.31066, 4.42462, 23.5],
			"to": [-0.31066, 10.42462, 26.5],
			"rotation": {"angle": 45, "axis": "z", "origin": [-1.81066, 10.42462, 25]},
			"faces": {
				"north": {"uv": [0, 0, 2, 4], "tintindex": 0,"texture": "#2"},
				"east": {"uv": [0, 0, 2, 4], "tintindex": 0,"texture": "#2"},
				"south": {"uv": [0, 0, 2, 4], "tintindex": 0,"texture": "#2"},
				"west": {"uv": [0, 0, 2, 4], "tintindex": 0,"texture": "#2"},
				"up": {"uv": [0, 0, 2, 2], "tintindex": 0,"texture": "#2"},
				"down": {"uv": [0, 0, 2, 2], "tintindex": 0,"texture": "#2"}
			}
		},
		{
			"from": [-2.56066, 10.42462, 24.25],
			"to": [-1.06066, 16.42462, 25.75],
			"rotation": {"angle": 45, "axis": "z", "origin": [-1.81066, 10.42462, 25]},
			"faces": {
				"north": {"uv": [0, 0, 1, 4], "tintindex": 0,"texture": "#2"},
				"east": {"uv": [0, 0, 1, 4], "tintindex": 0,"texture": "#2"},
				"south": {"uv": [0, 0, 1, 4], "tintindex": 0,"texture": "#2"},
				"west": {"uv": [0, 0, 1, 4], "tintindex": 0,"texture": "#2"},
				"up": {"uv": [0, 0, 1, 1], "tintindex": 0,"texture": "#2"},
				"down": {"uv": [0, 0, 1, 1], "tintindex": 0,"texture": "#2"}
			}
		},
		{
			"from": [11.68934, 16.42462, 23.5],
			"to": [14.68934, 22.42462, 26.5],
			"rotation": {"angle": -45, "axis": "z", "origin": [-1.81066, 10.42462, 25]},
			"faces": {
				"north": {"uv": [0, 0, 2, 4], "tintindex": 0,"texture": "#2"},
				"east": {"uv": [0, 0, 2, 4], "tintindex": 0,"texture": "#2"},
				"south": {"uv": [0, 0, 2, 4], "tintindex": 0,"texture": "#2"},
				"west": {"uv": [0, 0, 2, 4], "tintindex": 0,"texture": "#2"},
				"up": {"uv": [0, 0, 2, 2], "tintindex": 0,"texture": "#2"},
				"down": {"uv": [0, 0, 2, 2], "tintindex": 0,"texture": "#2"}
			}
		},
		{
			"from": [12.43934, 22.42462, 24.25],
			"to": [13.93934, 28.42462, 25.75],
			"rotation": {"angle": -45, "axis": "z", "origin": [-1.81066, 10.42462, 25]},
			"faces": {
				"north": {"uv": [0, 0, 1, 4], "tintindex": 0,"texture": "#2"},
				"east": {"uv": [0, 0, 1, 4], "tintindex": 0,"texture": "#2"},
				"south": {"uv": [0, 0, 1, 4], "tintindex": 0,"texture": "#2"},
				"west": {"uv": [0, 0, 1, 4], "tintindex": 0,"texture": "#2"},
				"up": {"uv": [0, 0, 1, 1], "tintindex": 0,"texture": "#2"},
				"down": {"uv": [0, 0, 1, 1], "tintindex": 0,"texture": "#2"}
			}
		},
		{
			"from": [6.81434, 10.42462, 23.5],
			"to": [9.81434, 16.42462, 26.5],
			"rotation": {"angle": 0, "axis": "z", "origin": [-1.81066, 10.42462, 25]},
			"faces": {
				"north": {"uv": [0, 0, 2, 4], "tintindex": 0,"texture": "#2"},
				"east": {"uv": [0, 0, 2, 4], "tintindex": 0,"texture": "#2"},
				"south": {"uv": [0, 0, 2, 4], "tintindex": 0,"texture": "#2"},
				"west": {"uv": [0, 0, 2, 4], "tintindex": 0,"texture": "#2"},
				"up": {"uv": [0, 0, 2, 2], "tintindex": 0,"texture": "#2"},
				"down": {"uv": [0, 0, 2, 2], "tintindex": 0,"texture": "#2"}
			}
		},
		{
			"from": [7.56434, 16.42462, 24.25],
			"to": [9.06434, 22.42462, 25.75],
			"rotation": {"angle": 0, "axis": "z", "origin": [-1.81066, 10.42462, 25]},
			"faces": {
				"north": {"uv": [0, 0, 1, 4], "tintindex": 0,"texture": "#2"},
				"east": {"uv": [0, 0, 1, 4], "tintindex": 0,"texture": "#2"},
				"south": {"uv": [0, 0, 1, 4], "tintindex": 0,"texture": "#2"},
				"west": {"uv": [0, 0, 1, 4], "tintindex": 0,"texture": "#2"},
				"up": {"uv": [0, 0, 1, 1], "tintindex": 0,"texture": "#2"},
				"down": {"uv": [0, 0, 1, 1], "tintindex": 0,"texture": "#2"}
			}
		},
		{
			"from": [11.49541, 14.78216, 14.95],
			"to": [14.19541, 20.18216, 17.65],
			"rotation": {"angle": -45, "axis": "z", "origin": [-0.65459, 9.38216, 16.3]},
			"faces": {
				"north": {"uv": [0, 0, 2, 4], "tintindex": 0,"texture": "#2"},
				"east": {"uv": [0, 0, 2, 4], "tintindex": 0,"texture": "#2"},
				"south": {"uv": [0, 0, 2, 4], "tintindex": 0,"texture": "#2"},
				"west": {"uv": [0, 0, 2, 4], "tintindex": 0,"texture": "#2"},
				"up": {"uv": [0, 0, 2, 2], "tintindex": 0,"texture": "#2"},
				"down": {"uv": [0, 0, 2, 2], "tintindex": 0,"texture": "#2"}
			}
		},
		{
			"from": [12.17041, 20.18216, 15.625],
			"to": [13.52041, 25.58216, 16.975],
			"rotation": {"angle": -45, "axis": "z", "origin": [-0.65459, 9.38216, 16.3]},
			"faces": {
				"north": {"uv": [0, 0, 1, 4], "tintindex": 0,"texture": "#2"},
				"east": {"uv": [0, 0, 1, 4], "tintindex": 0,"texture": "#2"},
				"south": {"uv": [0, 0, 1, 4], "tintindex": 0,"texture": "#2"},
				"west": {"uv": [0, 0, 1, 4], "tintindex": 0,"texture": "#2"},
				"up": {"uv": [0, 0, 1, 1], "tintindex": 0,"texture": "#2"},
				"down": {"uv": [0, 0, 1, 1], "tintindex": 0,"texture": "#2"}
			}
		},
		{
			"from": [7.10791, 9.38216, 14.95],
			"to": [9.80791, 14.78216, 17.65],
			"rotation": {"angle": 0, "axis": "z", "origin": [-0.65459, 9.38216, 16.3]},
			"faces": {
				"north": {"uv": [0, 0, 2, 4], "tintindex": 0,"texture": "#2"},
				"east": {"uv": [0, 0, 2, 4], "tintindex": 0,"texture": "#2"},
				"south": {"uv": [0, 0, 2, 4], "tintindex": 0,"texture": "#2"},
				"west": {"uv": [0, 0, 2, 4], "tintindex": 0,"texture": "#2"},
				"up": {"uv": [0, 0, 2, 2], "tintindex": 0,"texture": "#2"},
				"down": {"uv": [0, 0, 2, 2], "tintindex": 0,"texture": "#2"}
			}
		},
		{
			"from": [7.78291, 14.78216, 15.625],
			"to": [9.13291, 20.18216, 16.975],
			"rotation": {"angle": 0, "axis": "z", "origin": [-0.65459, 9.38216, 16.3]},
			"faces": {
				"north": {"uv": [0, 0, 1, 4], "tintindex": 0,"texture": "#2"},
				"east": {"uv": [0, 0, 1, 4], "tintindex": 0,"texture": "#2"},
				"south": {"uv": [0, 0, 1, 4], "tintindex": 0,"texture": "#2"},
				"west": {"uv": [0, 0, 1, 4], "tintindex": 0,"texture": "#2"},
				"up": {"uv": [0, 0, 1, 1], "tintindex": 0,"texture": "#2"},
				"down": {"uv": [0, 0, 1, 1], "tintindex": 0,"texture": "#2"}
			}
		},
		{
			"from": [-1.32959, 9.38216, 15.625],
			"to": [0.02041, 14.78216, 16.975],
			"rotation": {"angle": 45, "axis": "z", "origin": [-0.65459, 9.38216, 16.3]},
			"faces": {
				"north": {"uv": [0, 0, 1, 4], "tintindex": 0,"texture": "#2"},
				"east": {"uv": [0, 0, 1, 4], "tintindex": 0,"texture": "#2"},
				"south": {"uv": [0, 0, 1, 4], "tintindex": 0,"texture": "#2"},
				"west": {"uv": [0, 0, 1, 4], "tintindex": 0,"texture": "#2"},
				"up": {"uv": [0, 0, 1, 1], "tintindex": 0,"texture": "#2"},
				"down": {"uv": [0, 0, 1, 1], "tintindex": 0,"texture": "#2"}
			}
		},
		{
			"from": [-2.00459, 3.98216, 14.95],
			"to": [0.69541, 9.38216, 17.65],
			"rotation": {"angle": 45, "axis": "z", "origin": [-0.65459, 9.38216, 16.3]},
			"faces": {
				"north": {"uv": [0, 0, 2, 4], "tintindex": 0,"texture": "#2"},
				"east": {"uv": [0, 0, 2, 4], "tintindex": 0,"texture": "#2"},
				"south": {"uv": [0, 0, 2, 4], "tintindex": 0,"texture": "#2"},
				"west": {"uv": [0, 0, 2, 4], "tintindex": 0,"texture": "#2"},
				"up": {"uv": [0, 0, 2, 2], "tintindex": 0,"texture": "#2"},
				"down": {"uv": [0, 0, 2, 2], "tintindex": 0,"texture": "#2"}
			}
		},
		{
			"from": [11.14632, 11.82573, 7.36],
			"to": [13.30632, 16.14573, 9.52],
			"rotation": {"angle": -45, "axis": "z", "origin": [1.42632, 7.50573, 8.44]},
			"faces": {
				"north": {"uv": [0, 0, 2, 4], "tintindex": 0,"texture": "#2"},
				"east": {"uv": [0, 0, 2, 4], "tintindex": 0,"texture": "#2"},
				"south": {"uv": [0, 0, 2, 4], "tintindex": 0,"texture": "#2"},
				"west": {"uv": [0, 0, 2, 4], "tintindex": 0,"texture": "#2"},
				"up": {"uv": [0, 0, 2, 2], "tintindex": 0,"texture": "#2"},
				"down": {"uv": [0, 0, 2, 2], "tintindex": 0,"texture": "#2"}
			}
		},
		{
			"from": [11.68632, 16.14573, 7.9],
			"to": [12.76632, 20.46573, 8.98],
			"rotation": {"angle": -45, "axis": "z", "origin": [1.42632, 7.50573, 8.44]},
			"faces": {
				"north": {"uv": [0, 0, 1, 4], "tintindex": 0,"texture": "#2"},
				"east": {"uv": [0, 0, 1, 4], "tintindex": 0,"texture": "#2"},
				"south": {"uv": [0, 0, 1, 4], "tintindex": 0,"texture": "#2"},
				"west": {"uv": [0, 0, 1, 4], "tintindex": 0,"texture": "#2"},
				"up": {"uv": [0, 0, 1, 1], "tintindex": 0,"texture": "#2"},
				"down": {"uv": [0, 0, 1, 1], "tintindex": 0,"texture": "#2"}
			}
		},
		{
			"from": [7.63632, 7.50573, 7.36],
			"to": [9.79632, 11.82573, 9.52],
			"rotation": {"angle": 0, "axis": "z", "origin": [1.42632, 7.50573, 8.44]},
			"faces": {
				"north": {"uv": [0, 0, 2, 4], "tintindex": 0,"texture": "#2"},
				"east": {"uv": [0, 0, 2, 4], "tintindex": 0,"texture": "#2"},
				"south": {"uv": [0, 0, 2, 4], "tintindex": 0,"texture": "#2"},
				"west": {"uv": [0, 0, 2, 4], "tintindex": 0,"texture": "#2"},
				"up": {"uv": [0, 0, 2, 2], "tintindex": 0,"texture": "#2"},
				"down": {"uv": [0, 0, 2, 2], "tintindex": 0,"texture": "#2"}
			}
		},
		{
			"from": [8.17632, 11.82573, 7.9],
			"to": [9.25632, 16.14573, 8.98],
			"rotation": {"angle": 0, "axis": "z", "origin": [1.42632, 7.50573, 8.44]},
			"faces": {
				"north": {"uv": [0, 0, 1, 4], "tintindex": 0,"texture": "#2"},
				"east": {"uv": [0, 0, 1, 4], "tintindex": 0,"texture": "#2"},
				"south": {"uv": [0, 0, 1, 4], "tintindex": 0,"texture": "#2"},
				"west": {"uv": [0, 0, 1, 4], "tintindex": 0,"texture": "#2"},
				"up": {"uv": [0, 0, 1, 1], "tintindex": 0,"texture": "#2"},
				"down": {"uv": [0, 0, 1, 1], "tintindex": 0,"texture": "#2"}
			}
		},
		{
			"from": [0.88632, 7.50573, 7.9],
			"to": [1.96632, 11.82573, 8.98],
			"rotation": {"angle": 45, "axis": "z", "origin": [1.42632, 7.50573, 8.44]},
			"faces": {
				"north": {"uv": [0, 0, 1, 4], "tintindex": 0,"texture": "#2"},
				"east": {"uv": [0, 0, 1, 4], "tintindex": 0,"texture": "#2"},
				"south": {"uv": [0, 0, 1, 4], "tintindex": 0,"texture": "#2"},
				"west": {"uv": [0, 0, 1, 4], "tintindex": 0,"texture": "#2"},
				"up": {"uv": [0, 0, 1, 1], "tintindex": 0,"texture": "#2"},
				"down": {"uv": [0, 0, 1, 1], "tintindex": 0,"texture": "#2"}
			}
		},
		{
			"from": [0.34632, 3.18573, 7.36],
			"to": [2.50632, 7.50573, 9.52],
			"rotation": {"angle": 45, "axis": "z", "origin": [1.42632, 7.50573, 8.44]},
			"faces": {
				"north": {"uv": [0, 0, 2, 4], "tintindex": 0,"texture": "#2"},
				"east": {"uv": [0, 0, 2, 4], "tintindex": 0,"texture": "#2"},
				"south": {"uv": [0, 0, 2, 4], "tintindex": 0,"texture": "#2"},
				"west": {"uv": [0, 0, 2, 4], "tintindex": 0,"texture": "#2"},
				"up": {"uv": [0, 0, 2, 2], "tintindex": 0,"texture": "#2"},
				"down": {"uv": [0, 0, 2, 2], "tintindex": 0,"texture": "#2"}
			}
		},
		{
			"from": [11.14632, 11.82573, -1.64],
			"to": [13.30632, 16.14573, 0.52],
			"rotation": {"angle": -45, "axis": "z", "origin": [1.42632, 7.50573, -0.56]},
			"faces": {
				"north": {"uv": [0, 0, 2, 4], "tintindex": 0,"texture": "#2"},
				"east": {"uv": [0, 0, 2, 4], "tintindex": 0,"texture": "#2"},
				"south": {"uv": [0, 0, 2, 4], "tintindex": 0,"texture": "#2"},
				"west": {"uv": [0, 0, 2, 4], "tintindex": 0,"texture": "#2"},
				"up": {"uv": [0, 0, 2, 2], "tintindex": 0,"texture": "#2"},
				"down": {"uv": [0, 0, 2, 2], "tintindex": 0,"texture": "#2"}
			}
		},
		{
			"from": [11.68632, 16.14573, -1.1],
			"to": [12.76632, 20.46573, -0.02],
			"rotation": {"angle": -45, "axis": "z", "origin": [1.42632, 7.50573, -0.56]},
			"faces": {
				"north": {"uv": [0, 0, 1, 4], "tintindex": 0,"texture": "#2"},
				"east": {"uv": [0, 0, 1, 4], "tintindex": 0,"texture": "#2"},
				"south": {"uv": [0, 0, 1, 4], "tintindex": 0,"texture": "#2"},
				"west": {"uv": [0, 0, 1, 4], "tintindex": 0,"texture": "#2"},
				"up": {"uv": [0, 0, 1, 1], "tintindex": 0,"texture": "#2"},
				"down": {"uv": [0, 0, 1, 1], "tintindex": 0,"texture": "#2"}
			}
		},
		{
			"from": [7.63632, 7.50573, -1.64],
			"to": [9.79632, 11.82573, 0.52],
			"rotation": {"angle": 0, "axis": "z", "origin": [1.42632, 7.50573, -0.56]},
			"faces": {
				"north": {"uv": [0, 0, 2, 4], "tintindex": 0,"texture": "#2"},
				"east": {"uv": [0, 0, 2, 4], "tintindex": 0,"texture": "#2"},
				"south": {"uv": [0, 0, 2, 4], "tintindex": 0,"texture": "#2"},
				"west": {"uv": [0, 0, 2, 4], "tintindex": 0,"texture": "#2"},
				"up": {"uv": [0, 0, 2, 2], "tintindex": 0,"texture": "#2"},
				"down": {"uv": [0, 0, 2, 2], "tintindex": 0,"texture": "#2"}
			}
		},
		{
			"from": [8.17632, 11.82573, -1.1],
			"to": [9.25632, 16.14573, -0.02],
			"rotation": {"angle": 0, "axis": "z", "origin": [1.42632, 7.50573, -0.56]},
			"faces": {
				"north": {"uv": [0, 0, 1, 4], "tintindex": 0,"texture": "#2"},
				"east": {"uv": [0, 0, 1, 4], "tintindex": 0,"texture": "#2"},
				"south": {"uv": [0, 0, 1, 4], "tintindex": 0,"texture": "#2"},
				"west": {"uv": [0, 0, 1, 4], "tintindex": 0,"texture": "#2"},
				"up": {"uv": [0, 0, 1, 1], "tintindex": 0,"texture": "#2"},
				"down": {"uv": [0, 0, 1, 1], "tintindex": 0,"texture": "#2"}
			}
		},
		{
			"from": [0.88632, 7.50573, -1.1],
			"to": [1.96632, 11.82573, -0.02],
			"rotation": {"angle": 45, "axis": "z", "origin": [1.42632, 7.50573, -0.56]},
			"faces": {
				"north": {"uv": [0, 0, 1, 4], "tintindex": 0,"texture": "#2"},
				"east": {"uv": [0, 0, 1, 4], "tintindex": 0,"texture": "#2"},
				"south": {"uv": [0, 0, 1, 4], "tintindex": 0,"texture": "#2"},
				"west": {"uv": [0, 0, 1, 4], "tintindex": 0,"texture": "#2"},
				"up": {"uv": [0, 0, 1, 1], "tintindex": 0,"texture": "#2"},
				"down": {"uv": [0, 0, 1, 1], "tintindex": 0,"texture": "#2"}
			}
		},
		{
			"from": [0.34632, 3.18573, -1.64],
			"to": [2.50632, 7.50573, 0.52],
			"rotation": {"angle": 45, "axis": "z", "origin": [1.42632, 7.50573, -0.56]},
			"faces": {
				"north": {"uv": [0, 0, 2, 4], "tintindex": 0,"texture": "#2"},
				"east": {"uv": [0, 0, 2, 4], "tintindex": 0,"texture": "#2"},
				"south": {"uv": [0, 0, 2, 4], "tintindex": 0,"texture": "#2"},
				"west": {"uv": [0, 0, 2, 4], "tintindex": 0,"texture": "#2"},
				"up": {"uv": [0, 0, 2, 2], "tintindex": 0,"texture": "#2"},
				"down": {"uv": [0, 0, 2, 2], "tintindex": 0,"texture": "#2"}
			}
		}
	],
	"display": {
		"head": {
			"translation": [-1, 26.5, -78],
			"scale": [4, 4, 4]
		}
	}
}