{
	"credit": "Made with Blockbench",
	"textures": {
		"0": "block/crimson_stem",
		"1": "block/crimson_nylium",
		"2": "block/nether_wart_block",
		"particle": "block/crimson_stem"
	},
	"elements": [
		{
			"from": [9, 4, 0],
			"to": [14, 7, 5],
			"rotation": {"angle": -22.5, "axis": "z", "origin": [12.5, 9.5, 2.5]},
			"faces": {
				"north": {"uv": [0, 0, 5, 3], "tintindex": 0,"texture": "#0"},
				"east": {"uv": [0, 0, 5, 3], "tintindex": 0,"texture": "#0"},
				"south": {"uv": [0, 0, 5, 3], "tintindex": 0,"texture": "#0"},
				"west": {"uv": [0, 0, 5, 3], "tintindex": 0,"texture": "#0"},
				"up": {"uv": [0, 0, 5, 5], "tintindex": 0,"texture": "#0"},
				"down": {"uv": [0, 0, 5, 5], "tintindex": 0,"texture": "#0"}
			}
		},
		{
			"from": [10, 3, 3],
			"to": [14, 7, 7],
			"rotation": {"angle": 45, "axis": "y", "origin": [12, 5, 5]},
			"faces": {
				"north": {"uv": [0, 0, 4, 4], "tintindex": 0,"texture": "#2"},
				"east": {"uv": [0, 0, 4, 4], "tintindex": 0,"texture": "#2"},
				"south": {"uv": [0, 0, 4, 4], "tintindex": 0,"texture": "#2"},
				"west": {"uv": [0, 0, 4, 4], "tintindex": 0,"texture": "#2"},
				"up": {"uv": [0, 0, 4, 4], "tintindex": 0,"texture": "#2"},
				"down": {"uv": [0, 0, 4, 4], "tintindex": 0,"texture": "#2"}
			}
		},
		{
			"from": [7.87868, 6, 3.70711],
			"to": [11.87868, 10, 7.70711],
			"rotation": {"angle": 22.5, "axis": "z", "origin": [9.87868, 5, 5.70711]},
			"faces": {
				"north": {"uv": [0, 0, 4, 4], "tintindex": 0,"texture": "#2"},
				"east": {"uv": [0, 0, 4, 4], "tintindex": 0,"texture": "#2"},
				"south": {"uv": [0, 0, 4, 4], "tintindex": 0,"texture": "#2"},
				"west": {"uv": [0, 0, 4, 4], "tintindex": 0,"texture": "#2"},
				"up": {"uv": [0, 0, 4, 4], "tintindex": 0,"texture": "#2"},
				"down": {"uv": [0, 0, 4, 4], "tintindex": 0,"texture": "#2"}
			}
		},
		{
			"from": [9.88495, 5.99581, 3.70711],
			"to": [13.88495, 9.99581, 7.70711],
			"rotation": {"angle": 22.5, "axis": "x", "origin": [11.88495, 7.99581, 5.70711]},
			"faces": {
				"north": {"uv": [0, 0, 4, 4], "tintindex": 0,"texture": "#2"},
				"east": {"uv": [0, 0, 4, 4], "tintindex": 0,"texture": "#2"},
				"south": {"uv": [0, 0, 4, 4], "tintindex": 0,"texture": "#2"},
				"west": {"uv": [0, 0, 4, 4], "tintindex": 0,"texture": "#2"},
				"up": {"uv": [0, 0, 4, 4], "tintindex": 0,"texture": "#2"},
				"down": {"uv": [0, 0, 4, 4], "tintindex": 0,"texture": "#2"}
			}
		},
		{
			"from": [9.88495, 7.14386, 0.93547],
			"to": [13.88495, 11.14386, 4.93547],
			"rotation": {"angle": 22.5, "axis": "y", "origin": [11.88495, 9.14386, 2.93547]},
			"faces": {
				"north": {"uv": [0, 0, 4, 4], "tintindex": 0,"texture": "#2"},
				"east": {"uv": [0, 0, 4, 4], "tintindex": 0,"texture": "#2"},
				"south": {"uv": [0, 0, 4, 4], "tintindex": 0,"texture": "#2"},
				"west": {"uv": [0, 0, 4, 4], "tintindex": 0,"texture": "#2"},
				"up": {"uv": [0, 0, 4, 4], "tintindex": 0,"texture": "#2"},
				"down": {"uv": [0, 0, 4, 4], "tintindex": 0,"texture": "#2"}
			}
		},
		{
			"from": [11.88495, 5.14386, -0.06453],
			"to": [14.88495, 8.14386, 2.93547],
			"rotation": {"angle": 22.5, "axis": "y", "origin": [11.88495, 9.14386, 2.93547]},
			"faces": {
				"north": {"uv": [0, 0, 3, 3], "tintindex": 0,"texture": "#2"},
				"east": {"uv": [0, 0, 3, 3], "tintindex": 0,"texture": "#2"},
				"south": {"uv": [0, 0, 3, 3], "tintindex": 0,"texture": "#2"},
				"west": {"uv": [0, 0, 3, 3], "tintindex": 0,"texture": "#2"},
				"up": {"uv": [0, 0, 3, 3], "tintindex": 0,"texture": "#2"},
				"down": {"uv": [0, 0, 3, 3], "tintindex": 0,"texture": "#2"}
			}
		},
		{
			"from": [9.11958, 7.14386, -0.91229],
			"to": [13.11958, 11.14386, 3.08771],
			"rotation": {"angle": 22.5, "axis": "z", "origin": [11.11958, 9.14386, 1.08771]},
			"faces": {
				"north": {"uv": [0, 0, 4, 4], "tintindex": 0,"texture": "#2"},
				"east": {"uv": [0, 0, 4, 4], "tintindex": 0,"texture": "#2"},
				"south": {"uv": [0, 0, 4, 4], "tintindex": 0,"texture": "#2"},
				"west": {"uv": [0, 0, 4, 4], "tintindex": 0,"texture": "#2"},
				"up": {"uv": [0, 0, 4, 4], "tintindex": 0,"texture": "#2"},
				"down": {"uv": [0, 0, 4, 4], "tintindex": 0,"texture": "#2"}
			}
		},
		{
			"from": [7.11958, 8.14386, -1.91229],
			"to": [11.11958, 12.14386, 2.08771],
			"rotation": {"angle": 22.5, "axis": "y", "origin": [11.11958, 9.14386, 1.08771]},
			"faces": {
				"north": {"uv": [0, 0, 4, 4], "tintindex": 0,"texture": "#2"},
				"east": {"uv": [0, 0, 4, 4], "tintindex": 0,"texture": "#2"},
				"south": {"uv": [0, 0, 4, 4], "tintindex": 0,"texture": "#2"},
				"west": {"uv": [0, 0, 4, 4], "tintindex": 0,"texture": "#2"},
				"up": {"uv": [0, 0, 4, 4], "tintindex": 0,"texture": "#2"},
				"down": {"uv": [0, 0, 4, 4], "tintindex": 0,"texture": "#2"}
			}
		},
		{
			"from": [7.11958, 8.14386, 3.08771],
			"to": [11.11958, 12.14386, 7.08771],
			"rotation": {"angle": -22.5, "axis": "x", "origin": [11.11958, 9.14386, 1.08771]},
			"faces": {
				"north": {"uv": [0, 0, 4, 4], "rotation": 180, "tintindex": 0,"texture": "#2"},
				"east": {"uv": [0, 0, 4, 4], "rotation": 270, "tintindex": 0,"texture": "#2"},
				"south": {"uv": [0, 0, 4, 4], "tintindex": 0,"texture": "#2"},
				"west": {"uv": [0, 0, 4, 4], "rotation": 90, "tintindex": 0,"texture": "#2"},
				"up": {"uv": [0, 0, 4, 4], "rotation": 180, "tintindex": 0,"texture": "#2"},
				"down": {"uv": [0, 0, 4, 4], "tintindex": 0,"texture": "#2"}
			}
		},
		{
			"from": [7.61958, 8.89386, 2.33771],
			"to": [11.61958, 12.89386, 6.33771],
			"rotation": {"angle": 45, "axis": "y", "origin": [11.11958, 10.14386, 1.08771]},
			"faces": {
				"north": {"uv": [0, 0, 4, 4], "rotation": 180, "tintindex": 0,"texture": "#2"},
				"east": {"uv": [0, 0, 4, 4], "rotation": 270, "tintindex": 0,"texture": "#2"},
				"south": {"uv": [0, 0, 4, 4], "tintindex": 0,"texture": "#2"},
				"west": {"uv": [0, 0, 4, 4], "rotation": 90, "tintindex": 0,"texture": "#2"},
				"up": {"uv": [0, 0, 4, 4], "rotation": 180, "tintindex": 0,"texture": "#2"},
				"down": {"uv": [0, 0, 4, 4], "tintindex": 0,"texture": "#2"}
			}
		},
		{
			"from": [13, 10, 5],
			"to": [14, 11, 9],
			"faces": {
				"north": {"uv": [0, 0, 1, 1], "tintindex": 0,"texture": "#1"},
				"east": {"uv": [0, 0, 4, 1], "tintindex": 0,"texture": "#1"},
				"south": {"uv": [0, 0, 1, 1], "tintindex": 0,"texture": "#1"},
				"west": {"uv": [0, 0, 4, 1], "tintindex": 0,"texture": "#1"},
				"up": {"uv": [0, 0, 1, 4], "tintindex": 0,"texture": "#1"},
				"down": {"uv": [0, 0, 1, 4], "tintindex": 0,"texture": "#1"}
			}
		},
		{
			"from": [11, 10.75, 5],
			"to": [12, 11.75, 9],
			"faces": {
				"north": {"uv": [0, 0, 1, 1], "tintindex": 0,"texture": "#1"},
				"east": {"uv": [0, 0, 4, 1], "tintindex": 0,"texture": "#1"},
				"south": {"uv": [0, 0, 1, 1], "tintindex": 0,"texture": "#1"},
				"west": {"uv": [0, 0, 4, 1], "tintindex": 0,"texture": "#1"},
				"up": {"uv": [0, 0, 1, 4], "tintindex": 0,"texture": "#1"},
				"down": {"uv": [0, 0, 1, 4], "tintindex": 0,"texture": "#1"}
			}
		},
		{
			"from": [12, 11, 5],
			"to": [13, 12, 9],
			"rotation": {"angle": -22.5, "axis": "x", "origin": [12.5, 11.5, 7]},
			"faces": {
				"north": {"uv": [0, 0, 1, 1], "tintindex": 0,"texture": "#1"},
				"east": {"uv": [0, 0, 4, 1], "tintindex": 0,"texture": "#1"},
				"south": {"uv": [0, 0, 1, 1], "tintindex": 0,"texture": "#1"},
				"west": {"uv": [0, 0, 4, 1], "tintindex": 0,"texture": "#1"},
				"up": {"uv": [0, 0, 1, 4], "tintindex": 0,"texture": "#1"},
				"down": {"uv": [0, 0, 1, 4], "tintindex": 0,"texture": "#1"}
			}
		},
		{
			"from": [10, 11, 5],
			"to": [11, 12, 9],
			"rotation": {"angle": -22.5, "axis": "x", "origin": [12.5, 11.5, 7]},
			"faces": {
				"north": {"uv": [0, 0, 1, 1], "tintindex": 0,"texture": "#1"},
				"east": {"uv": [0, 0, 4, 1], "tintindex": 0,"texture": "#1"},
				"south": {"uv": [0, 0, 1, 1], "tintindex": 0,"texture": "#1"},
				"west": {"uv": [0, 0, 4, 1], "tintindex": 0,"texture": "#1"},
				"up": {"uv": [0, 0, 1, 4], "tintindex": 0,"texture": "#1"},
				"down": {"uv": [0, 0, 1, 4], "tintindex": 0,"texture": "#1"}
			}
		},
		{
			"from": [13, 7, 5.25],
			"to": [16, 10, 10.25],
			"rotation": {"angle": 22.5, "axis": "y", "origin": [13.5, 8.5, 9.5]},
			"faces": {
				"north": {"uv": [0, 0, 3, 3], "tintindex": 0,"texture": "#2"},
				"east": {"uv": [0, 0, 5, 3], "tintindex": 0,"texture": "#2"},
				"south": {"uv": [0, 0, 3, 3], "tintindex": 0,"texture": "#2"},
				"west": {"uv": [0, 0, 5, 3], "tintindex": 0,"texture": "#2"},
				"up": {"uv": [0, 0, 3, 5], "tintindex": 0,"texture": "#2"},
				"down": {"uv": [0, 0, 3, 5], "tintindex": 0,"texture": "#2"}
			}
		},
		{
			"from": [10, 9.75, 0],
			"to": [13, 12.75, 3],
			"rotation": {"angle": -22.5, "axis": "x", "origin": [9.5, 12.5, 1]},
			"faces": {
				"north": {"uv": [0, 0, 3, 3], "tintindex": 0,"texture": "#1"},
				"east": {"uv": [0, 0, 3, 3], "tintindex": 0,"texture": "#1"},
				"south": {"uv": [0, 0, 3, 3], "tintindex": 0,"texture": "#1"},
				"west": {"uv": [0, 0, 3, 3], "tintindex": 0,"texture": "#1"},
				"up": {"uv": [0, 0, 3, 3], "tintindex": 0,"texture": "#1"},
				"down": {"uv": [0, 0, 3, 3], "tintindex": 0,"texture": "#1"}
			}
		}
	],
	"display": {
		"thirdperson_righthand": {
			"translation": [-6.5, 4.75, 12.75]
		}
	}
}