{
	"credit": "Made with Blockbench",
	"textures": {
		"4": "block/crimson_stem",
		"5": "block/crimson_nylium",
		"particle": "block/fire_coral_fan"
	},
	"elements": [
		{
			"from": [-8.02755, -5.61579, -8.02755],
			"to": [24.7169, 27.12866, 24.7169],
			"rotation": {"angle": 0, "axis": "y", "origin": [-3.48928, 0, -3.48928]},
			"faces": {
				"north": {"uv": [0, 0, 10, 10], "tintindex": 0,"texture": "#5"},
				"east": {"uv": [0, 0, 10, 10], "tintindex": 0,"texture": "#5"},
				"south": {"uv": [0, 0, 10, 10], "tintindex": 0,"texture": "#5"},
				"west": {"uv": [0, 0, 10, 10], "tintindex": 0,"texture": "#5"},
				"up": {"uv": [0, 0, 10, 10], "tintindex": 0,"texture": "#5"},
				"down": {"uv": [0, 0, 10, 10], "tintindex": 0,"texture": "#5"}
			}
		},
		{
			"from": [-4.7531, -8.89023, -4.7531],
			"to": [21.44246, 30.40311, 21.44246],
			"rotation": {"angle": 0, "axis": "y", "origin": [-3.48928, 0, -3.48928]},
			"faces": {
				"north": {"uv": [0, 0, 8, 12], "tintindex": 0,"texture": "#5"},
				"east": {"uv": [0, 0, 8, 12], "tintindex": 0,"texture": "#5"},
				"south": {"uv": [0, 0, 8, 12], "tintindex": 0,"texture": "#5"},
				"west": {"uv": [0, 0, 8, 12], "tintindex": 0,"texture": "#5"},
				"up": {"uv": [0, 0, 8, 8], "tintindex": 0,"texture": "#5"},
				"down": {"uv": [0, 0, 8, 8], "tintindex": 0,"texture": "#5"}
			}
		},
		{
			"from": [-11.30199, -2.34134, -4.7531],
			"to": [27.99135, 23.85422, 21.44246],
			"rotation": {"angle": 0, "axis": "z", "origin": [22.70628, 26.19556, 22.70628]},
			"faces": {
				"north": {"uv": [0, 0, 8, 12], "rotation": 90, "tintindex": 0,"texture": "#5"},
				"east": {"uv": [0, 0, 8, 8], "rotation": 270, "tintindex": 0,"texture": "#5"},
				"south": {"uv": [0, 0, 8, 12], "rotation": 270, "tintindex": 0,"texture": "#5"},
				"west": {"uv": [0, 0, 8, 8], "rotation": 270, "tintindex": 0,"texture": "#5"},
				"up": {"uv": [0, 0, 8, 12], "rotation": 270, "tintindex": 0,"texture": "#5"},
				"down": {"uv": [0, 0, 8, 12], "rotation": 270, "tintindex": 0,"texture": "#5"}
			}
		},
		{
			"from": [-4.7531, -2.34134, -11.30199],
			"to": [21.44246, 23.85422, 27.99135],
			"rotation": {"angle": 0, "axis": "y", "origin": [22.70628, 26.19556, 22.70628]},
			"faces": {
				"north": {"uv": [0, 0, 8, 8], "rotation": 270, "tintindex": 0,"texture": "#5"},
				"east": {"uv": [0, 0, 8, 12], "rotation": 270, "tintindex": 0,"texture": "#5"},
				"south": {"uv": [0, 0, 8, 8], "rotation": 270, "tintindex": 0,"texture": "#5"},
				"west": {"uv": [0, 0, 8, 12], "rotation": 90, "tintindex": 0,"texture": "#5"},
				"up": {"uv": [0, 0, 8, 12], "rotation": 180, "tintindex": 0,"texture": "#5"},
				"down": {"uv": [0, 0, 8, 12], "tintindex": 0,"texture": "#5"}
			}
		},
		{
			"from": [5.07023, -15.43912, 5.07023],
			"to": [11.61912, -8.89023, 11.61912],
			"rotation": {"angle": 0, "axis": "y", "origin": [-3.48928, 0, -3.48928]},
			"faces": {
				"north": {"uv": [0, 0, 2, 2], "tintindex": 0,"texture": "#4"},
				"east": {"uv": [0, 0, 2, 2], "tintindex": 0,"texture": "#4"},
				"south": {"uv": [0, 0, 2, 2], "tintindex": 0,"texture": "#4"},
				"west": {"uv": [0, 0, 2, 2], "tintindex": 0,"texture": "#4"},
				"up": {"uv": [0, 0, 2, 2], "tintindex": 0,"texture": "#4"},
				"down": {"uv": [0, 0, 2, 2], "tintindex": 0,"texture": "#4"}
			}
		}
	],
	"display": {
		"head": {
			"translation": [0, 80, 0],
			"scale": [4, 4, 4]
		}
	}
}