{
	"credit": "Made with Blockbench",
	"textures": {
		"1": "block/fire_coral_block",
		"4": "block/crimson_stem",
		"5": "block/crimson_nylium",
		"particle": "block/fire_coral_fan"
	},
	"elements": [
		{
			"from": [7, 0, 7],
			"to": [9, 18, 9],
			"faces": {
				"north": {"uv": [0, 0, 2, 16], "tintindex": 0,"texture": "#4"},
				"east": {"uv": [0, 0, 2, 16], "tintindex": 0,"texture": "#4"},
				"south": {"uv": [0, 0, 2, 16], "tintindex": 0,"texture": "#4"},
				"west": {"uv": [0, 0, 2, 16], "tintindex": 0,"texture": "#4"},
				"up": {"uv": [0, 0, 2, 2], "tintindex": 0,"texture": "#4"},
				"down": {"uv": [0, 0, 2, 2], "tintindex": 0,"texture": "#4"}
			}
		},
		{
			"from": [7.5, 12, 7.5],
			"to": [8.5, 22, 8.5],
			"faces": {
				"north": {"uv": [0, 0, 1, 10], "tintindex": 0,"texture": "#4"},
				"east": {"uv": [0, 0, 1, 10], "tintindex": 0,"texture": "#4"},
				"south": {"uv": [0, 0, 1, 10], "tintindex": 0,"texture": "#4"},
				"west": {"uv": [0, 0, 1, 10], "tintindex": 0,"texture": "#4"},
				"up": {"uv": [0, 0, 1, 1], "tintindex": 0,"texture": "#4"},
				"down": {"uv": [0, 0, 1, 1], "tintindex": 0,"texture": "#4"}
			}
		},
		{
			"from": [7.75, 2, 3],
			"to": [8.75, 3, 11],
			"faces": {
				"north": {"uv": [0, 0, 1, 1], "tintindex": 0,"texture": "#5"},
				"east": {"uv": [0, 0, 8, 1], "tintindex": 0,"texture": "#5"},
				"south": {"uv": [0, 0, 1, 1], "tintindex": 0,"texture": "#5"},
				"west": {"uv": [0, 0, 8, 1], "tintindex": 0,"texture": "#5"},
				"up": {"uv": [0, 0, 1, 8], "tintindex": 0,"texture": "#5"},
				"down": {"uv": [0, 0, 1, 8], "tintindex": 0,"texture": "#5"}
			}
		},
		{
			"from": [7.75, 6, 5],
			"to": [8.75, 7, 13],
			"faces": {
				"north": {"uv": [0, 0, 1, 1], "tintindex": 0,"texture": "#5"},
				"east": {"uv": [0, 0, 8, 1], "tintindex": 0,"texture": "#5"},
				"south": {"uv": [0, 0, 1, 1], "tintindex": 0,"texture": "#5"},
				"west": {"uv": [0, 0, 8, 1], "tintindex": 0,"texture": "#5"},
				"up": {"uv": [0, 0, 1, 8], "tintindex": 0,"texture": "#5"},
				"down": {"uv": [0, 0, 1, 8], "tintindex": 0,"texture": "#5"}
			}
		},
		{
			"from": [7.75, 10, 3],
			"to": [8.75, 11, 11],
			"faces": {
				"north": {"uv": [0, 0, 1, 1], "tintindex": 0,"texture": "#5"},
				"east": {"uv": [0, 0, 8, 1], "tintindex": 0,"texture": "#5"},
				"south": {"uv": [0, 0, 1, 1], "tintindex": 0,"texture": "#5"},
				"west": {"uv": [0, 0, 8, 1], "tintindex": 0,"texture": "#5"},
				"up": {"uv": [0, 0, 1, 8], "tintindex": 0,"texture": "#5"},
				"down": {"uv": [0, 0, 1, 8], "tintindex": 0,"texture": "#5"}
			}
		},
		{
			"from": [7.75, 14, 4],
			"to": [8.75, 15, 12],
			"faces": {
				"north": {"uv": [0, 0, 1, 1], "tintindex": 0,"texture": "#5"},
				"east": {"uv": [0, 0, 8, 1], "tintindex": 0,"texture": "#5"},
				"south": {"uv": [0, 0, 1, 1], "tintindex": 0,"texture": "#5"},
				"west": {"uv": [0, 0, 8, 1], "tintindex": 0,"texture": "#5"},
				"up": {"uv": [0, 0, 1, 8], "tintindex": 0,"texture": "#5"},
				"down": {"uv": [0, 0, 1, 8], "tintindex": 0,"texture": "#5"}
			}
		},
		{
			"from": [3.25, 12.5, 7.5],
			"to": [11.25, 13.5, 8.5],
			"rotation": {"angle": 0, "axis": "y", "origin": [8.25, 8.5, 8]},
			"faces": {
				"north": {"uv": [0, 0, 8, 1], "tintindex": 0,"texture": "#5"},
				"east": {"uv": [0, 0, 1, 1], "tintindex": 0,"texture": "#5"},
				"south": {"uv": [0, 0, 8, 1], "tintindex": 0,"texture": "#5"},
				"west": {"uv": [0, 0, 1, 1], "tintindex": 0,"texture": "#5"},
				"up": {"uv": [0, 0, 1, 8], "rotation": 270, "tintindex": 0,"texture": "#5"},
				"down": {"uv": [0, 0, 1, 8], "rotation": 90, "tintindex": 0,"texture": "#5"}
			}
		},
		{
			"from": [4.25, 8.5, 7.5],
			"to": [12.25, 9.5, 8.5],
			"rotation": {"angle": 0, "axis": "y", "origin": [8.25, 8.5, 8]},
			"faces": {
				"north": {"uv": [0, 0, 8, 1], "tintindex": 0,"texture": "#5"},
				"east": {"uv": [0, 0, 1, 1], "tintindex": 0,"texture": "#5"},
				"south": {"uv": [0, 0, 8, 1], "tintindex": 0,"texture": "#5"},
				"west": {"uv": [0, 0, 1, 1], "tintindex": 0,"texture": "#5"},
				"up": {"uv": [0, 0, 1, 8], "rotation": 270, "tintindex": 0,"texture": "#5"},
				"down": {"uv": [0, 0, 1, 8], "rotation": 90, "tintindex": 0,"texture": "#5"}
			}
		},
		{
			"from": [4.25, 4.5, 7.5],
			"to": [12.25, 5.5, 8.5],
			"rotation": {"angle": 0, "axis": "y", "origin": [8.25, 8.5, 8]},
			"faces": {
				"north": {"uv": [0, 0, 8, 1], "tintindex": 0,"texture": "#5"},
				"east": {"uv": [0, 0, 1, 1], "tintindex": 0,"texture": "#5"},
				"south": {"uv": [0, 0, 8, 1], "tintindex": 0,"texture": "#5"},
				"west": {"uv": [0, 0, 1, 1], "tintindex": 0,"texture": "#5"},
				"up": {"uv": [0, 0, 1, 8], "rotation": 270, "tintindex": 0,"texture": "#5"},
				"down": {"uv": [0, 0, 1, 8], "rotation": 90, "tintindex": 0,"texture": "#5"}
			}
		},
		{
			"from": [6.5, 1, 6],
			"to": [9.5, 16, 10],
			"faces": {
				"north": {"uv": [0, 0, 3, 15], "tintindex": 0,"texture": "#1"},
				"east": {"uv": [0, 0, 4, 15], "tintindex": 0,"texture": "#1"},
				"south": {"uv": [0, 0, 3, 15], "tintindex": 0,"texture": "#1"},
				"west": {"uv": [0, 0, 4, 15], "tintindex": 0,"texture": "#1"},
				"up": {"uv": [0, 0, 3, 4], "tintindex": 0,"texture": "#1"},
				"down": {"uv": [0, 0, 3, 4], "tintindex": 0,"texture": "#1"}
			}
		},
		{
			"from": [6.5, 1, 6],
			"to": [9.5, 14, 10],
			"rotation": {"angle": 45, "axis": "y", "origin": [8, 8.5, 8]},
			"faces": {
				"north": {"uv": [0, 0, 3, 13], "tintindex": 0,"texture": "#1"},
				"east": {"uv": [0, 0, 4, 13], "tintindex": 0,"texture": "#1"},
				"south": {"uv": [0, 0, 3, 13], "tintindex": 0,"texture": "#1"},
				"west": {"uv": [0, 0, 4, 13], "tintindex": 0,"texture": "#1"},
				"up": {"uv": [0, 0, 3, 4], "tintindex": 0,"texture": "#1"},
				"down": {"uv": [0, 0, 3, 4], "tintindex": 0,"texture": "#1"}
			}
		}
	],
	"display": {
		"head": {
			"translation": [0, -15, 0],
			"scale": [4, 4, 4]
		}
	}
}