{
	"credit": "Made with Blockbench",
	"textures": {
		"0": "block/fire_coral_fan",
		"4": "block/crimson_stem",
		"8": "block/magma",
		"particle": "block/fire_coral_fan"
	},
	"elements": [
		{
			"from": [-4.76945, -0.1289, 8.59104],
			"to": [0.99055, 5.6311, 8.78304],
			"rotation": {"angle": 22.5, "axis": "x", "origin": [4.6005, 6.9915, 8.13985]},
			"faces": {
				"north": {"uv": [0, 0, 16, 16], "rotation": 180, "tintindex": 0,"texture": "#0"},
				"east": {"uv": [0, 0, 2, 2], "rotation": 180, "tintindex": 0,"texture": "#0"},
				"south": {"uv": [0, 0, 2, 2], "rotation": 180, "tintindex": 0,"texture": "#0"},
				"west": {"uv": [0, 0, 2, 2], "rotation": 180, "tintindex": 0,"texture": "#0"},
				"up": {"uv": [0, 0, 2, 2], "rotation": 90, "tintindex": 0,"texture": "#0"},
				"down": {"uv": [0, 0, 2, 2], "rotation": 270, "tintindex": 0,"texture": "#0"}
			}
		},
		{
			"from": [4.64, -5.51515, -3.93987],
			"to": [8.48, -1.67515, 9.50013],
			"rotation": {"angle": 22.5, "axis": "x", "origin": [4.6005, 6.9915, 8.13985]},
			"faces": {
				"north": {"uv": [0, 0, 2, 2], "rotation": 180, "tintindex": 0,"texture": "#4"},
				"east": {"uv": [0, 0, 2, 7], "rotation": 90, "tintindex": 0,"texture": "#4"},
				"south": {"uv": [0, 0, 2, 2], "tintindex": 0,"texture": "#4"},
				"west": {"uv": [0, 0, 2, 7], "rotation": 270, "tintindex": 0,"texture": "#4"},
				"up": {"uv": [0, 0, 2, 7], "tintindex": 0,"texture": "#4"},
				"down": {"uv": [0, 0, 2, 7], "rotation": 180, "tintindex": 0,"texture": "#4"}
			}
		},
		{
			"from": [6.848, -6.27239, 6.46591],
			"to": [10.688, -2.43239, 19.90591],
			"rotation": {"angle": -22.5, "axis": "x", "origin": [4.6005, 6.9915, 8.13985]},
			"faces": {
				"north": {"uv": [0, 0, 2, 2], "rotation": 180, "tintindex": 0,"texture": "#4"},
				"east": {"uv": [0, 0, 2, 7], "rotation": 90, "tintindex": 0,"texture": "#4"},
				"south": {"uv": [0, 0, 2, 2], "tintindex": 0,"texture": "#4"},
				"west": {"uv": [0, 0, 2, 7], "rotation": 270, "tintindex": 0,"texture": "#4"},
				"up": {"uv": [0, 0, 2, 7], "tintindex": 0,"texture": "#4"},
				"down": {"uv": [0, 0, 2, 7], "rotation": 180, "tintindex": 0,"texture": "#4"}
			}
		},
		{
			"from": [5.91964, -7.83596, 7.04],
			"to": [25.11964, -3.99596, 10.88],
			"rotation": {"angle": 22.5, "axis": "z", "origin": [4.6005, 6.9915, 8.13985]},
			"faces": {
				"north": {"uv": [0, 0, 2, 10], "rotation": 90, "tintindex": 0,"texture": "#4"},
				"east": {"uv": [0, 0, 2, 2], "rotation": 270, "tintindex": 0,"texture": "#4"},
				"south": {"uv": [0, 0, 2, 10], "rotation": 270, "tintindex": 0,"texture": "#4"},
				"west": {"uv": [0, 0, 2, 2], "rotation": 270, "tintindex": 0,"texture": "#4"},
				"up": {"uv": [0, 0, 2, 10], "rotation": 270, "tintindex": 0,"texture": "#4"},
				"down": {"uv": [0, 0, 2, 10], "rotation": 270, "tintindex": 0,"texture": "#4"}
			}
		},
		{
			"from": [-7.03283, -3.777, 7.04],
			"to": [6.40717, 0.063, 10.88],
			"rotation": {"angle": 0, "axis": "z", "origin": [4.6005, 6.9915, 8.13985]},
			"faces": {
				"north": {"uv": [0, 0, 2, 7], "rotation": 90, "tintindex": 0,"texture": "#4"},
				"east": {"uv": [0, 0, 2, 2], "rotation": 270, "tintindex": 0,"texture": "#4"},
				"south": {"uv": [0, 0, 2, 7], "rotation": 270, "tintindex": 0,"texture": "#4"},
				"west": {"uv": [0, 0, 2, 2], "rotation": 270, "tintindex": 0,"texture": "#4"},
				"up": {"uv": [0, 0, 2, 7], "rotation": 270, "tintindex": 0,"texture": "#4"},
				"down": {"uv": [0, 0, 2, 7], "rotation": 270, "tintindex": 0,"texture": "#4"}
			}
		},
		{
			"from": [-9.45103, -8.84898, 7.232],
			"to": [3.98897, -5.00898, 11.072],
			"rotation": {"angle": -45, "axis": "z", "origin": [4.6005, 6.9915, 8.13985]},
			"faces": {
				"north": {"uv": [0, 0, 2, 7], "rotation": 90, "tintindex": 0,"texture": "#4"},
				"east": {"uv": [0, 0, 2, 2], "rotation": 270, "tintindex": 0,"texture": "#4"},
				"south": {"uv": [0, 0, 2, 7], "rotation": 270, "tintindex": 0,"texture": "#4"},
				"west": {"uv": [0, 0, 2, 2], "rotation": 270, "tintindex": 0,"texture": "#4"},
				"up": {"uv": [0, 0, 2, 7], "rotation": 270, "tintindex": 0,"texture": "#4"},
				"down": {"uv": [0, 0, 2, 7], "rotation": 270, "tintindex": 0,"texture": "#4"}
			}
		},
		{
			"from": [2.73669, -1.30396, -12.268],
			"to": [6.57669, 12.13604, -8.428],
			"rotation": {"angle": -22.5, "axis": "x", "origin": [-4.59331, 8.16604, -6.098]},
			"faces": {
				"north": {"uv": [0, 0, 2, 7], "rotation": 180, "tintindex": 0,"texture": "#4"},
				"east": {"uv": [0, 0, 2, 7], "rotation": 180, "tintindex": 0,"texture": "#4"},
				"south": {"uv": [0, 0, 2, 7], "rotation": 180, "tintindex": 0,"texture": "#4"},
				"west": {"uv": [0, 0, 2, 7], "rotation": 180, "tintindex": 0,"texture": "#4"},
				"up": {"uv": [0, 0, 2, 2], "rotation": 180, "tintindex": 0,"texture": "#4"},
				"down": {"uv": [0, 0, 2, 2], "rotation": 180, "tintindex": 0,"texture": "#4"}
			}
		},
		{
			"from": [-1.024, -0.288, -8.128],
			"to": [15.104, 31.968, 24.128],
			"rotation": {"angle": 0, "axis": "y", "origin": [4.6005, 6.9915, 8.13985]},
			"faces": {
				"north": {"uv": [0, 0, 7, 14], "tintindex": 0,"texture": "#8"},
				"east": {"uv": [0, 0, 14, 14], "tintindex": 0,"texture": "#8"},
				"south": {"uv": [0, 0, 7, 14], "tintindex": 0,"texture": "#8"},
				"west": {"uv": [0, 0, 14, 14], "tintindex": 0,"texture": "#8"},
				"up": {"uv": [0, 0, 7, 14], "tintindex": 0,"texture": "#8"},
				"down": {"uv": [0, 0, 7, 14], "tintindex": 0,"texture": "#8"}
			}
		},
		{
			"from": [-7.936, 2.016, -5.824],
			"to": [22.016, 29.664, 21.824],
			"rotation": {"angle": 0, "axis": "y", "origin": [4.6005, 6.9915, 8.13985]},
			"faces": {
				"north": {"uv": [0, 0, 13, 12], "tintindex": 0,"texture": "#8"},
				"east": {"uv": [0, 0, 12, 12], "tintindex": 0,"texture": "#8"},
				"south": {"uv": [0, 0, 13, 12], "tintindex": 0,"texture": "#8"},
				"west": {"uv": [0, 0, 12, 12], "tintindex": 0,"texture": "#8"},
				"up": {"uv": [0, 0, 13, 12], "tintindex": 0,"texture": "#8"},
				"down": {"uv": [0, 0, 13, 12], "tintindex": 0,"texture": "#8"}
			}
		},
		{
			"from": [-10.24, 4.32, -3.52],
			"to": [24.32, 27.36, 19.52],
			"rotation": {"angle": 0, "axis": "y", "origin": [4.6005, 6.9915, 8.13985]},
			"faces": {
				"north": {"uv": [0, 0, 15, 10], "tintindex": 0,"texture": "#8"},
				"east": {"uv": [0, 0, 10, 10], "tintindex": 0,"texture": "#8"},
				"south": {"uv": [0, 0, 15, 10], "tintindex": 0,"texture": "#8"},
				"west": {"uv": [0, 0, 10, 10], "tintindex": 0,"texture": "#8"},
				"up": {"uv": [0, 0, 15, 10], "tintindex": 0,"texture": "#8"},
				"down": {"uv": [0, 0, 15, 10], "tintindex": 0,"texture": "#8"}
			}
		}
	],
	"display": {
		"head": {
			"translation": [0, 40.25, 0],
			"scale": [4, 4, 4]
		}
	},
	"groups": [
		0,
		1,
		2,
		{
			"name": "group",
			"origin": [4, 2.5, 1],
			"color": 0,
			"children": [3]
		},
		{
			"name": "group",
			"origin": [4, 2.5, 1],
			"color": 0,
			"children": [4]
		},
		{
			"name": "group",
			"origin": [4, 2.5, 1],
			"color": 0,
			"children": [5, 6, 7, 8, 9]
		}
	]
}