{
	"credit": "Made with Blockbench",
	"textures": {
		"4": "block/crimson_stem",
		"particle": "block/fire_coral_fan"
	},
	"elements": [
		{
			"from": [3, 0.5, 7.5],
			"to": [13, 1.5, 8.5],
			"rotation": {"angle": 0, "axis": "z", "origin": [8, 17, 8]},
			"faces": {
				"north": {"uv": [0, 0, 1, 10], "rotation": 90, "tintindex": 0,"texture": "#4"},
				"east": {"uv": [0, 0, 1, 1], "tintindex": 0,"texture": "#4"},
				"south": {"uv": [0, 0, 1, 10], "rotation": 270, "tintindex": 0,"texture": "#4"},
				"west": {"uv": [0, 0, 1, 1], "rotation": 180, "tintindex": 0,"texture": "#4"},
				"up": {"uv": [0, 0, 1, 10], "rotation": 270, "tintindex": 0,"texture": "#4"},
				"down": {"uv": [0, 0, 1, 10], "rotation": 270, "tintindex": 0,"texture": "#4"}
			}
		}
	],
	"display": {
		"head": {
			"rotation": [0, 90, 0],
			"translation": [0, 18, -9.25],
			"scale": [3, 3, 3]
		}
	}
}