{
	"credit": "Made with Blockbench",
	"textures": {
		"0": "block/blue_shulker_box",
		"1": "block/light_blue_wool",
		"3": "block/white_concrete",
		"4": "block/black_concrete",
		"5": "block/yellow_wool",
		"6": "block/yellow_concrete",
		"8": "block/netherrack",
		"particle": "block/blue_shulker_box"
	},
	"elements": [
		{
			"from": [7.5, 4.5, 5.5],
			"to": [8.5, 5.5, 27.5],
			"rotation": {"angle": 0, "axis": "y", "origin": [8, 5, 27]},
			"faces": {
				"north": {"uv": [0, 0, 1, 1], "rotation": 180, "tintindex": 0,"texture": "#0"},
				"east": {"uv": [0, 0, 1, 16], "rotation": 90, "tintindex": 0,"texture": "#0"},
				"south": {"uv": [0, 0, 1, 1], "tintindex": 0,"texture": "#0"},
				"west": {"uv": [0, 0, 1, 16], "rotation": 270, "tintindex": 0,"texture": "#0"},
				"up": {"uv": [0, 0, 1, 16], "tintindex": 0,"texture": "#0"},
				"down": {"uv": [0, 0, 1, 16], "rotation": 180, "tintindex": 0,"texture": "#0"}
			}
		},
		{
			"from": [5.5, 4.5, 5.5],
			"to": [7.5, 5, 26.5],
			"rotation": {"angle": 0, "axis": "y", "origin": [6, 5, 26]},
			"faces": {
				"north": {"uv": [0, 0, 2, 0.5], "rotation": 180, "tintindex": 0,"texture": "#1"},
				"east": {"uv": [0, 0, 0.5, 16], "rotation": 90, "tintindex": 0,"texture": "#1"},
				"south": {"uv": [0, 0, 2, 0.5], "tintindex": 0,"texture": "#1"},
				"west": {"uv": [0, 0, 0.5, 16], "rotation": 270, "tintindex": 0,"texture": "#1"},
				"up": {"uv": [0, 0, 2, 16], "tintindex": 0,"texture": "#1"},
				"down": {"uv": [0, 0, 2, 16], "rotation": 180, "tintindex": 0,"texture": "#1"}
			}
		},
		{
			"from": [2.5, 4.5, 5.5],
			"to": [5.5, 5, 23.5],
			"rotation": {"angle": 0, "axis": "y", "origin": [3, 5, 23]},
			"faces": {
				"north": {"uv": [0, 0, 3, 0.5], "rotation": 180, "tintindex": 0,"texture": "#1"},
				"east": {"uv": [0, 0, 0.5, 16], "rotation": 90, "tintindex": 0,"texture": "#1"},
				"south": {"uv": [0, 0, 3, 0.5], "tintindex": 0,"texture": "#1"},
				"west": {"uv": [0, 0, 0.5, 16], "rotation": 270, "tintindex": 0,"texture": "#1"},
				"up": {"uv": [0, 0, 3, 16], "tintindex": 0,"texture": "#1"},
				"down": {"uv": [0, 0, 3, 16], "rotation": 180, "tintindex": 0,"texture": "#1"}
			}
		},
		{
			"from": [-1.96612, 6.18402, 4.5],
			"to": [3.03388, 6.68402, 20.5],
			"rotation": {"angle": -22.5, "axis": "z", "origin": [-1.46612, 6.68402, 20]},
			"faces": {
				"north": {"uv": [0, 0, 5, 0.5], "rotation": 180, "tintindex": 0,"texture": "#1"},
				"east": {"uv": [0, 0, 0.5, 16], "rotation": 90, "tintindex": 0,"texture": "#1"},
				"south": {"uv": [0, 0, 5, 0.5], "tintindex": 0,"texture": "#1"},
				"west": {"uv": [0, 0, 0.5, 16], "rotation": 270, "tintindex": 0,"texture": "#1"},
				"up": {"uv": [0, 0, 5, 16], "tintindex": 0,"texture": "#1"},
				"down": {"uv": [0, 0, 5, 16], "rotation": 180, "tintindex": 0,"texture": "#1"}
			}
		},
		{
			"from": [-5.44782, 9.44895, 3.5],
			"to": [-0.44782, 9.94895, 18.5],
			"rotation": {"angle": -45, "axis": "z", "origin": [-4.94782, 9.94895, 18]},
			"faces": {
				"north": {"uv": [0, 0, 5, 0.5], "rotation": 180, "tintindex": 0,"texture": "#1"},
				"east": {"uv": [0, 0, 0.5, 15], "rotation": 90, "tintindex": 0,"texture": "#1"},
				"south": {"uv": [0, 0, 5, 0.5], "tintindex": 0,"texture": "#1"},
				"west": {"uv": [0, 0, 0.5, 15], "rotation": 270, "tintindex": 0,"texture": "#1"},
				"up": {"uv": [0, 0, 5, 15], "tintindex": 0,"texture": "#1"},
				"down": {"uv": [0, 0, 5, 15], "rotation": 180, "tintindex": 0,"texture": "#1"}
			}
		},
		{
			"from": [17.21039, 8.10796, 3.5],
			"to": [22.21039, 8.60796, 18.5],
			"rotation": {"angle": 45, "axis": "z", "origin": [19.71039, 8.35796, 11]},
			"faces": {
				"north": {"uv": [0, 0, 5, 0.5], "rotation": 180, "tintindex": 0,"texture": "#1"},
				"east": {"uv": [0, 0, 0.5, 15], "rotation": 90, "tintindex": 0,"texture": "#1"},
				"south": {"uv": [0, 0, 5, 0.5], "tintindex": 0,"texture": "#1"},
				"west": {"uv": [0, 0, 0.5, 15], "rotation": 270, "tintindex": 0,"texture": "#1"},
				"up": {"uv": [0, 0, 5, 15], "tintindex": 0,"texture": "#1"},
				"down": {"uv": [0, 0, 5, 15], "rotation": 180, "tintindex": 0,"texture": "#1"}
			}
		},
		{
			"from": [13.2706, 4.65328, 4.5],
			"to": [18.2706, 5.15328, 20.5],
			"rotation": {"angle": 22.5, "axis": "z", "origin": [13.7706, 5.15328, 20]},
			"faces": {
				"north": {"uv": [0, 0, 5, 0.5], "rotation": 180, "tintindex": 0,"texture": "#1"},
				"east": {"uv": [0, 0, 0.5, 16], "rotation": 90, "tintindex": 0,"texture": "#1"},
				"south": {"uv": [0, 0, 5, 0.5], "tintindex": 0,"texture": "#1"},
				"west": {"uv": [0, 0, 0.5, 16], "rotation": 270, "tintindex": 0,"texture": "#1"},
				"up": {"uv": [0, 0, 5, 16], "tintindex": 0,"texture": "#1"},
				"down": {"uv": [0, 0, 5, 16], "rotation": 180, "tintindex": 0,"texture": "#1"}
			}
		},
		{
			"from": [10.5, 4.5, 5.5],
			"to": [13.5, 5, 23.5],
			"rotation": {"angle": 0, "axis": "y", "origin": [11, 5, 23]},
			"faces": {
				"north": {"uv": [0, 0, 3, 0.5], "rotation": 180, "tintindex": 0,"texture": "#1"},
				"east": {"uv": [0, 0, 0.5, 16], "rotation": 90, "tintindex": 0,"texture": "#1"},
				"south": {"uv": [0, 0, 3, 0.5], "tintindex": 0,"texture": "#1"},
				"west": {"uv": [0, 0, 0.5, 16], "rotation": 270, "tintindex": 0,"texture": "#1"},
				"up": {"uv": [0, 0, 3, 16], "tintindex": 0,"texture": "#1"},
				"down": {"uv": [0, 0, 3, 16], "rotation": 180, "tintindex": 0,"texture": "#1"}
			}
		},
		{
			"from": [8.5, 4.5, 5.5],
			"to": [10.5, 5, 26.5],
			"rotation": {"angle": 0, "axis": "y", "origin": [9, 5, 26]},
			"faces": {
				"north": {"uv": [0, 0, 2, 0.5], "rotation": 180, "tintindex": 0,"texture": "#1"},
				"east": {"uv": [0, 0, 0.5, 16], "rotation": 90, "tintindex": 0,"texture": "#1"},
				"south": {"uv": [0, 0, 2, 0.5], "tintindex": 0,"texture": "#1"},
				"west": {"uv": [0, 0, 0.5, 16], "rotation": 270, "tintindex": 0,"texture": "#1"},
				"up": {"uv": [0, 0, 2, 16], "tintindex": 0,"texture": "#1"},
				"down": {"uv": [0, 0, 2, 16], "rotation": 180, "tintindex": 0,"texture": "#1"}
			}
		},
		{
			"from": [3, 0.5, 13.5],
			"to": [13, 4.5, 21.5],
			"rotation": {"angle": 0, "axis": "y", "origin": [8, 4.5, 17.5]},
			"faces": {
				"north": {"uv": [0, 0, 10, 4], "rotation": 180, "tintindex": 0,"texture": "#1"},
				"east": {"uv": [0, 0, 4, 8], "rotation": 90, "tintindex": 0,"texture": "#1"},
				"south": {"uv": [0, 0, 10, 4], "tintindex": 0,"texture": "#1"},
				"west": {"uv": [0, 0, 4, 8], "rotation": 270, "tintindex": 0,"texture": "#1"},
				"up": {"uv": [0, 0, 10, 8], "tintindex": 0,"texture": "#1"},
				"down": {"uv": [0, 0, 10, 8], "rotation": 180, "tintindex": 0,"texture": "#1"}
			}
		},
		{
			"from": [7.5, 0.25, 20],
			"to": [8.5, 1.25, 21],
			"rotation": {"angle": 0, "axis": "y", "origin": [8, 0.75, 20.5]},
			"faces": {
				"north": {"uv": [0, 0, 1, 1], "rotation": 180, "tintindex": 0,"texture": "#4"},
				"east": {"uv": [0, 0, 1, 1], "rotation": 90, "tintindex": 0,"texture": "#4"},
				"south": {"uv": [0, 0, 1, 1], "tintindex": 0,"texture": "#4"},
				"west": {"uv": [0, 0, 1, 1], "rotation": 270, "tintindex": 0,"texture": "#4"},
				"up": {"uv": [0, 0, 1, 1], "tintindex": 0,"texture": "#4"},
				"down": {"uv": [0, 0, 1, 1], "rotation": 180, "tintindex": 0,"texture": "#4"}
			}
		},
		{
			"from": [6.5, 0.25, 20.25],
			"to": [7.5, 1.25, 21.25],
			"rotation": {"angle": 0, "axis": "y", "origin": [7, 0.75, 20.75]},
			"faces": {
				"north": {"uv": [0, 0, 1, 1], "rotation": 180, "tintindex": 0,"texture": "#4"},
				"east": {"uv": [0, 0, 1, 1], "rotation": 90, "tintindex": 0,"texture": "#4"},
				"south": {"uv": [0, 0, 1, 1], "tintindex": 0,"texture": "#4"},
				"west": {"uv": [0, 0, 1, 1], "rotation": 270, "tintindex": 0,"texture": "#4"},
				"up": {"uv": [0, 0, 1, 1], "tintindex": 0,"texture": "#4"},
				"down": {"uv": [0, 0, 1, 1], "rotation": 180, "tintindex": 0,"texture": "#4"}
			}
		},
		{
			"from": [8.5, 0.25, 20.25],
			"to": [9.5, 1.25, 21.25],
			"rotation": {"angle": 0, "axis": "y", "origin": [9, 0.75, 20.75]},
			"faces": {
				"north": {"uv": [0, 0, 1, 1], "rotation": 180, "tintindex": 0,"texture": "#4"},
				"east": {"uv": [0, 0, 1, 1], "rotation": 90, "tintindex": 0,"texture": "#4"},
				"south": {"uv": [0, 0, 1, 1], "tintindex": 0,"texture": "#4"},
				"west": {"uv": [0, 0, 1, 1], "rotation": 270, "tintindex": 0,"texture": "#4"},
				"up": {"uv": [0, 0, 1, 1], "tintindex": 0,"texture": "#4"},
				"down": {"uv": [0, 0, 1, 1], "rotation": 180, "tintindex": 0,"texture": "#4"}
			}
		},
		{
			"from": [3.5, 1.5, 24.5],
			"to": [4.5, 2.5, 28.5],
			"rotation": {"angle": 22.5, "axis": "x", "origin": [11.5, 9.5, 20.5]},
			"faces": {
				"north": {"uv": [0, 0, 1, 1], "rotation": 180, "tintindex": 0,"texture": "#5"},
				"east": {"uv": [0, 0, 1, 4], "rotation": 90, "tintindex": 0,"texture": "#5"},
				"south": {"uv": [0, 0, 1, 1], "tintindex": 0,"texture": "#5"},
				"west": {"uv": [0, 0, 1, 4], "rotation": 270, "tintindex": 0,"texture": "#5"},
				"up": {"uv": [0, 0, 1, 4], "tintindex": 0,"texture": "#5"},
				"down": {"uv": [0, 0, 1, 4], "rotation": 180, "tintindex": 0,"texture": "#5"}
			}
		},
		{
			"from": [11.5, 1.5, 24.5],
			"to": [12.5, 2.5, 28.5],
			"rotation": {"angle": 22.5, "axis": "x", "origin": [19.5, 9.5, 20.5]},
			"faces": {
				"north": {"uv": [0, 0, 1, 1], "rotation": 180, "tintindex": 0,"texture": "#5"},
				"east": {"uv": [0, 0, 1, 4], "rotation": 90, "tintindex": 0,"texture": "#5"},
				"south": {"uv": [0, 0, 1, 1], "tintindex": 0,"texture": "#5"},
				"west": {"uv": [0, 0, 1, 4], "rotation": 270, "tintindex": 0,"texture": "#5"},
				"up": {"uv": [0, 0, 1, 4], "tintindex": 0,"texture": "#5"},
				"down": {"uv": [0, 0, 1, 4], "rotation": 180, "tintindex": 0,"texture": "#5"}
			}
		},
		{
			"from": [3.5, -3.0922, 22.07258],
			"to": [4.5, -2.0922, 26.07258],
			"rotation": {"angle": -22.5, "axis": "x", "origin": [11.5, 4.9078, 18.07258]},
			"faces": {
				"north": {"uv": [0, 0, 1, 1], "rotation": 180, "tintindex": 0,"texture": "#5"},
				"east": {"uv": [0, 3, 1, 7], "rotation": 90, "tintindex": 0,"texture": "#5"},
				"south": {"uv": [0, 0, 1, 1], "tintindex": 0,"texture": "#5"},
				"west": {"uv": [0, 3, 1, 7], "rotation": 270, "tintindex": 0,"texture": "#5"},
				"up": {"uv": [0, 3, 1, 7], "tintindex": 0,"texture": "#5"},
				"down": {"uv": [0, 3, 1, 7], "rotation": 180, "tintindex": 0,"texture": "#5"}
			}
		},
		{
			"from": [11.5, -3.0922, 22.07258],
			"to": [12.5, -2.0922, 26.07258],
			"rotation": {"angle": -22.5, "axis": "x", "origin": [19.5, 4.9078, 18.07258]},
			"faces": {
				"north": {"uv": [0, 0, 1, 1], "rotation": 180, "tintindex": 0,"texture": "#5"},
				"east": {"uv": [0, 3, 1, 7], "rotation": 90, "tintindex": 0,"texture": "#5"},
				"south": {"uv": [0, 0, 1, 1], "tintindex": 0,"texture": "#5"},
				"west": {"uv": [0, 3, 1, 7], "rotation": 270, "tintindex": 0,"texture": "#5"},
				"up": {"uv": [0, 3, 1, 7], "tintindex": 0,"texture": "#5"},
				"down": {"uv": [0, 3, 1, 7], "rotation": 180, "tintindex": 0,"texture": "#5"}
			}
		},
		{
			"from": [2.5, -0.5, 18.5],
			"to": [5.5, 2.5, 22.5],
			"rotation": {"angle": 0, "axis": "y", "origin": [10.5, 7.5, 14.5]},
			"faces": {
				"north": {"uv": [0, 0, 3, 3], "rotation": 180, "tintindex": 0,"texture": "#1"},
				"east": {"uv": [0, 0, 3, 4], "rotation": 90, "tintindex": 0,"texture": "#1"},
				"south": {"uv": [0, 0, 3, 3], "tintindex": 0,"texture": "#1"},
				"west": {"uv": [0, 0, 3, 4], "rotation": 270, "tintindex": 0,"texture": "#1"},
				"up": {"uv": [0, 0, 3, 4], "tintindex": 0,"texture": "#1"},
				"down": {"uv": [0, 0, 3, 4], "rotation": 180, "tintindex": 0,"texture": "#1"}
			}
		},
		{
			"from": [10.5, -0.5, 18.5],
			"to": [13.5, 2.5, 22.5],
			"rotation": {"angle": 0, "axis": "y", "origin": [18.5, 7.5, 14.5]},
			"faces": {
				"north": {"uv": [0, 0, 3, 3], "rotation": 180, "tintindex": 0,"texture": "#1"},
				"east": {"uv": [0, 0, 3, 4], "rotation": 90, "tintindex": 0,"texture": "#1"},
				"south": {"uv": [0, 0, 3, 3], "tintindex": 0,"texture": "#1"},
				"west": {"uv": [0, 0, 3, 4], "rotation": 270, "tintindex": 0,"texture": "#1"},
				"up": {"uv": [0, 0, 3, 4], "tintindex": 0,"texture": "#1"},
				"down": {"uv": [0, 0, 3, 4], "rotation": 180, "tintindex": 0,"texture": "#1"}
			}
		},
		{
			"from": [3.5, -1.5, 27.5],
			"to": [4.5, 0.5, 28.5],
			"rotation": {"angle": 0, "axis": "y", "origin": [4, -0.5, 28]},
			"faces": {
				"north": {"uv": [0, 6, 1, 7], "rotation": 180, "tintindex": 0,"texture": "#5"},
				"east": {"uv": [0, 6, 1, 7], "rotation": 90, "tintindex": 0,"texture": "#5"},
				"south": {"uv": [0, 6, 1, 7], "tintindex": 0,"texture": "#5"},
				"west": {"uv": [0, 6, 1, 7], "rotation": 270, "tintindex": 0,"texture": "#5"},
				"up": {"uv": [0, 6, 1, 7], "tintindex": 0,"texture": "#5"},
				"down": {"uv": [0, 6, 1, 7], "rotation": 180, "tintindex": 0,"texture": "#5"}
			}
		},
		{
			"from": [11.5, -1.5, 27.5],
			"to": [12.5, 0.5, 28.5],
			"rotation": {"angle": 0, "axis": "y", "origin": [12, -0.5, 28]},
			"faces": {
				"north": {"uv": [0, 6, 1, 7], "rotation": 180, "tintindex": 0,"texture": "#5"},
				"east": {"uv": [0, 6, 1, 7], "rotation": 90, "tintindex": 0,"texture": "#5"},
				"south": {"uv": [0, 6, 1, 7], "tintindex": 0,"texture": "#5"},
				"west": {"uv": [0, 6, 1, 7], "rotation": 270, "tintindex": 0,"texture": "#5"},
				"up": {"uv": [0, 6, 1, 7], "tintindex": 0,"texture": "#5"},
				"down": {"uv": [0, 6, 1, 7], "rotation": 180, "tintindex": 0,"texture": "#5"}
			}
		},
		{
			"from": [2.5, -1.5, 27.5],
			"to": [3.5, 0.5, 28.5],
			"rotation": {"angle": -22.5, "axis": "z", "origin": [3, -0.5, 28]},
			"faces": {
				"north": {"uv": [0, 6, 1, 7], "rotation": 180, "tintindex": 0,"texture": "#5"},
				"east": {"uv": [0, 6, 1, 7], "rotation": 90, "tintindex": 0,"texture": "#5"},
				"south": {"uv": [0, 6, 1, 7], "tintindex": 0,"texture": "#5"},
				"west": {"uv": [0, 6, 1, 7], "rotation": 270, "tintindex": 0,"texture": "#5"},
				"up": {"uv": [0, 6, 1, 7], "tintindex": 0,"texture": "#5"},
				"down": {"uv": [0, 6, 1, 7], "rotation": 180, "tintindex": 0,"texture": "#5"}
			}
		},
		{
			"from": [10.5, -1.5, 27.5],
			"to": [11.5, 0.5, 28.5],
			"rotation": {"angle": -22.5, "axis": "z", "origin": [11, -0.5, 28]},
			"faces": {
				"north": {"uv": [0, 6, 1, 7], "rotation": 180, "tintindex": 0,"texture": "#5"},
				"east": {"uv": [0, 6, 1, 7], "rotation": 90, "tintindex": 0,"texture": "#5"},
				"south": {"uv": [0, 6, 1, 7], "tintindex": 0,"texture": "#5"},
				"west": {"uv": [0, 6, 1, 7], "rotation": 270, "tintindex": 0,"texture": "#5"},
				"up": {"uv": [0, 6, 1, 7], "tintindex": 0,"texture": "#5"},
				"down": {"uv": [0, 6, 1, 7], "rotation": 180, "tintindex": 0,"texture": "#5"}
			}
		},
		{
			"from": [4.5, -1.5, 27.5],
			"to": [5.5, 0.5, 28.5],
			"rotation": {"angle": 22.5, "axis": "z", "origin": [5, -0.5, 28]},
			"faces": {
				"north": {"uv": [0, 6, 1, 7], "rotation": 180, "tintindex": 0,"texture": "#5"},
				"east": {"uv": [0, 6, 1, 7], "rotation": 90, "tintindex": 0,"texture": "#5"},
				"south": {"uv": [0, 6, 1, 7], "tintindex": 0,"texture": "#5"},
				"west": {"uv": [0, 6, 1, 7], "rotation": 270, "tintindex": 0,"texture": "#5"},
				"up": {"uv": [0, 6, 1, 7], "tintindex": 0,"texture": "#5"},
				"down": {"uv": [0, 6, 1, 7], "rotation": 180, "tintindex": 0,"texture": "#5"}
			}
		},
		{
			"from": [12.5, -1.5, 27.5],
			"to": [13.5, 0.5, 28.5],
			"rotation": {"angle": 22.5, "axis": "z", "origin": [13, -0.5, 28]},
			"faces": {
				"north": {"uv": [0, 6, 1, 7], "rotation": 180, "tintindex": 0,"texture": "#5"},
				"east": {"uv": [0, 6, 1, 7], "rotation": 90, "tintindex": 0,"texture": "#5"},
				"south": {"uv": [0, 6, 1, 7], "tintindex": 0,"texture": "#5"},
				"west": {"uv": [0, 6, 1, 7], "rotation": 270, "tintindex": 0,"texture": "#5"},
				"up": {"uv": [0, 6, 1, 7], "tintindex": 0,"texture": "#5"},
				"down": {"uv": [0, 6, 1, 7], "rotation": 180, "tintindex": 0,"texture": "#5"}
			}
		},
		{
			"from": [5.5, -1.5, 9.5],
			"to": [10.5, 3.5, 14.5],
			"rotation": {"angle": 0, "axis": "y", "origin": [8, 0.5, 12.5]},
			"faces": {
				"north": {"uv": [0, 0, 5, 5], "rotation": 180, "tintindex": 0,"texture": "#3"},
				"east": {"uv": [0, 0, 5, 5], "rotation": 90, "tintindex": 0,"texture": "#3"},
				"south": {"uv": [0, 0, 5, 5], "tintindex": 0,"texture": "#3"},
				"west": {"uv": [0, 0, 5, 5], "rotation": 270, "tintindex": 0,"texture": "#3"},
				"up": {"uv": [0, 0, 5, 5], "tintindex": 0,"texture": "#3"},
				"down": {"uv": [0, 0, 5, 5], "rotation": 180, "tintindex": 0,"texture": "#3"}
			}
		},
		{
			"from": [7, -1.75, 10.75],
			"to": [9, -0.75, 12.75],
			"rotation": {"angle": 0, "axis": "y", "origin": [7.5, -1.25, 12.25]},
			"faces": {
				"north": {"uv": [0, 0, 2, 1], "rotation": 180, "tintindex": 0,"texture": "#4"},
				"east": {"uv": [0, 0, 1, 2], "rotation": 90, "tintindex": 0,"texture": "#4"},
				"south": {"uv": [0, 0, 2, 1], "tintindex": 0,"texture": "#4"},
				"west": {"uv": [0, 0, 1, 2], "rotation": 270, "tintindex": 0,"texture": "#4"},
				"up": {"uv": [0, 0, 2, 2], "tintindex": 0,"texture": "#4"},
				"down": {"uv": [0, 0, 2, 2], "rotation": 180, "tintindex": 0,"texture": "#4"}
			}
		},
		{
			"from": [4, 1.5, 9.5],
			"to": [12, 4.5, 15.5],
			"rotation": {"angle": 0, "axis": "y", "origin": [7, 3, 13.5]},
			"faces": {
				"north": {"uv": [0, 0, 8, 3], "rotation": 180, "tintindex": 0,"texture": "#0"},
				"east": {"uv": [0, 0, 3, 6], "rotation": 90, "tintindex": 0,"texture": "#0"},
				"south": {"uv": [0, 0, 8, 3], "tintindex": 0,"texture": "#0"},
				"west": {"uv": [0, 0, 3, 6], "rotation": 270, "tintindex": 0,"texture": "#0"},
				"up": {"uv": [4, 5, 12, 11], "tintindex": 0,"texture": "#0"},
				"down": {"uv": [4, 5, 12, 11], "rotation": 180, "tintindex": 0,"texture": "#0"}
			}
		},
		{
			"from": [-6.91399, 9.91201, 4.5],
			"to": [-6.41399, 15.91201, 16.5],
			"rotation": {"angle": 22.5, "axis": "z", "origin": [-6.37733, 13.09534, 11.05833]},
			"faces": {
				"north": {"uv": [0, 0, 6, 0.5], "rotation": 90, "tintindex": 0,"texture": "#1"},
				"east": {"uv": [0, 0, 6, 12], "rotation": 90, "tintindex": 0,"texture": "#1"},
				"south": {"uv": [0, 0, 6, 0.5], "rotation": 90, "tintindex": 0,"texture": "#1"},
				"west": {"uv": [0, 0, 6, 12], "rotation": 270, "tintindex": 0,"texture": "#1"},
				"up": {"uv": [0, 0, 0.5, 12], "tintindex": 0,"texture": "#1"},
				"down": {"uv": [0, 0, 0.5, 12], "rotation": 180, "tintindex": 0,"texture": "#1"}
			}
		},
		{
			"from": [-6.11399, 11.46201, 12.35],
			"to": [-6.10399, 11.96201, 12.85],
			"rotation": {"angle": 22.5, "axis": "z", "origin": [-6.37733, 13.09534, 11.05833]},
			"faces": {
				"north": {"uv": [0, 0, 0.5, 0.01], "rotation": 90, "tintindex": 0,"texture": "#3"},
				"east": {"uv": [0, 0, 0.5, 0.5], "rotation": 90, "tintindex": 0,"texture": "#3"},
				"south": {"uv": [0, 0, 0.5, 0.01], "rotation": 90, "tintindex": 0,"texture": "#3"},
				"west": {"uv": [0, 0, 0.5, 0.5], "rotation": 270, "tintindex": 0,"texture": "#3"},
				"up": {"uv": [0, 0, 0.01, 0.5], "tintindex": 0,"texture": "#3"},
				"down": {"uv": [0, 0, 0.01, 0.5], "rotation": 180, "tintindex": 0,"texture": "#3"}
			}
		},
		{
			"from": [-6.11399, 11.96201, 10.6],
			"to": [-6.10399, 13.46201, 12.1],
			"rotation": {"angle": 22.5, "axis": "z", "origin": [-6.37733, 13.09534, 11.05833]},
			"faces": {
				"north": {"uv": [0, 0, 1.5, 0.01], "rotation": 90, "tintindex": 0,"texture": "#3"},
				"east": {"uv": [0, 0, 1.5, 1.5], "rotation": 90, "tintindex": 0,"texture": "#3"},
				"south": {"uv": [0, 0, 1.5, 0.01], "rotation": 90, "tintindex": 0,"texture": "#3"},
				"west": {"uv": [0, 0, 1.5, 1.5], "rotation": 270, "tintindex": 0,"texture": "#3"},
				"up": {"uv": [0, 0, 0.01, 1.5], "tintindex": 0,"texture": "#3"},
				"down": {"uv": [0, 0, 0.01, 1.5], "rotation": 180, "tintindex": 0,"texture": "#3"}
			}
		},
		{
			"from": [-6.31399, 10.76201, 10.5],
			"to": [-6.30399, 13.56201, 13.3],
			"rotation": {"angle": 22.5, "axis": "z", "origin": [-6.37733, 13.09534, 11.05833]},
			"faces": {
				"north": {"uv": [0, 0, 2.8, 0.01], "rotation": 90, "tintindex": 0,"texture": "#4"},
				"east": {"uv": [0, 0, 2.8, 2.8], "rotation": 90, "tintindex": 0,"texture": "#4"},
				"south": {"uv": [0, 0, 2.8, 0.01], "rotation": 90, "tintindex": 0,"texture": "#4"},
				"west": {"uv": [0, 0, 2.8, 2.8], "rotation": 270, "tintindex": 0,"texture": "#4"},
				"up": {"uv": [0, 0, 0.01, 2.8], "tintindex": 0,"texture": "#4"},
				"down": {"uv": [0, 0, 0.01, 2.8], "rotation": 180, "tintindex": 0,"texture": "#4"}
			}
		},
		{
			"from": [-6.41399, 10.66201, 10.5],
			"to": [-6.40399, 13.66201, 13.5],
			"rotation": {"angle": 22.5, "axis": "z", "origin": [-6.37733, 13.09534, 11.05833]},
			"faces": {
				"north": {"uv": [0, 0, 3, 0.01], "rotation": 90, "tintindex": 0,"texture": "#3"},
				"east": {"uv": [0, 0, 3, 3], "rotation": 90, "tintindex": 0,"texture": "#3"},
				"south": {"uv": [0, 0, 3, 0.01], "rotation": 90, "tintindex": 0,"texture": "#3"},
				"west": {"uv": [0, 0, 3, 3], "rotation": 270, "tintindex": 0,"texture": "#3"},
				"up": {"uv": [0, 0, 0.01, 3], "tintindex": 0,"texture": "#3"},
				"down": {"uv": [0, 0, 0.01, 3], "rotation": 180, "tintindex": 0,"texture": "#3"}
			}
		},
		{
			"from": [-6.91399, 15.91201, 5.5],
			"to": [-6.41399, 17.91201, 10.5],
			"rotation": {"angle": 22.5, "axis": "z", "origin": [-6.37733, 13.09534, 11.05833]},
			"faces": {
				"north": {"uv": [0, 0, 2, 0.5], "rotation": 90, "tintindex": 0,"texture": "#1"},
				"east": {"uv": [0, 0, 2, 5], "rotation": 90, "tintindex": 0,"texture": "#1"},
				"south": {"uv": [0, 0, 2, 0.5], "rotation": 90, "tintindex": 0,"texture": "#1"},
				"west": {"uv": [0, 0, 2, 5], "rotation": 270, "tintindex": 0,"texture": "#1"},
				"up": {"uv": [0, 0, 0.5, 5], "tintindex": 0,"texture": "#1"},
				"down": {"uv": [0, 0, 0.5, 5], "rotation": 180, "tintindex": 0,"texture": "#1"}
			}
		},
		{
			"from": [22.40124, 9.91455, 4.5],
			"to": [22.90124, 15.91455, 16.5],
			"rotation": {"angle": -22.5, "axis": "z", "origin": [22.36457, 13.06455, 11.05833]},
			"faces": {
				"north": {"uv": [0, 0, 6, 0.5], "rotation": 270, "tintindex": 0,"texture": "#1"},
				"east": {"uv": [0, 0, 6, 12], "rotation": 90, "tintindex": 0,"texture": "#1"},
				"south": {"uv": [0, 0, 6, 0.5], "rotation": 270, "tintindex": 0,"texture": "#1"},
				"west": {"uv": [0, 0, 6, 12], "rotation": 270, "tintindex": 0,"texture": "#1"},
				"up": {"uv": [0, 0, 0.5, 12], "tintindex": 0,"texture": "#1"},
				"down": {"uv": [0, 0, 0.5, 12], "rotation": 180, "tintindex": 0,"texture": "#1"}
			}
		},
		{
			"from": [22.40124, 15.91455, 5.5],
			"to": [22.90124, 17.91455, 10.5],
			"rotation": {"angle": -22.5, "axis": "z", "origin": [22.36457, 13.06455, 11.05833]},
			"faces": {
				"north": {"uv": [0, 0, 2, 0.5], "rotation": 270, "tintindex": 0,"texture": "#1"},
				"east": {"uv": [0, 0, 2, 5], "rotation": 90, "tintindex": 0,"texture": "#1"},
				"south": {"uv": [0, 0, 2, 0.5], "rotation": 270, "tintindex": 0,"texture": "#1"},
				"west": {"uv": [0, 0, 2, 5], "rotation": 270, "tintindex": 0,"texture": "#1"},
				"up": {"uv": [0, 0, 0.5, 5], "tintindex": 0,"texture": "#1"},
				"down": {"uv": [0, 0, 0.5, 5], "rotation": 180, "tintindex": 0,"texture": "#1"}
			}
		},
		{
			"from": [22.09124, 12.36455, 12.35],
			"to": [22.10124, 12.86455, 12.85],
			"rotation": {"angle": -22.5, "axis": "z", "origin": [22.36457, 13.06455, 11.05833]},
			"faces": {
				"north": {"uv": [0, 0, 0.5, 0.01], "rotation": 270, "tintindex": 0,"texture": "#3"},
				"east": {"uv": [0, 0, 0.5, 0.5], "rotation": 90, "tintindex": 0,"texture": "#3"},
				"south": {"uv": [0, 0, 0.5, 0.01], "rotation": 270, "tintindex": 0,"texture": "#3"},
				"west": {"uv": [0, 0, 0.5, 0.5], "rotation": 270, "tintindex": 0,"texture": "#3"},
				"up": {"uv": [0, 0, 0.01, 0.5], "tintindex": 0,"texture": "#3"},
				"down": {"uv": [0, 0, 0.01, 0.5], "rotation": 180, "tintindex": 0,"texture": "#3"}
			}
		},
		{
			"from": [22.09124, 10.86455, 10.6],
			"to": [22.10124, 12.36455, 12.1],
			"rotation": {"angle": -22.5, "axis": "z", "origin": [22.36457, 13.06455, 11.05833]},
			"faces": {
				"north": {"uv": [0, 0, 1.5, 0.01], "rotation": 270, "tintindex": 0,"texture": "#3"},
				"east": {"uv": [0, 0, 1.5, 1.5], "rotation": 90, "tintindex": 0,"texture": "#3"},
				"south": {"uv": [0, 0, 1.5, 0.01], "rotation": 270, "tintindex": 0,"texture": "#3"},
				"west": {"uv": [0, 0, 1.5, 1.5], "rotation": 270, "tintindex": 0,"texture": "#3"},
				"up": {"uv": [0, 0, 0.01, 1.5], "tintindex": 0,"texture": "#3"},
				"down": {"uv": [0, 0, 0.01, 1.5], "rotation": 180, "tintindex": 0,"texture": "#3"}
			}
		},
		{
			"from": [22.29124, 10.76455, 10.5],
			"to": [22.30124, 13.56455, 13.3],
			"rotation": {"angle": -22.5, "axis": "z", "origin": [22.36457, 13.06455, 11.05833]},
			"faces": {
				"north": {"uv": [0, 0, 2.8, 0.01], "rotation": 270, "tintindex": 0,"texture": "#4"},
				"east": {"uv": [0, 0, 2.8, 2.8], "rotation": 90, "tintindex": 0,"texture": "#4"},
				"south": {"uv": [0, 0, 2.8, 0.01], "rotation": 270, "tintindex": 0,"texture": "#4"},
				"west": {"uv": [0, 0, 2.8, 2.8], "rotation": 270, "tintindex": 0,"texture": "#4"},
				"up": {"uv": [0, 0, 0.01, 2.8], "tintindex": 0,"texture": "#4"},
				"down": {"uv": [0, 0, 0.01, 2.8], "rotation": 180, "tintindex": 0,"texture": "#4"}
			}
		},
		{
			"from": [22.39124, 10.66455, 10.5],
			"to": [22.40124, 13.66455, 13.5],
			"rotation": {"angle": -22.5, "axis": "z", "origin": [22.36457, 13.06455, 11.05833]},
			"faces": {
				"north": {"uv": [0, 0, 3, 0.01], "rotation": 270, "tintindex": 0,"texture": "#3"},
				"east": {"uv": [0, 0, 3, 3], "rotation": 90, "tintindex": 0,"texture": "#3"},
				"south": {"uv": [0, 0, 3, 0.01], "rotation": 270, "tintindex": 0,"texture": "#3"},
				"west": {"uv": [0, 0, 3, 3], "rotation": 270, "tintindex": 0,"texture": "#3"},
				"up": {"uv": [0, 0, 0.01, 3], "tintindex": 0,"texture": "#3"},
				"down": {"uv": [0, 0, 0.01, 3], "rotation": 180, "tintindex": 0,"texture": "#3"}
			}
		},
		{
			"from": [5.75, -0.3, -2.1],
			"to": [10.25, 2.5, 7.8],
			"rotation": {"angle": 0, "axis": "x", "origin": [8, 0.6, 3.75], "rescale": true},
			"faces": {
				"north": {"uv": [0, 0, 5, 2], "rotation": 180, "tintindex": 0,"texture": "#6"},
				"east": {"uv": [0, 0, 2, 11], "rotation": 90, "tintindex": 0,"texture": "#6"},
				"south": {"uv": [0, 0, 5, 2], "tintindex": 0,"texture": "#6"},
				"west": {"uv": [0, 0, 2, 11], "rotation": 270, "tintindex": 0,"texture": "#6"},
				"up": {"uv": [0, 0, 5, 11], "tintindex": 0,"texture": "#8"},
				"down": {"uv": [0, 0, 5, 11], "rotation": 180, "tintindex": 0,"texture": "#6"}
			}
		},
		{
			"from": [10.25, 0.7, 0.6],
			"to": [12.05, 2.5, 7.8],
			"rotation": {"angle": 0, "axis": "x", "origin": [8, 1.6, 3.75], "rescale": true},
			"faces": {
				"north": {"uv": [0, 0, 2, 2], "rotation": 180, "tintindex": 0,"texture": "#6"},
				"east": {"uv": [0, 0, 2, 8], "rotation": 90, "tintindex": 0,"texture": "#6"},
				"south": {"uv": [0, 0, 2, 2], "tintindex": 0,"texture": "#6"},
				"west": {"uv": [0, 0, 2, 8], "rotation": 270, "tintindex": 0,"texture": "#6"},
				"up": {"uv": [0, 0, 2, 8], "tintindex": 0,"texture": "#8"},
				"down": {"uv": [0, 0, 2, 8], "rotation": 180, "tintindex": 0,"texture": "#6"}
			}
		},
		{
			"from": [3.95, 0.7, 0.6],
			"to": [5.75, 2.5, 7.8],
			"rotation": {"angle": 0, "axis": "x", "origin": [8, 1.6, 3.75], "rescale": true},
			"faces": {
				"north": {"uv": [0, 0, 2, 2], "rotation": 180, "tintindex": 0,"texture": "#6"},
				"east": {"uv": [0, 0, 2, 8], "rotation": 90, "tintindex": 0,"texture": "#6"},
				"south": {"uv": [0, 0, 2, 2], "tintindex": 0,"texture": "#6"},
				"west": {"uv": [0, 0, 2, 8], "rotation": 270, "tintindex": 0,"texture": "#6"},
				"up": {"uv": [0, 0, 2, 8], "tintindex": 0,"texture": "#8"},
				"down": {"uv": [0, 0, 2, 8], "rotation": 180, "tintindex": 0,"texture": "#6"}
			}
		},
		{
			"from": [3.5, 3.25, -0.5],
			"to": [5.5, 4.25, 7.5],
			"rotation": {"angle": 0, "axis": "x", "origin": [6, 3.75, 2], "rescale": true},
			"faces": {
				"north": {"uv": [0, 0, 2, 1], "rotation": 180, "tintindex": 0,"texture": "#6"},
				"east": {"uv": [0, 0, 1, 8], "rotation": 90, "tintindex": 0,"texture": "#6"},
				"south": {"uv": [0, 0, 2, 1], "tintindex": 0,"texture": "#6"},
				"west": {"uv": [0, 0, 1, 8], "rotation": 270, "tintindex": 0,"texture": "#6"},
				"up": {"uv": [0, 0, 2, 8], "tintindex": 0,"texture": "#6"},
				"down": {"uv": [0, 0, 2, 8], "rotation": 180, "tintindex": 0,"texture": "#8"}
			}
		},
		{
			"from": [5.5, 3.3, -3.5],
			"to": [10.5, 4.3, 7.5],
			"rotation": {"angle": 0, "axis": "x", "origin": [8, 3.8, 2], "rescale": true},
			"faces": {
				"north": {"uv": [0, 0, 5, 1], "rotation": 180, "tintindex": 0,"texture": "#6"},
				"east": {"uv": [0, 0, 1, 11], "rotation": 90, "tintindex": 0,"texture": "#6"},
				"south": {"uv": [0, 0, 5, 1], "tintindex": 0,"texture": "#6"},
				"west": {"uv": [0, 0, 1, 11], "rotation": 270, "tintindex": 0,"texture": "#6"},
				"up": {"uv": [0, 0, 5, 11], "tintindex": 0,"texture": "#6"},
				"down": {"uv": [0, 0, 5, 11], "rotation": 180, "tintindex": 0,"texture": "#8"}
			}
		},
		{
			"from": [10.5, 3.25, -0.5],
			"to": [12.5, 4.25, 7.5],
			"rotation": {"angle": 0, "axis": "x", "origin": [13, 3.75, 2], "rescale": true},
			"faces": {
				"north": {"uv": [0, 0, 2, 1], "rotation": 180, "tintindex": 0,"texture": "#6"},
				"east": {"uv": [0, 0, 1, 8], "rotation": 90, "tintindex": 0,"texture": "#6"},
				"south": {"uv": [0, 0, 2, 1], "tintindex": 0,"texture": "#6"},
				"west": {"uv": [0, 0, 1, 8], "rotation": 270, "tintindex": 0,"texture": "#6"},
				"up": {"uv": [0, 0, 2, 8], "tintindex": 0,"texture": "#6"},
				"down": {"uv": [0, 0, 2, 8], "rotation": 180, "tintindex": 0,"texture": "#8"}
			}
		}
	],
	"display": {
		"head": {
			"translation": [0, 15.25, -20.75],
			"scale": [4, 4, 4]
		}
	},
	"groups": [0, 1, 2, 3, 4, 5, 6, 7, 8, 9, 10, 11, 12, 13, 14, 15, 16, 17, 18, 19, 20, 21, 22, 23, 24, 25, 26, 27,
		{
			"name": "group",
			"origin": [-15, 5, 10],
			"children": [28, 29, 30, 31, 32, 33]
		},
		{
			"name": "group",
			"origin": [25.75, 5.5, 12],
			"children": [34, 35, 36, 37, 38, 39]
		},
		{
			"name": "group",
			"origin": [8, 1.6, 3.75],
			"children": [40, 41, 42]
		},
		{
			"name": "group",
			"origin": [13, 3.75, 2],
			"children": [43, 44, 45]
		}
	]
}