{
	"credit": "Made with Blockbench",
	"textures": {
		"1": "block/iron_block",
		"2": "block/mangrove_log",
		"3": "block/black_concrete",
		"4": "block/brown_wool",
		"5": "block/dark_oak_log",
		"6": "item/custom/character/budguy2",
		"7": "block/anvil",
		"8": "block/polished_andesite",
		"particle": "block/dark_oak_log"
	},
	"elements": [
		{
			"name": "head",
			"from": [4, 23.5, 4],
			"to": [12, 31.5, 12],
			"faces": {
				"north": {"uv": [2, 2, 4, 4], "tintindex": 0,"texture": "#6"},
				"east": {"uv": [0, 2, 2, 4], "tintindex": 0,"texture": "#6"},
				"south": {"uv": [6, 2, 8, 4], "tintindex": 0,"texture": "#6"},
				"west": {"uv": [4, 2, 6, 4], "tintindex": 0,"texture": "#6"},
				"up": {"uv": [4, 2, 2, 0], "tintindex": 0,"texture": "#6"},
				"down": {"uv": [6, 0, 4, 2], "tintindex": 0,"texture": "#6"}
			}
		},
		{
			"name": "body",
			"from": [4, 11.5, 6],
			"to": [12, 23.5, 10],
			"faces": {
				"north": {"uv": [5, 5, 7, 7.98], "tintindex": 0,"texture": "#6"},
				"east": {"uv": [4, 5, 5, 8], "tintindex": 0,"texture": "#6"},
				"south": {"uv": [8, 5, 10, 8], "tintindex": 0,"texture": "#6"},
				"west": {"uv": [7, 5, 8, 7.98], "tintindex": 0,"texture": "#6"},
				"up": {"uv": [7, 5, 5, 4], "tintindex": 0,"texture": "#6"},
				"down": {"uv": [9, 4, 7, 5], "tintindex": 0,"texture": "#6"}
			}
		},
		{
			"name": "right_arm",
			"from": [12, 11.5, 6],
			"to": [16, 23.5, 10],
			"faces": {
				"north": {"uv": [11, 5, 12, 8], "tintindex": 0,"texture": "#6"},
				"east": {"uv": [10, 5, 11, 8], "tintindex": 0,"texture": "#6"},
				"south": {"uv": [13, 5, 14, 8], "tintindex": 0,"texture": "#6"},
				"west": {"uv": [12, 5, 13, 8], "tintindex": 0,"texture": "#6"},
				"up": {"uv": [12, 5, 11, 4], "tintindex": 0,"texture": "#6"},
				"down": {"uv": [13, 4, 12, 5], "tintindex": 0,"texture": "#6"}
			}
		},
		{
			"name": "left_arm",
			"from": [0, 11.5, 6],
			"to": [4, 23.5, 10],
			"faces": {
				"north": {"uv": [9, 13, 10, 16], "tintindex": 0,"texture": "#6"},
				"east": {"uv": [8, 13, 9, 16], "tintindex": 0,"texture": "#6"},
				"south": {"uv": [11, 13, 12, 16], "tintindex": 0,"texture": "#6"},
				"west": {"uv": [10, 13, 11, 16], "tintindex": 0,"texture": "#6"},
				"up": {"uv": [10, 13, 9, 12], "tintindex": 0,"texture": "#6"},
				"down": {"uv": [11, 12, 10, 13], "tintindex": 0,"texture": "#6"}
			}
		},
		{
			"name": "right_leg",
			"from": [8, -0.5, 6],
			"to": [12, 11.5, 10],
			"faces": {
				"north": {"uv": [1, 5, 2, 8], "tintindex": 0,"texture": "#6"},
				"east": {"uv": [0, 5, 1, 8], "tintindex": 0,"texture": "#6"},
				"south": {"uv": [3, 5, 4, 8], "tintindex": 0,"texture": "#6"},
				"west": {"uv": [2, 5, 3, 8], "tintindex": 0,"texture": "#6"},
				"up": {"uv": [2, 5, 1, 4], "tintindex": 0,"texture": "#6"},
				"down": {"uv": [3, 4, 2, 5], "tintindex": 0,"texture": "#6"}
			}
		},
		{
			"name": "left_leg",
			"from": [4, -0.5, 6],
			"to": [8, 11.5, 10],
			"faces": {
				"north": {"uv": [5, 13, 6, 16], "tintindex": 0,"texture": "#6"},
				"east": {"uv": [4, 13, 5, 16], "tintindex": 0,"texture": "#6"},
				"south": {"uv": [7, 13, 8, 16], "tintindex": 0,"texture": "#6"},
				"west": {"uv": [6, 13, 7, 16], "tintindex": 0,"texture": "#6"},
				"up": {"uv": [6, 13, 5, 12], "tintindex": 0,"texture": "#6"},
				"down": {"uv": [7, 12, 6, 13], "tintindex": 0,"texture": "#6"}
			}
		},
		{
			"name": "head_2nd_layer",
			"from": [3.5, 23, 3.5],
			"to": [12.5, 32, 12.5],
			"faces": {
				"north": {"uv": [10, 2, 12, 4], "tintindex": 0,"texture": "#6"},
				"east": {"uv": [8, 2, 10, 4], "tintindex": 0,"texture": "#6"},
				"south": {"uv": [14, 2, 16, 4], "tintindex": 0,"texture": "#6"},
				"west": {"uv": [12, 2, 14, 4], "tintindex": 0,"texture": "#6"},
				"up": {"uv": [12, 2, 10, 0], "tintindex": 0,"texture": "#6"},
				"down": {"uv": [14, 0, 12, 2], "tintindex": 0,"texture": "#6"}
			}
		},
		{
			"name": "body_2nd_layer",
			"from": [4, 11.02, 5.5],
			"to": [12, 24.03, 10.5],
			"faces": {
				"north": {"uv": [5, 9, 7, 12], "tintindex": 0,"texture": "#6"},
				"east": {"uv": [4, 9, 5, 12], "tintindex": 0,"texture": "#6"},
				"south": {"uv": [8, 9, 10, 12], "tintindex": 0,"texture": "#6"},
				"west": {"uv": [7, 9, 8, 12], "tintindex": 0,"texture": "#6"},
				"up": {"uv": [7, 9, 5, 8], "tintindex": 0,"texture": "#6"},
				"down": {"uv": [9, 8, 7, 9], "tintindex": 0,"texture": "#6"}
			}
		},
		{
			"name": "right_arm_2nd_layer",
			"from": [11.5, 11, 5.5],
			"to": [16.49, 24, 10.5],
			"faces": {
				"north": {"uv": [11, 9, 12, 12], "tintindex": 0,"texture": "#6"},
				"east": {"uv": [10, 9, 11, 12], "tintindex": 0,"texture": "#6"},
				"south": {"uv": [13, 9, 14, 12], "tintindex": 0,"texture": "#6"},
				"west": {"uv": [12, 9, 13, 12], "tintindex": 0,"texture": "#6"},
				"up": {"uv": [12, 9, 11, 8], "tintindex": 0,"texture": "#6"},
				"down": {"uv": [13, 8, 12, 9], "tintindex": 0,"texture": "#6"}
			}
		},
		{
			"name": "left_arm_2nd_layer",
			"from": [-0.5, 11, 5.5],
			"to": [4.5, 24, 10.5],
			"faces": {
				"north": {"uv": [13, 13, 14, 16], "tintindex": 0,"texture": "#6"},
				"east": {"uv": [12, 13, 13, 16], "tintindex": 0,"texture": "#6"},
				"south": {"uv": [15, 13, 16, 16], "tintindex": 0,"texture": "#6"},
				"west": {"uv": [14, 13, 15, 16], "tintindex": 0,"texture": "#6"},
				"up": {"uv": [14, 13, 13, 12], "tintindex": 0,"texture": "#6"},
				"down": {"uv": [15, 12, 14, 13], "tintindex": 0,"texture": "#6"}
			}
		},
		{
			"name": "right_leg_2nd_layer",
			"from": [7.5, -1, 5.5],
			"to": [12.5, 12, 10.5],
			"faces": {
				"north": {"uv": [1, 9, 2, 12], "tintindex": 0,"texture": "#6"},
				"east": {"uv": [0, 9, 1, 12], "tintindex": 0,"texture": "#6"},
				"south": {"uv": [3, 9, 4, 12], "tintindex": 0,"texture": "#6"},
				"west": {"uv": [2, 9, 3, 12], "tintindex": 0,"texture": "#6"},
				"up": {"uv": [2, 9, 1, 8], "tintindex": 0,"texture": "#6"},
				"down": {"uv": [3, 8, 2, 9], "tintindex": 0,"texture": "#6"}
			}
		},
		{
			"name": "left_leg_2nd_layer",
			"from": [3.5, -1, 5.5],
			"to": [8.5, 12, 10.5],
			"faces": {
				"north": {"uv": [1, 13, 2, 16], "tintindex": 0,"texture": "#6"},
				"east": {"uv": [0, 13, 1, 16], "tintindex": 0,"texture": "#6"},
				"south": {"uv": [3, 13, 4, 16], "tintindex": 0,"texture": "#6"},
				"west": {"uv": [2, 13, 3, 16], "tintindex": 0,"texture": "#6"},
				"up": {"uv": [2, 12, 1, 11], "tintindex": 0,"texture": "#6"},
				"down": {"uv": [3, 12, 2, 13], "tintindex": 0,"texture": "#6"}
			}
		},
		{
			"from": [3.5, 11.5, 5.5],
			"to": [12.5, 13.5, 10.5],
			"faces": {
				"north": {"uv": [0, 0, 9, 2], "tintindex": 0,"texture": "#2"},
				"east": {"uv": [0, 0, 5, 2], "tintindex": 0,"texture": "#2"},
				"south": {"uv": [0, 0, 9, 2], "tintindex": 0,"texture": "#2"},
				"west": {"uv": [0, 0, 5, 2], "tintindex": 0,"texture": "#2"},
				"up": {"uv": [0, 0, 9, 5], "tintindex": 0,"texture": "#2"},
				"down": {"uv": [0, 0, 9, 5], "tintindex": 0,"texture": "#2"}
			}
		},
		{
			"from": [-0.75, 19.75, 5.5],
			"to": [2.25, 21.75, 10.5],
			"faces": {
				"north": {"uv": [4, 3, 7, 5], "tintindex": 0,"texture": "#1"},
				"east": {"uv": [4, 3, 9, 5], "tintindex": 0,"texture": "#1"},
				"south": {"uv": [4, 3, 7, 5], "tintindex": 0,"texture": "#1"},
				"west": {"uv": [4, 3, 9, 5], "tintindex": 0,"texture": "#1"},
				"up": {"uv": [4, 3, 7, 8], "tintindex": 0,"texture": "#1"},
				"down": {"uv": [4, 3, 7, 8], "tintindex": 0,"texture": "#1"}
			}
		},
		{
			"from": [2.25, 21.75, 5.5],
			"to": [4.25, 24.75, 10.5],
			"rotation": {"angle": 0, "axis": "z", "origin": [1.75, 23.75, 8]},
			"faces": {
				"north": {"uv": [4, 3, 7, 5], "rotation": 90, "tintindex": 0,"texture": "#1"},
				"east": {"uv": [4, 3, 7, 8], "rotation": 270, "tintindex": 0,"texture": "#1"},
				"south": {"uv": [4, 3, 7, 5], "rotation": 270, "tintindex": 0,"texture": "#1"},
				"west": {"uv": [4, 3, 7, 8], "rotation": 270, "tintindex": 0,"texture": "#1"},
				"up": {"uv": [4, 3, 9, 5], "rotation": 270, "tintindex": 0,"texture": "#1"},
				"down": {"uv": [4, 3, 9, 5], "rotation": 270, "tintindex": 0,"texture": "#1"}
			}
		},
		{
			"from": [-0.5, 21.5, 5.6],
			"to": [2.2, 24.5, 10.4],
			"faces": {
				"north": {"uv": [0, 0, 2.7, 3], "tintindex": 0,"texture": "#3"},
				"east": {"uv": [0, 0, 4.8, 3], "tintindex": 0,"texture": "#3"},
				"south": {"uv": [0, 0, 2.7, 3], "tintindex": 0,"texture": "#3"},
				"west": {"uv": [0, 0, 4.8, 3], "tintindex": 0,"texture": "#3"},
				"up": {"uv": [0, 0, 2.7, 4.8], "tintindex": 0,"texture": "#3"},
				"down": {"uv": [0, 0, 2.7, 4.8], "tintindex": 0,"texture": "#3"}
			}
		},
		{
			"from": [13.8, 21.5, 5.6],
			"to": [16.5, 24.5, 10.4],
			"rotation": {"angle": 0, "axis": "y", "origin": [16, 0, 0]},
			"faces": {
				"north": {"uv": [2.7, 0, 0, 3], "tintindex": 0,"texture": "#3"},
				"east": {"uv": [4.8, 0, 0, 3], "tintindex": 0,"texture": "#3"},
				"south": {"uv": [2.7, 0, 0, 3], "tintindex": 0,"texture": "#3"},
				"west": {"uv": [4.8, 0, 0, 3], "tintindex": 0,"texture": "#3"},
				"up": {"uv": [2.7, 0, 0, 4.8], "tintindex": 0,"texture": "#3"},
				"down": {"uv": [2.7, 0, 0, 4.8], "tintindex": 0,"texture": "#3"}
			}
		},
		{
			"from": [11.75, 21.75, 5.5],
			"to": [13.75, 24.75, 10.5],
			"rotation": {"angle": 0, "axis": "z", "origin": [14.25, 23.75, 8]},
			"faces": {
				"north": {"uv": [4, 5, 7, 3], "rotation": 90, "tintindex": 0,"texture": "#1"},
				"east": {"uv": [4, 8, 7, 3], "rotation": 270, "tintindex": 0,"texture": "#1"},
				"south": {"uv": [4, 5, 7, 3], "rotation": 270, "tintindex": 0,"texture": "#1"},
				"west": {"uv": [4, 8, 7, 3], "rotation": 270, "tintindex": 0,"texture": "#1"},
				"up": {"uv": [4, 5, 9, 3], "rotation": 270, "tintindex": 0,"texture": "#1"},
				"down": {"uv": [4, 5, 9, 3], "rotation": 270, "tintindex": 0,"texture": "#1"}
			}
		},
		{
			"from": [13.75, 19.75, 5.5],
			"to": [16.75, 21.75, 10.5],
			"rotation": {"angle": 0, "axis": "y", "origin": [16, 0, 0]},
			"faces": {
				"north": {"uv": [7, 3, 4, 5], "tintindex": 0,"texture": "#1"},
				"east": {"uv": [9, 3, 4, 5], "tintindex": 0,"texture": "#1"},
				"south": {"uv": [7, 3, 4, 5], "tintindex": 0,"texture": "#1"},
				"west": {"uv": [9, 3, 4, 5], "tintindex": 0,"texture": "#1"},
				"up": {"uv": [7, 3, 4, 8], "tintindex": 0,"texture": "#1"},
				"down": {"uv": [7, 3, 4, 8], "tintindex": 0,"texture": "#1"}
			}
		},
		{
			"from": [7, 16, 5.5],
			"to": [9, 17, 10.5],
			"faces": {
				"north": {"uv": [0, 0, 2, 1], "tintindex": 0,"texture": "#1"},
				"east": {"uv": [0, 0, 5, 1], "tintindex": 0,"texture": "#1"},
				"south": {"uv": [0, 0, 2, 1], "tintindex": 0,"texture": "#1"},
				"west": {"uv": [0, 0, 5, 1], "tintindex": 0,"texture": "#1"},
				"up": {"uv": [0, 0, 2, 5], "tintindex": 0,"texture": "#1"},
				"down": {"uv": [0, 0, 2, 5], "tintindex": 0,"texture": "#1"}
			}
		},
		{
			"from": [7, 19, 5.5],
			"to": [9, 20, 10.5],
			"faces": {
				"north": {"uv": [0, 0, 2, 1], "tintindex": 0,"texture": "#1"},
				"east": {"uv": [0, 0, 5, 1], "tintindex": 0,"texture": "#1"},
				"south": {"uv": [0, 0, 2, 1], "tintindex": 0,"texture": "#1"},
				"west": {"uv": [0, 0, 5, 1], "tintindex": 0,"texture": "#1"},
				"up": {"uv": [0, 0, 2, 5], "tintindex": 0,"texture": "#1"},
				"down": {"uv": [0, 0, 2, 5], "tintindex": 0,"texture": "#1"}
			}
		},
		{
			"from": [6, 17, 5.5],
			"to": [7, 19, 10.5],
			"rotation": {"angle": 0, "axis": "z", "origin": [8, 18, 6]},
			"faces": {
				"north": {"uv": [0, 0, 2, 1], "rotation": 90, "tintindex": 0,"texture": "#1"},
				"east": {"uv": [0, 0, 2, 5], "rotation": 270, "tintindex": 0,"texture": "#1"},
				"south": {"uv": [0, 0, 2, 1], "rotation": 270, "tintindex": 0,"texture": "#1"},
				"west": {"uv": [0, 0, 2, 5], "rotation": 270, "tintindex": 0,"texture": "#1"},
				"up": {"uv": [0, 0, 5, 1], "rotation": 270, "tintindex": 0,"texture": "#1"},
				"down": {"uv": [0, 0, 5, 1], "rotation": 270, "tintindex": 0,"texture": "#1"}
			}
		},
		{
			"from": [9, 17, 5.5],
			"to": [10, 19, 10.5],
			"rotation": {"angle": 0, "axis": "z", "origin": [8, 18, 6]},
			"faces": {
				"north": {"uv": [0, 0, 2, 1], "rotation": 90, "tintindex": 0,"texture": "#1"},
				"east": {"uv": [0, 0, 2, 5], "rotation": 270, "tintindex": 0,"texture": "#1"},
				"south": {"uv": [0, 0, 2, 1], "rotation": 270, "tintindex": 0,"texture": "#1"},
				"west": {"uv": [0, 0, 2, 5], "rotation": 270, "tintindex": 0,"texture": "#1"},
				"up": {"uv": [0, 0, 5, 1], "rotation": 270, "tintindex": 0,"texture": "#1"},
				"down": {"uv": [0, 0, 5, 1], "rotation": 270, "tintindex": 0,"texture": "#1"}
			}
		},
		{
			"from": [4.75, 19.5, 5.9],
			"to": [5.75, 24.5, 10.4],
			"rotation": {"angle": 45, "axis": "z", "origin": [6.5, 22, 6]},
			"faces": {
				"north": {"uv": [0, 0, 5, 1], "rotation": 90, "tintindex": 0,"texture": "#3"},
				"east": {"uv": [0, 0, 5, 4.5], "rotation": 270, "tintindex": 0,"texture": "#3"},
				"south": {"uv": [0, 0, 5, 1], "rotation": 270, "tintindex": 0,"texture": "#3"},
				"west": {"uv": [0, 0, 5, 4.5], "rotation": 270, "tintindex": 0,"texture": "#3"},
				"up": {"uv": [0, 0, 4.5, 1], "rotation": 270, "tintindex": 0,"texture": "#3"},
				"down": {"uv": [0, 0, 4.5, 1], "rotation": 270, "tintindex": 0,"texture": "#3"}
			}
		},
		{
			"from": [10.25, 19.5, 5.9],
			"to": [11.25, 24.5, 10.4],
			"rotation": {"angle": -45, "axis": "z", "origin": [9.5, 22, 6]},
			"faces": {
				"north": {"uv": [0, 1, 5, 2], "rotation": 90, "tintindex": 0,"texture": "#3"},
				"east": {"uv": [0, 1, 5, 5.5], "rotation": 270, "tintindex": 0,"texture": "#3"},
				"south": {"uv": [0, 1, 5, 2], "rotation": 270, "tintindex": 0,"texture": "#3"},
				"west": {"uv": [0, 1, 5, 5.5], "rotation": 270, "tintindex": 0,"texture": "#3"},
				"up": {"uv": [0, 1, 4.5, 2], "rotation": 270, "tintindex": 0,"texture": "#3"},
				"down": {"uv": [0, 1, 4.5, 2], "rotation": 270, "tintindex": 0,"texture": "#3"}
			}
		},
		{
			"from": [3.25, 15.75, 5.75],
			"to": [12.75, 16.75, 10.25],
			"faces": {
				"north": {"uv": [0, 0, 9.5, 1], "tintindex": 0,"texture": "#3"},
				"east": {"uv": [0, 0, 4.5, 1], "tintindex": 0,"texture": "#3"},
				"south": {"uv": [0, 0, 9.5, 1], "tintindex": 0,"texture": "#3"},
				"west": {"uv": [0, 0, 4.5, 1], "tintindex": 0,"texture": "#3"},
				"up": {"uv": [0, 0, 9.5, 4.5], "tintindex": 0,"texture": "#3"},
				"down": {"uv": [0, 0, 9.5, 4.5], "tintindex": 0,"texture": "#3"}
			}
		},
		{
			"from": [3.75, -1, 5.75],
			"to": [8.25, 1, 10.25],
			"faces": {
				"north": {"uv": [0, 0, 4.5, 2], "tintindex": 0,"texture": "#3"},
				"east": {"uv": [0, 0, 4.5, 2], "tintindex": 0,"texture": "#3"},
				"south": {"uv": [0, 0, 4.5, 2], "tintindex": 0,"texture": "#3"},
				"west": {"uv": [0, 0, 4.5, 2], "tintindex": 0,"texture": "#3"},
				"up": {"uv": [0, 0, 4.5, 4.5], "tintindex": 0,"texture": "#3"},
				"down": {"uv": [0, 0, 4.5, 4.5], "tintindex": 0,"texture": "#3"}
			}
		},
		{
			"from": [7.75, -1, 5.75],
			"to": [12.25, 1, 10.25],
			"faces": {
				"north": {"uv": [0, 0, 4.5, 2], "tintindex": 0,"texture": "#3"},
				"east": {"uv": [0, 0, 4.5, 2], "tintindex": 0,"texture": "#3"},
				"south": {"uv": [0, 0, 4.5, 2], "tintindex": 0,"texture": "#3"},
				"west": {"uv": [0, 0, 4.5, 2], "tintindex": 0,"texture": "#3"},
				"up": {"uv": [0, 0, 4.5, 4.5], "tintindex": 0,"texture": "#3"},
				"down": {"uv": [0, 0, 4.5, 4.5], "tintindex": 0,"texture": "#3"}
			}
		},
		{
			"from": [4.75, 7.25, 5],
			"to": [10.75, 12.25, 7],
			"faces": {
				"north": {"uv": [0, 0, 6, 5], "tintindex": 0,"texture": "#5"},
				"east": {"uv": [0, 0, 2, 5], "tintindex": 0,"texture": "#5"},
				"south": {"uv": [0, 0, 6, 5], "tintindex": 0,"texture": "#5"},
				"west": {"uv": [0, 0, 2, 5], "tintindex": 0,"texture": "#5"},
				"up": {"uv": [0, 0, 6, 2], "tintindex": 0,"texture": "#5"},
				"down": {"uv": [0, 0, 6, 2], "tintindex": 0,"texture": "#5"}
			}
		},
		{
			"from": [4.75, 7.25, 9],
			"to": [10.75, 12.25, 11],
			"faces": {
				"north": {"uv": [0, 0, 6, 5], "tintindex": 0,"texture": "#5"},
				"east": {"uv": [0, 0, 2, 5], "tintindex": 0,"texture": "#5"},
				"south": {"uv": [0, 0, 6, 5], "tintindex": 0,"texture": "#5"},
				"west": {"uv": [0, 0, 2, 5], "tintindex": 0,"texture": "#5"},
				"up": {"uv": [0, 0, 6, 2], "tintindex": 0,"texture": "#5"},
				"down": {"uv": [0, 0, 6, 2], "tintindex": 0,"texture": "#5"}
			}
		},
		{
			"from": [3, 8, 6],
			"to": [5, 12, 10],
			"faces": {
				"north": {"uv": [0, 0, 2, 4], "tintindex": 0,"texture": "#5"},
				"east": {"uv": [0, 0, 4, 4], "tintindex": 0,"texture": "#5"},
				"south": {"uv": [0, 0, 2, 4], "tintindex": 0,"texture": "#5"},
				"west": {"uv": [0, 0, 4, 4], "tintindex": 0,"texture": "#5"},
				"up": {"uv": [0, 0, 2, 4], "tintindex": 0,"texture": "#5"},
				"down": {"uv": [0, 0, 2, 4], "tintindex": 0,"texture": "#5"}
			}
		},
		{
			"from": [11, 8, 6],
			"to": [13, 12, 10],
			"faces": {
				"north": {"uv": [0, 0, 2, 4], "tintindex": 0,"texture": "#5"},
				"east": {"uv": [0, 0, 4, 4], "tintindex": 0,"texture": "#5"},
				"south": {"uv": [0, 0, 2, 4], "tintindex": 0,"texture": "#5"},
				"west": {"uv": [0, 0, 4, 4], "tintindex": 0,"texture": "#5"},
				"up": {"uv": [0, 0, 2, 4], "tintindex": 0,"texture": "#5"},
				"down": {"uv": [0, 0, 2, 4], "tintindex": 0,"texture": "#5"}
			}
		},
		{
			"from": [3.75, 1, 5.75],
			"to": [8.25, 5, 7.25],
			"faces": {
				"north": {"uv": [2, 2, 6.5, 6], "tintindex": 0,"texture": "#7"},
				"east": {"uv": [2, 2, 6.5, 6], "tintindex": 0,"texture": "#7"},
				"south": {"uv": [2, 2, 6.5, 6], "tintindex": 0,"texture": "#7"},
				"west": {"uv": [2, 2, 6.5, 6], "tintindex": 0,"texture": "#7"},
				"up": {"uv": [2, 2, 6.5, 6.5], "tintindex": 0,"texture": "#7"},
				"down": {"uv": [2, 2, 6.5, 6.5], "tintindex": 0,"texture": "#7"}
			}
		},
		{
			"from": [7.75, 1, 5.75],
			"to": [12.25, 5, 7.25],
			"faces": {
				"north": {"uv": [2, 2, 6.5, 6], "tintindex": 0,"texture": "#7"},
				"east": {"uv": [2, 2, 6.5, 6], "tintindex": 0,"texture": "#7"},
				"south": {"uv": [2, 2, 6.5, 6], "tintindex": 0,"texture": "#7"},
				"west": {"uv": [2, 2, 6.5, 6], "tintindex": 0,"texture": "#7"},
				"up": {"uv": [2, 2, 6.5, 6.5], "tintindex": 0,"texture": "#7"},
				"down": {"uv": [2, 2, 6.5, 6.5], "tintindex": 0,"texture": "#7"}
			}
		},
		{
			"from": [3.75, 1, 7.25],
			"to": [8.25, 5, 10.25],
			"faces": {
				"north": {"uv": [2, 2, 6.5, 6], "tintindex": 0,"texture": "#4"},
				"east": {"uv": [2, 2, 6.5, 6], "tintindex": 0,"texture": "#4"},
				"south": {"uv": [2, 2, 6.5, 6], "tintindex": 0,"texture": "#4"},
				"west": {"uv": [2, 2, 6.5, 6], "tintindex": 0,"texture": "#4"},
				"up": {"uv": [2, 2, 6.5, 6.5], "tintindex": 0,"texture": "#4"},
				"down": {"uv": [2, 2, 6.5, 6.5], "tintindex": 0,"texture": "#4"}
			}
		},
		{
			"from": [3.75, 5, 5.75],
			"to": [8.25, 12, 10.25],
			"faces": {
				"north": {"uv": [2, 2, 6.5, 6], "tintindex": 0,"texture": "#4"},
				"east": {"uv": [2, 2, 6.5, 6], "tintindex": 0,"texture": "#4"},
				"south": {"uv": [2, 2, 6.5, 6], "tintindex": 0,"texture": "#4"},
				"west": {"uv": [2, 2, 6.5, 6], "tintindex": 0,"texture": "#4"},
				"up": {"uv": [2, 2, 6.5, 6.5], "tintindex": 0,"texture": "#4"},
				"down": {"uv": [2, 2, 6.5, 6.5], "tintindex": 0,"texture": "#4"}
			}
		},
		{
			"from": [3.75, 5, 5.75],
			"to": [8.25, 12, 10.25],
			"faces": {
				"north": {"uv": [2, 2, 6.5, 6], "tintindex": 0,"texture": "#4"},
				"east": {"uv": [2, 2, 6.5, 6], "tintindex": 0,"texture": "#4"},
				"south": {"uv": [2, 2, 6.5, 6], "tintindex": 0,"texture": "#4"},
				"west": {"uv": [2, 2, 6.5, 6], "tintindex": 0,"texture": "#4"},
				"up": {"uv": [2, 2, 6.5, 6.5], "tintindex": 0,"texture": "#4"},
				"down": {"uv": [2, 2, 6.5, 6.5], "tintindex": 0,"texture": "#4"}
			}
		},
		{
			"from": [7.75, 5, 5.75],
			"to": [12.25, 12, 10.25],
			"faces": {
				"north": {"uv": [2, 2, 6.5, 6], "tintindex": 0,"texture": "#4"},
				"east": {"uv": [2, 2, 6.5, 6], "tintindex": 0,"texture": "#4"},
				"south": {"uv": [2, 2, 6.5, 6], "tintindex": 0,"texture": "#4"},
				"west": {"uv": [2, 2, 6.5, 6], "tintindex": 0,"texture": "#4"},
				"up": {"uv": [2, 2, 6.5, 6.5], "tintindex": 0,"texture": "#4"},
				"down": {"uv": [2, 2, 6.5, 6.5], "tintindex": 0,"texture": "#4"}
			}
		},
		{
			"from": [7.75, 1, 7.25],
			"to": [12.25, 5, 10.25],
			"faces": {
				"north": {"uv": [2, 2, 6.5, 6], "tintindex": 0,"texture": "#4"},
				"east": {"uv": [2, 2, 6.5, 6], "tintindex": 0,"texture": "#4"},
				"south": {"uv": [2, 2, 6.5, 6], "tintindex": 0,"texture": "#4"},
				"west": {"uv": [2, 2, 6.5, 6], "tintindex": 0,"texture": "#4"},
				"up": {"uv": [2, 2, 6.5, 6.5], "tintindex": 0,"texture": "#4"},
				"down": {"uv": [2, 2, 6.5, 6.5], "tintindex": 0,"texture": "#4"}
			}
		},
		{
			"from": [13, 12, -5],
			"to": [15, 14, 11],
			"rotation": {"angle": 0, "axis": "x", "origin": [1, 17, 1]},
			"faces": {
				"north": {"uv": [0, 0, 2, 2], "rotation": 180, "tintindex": 0,"texture": "#5"},
				"east": {"uv": [0, 0, 2, 16], "rotation": 270, "tintindex": 0,"texture": "#5"},
				"south": {"uv": [0, 0, 2, 2], "tintindex": 0,"texture": "#5"},
				"west": {"uv": [0, 0, 2, 16], "rotation": 90, "tintindex": 0,"texture": "#5"},
				"up": {"uv": [0, 0, 2, 16], "rotation": 180, "tintindex": 0,"texture": "#5"},
				"down": {"uv": [0, 0, 2, 16], "tintindex": 0,"texture": "#5"}
			}
		},
		{
			"from": [10.75, 10, -7],
			"to": [16.75, 16, -1],
			"rotation": {"angle": 0, "axis": "y", "origin": [0.75, 0, 0]},
			"faces": {
				"north": {"uv": [6, 4, 12, 10], "tintindex": 0,"texture": "#8"},
				"east": {"uv": [6, 4, 12, 10], "tintindex": 0,"texture": "#8"},
				"south": {"uv": [6, 4, 12, 10], "tintindex": 0,"texture": "#8"},
				"west": {"uv": [6, 4, 12, 10], "tintindex": 0,"texture": "#8"},
				"up": {"uv": [6, 4, 12, 10], "tintindex": 0,"texture": "#8"},
				"down": {"uv": [6, 4, 12, 10], "tintindex": 0,"texture": "#8"}
			}
		},
		{
			"from": [10.75, 10.1, -7],
			"to": [16.75, 15.9, -1],
			"rotation": {"angle": 45, "axis": "y", "origin": [13.75, 13, -4]},
			"faces": {
				"north": {"uv": [6, 4, 12, 10], "tintindex": 0,"texture": "#8"},
				"east": {"uv": [6, 4, 12, 10], "tintindex": 0,"texture": "#8"},
				"south": {"uv": [6, 4, 12, 10], "tintindex": 0,"texture": "#8"},
				"west": {"uv": [6, 4, 12, 10], "tintindex": 0,"texture": "#8"},
				"up": {"uv": [6, 4, 12, 10], "tintindex": 0,"texture": "#8"},
				"down": {"uv": [6, 4, 12, 10], "tintindex": 0,"texture": "#8"}
			}
		},
		{
			"from": [10.85, 10, -7],
			"to": [16.65, 16, -1],
			"rotation": {"angle": 45, "axis": "x", "origin": [13.75, 13, -4]},
			"faces": {
				"north": {"uv": [6, 4, 12, 10], "tintindex": 0,"texture": "#8"},
				"east": {"uv": [6, 4, 12, 10], "tintindex": 0,"texture": "#8"},
				"south": {"uv": [6, 4, 12, 10], "tintindex": 0,"texture": "#8"},
				"west": {"uv": [6, 4, 12, 10], "tintindex": 0,"texture": "#8"},
				"up": {"uv": [6, 4, 12, 10], "tintindex": 0,"texture": "#8"},
				"down": {"uv": [6, 4, 12, 10], "tintindex": 0,"texture": "#8"}
			}
		},
		{
			"from": [10.75, 10, -6.9],
			"to": [16.75, 16, -1.1],
			"rotation": {"angle": -45, "axis": "z", "origin": [13.75, 13, -4]},
			"faces": {
				"north": {"uv": [6, 4, 12, 10], "tintindex": 0,"texture": "#8"},
				"east": {"uv": [6, 4, 12, 10], "tintindex": 0,"texture": "#8"},
				"south": {"uv": [6, 4, 12, 10], "tintindex": 0,"texture": "#8"},
				"west": {"uv": [6, 4, 12, 10], "tintindex": 0,"texture": "#8"},
				"up": {"uv": [6, 4, 12, 10], "tintindex": 0,"texture": "#8"},
				"down": {"uv": [6, 4, 12, 10], "tintindex": 0,"texture": "#8"}
			}
		}
	],
	"display": {
		"head": {
			"translation": [0, -30.5, 0],
			"scale": [1.6, 1.6, 1.6]
		}
	},
	"groups": [
		{
			"name": "steve",
			"origin": [8, 8, 8],
			"color": 0,
			"children": [0, 1, 2, 3, 4, 5, 6, 7, 8, 9, 10, 11]
		},
		12,
		13,
		14,
		15,
		16,
		17,
		18,
		19,
		20,
		21,
		22,
		23,
		24,
		25,
		26,
		27,
		28,
		29,
		30,
		31,
		32,
		33,
		34,
		35,
		36,
		37,
		38,
		39,
		40,
		41,
		42,
		43
	]
}