{
	"credit": "Made with Blockbench",
	"textures": {
		"1": "block/iron_block",
		"2": "block/mangrove_log",
		"3": "block/black_concrete",
		"5": "block/dark_oak_log",
		"6": "item/custom/character/budguy2",
		"particle": "block/dark_oak_log"
	},
	"elements": [
		{
			"name": "head",
			"from": [4, 23.5, 4],
			"to": [12, 31.5, 12],
			"faces": {
				"north": {"uv": [2, 2, 4, 4], "tintindex": 0,"texture": "#6"},
				"east": {"uv": [0, 2, 2, 4], "tintindex": 0,"texture": "#6"},
				"south": {"uv": [6, 2, 8, 4], "tintindex": 0,"texture": "#6"},
				"west": {"uv": [4, 2, 6, 4], "tintindex": 0,"texture": "#6"},
				"up": {"uv": [4, 2, 2, 0], "tintindex": 0,"texture": "#6"},
				"down": {"uv": [6, 0, 4, 2], "tintindex": 0,"texture": "#6"}
			}
		},
		{
			"name": "body",
			"from": [4, 11.5, 6],
			"to": [12, 23.5, 10],
			"faces": {
				"north": {"uv": [5, 5, 7, 7.98], "tintindex": 0,"texture": "#6"},
				"east": {"uv": [4, 5, 5, 8], "tintindex": 0,"texture": "#6"},
				"south": {"uv": [8, 5, 10, 8], "tintindex": 0,"texture": "#6"},
				"west": {"uv": [7, 5, 8, 7.98], "tintindex": 0,"texture": "#6"},
				"up": {"uv": [7, 5, 5, 4], "tintindex": 0,"texture": "#6"},
				"down": {"uv": [9, 4, 7, 5], "tintindex": 0,"texture": "#6"}
			}
		},
		{
			"name": "head_2nd_layer",
			"from": [3.5, 23, 3.5],
			"to": [12.5, 32, 12.5],
			"faces": {
				"north": {"uv": [10, 2, 12, 4], "tintindex": 0,"texture": "#6"},
				"east": {"uv": [8, 2, 10, 4], "tintindex": 0,"texture": "#6"},
				"south": {"uv": [14, 2, 16, 4], "tintindex": 0,"texture": "#6"},
				"west": {"uv": [12, 2, 14, 4], "tintindex": 0,"texture": "#6"},
				"up": {"uv": [12, 2, 10, 0], "tintindex": 0,"texture": "#6"},
				"down": {"uv": [14, 0, 12, 2], "tintindex": 0,"texture": "#6"}
			}
		},
		{
			"name": "body_2nd_layer",
			"from": [4, 11.02, 5.5],
			"to": [12, 24.03, 10.5],
			"faces": {
				"north": {"uv": [5, 9, 7, 12], "tintindex": 0,"texture": "#6"},
				"east": {"uv": [4, 9, 5, 12], "tintindex": 0,"texture": "#6"},
				"south": {"uv": [8, 9, 10, 12], "tintindex": 0,"texture": "#6"},
				"west": {"uv": [7, 9, 8, 12], "tintindex": 0,"texture": "#6"},
				"up": {"uv": [7, 9, 5, 8], "tintindex": 0,"texture": "#6"},
				"down": {"uv": [9, 8, 7, 9], "tintindex": 0,"texture": "#6"}
			}
		},
		{
			"from": [3.5, 11.5, 5.5],
			"to": [12.5, 13.5, 10.5],
			"faces": {
				"north": {"uv": [0, 0, 9, 2], "tintindex": 0,"texture": "#2"},
				"east": {"uv": [0, 0, 5, 2], "tintindex": 0,"texture": "#2"},
				"south": {"uv": [0, 0, 9, 2], "tintindex": 0,"texture": "#2"},
				"west": {"uv": [0, 0, 5, 2], "tintindex": 0,"texture": "#2"},
				"up": {"uv": [0, 0, 9, 5], "tintindex": 0,"texture": "#2"},
				"down": {"uv": [0, 0, 9, 5], "tintindex": 0,"texture": "#2"}
			}
		},
		{
			"from": [7, 16, 5.5],
			"to": [9, 17, 10.5],
			"faces": {
				"north": {"uv": [0, 0, 2, 1], "tintindex": 0,"texture": "#1"},
				"east": {"uv": [0, 0, 5, 1], "tintindex": 0,"texture": "#1"},
				"south": {"uv": [0, 0, 2, 1], "tintindex": 0,"texture": "#1"},
				"west": {"uv": [0, 0, 5, 1], "tintindex": 0,"texture": "#1"},
				"up": {"uv": [0, 0, 2, 5], "tintindex": 0,"texture": "#1"},
				"down": {"uv": [0, 0, 2, 5], "tintindex": 0,"texture": "#1"}
			}
		},
		{
			"from": [7, 19, 5.5],
			"to": [9, 20, 10.5],
			"faces": {
				"north": {"uv": [0, 0, 2, 1], "tintindex": 0,"texture": "#1"},
				"east": {"uv": [0, 0, 5, 1], "tintindex": 0,"texture": "#1"},
				"south": {"uv": [0, 0, 2, 1], "tintindex": 0,"texture": "#1"},
				"west": {"uv": [0, 0, 5, 1], "tintindex": 0,"texture": "#1"},
				"up": {"uv": [0, 0, 2, 5], "tintindex": 0,"texture": "#1"},
				"down": {"uv": [0, 0, 2, 5], "tintindex": 0,"texture": "#1"}
			}
		},
		{
			"from": [6, 17, 5.5],
			"to": [7, 19, 10.5],
			"rotation": {"angle": 0, "axis": "z", "origin": [8, 18, 6]},
			"faces": {
				"north": {"uv": [0, 0, 2, 1], "rotation": 90, "tintindex": 0,"texture": "#1"},
				"east": {"uv": [0, 0, 2, 5], "rotation": 270, "tintindex": 0,"texture": "#1"},
				"south": {"uv": [0, 0, 2, 1], "rotation": 270, "tintindex": 0,"texture": "#1"},
				"west": {"uv": [0, 0, 2, 5], "rotation": 270, "tintindex": 0,"texture": "#1"},
				"up": {"uv": [0, 0, 5, 1], "rotation": 270, "tintindex": 0,"texture": "#1"},
				"down": {"uv": [0, 0, 5, 1], "rotation": 270, "tintindex": 0,"texture": "#1"}
			}
		},
		{
			"from": [9, 17, 5.5],
			"to": [10, 19, 10.5],
			"rotation": {"angle": 0, "axis": "z", "origin": [8, 18, 6]},
			"faces": {
				"north": {"uv": [0, 0, 2, 1], "rotation": 90, "tintindex": 0,"texture": "#1"},
				"east": {"uv": [0, 0, 2, 5], "rotation": 270, "tintindex": 0,"texture": "#1"},
				"south": {"uv": [0, 0, 2, 1], "rotation": 270, "tintindex": 0,"texture": "#1"},
				"west": {"uv": [0, 0, 2, 5], "rotation": 270, "tintindex": 0,"texture": "#1"},
				"up": {"uv": [0, 0, 5, 1], "rotation": 270, "tintindex": 0,"texture": "#1"},
				"down": {"uv": [0, 0, 5, 1], "rotation": 270, "tintindex": 0,"texture": "#1"}
			}
		},
		{
			"from": [4.75, 19.5, 5.9],
			"to": [5.75, 24.5, 10.4],
			"rotation": {"angle": 45, "axis": "z", "origin": [6.5, 22, 6]},
			"faces": {
				"north": {"uv": [0, 0, 5, 1], "rotation": 90, "tintindex": 0,"texture": "#3"},
				"east": {"uv": [0, 0, 5, 4.5], "rotation": 270, "tintindex": 0,"texture": "#3"},
				"south": {"uv": [0, 0, 5, 1], "rotation": 270, "tintindex": 0,"texture": "#3"},
				"west": {"uv": [0, 0, 5, 4.5], "rotation": 270, "tintindex": 0,"texture": "#3"},
				"up": {"uv": [0, 0, 4.5, 1], "rotation": 270, "tintindex": 0,"texture": "#3"},
				"down": {"uv": [0, 0, 4.5, 1], "rotation": 270, "tintindex": 0,"texture": "#3"}
			}
		},
		{
			"from": [10.25, 19.5, 5.9],
			"to": [11.25, 24.5, 10.4],
			"rotation": {"angle": -45, "axis": "z", "origin": [9.5, 22, 6]},
			"faces": {
				"north": {"uv": [0, 1, 5, 2], "rotation": 90, "tintindex": 0,"texture": "#3"},
				"east": {"uv": [0, 1, 5, 5.5], "rotation": 270, "tintindex": 0,"texture": "#3"},
				"south": {"uv": [0, 1, 5, 2], "rotation": 270, "tintindex": 0,"texture": "#3"},
				"west": {"uv": [0, 1, 5, 5.5], "rotation": 270, "tintindex": 0,"texture": "#3"},
				"up": {"uv": [0, 1, 4.5, 2], "rotation": 270, "tintindex": 0,"texture": "#3"},
				"down": {"uv": [0, 1, 4.5, 2], "rotation": 270, "tintindex": 0,"texture": "#3"}
			}
		},
		{
			"from": [3.25, 15.75, 5.75],
			"to": [12.75, 16.75, 10.25],
			"faces": {
				"north": {"uv": [0, 0, 9.5, 1], "tintindex": 0,"texture": "#3"},
				"east": {"uv": [0, 0, 4.5, 1], "tintindex": 0,"texture": "#3"},
				"south": {"uv": [0, 0, 9.5, 1], "tintindex": 0,"texture": "#3"},
				"west": {"uv": [0, 0, 4.5, 1], "tintindex": 0,"texture": "#3"},
				"up": {"uv": [0, 0, 9.5, 4.5], "tintindex": 0,"texture": "#3"},
				"down": {"uv": [0, 0, 9.5, 4.5], "tintindex": 0,"texture": "#3"}
			}
		},
		{
			"from": [4.75, 7.25, 5],
			"to": [10.75, 12.25, 7],
			"faces": {
				"north": {"uv": [0, 0, 6, 5], "tintindex": 0,"texture": "#5"},
				"east": {"uv": [0, 0, 2, 5], "tintindex": 0,"texture": "#5"},
				"south": {"uv": [0, 0, 6, 5], "tintindex": 0,"texture": "#5"},
				"west": {"uv": [0, 0, 2, 5], "tintindex": 0,"texture": "#5"},
				"up": {"uv": [0, 0, 6, 2], "tintindex": 0,"texture": "#5"},
				"down": {"uv": [0, 0, 6, 2], "tintindex": 0,"texture": "#5"}
			}
		},
		{
			"from": [4.75, 7.25, 9],
			"to": [10.75, 12.25, 11],
			"faces": {
				"north": {"uv": [0, 0, 6, 5], "tintindex": 0,"texture": "#5"},
				"east": {"uv": [0, 0, 2, 5], "tintindex": 0,"texture": "#5"},
				"south": {"uv": [0, 0, 6, 5], "tintindex": 0,"texture": "#5"},
				"west": {"uv": [0, 0, 2, 5], "tintindex": 0,"texture": "#5"},
				"up": {"uv": [0, 0, 6, 2], "tintindex": 0,"texture": "#5"},
				"down": {"uv": [0, 0, 6, 2], "tintindex": 0,"texture": "#5"}
			}
		},
		{
			"from": [3, 8, 6],
			"to": [5, 12, 10],
			"faces": {
				"north": {"uv": [0, 0, 2, 4], "tintindex": 0,"texture": "#5"},
				"east": {"uv": [0, 0, 4, 4], "tintindex": 0,"texture": "#5"},
				"south": {"uv": [0, 0, 2, 4], "tintindex": 0,"texture": "#5"},
				"west": {"uv": [0, 0, 4, 4], "tintindex": 0,"texture": "#5"},
				"up": {"uv": [0, 0, 2, 4], "tintindex": 0,"texture": "#5"},
				"down": {"uv": [0, 0, 2, 4], "tintindex": 0,"texture": "#5"}
			}
		},
		{
			"from": [11, 8, 6],
			"to": [13, 12, 10],
			"faces": {
				"north": {"uv": [0, 0, 2, 4], "tintindex": 0,"texture": "#5"},
				"east": {"uv": [0, 0, 4, 4], "tintindex": 0,"texture": "#5"},
				"south": {"uv": [0, 0, 2, 4], "tintindex": 0,"texture": "#5"},
				"west": {"uv": [0, 0, 4, 4], "tintindex": 0,"texture": "#5"},
				"up": {"uv": [0, 0, 2, 4], "tintindex": 0,"texture": "#5"},
				"down": {"uv": [0, 0, 2, 4], "tintindex": 0,"texture": "#5"}
			}
		}
	],
	"display": {
		"head": {
			"translation": [0, -31.25, 0],
			"scale": [1.6, 1.6, 1.6]
		}
	},
	"groups": [
		{
			"name": "steve",
			"origin": [8, 8, 8],
			"color": 0,
			"children": [0, 1, 2, 3]
		},
		4,
		5,
		6,
		7,
		8,
		9,
		10,
		11,
		12,
		13,
		14,
		15
	]
}