{
	"credit": "Made with Blockbench",
	"textures": {
		"3": "block/black_concrete",
		"4": "block/brown_wool",
		"6": "item/custom/character/budguy2",
		"7": "block/anvil",
		"particle": "block/dark_oak_log"
	},
	"elements": [
		{
			"name": "right_leg",
			"from": [4, -0.5, 6],
			"to": [8, 11.5, 10],
			"rotation": {"angle": 0, "axis": "y", "origin": [16, 0, 0]},
			"faces": {
				"north": {"uv": [2, 5, 1, 8], "tintindex": 0,"texture": "#6"},
				"east": {"uv": [3, 5, 2, 8], "tintindex": 0,"texture": "#6"},
				"south": {"uv": [4, 5, 3, 8], "tintindex": 0,"texture": "#6"},
				"west": {"uv": [1, 5, 0, 8], "tintindex": 0,"texture": "#6"},
				"up": {"uv": [1, 5, 2, 4], "tintindex": 0,"texture": "#6"},
				"down": {"uv": [2, 4, 3, 5], "tintindex": 0,"texture": "#6"}
			}
		},
		{
			"name": "right_leg_2nd_layer",
			"from": [3.5, -1, 5.5],
			"to": [8.5, 12, 10.5],
			"rotation": {"angle": 0, "axis": "y", "origin": [16, 0, 0]},
			"faces": {
				"north": {"uv": [2, 9, 1, 12], "tintindex": 0,"texture": "#6"},
				"east": {"uv": [3, 9, 2, 12], "tintindex": 0,"texture": "#6"},
				"south": {"uv": [4, 9, 3, 12], "tintindex": 0,"texture": "#6"},
				"west": {"uv": [1, 9, 0, 12], "tintindex": 0,"texture": "#6"},
				"up": {"uv": [1, 9, 2, 8], "tintindex": 0,"texture": "#6"},
				"down": {"uv": [2, 8, 3, 9], "tintindex": 0,"texture": "#6"}
			}
		},
		{
			"from": [3.75, -1, 5.75],
			"to": [8.25, 1, 10.25],
			"rotation": {"angle": 0, "axis": "y", "origin": [16, 0, 0]},
			"faces": {
				"north": {"uv": [4.5, 0, 0, 2], "tintindex": 0,"texture": "#3"},
				"east": {"uv": [4.5, 0, 0, 2], "tintindex": 0,"texture": "#3"},
				"south": {"uv": [4.5, 0, 0, 2], "tintindex": 0,"texture": "#3"},
				"west": {"uv": [4.5, 0, 0, 2], "tintindex": 0,"texture": "#3"},
				"up": {"uv": [4.5, 0, 0, 4.5], "tintindex": 0,"texture": "#3"},
				"down": {"uv": [4.5, 0, 0, 4.5], "tintindex": 0,"texture": "#3"}
			}
		},
		{
			"from": [3.75, 1, 5.75],
			"to": [8.25, 5, 7.25],
			"rotation": {"angle": 0, "axis": "y", "origin": [16, 0, 0]},
			"faces": {
				"north": {"uv": [6.5, 2, 2, 6], "tintindex": 0,"texture": "#7"},
				"east": {"uv": [6.5, 2, 2, 6], "tintindex": 0,"texture": "#7"},
				"south": {"uv": [6.5, 2, 2, 6], "tintindex": 0,"texture": "#7"},
				"west": {"uv": [6.5, 2, 2, 6], "tintindex": 0,"texture": "#7"},
				"up": {"uv": [6.5, 2, 2, 6.5], "tintindex": 0,"texture": "#7"},
				"down": {"uv": [6.5, 2, 2, 6.5], "tintindex": 0,"texture": "#7"}
			}
		},
		{
			"from": [3.75, 5, 5.75],
			"to": [8.25, 12, 10.25],
			"rotation": {"angle": 0, "axis": "y", "origin": [16, 0, 0]},
			"faces": {
				"north": {"uv": [6.5, 2, 2, 6], "tintindex": 0,"texture": "#4"},
				"east": {"uv": [6.5, 2, 2, 6], "tintindex": 0,"texture": "#4"},
				"south": {"uv": [6.5, 2, 2, 6], "tintindex": 0,"texture": "#4"},
				"west": {"uv": [6.5, 2, 2, 6], "tintindex": 0,"texture": "#4"},
				"up": {"uv": [6.5, 2, 2, 6.5], "tintindex": 0,"texture": "#4"},
				"down": {"uv": [6.5, 2, 2, 6.5], "tintindex": 0,"texture": "#4"}
			}
		},
		{
			"from": [3.75, 1, 7.25],
			"to": [8.25, 5, 10.25],
			"rotation": {"angle": 0, "axis": "y", "origin": [16, 0, 0]},
			"faces": {
				"north": {"uv": [6.5, 2, 2, 6], "tintindex": 0,"texture": "#4"},
				"east": {"uv": [6.5, 2, 2, 6], "tintindex": 0,"texture": "#4"},
				"south": {"uv": [6.5, 2, 2, 6], "tintindex": 0,"texture": "#4"},
				"west": {"uv": [6.5, 2, 2, 6], "tintindex": 0,"texture": "#4"},
				"up": {"uv": [6.5, 2, 2, 6.5], "tintindex": 0,"texture": "#4"},
				"down": {"uv": [6.5, 2, 2, 6.5], "tintindex": 0,"texture": "#4"}
			}
		}
	],
	"display": {
		"head": {
			"translation": [3.25, -9, 0],
			"scale": [1.6, 1.6, 1.6]
		}
	},
	"groups": [
		{
			"name": "steve",
			"origin": [8, 8, 8],
			"color": 0,
			"children": [0, 1]
		},
		2,
		3,
		4,
		5
	]
}