{
	"credit": "Made with Blockbench",
	"textures": {
		"1": "block/iron_block",
		"3": "block/black_concrete",
		"6": "item/custom/character/budguy2",
		"particle": "block/dark_oak_log"
	},
	"elements": [
		{
			"name": "right_arm",
			"from": [0, 11.5, 6],
			"to": [4, 23.5, 10],
			"rotation": {"angle": 0, "axis": "y", "origin": [16, 0, 0]},
			"faces": {
				"north": {"uv": [12, 5, 11, 8], "tintindex": 0,"texture": "#6"},
				"east": {"uv": [13, 5, 12, 8], "tintindex": 0,"texture": "#6"},
				"south": {"uv": [14, 5, 13, 8], "tintindex": 0,"texture": "#6"},
				"west": {"uv": [11, 5, 10, 8], "tintindex": 0,"texture": "#6"},
				"up": {"uv": [11, 5, 12, 4], "tintindex": 0,"texture": "#6"},
				"down": {"uv": [12, 4, 13, 5], "tintindex": 0,"texture": "#6"}
			}
		},
		{
			"name": "right_arm_2nd_layer",
			"from": [-0.49, 11, 5.5],
			"to": [4.5, 24, 10.5],
			"rotation": {"angle": 0, "axis": "y", "origin": [16, 0, 0]},
			"faces": {
				"north": {"uv": [12, 9, 11, 12], "tintindex": 0,"texture": "#6"},
				"east": {"uv": [13, 9, 12, 12], "tintindex": 0,"texture": "#6"},
				"south": {"uv": [14, 9, 13, 12], "tintindex": 0,"texture": "#6"},
				"west": {"uv": [11, 9, 10, 12], "tintindex": 0,"texture": "#6"},
				"up": {"uv": [11, 9, 12, 8], "tintindex": 0,"texture": "#6"},
				"down": {"uv": [12, 8, 13, 9], "tintindex": 0,"texture": "#6"}
			}
		},
		{
			"from": [-0.5, 21.5, 5.6],
			"to": [2.2, 24.5, 10.4],
			"faces": {
				"north": {"uv": [0, 0, 2.7, 3], "tintindex": 0,"texture": "#3"},
				"east": {"uv": [0, 0, 4.8, 3], "tintindex": 0,"texture": "#3"},
				"south": {"uv": [0, 0, 2.7, 3], "tintindex": 0,"texture": "#3"},
				"west": {"uv": [0, 0, 4.8, 3], "tintindex": 0,"texture": "#3"},
				"up": {"uv": [0, 0, 2.7, 4.8], "tintindex": 0,"texture": "#3"},
				"down": {"uv": [0, 0, 2.7, 4.8], "tintindex": 0,"texture": "#3"}
			}
		},
		{
			"from": [2.25, 21.75, 5.5],
			"to": [4.25, 24.75, 10.5],
			"rotation": {"angle": 0, "axis": "z", "origin": [1.75, 23.75, 8]},
			"faces": {
				"north": {"uv": [4, 3, 7, 5], "rotation": 90, "tintindex": 0,"texture": "#1"},
				"east": {"uv": [4, 3, 7, 8], "rotation": 270, "tintindex": 0,"texture": "#1"},
				"south": {"uv": [4, 3, 7, 5], "rotation": 270, "tintindex": 0,"texture": "#1"},
				"west": {"uv": [4, 3, 7, 8], "rotation": 270, "tintindex": 0,"texture": "#1"},
				"up": {"uv": [4, 3, 9, 5], "rotation": 270, "tintindex": 0,"texture": "#1"},
				"down": {"uv": [4, 3, 9, 5], "rotation": 270, "tintindex": 0,"texture": "#1"}
			}
		},
		{
			"from": [-0.75, 19.75, 5.5],
			"to": [2.25, 21.75, 10.5],
			"faces": {
				"north": {"uv": [4, 3, 7, 5], "tintindex": 0,"texture": "#1"},
				"east": {"uv": [4, 3, 9, 5], "tintindex": 0,"texture": "#1"},
				"south": {"uv": [4, 3, 7, 5], "tintindex": 0,"texture": "#1"},
				"west": {"uv": [4, 3, 9, 5], "tintindex": 0,"texture": "#1"},
				"up": {"uv": [4, 3, 7, 8], "tintindex": 0,"texture": "#1"},
				"down": {"uv": [4, 3, 7, 8], "tintindex": 0,"texture": "#1"}
			}
		}
	],
	"display": {
		"head": {
			"rotation": [90, 0, 0],
			"translation": [9.5, -5.25, -25],
			"scale": [1.6, 1.6, 1.6]
		}
	},
	"groups": [
		{
			"name": "steve",
			"origin": [8, 8, 8],
			"color": 0,
			"children": [0, 1]
		},
		2,
		3,
		4
	]
}