{
	"credit": "Made with Blockbench",
	"textures": {
		"2": "block/black_wool",
		"particle": "block/bone_block_side"
	},
	"elements": [
		{
			"from": [5.5, -8, 5],
			"to": [6.5, 0, 11],
			"rotation": {"angle": -22.5, "axis": "z", "origin": [2.5, 9, 8]},
			"faces": {
				"north": {"uv": [0, 0, 1, 8], "tintindex": 0,"tintindex": 0,"texture": "#2"},
				"east": {"uv": [0, 0, 6, 8], "tintindex": 0,"tintindex": 0,"texture": "#2"},
				"south": {"uv": [0, 0, 1, 8], "tintindex": 0,"tintindex": 0,"texture": "#2"},
				"west": {"uv": [0, 0, 6, 8], "tintindex": 0,"tintindex": 0,"texture": "#2"},
				"up": {"uv": [0, 0, 1, 6], "tintindex": 0,"tintindex": 0,"texture": "#2"},
				"down": {"uv": [0, 0, 1, 6], "tintindex": 0,"tintindex": 0,"texture": "#2"}
			}
		},
		{
			"from": [3.5, -8, 3.5],
			"to": [4.5, 0, 6.5],
			"rotation": {"angle": -22.5, "axis": "z", "origin": [2.5, 9, 8]},
			"faces": {
				"north": {"uv": [0, 0, 1, 8], "tintindex": 0,"tintindex": 0,"texture": "#2"},
				"east": {"uv": [0, 0, 3, 8], "tintindex": 0,"tintindex": 0,"texture": "#2"},
				"south": {"uv": [0, 0, 1, 8], "tintindex": 0,"tintindex": 0,"texture": "#2"},
				"west": {"uv": [0, 0, 3, 8], "tintindex": 0,"tintindex": 0,"texture": "#2"},
				"up": {"uv": [0, 0, 1, 3], "tintindex": 0,"tintindex": 0,"texture": "#2"},
				"down": {"uv": [0, 0, 1, 3], "tintindex": 0,"tintindex": 0,"texture": "#2"}
			}
		},
		{
			"from": [3.5, -8, 9.5],
			"to": [4.5, 0, 12.5],
			"rotation": {"angle": -22.5, "axis": "z", "origin": [2.5, 9, 8]},
			"faces": {
				"north": {"uv": [0, 0, 1, 8], "tintindex": 0,"tintindex": 0,"texture": "#2"},
				"east": {"uv": [0, 0, 3, 8], "tintindex": 0,"tintindex": 0,"texture": "#2"},
				"south": {"uv": [0, 0, 1, 8], "tintindex": 0,"tintindex": 0,"texture": "#2"},
				"west": {"uv": [0, 0, 3, 8], "tintindex": 0,"tintindex": 0,"texture": "#2"},
				"up": {"uv": [0, 0, 1, 3], "tintindex": 0,"tintindex": 0,"texture": "#2"},
				"down": {"uv": [0, 0, 1, 3], "tintindex": 0,"tintindex": 0,"texture": "#2"}
			}
		},
		{
			"from": [2, 0, 5],
			"to": [8, 4, 11],
			"rotation": {"angle": 0, "axis": "y", "origin": [-4, 7, 0]},
			"faces": {
				"north": {"uv": [0, 0, 6, 4], "tintindex": 0,"tintindex": 0,"texture": "#2"},
				"east": {"uv": [0, 0, 6, 4], "tintindex": 0,"tintindex": 0,"texture": "#2"},
				"south": {"uv": [0, 0, 6, 4], "tintindex": 0,"tintindex": 0,"texture": "#2"},
				"west": {"uv": [0, 0, 6, 4], "tintindex": 0,"tintindex": 0,"texture": "#2"},
				"up": {"uv": [0, 0, 6, 6], "tintindex": 0,"tintindex": 0,"texture": "#2"},
				"down": {"uv": [0, 0, 6, 6], "tintindex": 0,"tintindex": 0,"texture": "#2"}
			}
		},
		{
			"from": [1, -9, 4],
			"to": [9, 2, 12],
			"rotation": {"angle": 0, "axis": "y", "origin": [-4, 7, 0]},
			"faces": {
				"north": {"uv": [0, 0, 8, 11], "tintindex": 0,"tintindex": 0,"texture": "#2"},
				"east": {"uv": [0, 0, 8, 11], "tintindex": 0,"tintindex": 0,"texture": "#2"},
				"south": {"uv": [0, 0, 8, 11], "tintindex": 0,"tintindex": 0,"texture": "#2"},
				"west": {"uv": [0, 0, 8, 11], "tintindex": 0,"tintindex": 0,"texture": "#2"},
				"up": {"uv": [0, 0, 8, 8], "tintindex": 0,"tintindex": 0,"texture": "#2"},
				"down": {"uv": [0, 0, 8, 8], "tintindex": 0,"tintindex": 0,"texture": "#2"}
			}
		},
		{
			"from": [1.5, -8, 6],
			"to": [8.5, 0, 8],
			"rotation": {"angle": 22.5, "axis": "x", "origin": [5, 4, 3.5]},
			"faces": {
				"north": {"uv": [0, 0, 7, 8], "tintindex": 0,"tintindex": 0,"texture": "#2"},
				"east": {"uv": [0, 0, 2, 8], "tintindex": 0,"tintindex": 0,"texture": "#2"},
				"south": {"uv": [0, 0, 7, 8], "tintindex": 0,"tintindex": 0,"texture": "#2"},
				"west": {"uv": [0, 0, 2, 8], "tintindex": 0,"tintindex": 0,"texture": "#2"},
				"up": {"uv": [0, 0, 7, 2], "tintindex": 0,"tintindex": 0,"texture": "#2"},
				"down": {"uv": [0, 0, 7, 2], "tintindex": 0,"tintindex": 0,"texture": "#2"}
			}
		},
		{
			"from": [1.5, -8, 8],
			"to": [8.5, 0, 10],
			"rotation": {"angle": -22.5, "axis": "x", "origin": [5, 4, 12.5]},
			"faces": {
				"north": {"uv": [0, 0, 7, 8], "tintindex": 0,"tintindex": 0,"texture": "#2"},
				"east": {"uv": [0, 0, 2, 8], "tintindex": 0,"tintindex": 0,"texture": "#2"},
				"south": {"uv": [0, 0, 7, 8], "tintindex": 0,"tintindex": 0,"texture": "#2"},
				"west": {"uv": [0, 0, 2, 8], "tintindex": 0,"tintindex": 0,"texture": "#2"},
				"up": {"uv": [0, 0, 7, 2], "tintindex": 0,"tintindex": 0,"texture": "#2"},
				"down": {"uv": [0, 0, 7, 2], "tintindex": 0,"tintindex": 0,"texture": "#2"}
			}
		}
	],
	"display": {
		"head": {
			"rotation": [0, 90, 0],
			"translation": [0, 12, -9.25],
			"scale": [3, 3, 3]
		}
	}
}