{
	"credit": "Made with Blockbench",
	"textures": {
		"0": "block/bone_block_side",
		"2": "block/black_wool",
		"particle": "block/bone_block_side"
	},
	"elements": [
		{
			"from": [3, 6, 12.5],
			"to": [7, 15, 15.5],
			"rotation": {"angle": -22.5, "axis": "x", "origin": [5, 10.5, 14]},
			"faces": {
				"north": {"uv": [0, 0, 4, 9], "tintindex": 0,"tintindex": 0,"texture": "#2"},
				"east": {"uv": [0, 0, 3, 9], "tintindex": 0,"tintindex": 0,"texture": "#2"},
				"south": {"uv": [0, 0, 4, 9], "tintindex": 0,"tintindex": 0,"texture": "#2"},
				"west": {"uv": [0, 0, 3, 9], "tintindex": 0,"tintindex": 0,"texture": "#2"},
				"up": {"uv": [0, 0, 4, 3], "tintindex": 0,"tintindex": 0,"texture": "#2"},
				"down": {"uv": [0, 0, 4, 3], "tintindex": 0,"tintindex": 0,"texture": "#2"}
			}
		},
		{
			"from": [3, 5, 12.5],
			"to": [11, 10, 15.5],
			"rotation": {"angle": -22.5, "axis": "z", "origin": [7.5, 8.5, 7.5]},
			"faces": {
				"north": {"uv": [0, 0, 8, 5], "tintindex": 0,"tintindex": 0,"texture": "#2"},
				"east": {"uv": [0, 0, 3, 5], "tintindex": 0,"tintindex": 0,"texture": "#2"},
				"south": {"uv": [0, 0, 8, 5], "tintindex": 0,"tintindex": 0,"texture": "#2"},
				"west": {"uv": [0, 0, 3, 5], "tintindex": 0,"tintindex": 0,"texture": "#2"},
				"up": {"uv": [0, 0, 8, 3], "tintindex": 0,"tintindex": 0,"texture": "#2"},
				"down": {"uv": [0, 0, 8, 3], "tintindex": 0,"tintindex": 0,"texture": "#2"}
			}
		},
		{
			"from": [10, 5, 14],
			"to": [12, 7, 15],
			"rotation": {"angle": 0, "axis": "y", "origin": [-4, 7, 0]},
			"faces": {
				"north": {"uv": [0, 0, 2, 2], "tintindex": 0,"tintindex": 0,"texture": "#0"},
				"east": {"uv": [0, 0, 1, 2], "tintindex": 0,"tintindex": 0,"texture": "#0"},
				"south": {"uv": [0, 0, 2, 2], "tintindex": 0,"tintindex": 0,"texture": "#0"},
				"west": {"uv": [0, 0, 1, 2], "tintindex": 0,"tintindex": 0,"texture": "#0"},
				"up": {"uv": [0, 0, 2, 1], "tintindex": 0,"tintindex": 0,"texture": "#0"},
				"down": {"uv": [0, 0, 2, 1], "tintindex": 0,"tintindex": 0,"texture": "#0"}
			}
		},
		{
			"from": [11.42074, 4.9, 12.88478],
			"to": [12.42074, 6.9, 14.88478],
			"rotation": {"angle": -22.5, "axis": "y", "origin": [11.92074, 5.9, 13.88478]},
			"faces": {
				"north": {"uv": [0, 0, 1, 2], "tintindex": 0,"tintindex": 0,"texture": "#0"},
				"east": {"uv": [0, 0, 2, 2], "tintindex": 0,"tintindex": 0,"texture": "#0"},
				"south": {"uv": [0, 0, 1, 2], "tintindex": 0,"tintindex": 0,"texture": "#0"},
				"west": {"uv": [0, 0, 2, 2], "tintindex": 0,"tintindex": 0,"texture": "#0"},
				"up": {"uv": [0, 0, 2, 1], "rotation": 270, "tintindex": 0,"tintindex": 0,"texture": "#0"},
				"down": {"uv": [0, 0, 2, 1], "rotation": 90, "tintindex": 0,"tintindex": 0,"texture": "#0"}
			}
		},
		{
			"from": [10.75, 7, 13],
			"to": [11.25, 7.5, 14],
			"rotation": {"angle": 0, "axis": "y", "origin": [-4, 7, 0]},
			"faces": {
				"north": {"uv": [0, 0, 0.5, 0.5], "tintindex": 0,"tintindex": 0,"texture": "#0"},
				"east": {"uv": [0, 0, 1, 0.5], "tintindex": 0,"tintindex": 0,"texture": "#0"},
				"south": {"uv": [0, 0, 0.5, 0.5], "tintindex": 0,"tintindex": 0,"texture": "#0"},
				"west": {"uv": [0, 0, 1, 0.5], "tintindex": 0,"tintindex": 0,"texture": "#0"},
				"up": {"uv": [0, 0, 0.5, 1], "tintindex": 0,"tintindex": 0,"texture": "#0"},
				"down": {"uv": [0, 0, 0.5, 1], "tintindex": 0,"tintindex": 0,"texture": "#0"}
			}
		}
	],
	"display": {
		"head": {
			"rotation": [0, 90, 0],
			"translation": [-13, -19.5, -10.5],
			"scale": [3, 3, 3]
		}
	}
}