{
	"credit": "Made with Blockbench",
	"textures": {
		"4": "block/crying_obsidian",
		"5": "block/blackstone_top",
		"10": "block/nether_portal",
		"particle": "block/bone_block_side"
	},
	"elements": [
		{
			"from": [-6.07459, -14.61236, 7.84759],
			"to": [-4.40937, 10.36588, 9.51281],
			"rotation": {"angle": -22.5, "axis": "z", "origin": [-5.24198, 4.53762, 8.6802]},
			"faces": {
				"north": {"uv": [0, 0, 1, 15], "tintindex": 0,"tintindex": 0,"texture": "#5"},
				"east": {"uv": [0, 0, 1, 15], "tintindex": 0,"tintindex": 0,"texture": "#5"},
				"south": {"uv": [0, 0, 1, 15], "tintindex": 0,"tintindex": 0,"texture": "#5"},
				"west": {"uv": [0, 0, 1, 15], "tintindex": 0,"tintindex": 0,"texture": "#5"},
				"up": {"uv": [0, 0, 1, 1], "tintindex": 0,"tintindex": 0,"texture": "#5"},
				"down": {"uv": [0, 0, 1, 1], "tintindex": 0,"tintindex": 0,"texture": "#5"}
			}
		},
		{
			"from": [-3.90759, 9.60361, 7.84759],
			"to": [-2.24238, 27.92098, 9.51281],
			"rotation": {"angle": 0, "axis": "z", "origin": [-3.07498, 18.7623, 8.6802]},
			"faces": {
				"north": {"uv": [0, 0, 1, 11], "rotation": 180, "tintindex": 0,"tintindex": 0,"texture": "#5"},
				"east": {"uv": [0, 0, 1, 11], "rotation": 180, "tintindex": 0,"tintindex": 0,"texture": "#5"},
				"south": {"uv": [0, 0, 1, 11], "rotation": 180, "tintindex": 0,"tintindex": 0,"texture": "#5"},
				"west": {"uv": [0, 0, 1, 11], "rotation": 180, "tintindex": 0,"tintindex": 0,"texture": "#5"},
				"up": {"uv": [0, 0, 1, 1], "rotation": 180, "tintindex": 0,"tintindex": 0,"texture": "#5"},
				"down": {"uv": [0, 0, 1, 1], "rotation": 180, "tintindex": 0,"tintindex": 0,"texture": "#5"}
			}
		},
		{
			"from": [-7.23802, 22.92534, 7.43129],
			"to": [-3.90759, 31.25142, 9.92911],
			"rotation": {"angle": -22.5, "axis": "z", "origin": [-3.07498, 18.7623, 8.6802]},
			"faces": {
				"north": {"uv": [0, 0, 2, 5], "tintindex": 0,"tintindex": 0,"texture": "#4"},
				"east": {"uv": [0, 0, 1.5, 5], "tintindex": 0,"tintindex": 0,"texture": "#4"},
				"south": {"uv": [0, 0, 2, 5], "tintindex": 0,"tintindex": 0,"texture": "#4"},
				"west": {"uv": [0, 0, 1.5, 5], "tintindex": 0,"tintindex": 0,"texture": "#4"},
				"up": {"uv": [0, 0, 2, 1.5], "tintindex": 0,"tintindex": 0,"texture": "#4"},
				"down": {"uv": [0, 0, 2, 1.5], "tintindex": 0,"tintindex": 0,"texture": "#4"}
			}
		},
		{
			"from": [-1.22663, 18.91864, 8.92998],
			"to": [13.76032, 25.57951, 9.0965],
			"rotation": {"angle": -22.5, "axis": "z", "origin": [10.42988, 23.08168, 9.84585]},
			"faces": {
				"north": {"uv": [0, 0, 9, 4], "tintindex": 0,"tintindex": 0,"texture": "#10"},
				"east": {"uv": [0, 0, 0.1, 4], "tintindex": 0,"tintindex": 0,"texture": "#10"},
				"south": {"uv": [0, 0, 9, 4], "tintindex": 0,"tintindex": 0,"texture": "#10"},
				"west": {"uv": [0, 0, 0.1, 4], "tintindex": 0,"tintindex": 0,"texture": "#10"},
				"up": {"uv": [0, 0, 9, 0.1], "tintindex": 0,"tintindex": 0,"texture": "#10"},
				"down": {"uv": [0, 0, 9, 0.1], "tintindex": 0,"tintindex": 0,"texture": "#10"}
			}
		},
		{
			"from": [13.76032, 17.25343, 8.92998],
			"to": [20.42118, 23.91429, 9.0965],
			"rotation": {"angle": -22.5, "axis": "z", "origin": [10.42988, 23.08168, 9.84585]},
			"faces": {
				"north": {"uv": [0, 0, 4, 4], "tintindex": 0,"tintindex": 0,"texture": "#10"},
				"east": {"uv": [0, 0, 0.1, 4], "tintindex": 0,"tintindex": 0,"texture": "#10"},
				"south": {"uv": [0, 0, 4, 4], "tintindex": 0,"tintindex": 0,"texture": "#10"},
				"west": {"uv": [0, 0, 0.1, 4], "tintindex": 0,"tintindex": 0,"texture": "#10"},
				"up": {"uv": [0, 0, 4, 0.1], "tintindex": 0,"tintindex": 0,"texture": "#10"},
				"down": {"uv": [0, 0, 4, 0.1], "tintindex": 0,"tintindex": 0,"texture": "#10"}
			}
		},
		{
			"from": [20.42118, 15.58821, 8.92998],
			"to": [25.41683, 22.24908, 9.0965],
			"rotation": {"angle": -22.5, "axis": "z", "origin": [10.42988, 23.08168, 9.84585]},
			"faces": {
				"north": {"uv": [0, 0, 3, 4], "tintindex": 0,"tintindex": 0,"texture": "#10"},
				"east": {"uv": [0, 0, 0.1, 4], "tintindex": 0,"tintindex": 0,"texture": "#10"},
				"south": {"uv": [0, 0, 3, 4], "tintindex": 0,"tintindex": 0,"texture": "#10"},
				"west": {"uv": [0, 0, 0.1, 4], "tintindex": 0,"tintindex": 0,"texture": "#10"},
				"up": {"uv": [0, 0, 3, 0.1], "tintindex": 0,"tintindex": 0,"texture": "#10"},
				"down": {"uv": [0, 0, 3, 0.1], "tintindex": 0,"tintindex": 0,"texture": "#10"}
			}
		},
		{
			"from": [25.41683, 12.25778, 8.92998],
			"to": [28.74726, 18.91864, 9.0965],
			"rotation": {"angle": -22.5, "axis": "z", "origin": [10.42988, 23.08168, 9.84585]},
			"faces": {
				"north": {"uv": [0, 0, 2, 4], "tintindex": 0,"tintindex": 0,"texture": "#10"},
				"east": {"uv": [0, 0, 0.1, 4], "tintindex": 0,"tintindex": 0,"texture": "#10"},
				"south": {"uv": [0, 0, 2, 4], "tintindex": 0,"tintindex": 0,"texture": "#10"},
				"west": {"uv": [0, 0, 0.1, 4], "tintindex": 0,"tintindex": 0,"texture": "#10"},
				"up": {"uv": [0, 0, 2, 0.1], "tintindex": 0,"tintindex": 0,"texture": "#10"},
				"down": {"uv": [0, 0, 2, 0.1], "tintindex": 0,"tintindex": 0,"texture": "#10"}
			}
		}
	],
	"display": {
		"thirdperson_righthand": {
			"scale": [1, 0.99, 1]
		},
		"head": {
			"rotation": [0, 90, 0],
			"translation": [-17.5, 63.25, -73.25],
			"scale": [4, 4, 4]
		}
	}
}