{
	"credit": "Made with Blockbench",
	"textures": {
		"4": "block/crying_obsidian",
		"5": "block/blackstone_top",
		"10": "block/nether_portal",
		"particle": "block/bone_block_side"
	},
	"elements": [
		{
			"from": [11, -5, 2],
			"to": [12, 10, 3],
			"rotation": {"angle": -22.5, "axis": "z", "origin": [11.5, 6.5, 2.5]},
			"faces": {
				"north": {"uv": [0, 0, 1, 15], "tintindex": 0,"tintindex": 0,"texture": "#5"},
				"east": {"uv": [0, 0, 1, 15], "tintindex": 0,"tintindex": 0,"texture": "#5"},
				"south": {"uv": [0, 0, 1, 15], "tintindex": 0,"tintindex": 0,"texture": "#5"},
				"west": {"uv": [0, 0, 1, 15], "tintindex": 0,"tintindex": 0,"texture": "#5"},
				"up": {"uv": [0, 0, 1, 1], "tintindex": 0,"tintindex": 0,"texture": "#5"},
				"down": {"uv": [0, 0, 1, 1], "tintindex": 0,"tintindex": 0,"texture": "#5"}
			}
		},
		{
			"from": [12.30133, 9.54224, 2],
			"to": [13.30133, 20.54224, 3],
			"rotation": {"angle": 0, "axis": "z", "origin": [12.80133, 15.04224, 2.5]},
			"faces": {
				"north": {"uv": [0, 0, 1, 11], "rotation": 180, "tintindex": 0,"tintindex": 0,"texture": "#5"},
				"east": {"uv": [0, 0, 1, 11], "rotation": 180, "tintindex": 0,"tintindex": 0,"texture": "#5"},
				"south": {"uv": [0, 0, 1, 11], "rotation": 180, "tintindex": 0,"tintindex": 0,"texture": "#5"},
				"west": {"uv": [0, 0, 1, 11], "rotation": 180, "tintindex": 0,"tintindex": 0,"texture": "#5"},
				"up": {"uv": [0, 0, 1, 1], "rotation": 180, "tintindex": 0,"tintindex": 0,"texture": "#5"},
				"down": {"uv": [0, 0, 1, 1], "rotation": 180, "tintindex": 0,"tintindex": 0,"texture": "#5"}
			}
		},
		{
			"from": [10.30133, 17.54224, 1.75],
			"to": [12.30133, 22.54224, 3.25],
			"rotation": {"angle": -22.5, "axis": "z", "origin": [12.80133, 15.04224, 2.5]},
			"faces": {
				"north": {"uv": [0, 0, 2, 5], "tintindex": 0,"tintindex": 0,"texture": "#4"},
				"east": {"uv": [0, 0, 1.5, 5], "tintindex": 0,"tintindex": 0,"texture": "#4"},
				"south": {"uv": [0, 0, 2, 5], "tintindex": 0,"tintindex": 0,"texture": "#4"},
				"west": {"uv": [0, 0, 1.5, 5], "tintindex": 0,"tintindex": 0,"texture": "#4"},
				"up": {"uv": [0, 0, 2, 1.5], "tintindex": 0,"tintindex": 0,"texture": "#4"},
				"down": {"uv": [0, 0, 2, 1.5], "tintindex": 0,"tintindex": 0,"texture": "#4"}
			}
		},
		{
			"from": [13.91131, 15.13613, 2.65],
			"to": [22.91131, 19.13613, 2.75],
			"rotation": {"angle": -22.5, "axis": "z", "origin": [20.91131, 17.63613, 3.2]},
			"faces": {
				"north": {"uv": [0, 0, 9, 4], "tintindex": 0,"tintindex": 0,"texture": "#10"},
				"east": {"uv": [0, 0, 0.1, 4], "tintindex": 0,"tintindex": 0,"texture": "#10"},
				"south": {"uv": [0, 0, 9, 4], "tintindex": 0,"tintindex": 0,"texture": "#10"},
				"west": {"uv": [0, 0, 0.1, 4], "tintindex": 0,"tintindex": 0,"texture": "#10"},
				"up": {"uv": [0, 0, 9, 0.1], "tintindex": 0,"tintindex": 0,"texture": "#10"},
				"down": {"uv": [0, 0, 9, 0.1], "tintindex": 0,"tintindex": 0,"texture": "#10"}
			}
		},
		{
			"from": [22.91131, 14.13613, 2.65],
			"to": [26.91131, 18.13613, 2.75],
			"rotation": {"angle": -22.5, "axis": "z", "origin": [20.91131, 17.63613, 3.2]},
			"faces": {
				"north": {"uv": [0, 0, 4, 4], "tintindex": 0,"tintindex": 0,"texture": "#10"},
				"east": {"uv": [0, 0, 0.1, 4], "tintindex": 0,"tintindex": 0,"texture": "#10"},
				"south": {"uv": [0, 0, 4, 4], "tintindex": 0,"tintindex": 0,"texture": "#10"},
				"west": {"uv": [0, 0, 0.1, 4], "tintindex": 0,"tintindex": 0,"texture": "#10"},
				"up": {"uv": [0, 0, 4, 0.1], "tintindex": 0,"tintindex": 0,"texture": "#10"},
				"down": {"uv": [0, 0, 4, 0.1], "tintindex": 0,"tintindex": 0,"texture": "#10"}
			}
		},
		{
			"from": [26.91131, 13.13613, 2.65],
			"to": [29.91131, 17.13613, 2.75],
			"rotation": {"angle": -22.5, "axis": "z", "origin": [20.91131, 17.63613, 3.2]},
			"faces": {
				"north": {"uv": [0, 0, 3, 4], "tintindex": 0,"tintindex": 0,"texture": "#10"},
				"east": {"uv": [0, 0, 0.1, 4], "tintindex": 0,"tintindex": 0,"texture": "#10"},
				"south": {"uv": [0, 0, 3, 4], "tintindex": 0,"tintindex": 0,"texture": "#10"},
				"west": {"uv": [0, 0, 0.1, 4], "tintindex": 0,"tintindex": 0,"texture": "#10"},
				"up": {"uv": [0, 0, 3, 0.1], "tintindex": 0,"tintindex": 0,"texture": "#10"},
				"down": {"uv": [0, 0, 3, 0.1], "tintindex": 0,"tintindex": 0,"texture": "#10"}
			}
		},
		{
			"from": [29.91131, 11.13613, 2.65],
			"to": [31.91131, 15.13613, 2.75],
			"rotation": {"angle": -22.5, "axis": "z", "origin": [20.91131, 17.63613, 3.2]},
			"faces": {
				"north": {"uv": [0, 0, 2, 4], "tintindex": 0,"tintindex": 0,"texture": "#10"},
				"east": {"uv": [0, 0, 0.1, 4], "tintindex": 0,"tintindex": 0,"texture": "#10"},
				"south": {"uv": [0, 0, 2, 4], "tintindex": 0,"tintindex": 0,"texture": "#10"},
				"west": {"uv": [0, 0, 0.1, 4], "tintindex": 0,"tintindex": 0,"texture": "#10"},
				"up": {"uv": [0, 0, 2, 0.1], "tintindex": 0,"tintindex": 0,"texture": "#10"},
				"down": {"uv": [0, 0, 2, 0.1], "tintindex": 0,"tintindex": 0,"texture": "#10"}
			}
		}
	],
	"display": {
		"head": {
			"rotation": [0, 90, 0],
			"translation": [16.25, 7.25, 13.25],
			"scale": [3, 3, 3]
		}
	}
}