{
	"credit": "Made with Blockbench",
	"textures": {
		"0": "block/bone_block_side",
		"1": "block/soul_fire_1",
		"2": "block/black_wool",
		"3": "block/andesite",
		"4": "block/crying_obsidian",
		"7": "block/quartz_block_top",
		"8": "block/black_concrete",
		"10": "block/nether_portal",
		"particle": "block/bone_block_side"
	},
	"elements": [
		{
			"from": [5.0532, 18.185, 6.5574],
			"to": [5.136, 21.497, 9.8694],
			"rotation": {"angle": 45, "axis": "y", "origin": [4.9226, 26.841, 8.0414]},
			"faces": {
				"north": {"uv": [0, 0, 0.1, 4], "tintindex": 0,"tintindex": 0,"texture": "#1"},
				"east": {"uv": [0, 0, 16, 16], "tintindex": 0,"tintindex": 0,"texture": "#1"},
				"south": {"uv": [0, 0, 0.1, 4], "tintindex": 0,"tintindex": 0,"texture": "#1"},
				"west": {"uv": [0, 0, 16, 16], "tintindex": 0,"tintindex": 0,"texture": "#1"},
				"up": {"uv": [0, 0, 4, 0.1], "rotation": 270, "tintindex": 0,"tintindex": 0,"texture": "#1"},
				"down": {"uv": [0, 0, 4, 0.1], "rotation": 90, "tintindex": 0,"tintindex": 0,"texture": "#1"}
			}
		},
		{
			"from": [3.4386, 18.185, 8.172],
			"to": [6.7506, 21.497, 8.2548],
			"rotation": {"angle": 45, "axis": "y", "origin": [4.9226, 26.841, 8.0414]},
			"faces": {
				"north": {"uv": [0, 0, 16, 16], "tintindex": 0,"tintindex": 0,"texture": "#1"},
				"east": {"uv": [0, 0, 0.1, 4], "tintindex": 0,"tintindex": 0,"texture": "#1"},
				"south": {"uv": [0, 0, 16, 16], "tintindex": 0,"tintindex": 0,"texture": "#1"},
				"west": {"uv": [0, 0, 0.1, 4], "tintindex": 0,"tintindex": 0,"texture": "#1"},
				"up": {"uv": [0, 0, 4, 0.1], "rotation": 180, "tintindex": 0,"tintindex": 0,"texture": "#1"},
				"down": {"uv": [0, 0, 4, 0.1], "rotation": 180, "tintindex": 0,"tintindex": 0,"texture": "#1"}
			}
		},
		{
			"from": [6.97, 17.05, 7.1],
			"to": [7.57, 18.25, 8.9],
			"rotation": {"angle": 0, "axis": "y", "origin": [-0.23, 16.45, 3.2]},
			"faces": {
				"north": {"uv": [0, 0, 1, 2], "tintindex": 0,"tintindex": 0,"texture": "#0"},
				"east": {"uv": [0, 0, 3, 2], "tintindex": 0,"tintindex": 0,"texture": "#7"},
				"south": {"uv": [0, 0, 1, 2], "tintindex": 0,"tintindex": 0,"texture": "#0"},
				"west": {"uv": [0, 0, 3, 2], "tintindex": 0,"tintindex": 0,"texture": "#0"},
				"up": {"uv": [0, 0, 1, 3], "tintindex": 0,"tintindex": 0,"texture": "#0"},
				"down": {"uv": [0, 0, 1, 3], "tintindex": 0,"tintindex": 0,"texture": "#0"}
			}
		},
		{
			"from": [7.17, 18.05, 7.6],
			"to": [7.47, 19.05, 8.4],
			"rotation": {"angle": 0, "axis": "y", "origin": [-0.23, 16.45, 3.2]},
			"faces": {
				"north": {"uv": [0, 0, 1, 2], "tintindex": 0,"tintindex": 0,"texture": "#8"},
				"east": {"uv": [0, 0, 3, 2], "tintindex": 0,"tintindex": 0,"texture": "#8"},
				"south": {"uv": [0, 0, 1, 2], "tintindex": 0,"tintindex": 0,"texture": "#8"},
				"west": {"uv": [0, 0, 3, 2], "tintindex": 0,"tintindex": 0,"texture": "#8"},
				"up": {"uv": [0, 0, 1, 3], "tintindex": 0,"tintindex": 0,"texture": "#8"},
				"down": {"uv": [0, 0, 1, 3], "tintindex": 0,"tintindex": 0,"texture": "#8"}
			}
		},
		{
			"from": [6.82, 15.85, 7.1],
			"to": [7.42, 16.45, 8.9],
			"rotation": {"angle": 0, "axis": "y", "origin": [-0.38, 16.6, 3.2]},
			"faces": {
				"north": {"uv": [0, 0, 1, 1], "tintindex": 0,"tintindex": 0,"texture": "#0"},
				"east": {"uv": [0, 0, 3, 1], "tintindex": 0,"tintindex": 0,"texture": "#0"},
				"south": {"uv": [0, 0, 1, 1], "tintindex": 0,"tintindex": 0,"texture": "#0"},
				"west": {"uv": [0, 0, 3, 1], "tintindex": 0,"tintindex": 0,"texture": "#0"},
				"up": {"uv": [0, 0, 1, 3], "tintindex": 0,"tintindex": 0,"texture": "#0"},
				"down": {"uv": [0, 0, 1, 3], "tintindex": 0,"tintindex": 0,"texture": "#0"}
			}
		},
		{
			"from": [6.42147, 17.35, 5.77574],
			"to": [7.02147, 18.55, 7.57574],
			"rotation": {"angle": 45, "axis": "y", "origin": [6.72147, 17.95, 6.67574]},
			"faces": {
				"north": {"uv": [0, 0, 1, 2], "tintindex": 0,"tintindex": 0,"texture": "#0"},
				"east": {"uv": [0, 0, 3, 2], "tintindex": 0,"tintindex": 0,"texture": "#7"},
				"south": {"uv": [0, 0, 1, 2], "tintindex": 0,"tintindex": 0,"texture": "#0"},
				"west": {"uv": [0, 0, 3, 2], "tintindex": 0,"tintindex": 0,"texture": "#8"},
				"up": {"uv": [0, 0, 1, 3], "tintindex": 0,"tintindex": 0,"texture": "#0"},
				"down": {"uv": [0, 0, 1, 3], "tintindex": 0,"tintindex": 0,"texture": "#0"}
			}
		},
		{
			"from": [6.69574, 15.85, 6.2],
			"to": [7.29574, 16.45, 7.4],
			"rotation": {"angle": 45, "axis": "y", "origin": [6.99574, 18.1, 7.1]},
			"faces": {
				"north": {"uv": [0, 0, 1, 1], "tintindex": 0,"tintindex": 0,"texture": "#0"},
				"east": {"uv": [0, 0, 2, 1], "tintindex": 0,"tintindex": 0,"texture": "#0"},
				"south": {"uv": [0, 0, 1, 1], "tintindex": 0,"tintindex": 0,"texture": "#0"},
				"west": {"uv": [0, 0, 2, 1], "tintindex": 0,"tintindex": 0,"texture": "#0"},
				"up": {"uv": [0, 0, 1, 2], "tintindex": 0,"tintindex": 0,"texture": "#0"},
				"down": {"uv": [0, 0, 1, 2], "tintindex": 0,"tintindex": 0,"texture": "#0"}
			}
		},
		{
			"from": [6.42147, 19.45, 5.77574],
			"to": [7.02147, 20.65, 7.57574],
			"rotation": {"angle": 45, "axis": "y", "origin": [6.72147, 17.95, 6.67574]},
			"faces": {
				"north": {"uv": [0, 0, 1, 2], "tintindex": 0,"tintindex": 0,"texture": "#0"},
				"east": {"uv": [0, 0, 3, 2], "tintindex": 0,"tintindex": 0,"texture": "#7"},
				"south": {"uv": [0, 0, 1, 2], "tintindex": 0,"tintindex": 0,"texture": "#7"},
				"west": {"uv": [0, 0, 3, 2], "tintindex": 0,"tintindex": 0,"texture": "#8"},
				"up": {"uv": [0, 0, 1, 3], "tintindex": 0,"tintindex": 0,"texture": "#7"},
				"down": {"uv": [0, 0, 1, 3], "tintindex": 0,"tintindex": 0,"texture": "#0"}
			}
		},
		{
			"from": [5.82147, 17.35, 9.02426],
			"to": [7.62147, 18.55, 9.62426],
			"rotation": {"angle": 45, "axis": "y", "origin": [6.72147, 17.95, 9.32426]},
			"faces": {
				"north": {"uv": [0, 0, 3, 2], "tintindex": 0,"tintindex": 0,"texture": "#8"},
				"east": {"uv": [0, 0, 1, 2], "tintindex": 0,"tintindex": 0,"texture": "#0"},
				"south": {"uv": [0, 0, 3, 2], "tintindex": 0,"tintindex": 0,"texture": "#7"},
				"west": {"uv": [0, 0, 1, 2], "tintindex": 0,"tintindex": 0,"texture": "#0"},
				"up": {"uv": [0, 0, 1, 3], "rotation": 270, "tintindex": 0,"tintindex": 0,"texture": "#0"},
				"down": {"uv": [0, 0, 1, 3], "rotation": 90, "tintindex": 0,"tintindex": 0,"texture": "#0"}
			}
		},
		{
			"from": [6.09574, 15.85, 8.6],
			"to": [7.29574, 16.45, 9.2],
			"rotation": {"angle": 45, "axis": "y", "origin": [6.99574, 18.1, 8.9]},
			"faces": {
				"north": {"uv": [0, 0, 2, 1], "tintindex": 0,"tintindex": 0,"texture": "#0"},
				"east": {"uv": [0, 0, 1, 1], "tintindex": 0,"tintindex": 0,"texture": "#0"},
				"south": {"uv": [0, 0, 2, 1], "tintindex": 0,"tintindex": 0,"texture": "#0"},
				"west": {"uv": [0, 0, 1, 1], "tintindex": 0,"tintindex": 0,"texture": "#0"},
				"up": {"uv": [0, 0, 1, 2], "rotation": 270, "tintindex": 0,"tintindex": 0,"texture": "#0"},
				"down": {"uv": [0, 0, 1, 2], "rotation": 90, "tintindex": 0,"tintindex": 0,"texture": "#0"}
			}
		},
		{
			"from": [5.82147, 19.45, 9.02426],
			"to": [7.62147, 20.65, 9.62426],
			"rotation": {"angle": 45, "axis": "y", "origin": [6.72147, 17.95, 9.32426]},
			"faces": {
				"north": {"uv": [0, 0, 3, 2], "tintindex": 0,"tintindex": 0,"texture": "#8"},
				"east": {"uv": [0, 0, 1, 2], "tintindex": 0,"tintindex": 0,"texture": "#7"},
				"south": {"uv": [0, 0, 3, 2], "tintindex": 0,"tintindex": 0,"texture": "#7"},
				"west": {"uv": [0, 0, 1, 2], "tintindex": 0,"tintindex": 0,"texture": "#0"},
				"up": {"uv": [0, 0, 1, 3], "rotation": 270, "tintindex": 0,"tintindex": 0,"texture": "#7"},
				"down": {"uv": [0, 0, 1, 3], "rotation": 90, "tintindex": 0,"tintindex": 0,"texture": "#0"}
			}
		},
		{
			"from": [7.18, 18.08952, 8.09323],
			"to": [7.78, 19.52952, 8.69323],
			"rotation": {"angle": -22.5, "axis": "x", "origin": [7.48, 18.68952, 8.39323]},
			"faces": {
				"north": {"uv": [0, 0, 1, 2.4], "tintindex": 0,"tintindex": 0,"texture": "#0"},
				"east": {"uv": [0, 0, 1, 2.4], "tintindex": 0,"tintindex": 0,"texture": "#7"},
				"south": {"uv": [0, 0, 1, 2.4], "tintindex": 0,"tintindex": 0,"texture": "#0"},
				"west": {"uv": [0, 0, 1, 2.4], "tintindex": 0,"tintindex": 0,"texture": "#8"},
				"up": {"uv": [0, 0, 1, 1], "tintindex": 0,"tintindex": 0,"texture": "#0"},
				"down": {"uv": [0, 0, 1, 1], "tintindex": 0,"tintindex": 0,"texture": "#0"}
			}
		},
		{
			"from": [7.18, 18.08952, 7.30677],
			"to": [7.78, 19.52952, 7.90677],
			"rotation": {"angle": 22.5, "axis": "x", "origin": [7.48, 18.68952, 7.60677]},
			"faces": {
				"north": {"uv": [0, 0, 1, 2.4], "tintindex": 0,"tintindex": 0,"texture": "#0"},
				"east": {"uv": [0, 0, 1, 2.4], "tintindex": 0,"tintindex": 0,"texture": "#7"},
				"south": {"uv": [0, 0, 1, 2.4], "tintindex": 0,"tintindex": 0,"texture": "#0"},
				"west": {"uv": [0, 0, 1, 2.4], "tintindex": 0,"tintindex": 0,"texture": "#8"},
				"up": {"uv": [0, 0, 1, 1], "tintindex": 0,"tintindex": 0,"texture": "#0"},
				"down": {"uv": [0, 0, 1, 1], "tintindex": 0,"tintindex": 0,"texture": "#0"}
			}
		},
		{
			"from": [6.97, 19.15, 7.1],
			"to": [7.57, 20.95, 8.9],
			"rotation": {"angle": 22.5, "axis": "z", "origin": [7.27, 20.05, 8]},
			"faces": {
				"north": {"uv": [0, 0, 1, 3], "tintindex": 0,"tintindex": 0,"texture": "#0"},
				"east": {"uv": [0, 0, 3, 3], "tintindex": 0,"tintindex": 0,"texture": "#7"},
				"south": {"uv": [0, 0, 1, 3], "tintindex": 0,"tintindex": 0,"texture": "#0"},
				"west": {"uv": [0, 0, 3, 3], "tintindex": 0,"tintindex": 0,"texture": "#8"},
				"up": {"uv": [0, 0, 1, 3], "tintindex": 0,"tintindex": 0,"texture": "#0"},
				"down": {"uv": [0, 0, 1, 3], "tintindex": 0,"tintindex": 0,"texture": "#0"}
			}
		},
		{
			"from": [3.89721, 18.25, 5.82721],
			"to": [6.29721, 20.65, 6.42721],
			"rotation": {"angle": 0, "axis": "y", "origin": [5.09721, 19.45, 6.12721]},
			"faces": {
				"north": {"uv": [0, 0, 4, 4], "tintindex": 0,"tintindex": 0,"texture": "#7"},
				"east": {"uv": [0, 0, 1, 4], "tintindex": 0,"tintindex": 0,"texture": "#7"},
				"south": {"uv": [0, 0, 4, 4], "tintindex": 0,"tintindex": 0,"texture": "#8"},
				"west": {"uv": [0, 0, 1, 4], "tintindex": 0,"tintindex": 0,"texture": "#7"},
				"up": {"uv": [0, 0, 4, 1], "tintindex": 0,"tintindex": 0,"texture": "#7"},
				"down": {"uv": [0, 0, 4, 1], "tintindex": 0,"tintindex": 0,"texture": "#0"}
			}
		},
		{
			"from": [4.17147, 15.85, 6.25147],
			"to": [6.57147, 17.65, 6.85147],
			"rotation": {"angle": 0, "axis": "y", "origin": [5.37147, 16.45, 6.55147]},
			"faces": {
				"north": {"uv": [0, 0, 4, 3], "tintindex": 0,"tintindex": 0,"texture": "#0"},
				"east": {"uv": [0, 0, 1, 3], "tintindex": 0,"tintindex": 0,"texture": "#0"},
				"south": {"uv": [0, 0, 4, 3], "tintindex": 0,"tintindex": 0,"texture": "#8"},
				"west": {"uv": [0, 0, 1, 3], "tintindex": 0,"tintindex": 0,"texture": "#0"},
				"up": {"uv": [0, 0, 4, 1], "tintindex": 0,"tintindex": 0,"texture": "#0"},
				"down": {"uv": [0, 0, 4, 1], "tintindex": 0,"tintindex": 0,"texture": "#0"}
			}
		},
		{
			"from": [4.17147, 15.85, 9.14853],
			"to": [6.57147, 17.65, 9.74853],
			"rotation": {"angle": 0, "axis": "y", "origin": [5.37147, 16.45, 6.44853]},
			"faces": {
				"north": {"uv": [0, 0, 4, 3], "tintindex": 0,"tintindex": 0,"texture": "#8"},
				"east": {"uv": [0, 0, 1, 3], "tintindex": 0,"tintindex": 0,"texture": "#0"},
				"south": {"uv": [0, 0, 4, 3], "tintindex": 0,"tintindex": 0,"texture": "#0"},
				"west": {"uv": [0, 0, 1, 3], "tintindex": 0,"tintindex": 0,"texture": "#0"},
				"up": {"uv": [0, 0, 4, 1], "tintindex": 0,"tintindex": 0,"texture": "#0"},
				"down": {"uv": [0, 0, 4, 1], "tintindex": 0,"tintindex": 0,"texture": "#0"}
			}
		},
		{
			"from": [3.89721, 18.25, 9.57279],
			"to": [6.29721, 20.65, 10.17279],
			"rotation": {"angle": 0, "axis": "y", "origin": [0.29721, 16.45, 3.57279]},
			"faces": {
				"north": {"uv": [0, 0, 4, 4], "tintindex": 0,"tintindex": 0,"texture": "#8"},
				"east": {"uv": [0, 0, 1, 4], "tintindex": 0,"tintindex": 0,"texture": "#7"},
				"south": {"uv": [0, 0, 4, 4], "tintindex": 0,"tintindex": 0,"texture": "#7"},
				"west": {"uv": [0, 0, 1, 4], "tintindex": 0,"tintindex": 0,"texture": "#7"},
				"up": {"uv": [0, 0, 4, 1], "tintindex": 0,"tintindex": 0,"texture": "#7"},
				"down": {"uv": [0, 0, 4, 1], "tintindex": 0,"tintindex": 0,"texture": "#0"}
			}
		},
		{
			"from": [3.97, 20.65, 6.2],
			"to": [6.37, 21.55, 9.8],
			"rotation": {"angle": 0, "axis": "y", "origin": [-0.23, 16.45, 3.2]},
			"faces": {
				"north": {"uv": [0, 0, 4, 1.5], "tintindex": 0,"tintindex": 0,"texture": "#7"},
				"east": {"uv": [0, 0, 6, 1.5], "tintindex": 0,"tintindex": 0,"texture": "#7"},
				"south": {"uv": [0, 0, 4, 1.5], "tintindex": 0,"tintindex": 0,"texture": "#7"},
				"west": {"uv": [0, 0, 6, 1.5], "tintindex": 0,"tintindex": 0,"texture": "#7"},
				"up": {"uv": [0, 0, 4, 6], "tintindex": 0,"tintindex": 0,"texture": "#7"},
				"down": {"uv": [0, 0, 4, 6], "tintindex": 0,"tintindex": 0,"texture": "#8"}
			}
		},
		{
			"from": [6.37, 20.65, 6.8],
			"to": [6.97, 21.25, 9.2],
			"rotation": {"angle": 0, "axis": "y", "origin": [-0.23, 16.45, 3.2]},
			"faces": {
				"north": {"uv": [0, 0, 1, 1], "tintindex": 0,"tintindex": 0,"texture": "#7"},
				"east": {"uv": [0, 0, 4, 1], "tintindex": 0,"tintindex": 0,"texture": "#7"},
				"south": {"uv": [0, 0, 1, 1], "tintindex": 0,"tintindex": 0,"texture": "#7"},
				"west": {"uv": [0, 0, 4, 1], "tintindex": 0,"tintindex": 0,"texture": "#0"},
				"up": {"uv": [0, 0, 1, 4], "tintindex": 0,"tintindex": 0,"texture": "#7"},
				"down": {"uv": [0, 0, 1, 4], "tintindex": 0,"tintindex": 0,"texture": "#0"}
			}
		},
		{
			"from": [2.77, 17.65, 6.2],
			"to": [3.97, 21.25, 9.8],
			"rotation": {"angle": 0, "axis": "y", "origin": [-0.23, 16.45, 3.2]},
			"faces": {
				"north": {"uv": [0, 0, 2, 6], "tintindex": 0,"tintindex": 0,"texture": "#7"},
				"east": {"uv": [0, 0, 6, 6], "tintindex": 0,"tintindex": 0,"texture": "#8"},
				"south": {"uv": [0, 0, 2, 6], "tintindex": 0,"tintindex": 0,"texture": "#7"},
				"west": {"uv": [0, 0, 6, 6], "tintindex": 0,"tintindex": 0,"texture": "#7"},
				"up": {"uv": [0, 0, 2, 6], "tintindex": 0,"tintindex": 0,"texture": "#7"},
				"down": {"uv": [0, 0, 2, 6], "tintindex": 0,"tintindex": 0,"texture": "#0"}
			}
		},
		{
			"from": [7.12, 16.75, 7.1],
			"to": [7.42, 17.05, 7.4],
			"rotation": {"angle": 0, "axis": "y", "origin": [-0.23, 16.45, 3.2]},
			"faces": {
				"north": {"uv": [0, 0, 0.5, 0.5], "tintindex": 0,"tintindex": 0,"texture": "#0"},
				"east": {"uv": [0, 0, 0.5, 0.5], "tintindex": 0,"tintindex": 0,"texture": "#0"},
				"south": {"uv": [0, 0, 0.5, 0.5], "tintindex": 0,"tintindex": 0,"texture": "#0"},
				"west": {"uv": [0, 0, 0.5, 0.5], "tintindex": 0,"tintindex": 0,"texture": "#0"},
				"up": {"uv": [0, 0, 0.5, 0.5], "tintindex": 0,"tintindex": 0,"texture": "#0"},
				"down": {"uv": [0, 0, 0.5, 0.5], "tintindex": 0,"tintindex": 0,"texture": "#0"}
			}
		},
		{
			"from": [7.12, 16.75, 7.7],
			"to": [7.42, 17.05, 8],
			"rotation": {"angle": 0, "axis": "y", "origin": [-0.23, 16.45, 3.2]},
			"faces": {
				"north": {"uv": [0, 0, 0.5, 0.5], "tintindex": 0,"tintindex": 0,"texture": "#0"},
				"east": {"uv": [0, 0, 0.5, 0.5], "tintindex": 0,"tintindex": 0,"texture": "#0"},
				"south": {"uv": [0, 0, 0.5, 0.5], "tintindex": 0,"tintindex": 0,"texture": "#0"},
				"west": {"uv": [0, 0, 0.5, 0.5], "tintindex": 0,"tintindex": 0,"texture": "#0"},
				"up": {"uv": [0, 0, 0.5, 0.5], "tintindex": 0,"tintindex": 0,"texture": "#0"},
				"down": {"uv": [0, 0, 0.5, 0.5], "tintindex": 0,"tintindex": 0,"texture": "#0"}
			}
		},
		{
			"from": [7.27, 16.75, 7.4],
			"to": [7.57, 17.05, 7.7],
			"rotation": {"angle": 0, "axis": "y", "origin": [-0.23, 16.45, 3.2]},
			"faces": {
				"north": {"uv": [0, 0, 0.5, 0.5], "tintindex": 0,"tintindex": 0,"texture": "#0"},
				"east": {"uv": [0, 0, 0.5, 0.5], "tintindex": 0,"tintindex": 0,"texture": "#0"},
				"south": {"uv": [0, 0, 0.5, 0.5], "tintindex": 0,"tintindex": 0,"texture": "#0"},
				"west": {"uv": [0, 0, 0.5, 0.5], "tintindex": 0,"tintindex": 0,"texture": "#0"},
				"up": {"uv": [0, 0, 0.5, 0.5], "tintindex": 0,"tintindex": 0,"texture": "#0"},
				"down": {"uv": [0, 0, 0.5, 0.5], "tintindex": 0,"tintindex": 0,"texture": "#0"}
			}
		},
		{
			"from": [7.12, 16.75, 8.3],
			"to": [7.42, 17.05, 8.6],
			"rotation": {"angle": 0, "axis": "y", "origin": [-0.23, 16.45, 3.2]},
			"faces": {
				"north": {"uv": [0, 0, 0.5, 0.5], "tintindex": 0,"tintindex": 0,"texture": "#0"},
				"east": {"uv": [0, 0, 0.5, 0.5], "tintindex": 0,"tintindex": 0,"texture": "#0"},
				"south": {"uv": [0, 0, 0.5, 0.5], "tintindex": 0,"tintindex": 0,"texture": "#0"},
				"west": {"uv": [0, 0, 0.5, 0.5], "tintindex": 0,"tintindex": 0,"texture": "#0"},
				"up": {"uv": [0, 0, 0.5, 0.5], "tintindex": 0,"tintindex": 0,"texture": "#0"},
				"down": {"uv": [0, 0, 0.5, 0.5], "tintindex": 0,"tintindex": 0,"texture": "#0"}
			}
		},
		{
			"from": [7.27, 16.75, 8],
			"to": [7.57, 17.05, 8.3],
			"rotation": {"angle": 0, "axis": "y", "origin": [-0.23, 16.45, 3.2]},
			"faces": {
				"north": {"uv": [0, 0, 0.5, 0.5], "tintindex": 0,"tintindex": 0,"texture": "#0"},
				"east": {"uv": [0, 0, 0.5, 0.5], "tintindex": 0,"tintindex": 0,"texture": "#0"},
				"south": {"uv": [0, 0, 0.5, 0.5], "tintindex": 0,"tintindex": 0,"texture": "#0"},
				"west": {"uv": [0, 0, 0.5, 0.5], "tintindex": 0,"tintindex": 0,"texture": "#0"},
				"up": {"uv": [0, 0, 0.5, 0.5], "tintindex": 0,"tintindex": 0,"texture": "#0"},
				"down": {"uv": [0, 0, 0.5, 0.5], "tintindex": 0,"tintindex": 0,"texture": "#0"}
			}
		},
		{
			"from": [7.27, 16.75, 8.6],
			"to": [7.57, 17.05, 8.9],
			"rotation": {"angle": 0, "axis": "y", "origin": [-0.23, 16.45, 3.2]},
			"faces": {
				"north": {"uv": [0, 0, 0.5, 0.5], "tintindex": 0,"tintindex": 0,"texture": "#0"},
				"east": {"uv": [0, 0, 0.5, 0.5], "tintindex": 0,"tintindex": 0,"texture": "#0"},
				"south": {"uv": [0, 0, 0.5, 0.5], "tintindex": 0,"tintindex": 0,"texture": "#0"},
				"west": {"uv": [0, 0, 0.5, 0.5], "tintindex": 0,"tintindex": 0,"texture": "#0"},
				"up": {"uv": [0, 0, 0.5, 0.5], "tintindex": 0,"tintindex": 0,"texture": "#0"},
				"down": {"uv": [0, 0, 0.5, 0.5], "tintindex": 0,"tintindex": 0,"texture": "#0"}
			}
		},
		{
			"from": [6.97, 16.45, 7.4],
			"to": [7.27, 16.75, 7.7],
			"rotation": {"angle": 0, "axis": "y", "origin": [7.195, 16.6, 8]},
			"faces": {
				"north": {"uv": [0, 0, 0.5, 0.5], "tintindex": 0,"tintindex": 0,"texture": "#0"},
				"east": {"uv": [0, 0, 0.5, 0.5], "tintindex": 0,"tintindex": 0,"texture": "#0"},
				"south": {"uv": [0, 0, 0.5, 0.5], "tintindex": 0,"tintindex": 0,"texture": "#0"},
				"west": {"uv": [0, 0, 0.5, 0.5], "tintindex": 0,"tintindex": 0,"texture": "#0"},
				"up": {"uv": [0, 0, 0.5, 0.5], "rotation": 180, "tintindex": 0,"tintindex": 0,"texture": "#0"},
				"down": {"uv": [0, 0, 0.5, 0.5], "rotation": 180, "tintindex": 0,"tintindex": 0,"texture": "#0"}
			}
		},
		{
			"from": [7.12, 16.45, 7.7],
			"to": [7.42, 16.75, 8],
			"rotation": {"angle": 0, "axis": "y", "origin": [7.195, 16.6, 8]},
			"faces": {
				"north": {"uv": [0, 0, 0.5, 0.5], "tintindex": 0,"tintindex": 0,"texture": "#0"},
				"east": {"uv": [0, 0, 0.5, 0.5], "tintindex": 0,"tintindex": 0,"texture": "#0"},
				"south": {"uv": [0, 0, 0.5, 0.5], "tintindex": 0,"tintindex": 0,"texture": "#0"},
				"west": {"uv": [0, 0, 0.5, 0.5], "tintindex": 0,"tintindex": 0,"texture": "#0"},
				"up": {"uv": [0, 0, 0.5, 0.5], "rotation": 180, "tintindex": 0,"tintindex": 0,"texture": "#0"},
				"down": {"uv": [0, 0, 0.5, 0.5], "rotation": 180, "tintindex": 0,"tintindex": 0,"texture": "#0"}
			}
		},
		{
			"from": [7.12, 16.45, 7.1],
			"to": [7.42, 16.75, 7.4],
			"rotation": {"angle": 0, "axis": "y", "origin": [7.195, 16.6, 8]},
			"faces": {
				"north": {"uv": [0, 0, 0.5, 0.5], "tintindex": 0,"tintindex": 0,"texture": "#0"},
				"east": {"uv": [0, 0, 0.5, 0.5], "tintindex": 0,"tintindex": 0,"texture": "#0"},
				"south": {"uv": [0, 0, 0.5, 0.5], "tintindex": 0,"tintindex": 0,"texture": "#0"},
				"west": {"uv": [0, 0, 0.5, 0.5], "tintindex": 0,"tintindex": 0,"texture": "#0"},
				"up": {"uv": [0, 0, 0.5, 0.5], "rotation": 180, "tintindex": 0,"tintindex": 0,"texture": "#0"},
				"down": {"uv": [0, 0, 0.5, 0.5], "rotation": 180, "tintindex": 0,"tintindex": 0,"texture": "#0"}
			}
		},
		{
			"from": [6.97, 16.45, 8],
			"to": [7.27, 16.75, 8.3],
			"rotation": {"angle": 0, "axis": "y", "origin": [7.195, 16.6, 8]},
			"faces": {
				"north": {"uv": [0, 0, 0.5, 0.5], "tintindex": 0,"tintindex": 0,"texture": "#0"},
				"east": {"uv": [0, 0, 0.5, 0.5], "tintindex": 0,"tintindex": 0,"texture": "#0"},
				"south": {"uv": [0, 0, 0.5, 0.5], "tintindex": 0,"tintindex": 0,"texture": "#0"},
				"west": {"uv": [0, 0, 0.5, 0.5], "tintindex": 0,"tintindex": 0,"texture": "#0"},
				"up": {"uv": [0, 0, 0.5, 0.5], "rotation": 180, "tintindex": 0,"tintindex": 0,"texture": "#0"},
				"down": {"uv": [0, 0, 0.5, 0.5], "rotation": 180, "tintindex": 0,"tintindex": 0,"texture": "#0"}
			}
		},
		{
			"from": [7.12, 16.45, 8.3],
			"to": [7.42, 16.75, 8.6],
			"rotation": {"angle": 0, "axis": "y", "origin": [7.195, 16.6, 8]},
			"faces": {
				"north": {"uv": [0, 0, 0.5, 0.5], "tintindex": 0,"tintindex": 0,"texture": "#0"},
				"east": {"uv": [0, 0, 0.5, 0.5], "tintindex": 0,"tintindex": 0,"texture": "#0"},
				"south": {"uv": [0, 0, 0.5, 0.5], "tintindex": 0,"tintindex": 0,"texture": "#0"},
				"west": {"uv": [0, 0, 0.5, 0.5], "tintindex": 0,"tintindex": 0,"texture": "#0"},
				"up": {"uv": [0, 0, 0.5, 0.5], "rotation": 180, "tintindex": 0,"tintindex": 0,"texture": "#0"},
				"down": {"uv": [0, 0, 0.5, 0.5], "rotation": 180, "tintindex": 0,"tintindex": 0,"texture": "#0"}
			}
		},
		{
			"from": [6.97, 16.45, 8.6],
			"to": [7.27, 16.75, 8.9],
			"rotation": {"angle": 0, "axis": "y", "origin": [7.195, 16.6, 8]},
			"faces": {
				"north": {"uv": [0, 0, 0.5, 0.5], "tintindex": 0,"tintindex": 0,"texture": "#0"},
				"east": {"uv": [0, 0, 0.5, 0.5], "tintindex": 0,"tintindex": 0,"texture": "#0"},
				"south": {"uv": [0, 0, 0.5, 0.5], "tintindex": 0,"tintindex": 0,"texture": "#0"},
				"west": {"uv": [0, 0, 0.5, 0.5], "tintindex": 0,"tintindex": 0,"texture": "#0"},
				"up": {"uv": [0, 0, 0.5, 0.5], "rotation": 180, "tintindex": 0,"tintindex": 0,"texture": "#0"},
				"down": {"uv": [0, 0, 0.5, 0.5], "rotation": 180, "tintindex": 0,"tintindex": 0,"texture": "#0"}
			}
		},
		{
			"from": [3, 14.75, 6.5],
			"to": [6, 15.75, 9.5],
			"rotation": {"angle": 0, "axis": "y", "origin": [-4, 7, 0]},
			"faces": {
				"north": {"uv": [0, 0, 3, 1], "tintindex": 0,"tintindex": 0,"texture": "#3"},
				"east": {"uv": [0, 0, 3, 1], "tintindex": 0,"tintindex": 0,"texture": "#3"},
				"south": {"uv": [0, 0, 3, 1], "tintindex": 0,"tintindex": 0,"texture": "#3"},
				"west": {"uv": [0, 0, 3, 1], "tintindex": 0,"tintindex": 0,"texture": "#3"},
				"up": {"uv": [0, 0, 3, 3], "tintindex": 0,"tintindex": 0,"texture": "#3"},
				"down": {"uv": [0, 0, 3, 3], "tintindex": 0,"tintindex": 0,"texture": "#3"}
			}
		},
		{
			"from": [7.01641, 11.15381, 6.5],
			"to": [8.01641, 15.15381, 9.5],
			"rotation": {"angle": 22.5, "axis": "z", "origin": [7.51641, 13.90381, 6.5]},
			"faces": {
				"north": {"uv": [0, 0, 4, 1], "rotation": 270, "tintindex": 0,"tintindex": 0,"texture": "#4"},
				"east": {"uv": [0, 0, 4, 3], "rotation": 90, "tintindex": 0,"tintindex": 0,"texture": "#4"},
				"south": {"uv": [0, 0, 4, 1], "rotation": 90, "tintindex": 0,"tintindex": 0,"texture": "#4"},
				"west": {"uv": [0, 0, 4, 3], "rotation": 90, "tintindex": 0,"tintindex": 0,"texture": "#4"},
				"up": {"uv": [0, 0, 3, 1], "rotation": 90, "tintindex": 0,"tintindex": 0,"texture": "#4"},
				"down": {"uv": [0, 0, 3, 1], "rotation": 90, "tintindex": 0,"tintindex": 0,"texture": "#4"}
			}
		},
		{
			"from": [2.5, 12.25, 5.5],
			"to": [7.5, 15.25, 10.5],
			"rotation": {"angle": 0, "axis": "y", "origin": [-3, 7, 0]},
			"faces": {
				"north": {"uv": [0, 0, 5, 3], "tintindex": 0,"tintindex": 0,"texture": "#4"},
				"east": {"uv": [0, 0, 5, 3], "tintindex": 0,"tintindex": 0,"texture": "#4"},
				"south": {"uv": [0, 0, 5, 3], "tintindex": 0,"tintindex": 0,"texture": "#4"},
				"west": {"uv": [0, 0, 5, 3], "tintindex": 0,"tintindex": 0,"texture": "#4"},
				"up": {"uv": [0, 0, 5, 5], "tintindex": 0,"tintindex": 0,"texture": "#4"},
				"down": {"uv": [0, 0, 5, 5], "tintindex": 0,"tintindex": 0,"texture": "#4"}
			}
		},
		{
			"from": [2.75, 14.47417, -1.65432],
			"to": [5.75, 16.47417, 6.34568],
			"rotation": {"angle": 22.5, "axis": "x", "origin": [4.25, 15.47417, 2.34568]},
			"faces": {
				"north": {"uv": [0, 0, 3, 2], "tintindex": 0,"tintindex": 0,"texture": "#4"},
				"east": {"uv": [0, 0, 8, 2], "tintindex": 0,"tintindex": 0,"texture": "#4"},
				"south": {"uv": [0, 0, 3, 2], "tintindex": 0,"tintindex": 0,"texture": "#4"},
				"west": {"uv": [0, 0, 8, 2], "tintindex": 0,"tintindex": 0,"texture": "#4"},
				"up": {"uv": [0, 0, 3, 8], "tintindex": 0,"tintindex": 0,"texture": "#4"},
				"down": {"uv": [0, 0, 3, 8], "tintindex": 0,"tintindex": 0,"texture": "#4"}
			}
		},
		{
			"from": [2.75, 14.47417, 9.65432],
			"to": [5.75, 16.47417, 17.65432],
			"rotation": {"angle": -22.5, "axis": "x", "origin": [4.25, 15.47417, 13.65432]},
			"faces": {
				"north": {"uv": [0, 0, 3, 2], "tintindex": 0,"tintindex": 0,"texture": "#4"},
				"east": {"uv": [0, 0, 8, 2], "tintindex": 0,"tintindex": 0,"texture": "#4"},
				"south": {"uv": [0, 0, 3, 2], "tintindex": 0,"tintindex": 0,"texture": "#4"},
				"west": {"uv": [0, 0, 8, 2], "tintindex": 0,"tintindex": 0,"texture": "#4"},
				"up": {"uv": [0, 0, 3, 8], "rotation": 180, "tintindex": 0,"tintindex": 0,"texture": "#4"},
				"down": {"uv": [0, 0, 3, 8], "rotation": 180, "tintindex": 0,"tintindex": 0,"texture": "#4"}
			}
		},
		{
			"from": [6.75, 12.5, 7],
			"to": [8.75, 14.5, 9],
			"rotation": {"angle": 0, "axis": "y", "origin": [-4, 7, 0]},
			"faces": {
				"north": {"uv": [0, 0, 16, 16], "tintindex": 0,"tintindex": 0,"texture": "#10"},
				"east": {"uv": [0, 0, 16, 16], "tintindex": 0,"tintindex": 0,"texture": "#10"},
				"south": {"uv": [0, 0, 16, 16], "tintindex": 0,"tintindex": 0,"texture": "#10"},
				"west": {"uv": [0, 0, 16, 16], "tintindex": 0,"tintindex": 0,"texture": "#10"},
				"up": {"uv": [0, 0, 16, 16], "tintindex": 0,"tintindex": 0,"texture": "#10"},
				"down": {"uv": [0, 0, 16, 16], "tintindex": 0,"tintindex": 0,"texture": "#10"}
			}
		},
		{
			"from": [3, 9.36314, 3.93121],
			"to": [7, 15.36314, 4.93121],
			"rotation": {"angle": 22.5, "axis": "x", "origin": [9, 11.36314, 4.43121]},
			"faces": {
				"north": {"uv": [0, 0, 4, 6], "tintindex": 0,"tintindex": 0,"texture": "#2"},
				"east": {"uv": [0, 0, 1, 6], "tintindex": 0,"tintindex": 0,"texture": "#2"},
				"south": {"uv": [0, 0, 4, 6], "tintindex": 0,"tintindex": 0,"texture": "#2"},
				"west": {"uv": [0, 0, 1, 6], "tintindex": 0,"tintindex": 0,"texture": "#2"},
				"up": {"uv": [0, 0, 4, 1], "tintindex": 0,"tintindex": 0,"texture": "#2"},
				"down": {"uv": [0, 0, 4, 1], "tintindex": 0,"tintindex": 0,"texture": "#2"}
			}
		},
		{
			"from": [3, 9.28702, 10.68611],
			"to": [7, 15.28702, 11.68611],
			"rotation": {"angle": -22.5, "axis": "x", "origin": [5, 12.28702, 11.18611]},
			"faces": {
				"north": {"uv": [0, 0, 4, 6], "tintindex": 0,"tintindex": 0,"texture": "#2"},
				"east": {"uv": [0, 0, 1, 6], "tintindex": 0,"tintindex": 0,"texture": "#2"},
				"south": {"uv": [0, 0, 4, 6], "tintindex": 0,"tintindex": 0,"texture": "#2"},
				"west": {"uv": [0, 0, 1, 6], "tintindex": 0,"tintindex": 0,"texture": "#2"},
				"up": {"uv": [0, 0, 4, 1], "tintindex": 0,"tintindex": 0,"texture": "#2"},
				"down": {"uv": [0, 0, 4, 1], "tintindex": 0,"tintindex": 0,"texture": "#2"}
			}
		},
		{
			"from": [8, 5, 6],
			"to": [9, 13, 10],
			"rotation": {"angle": 22.5, "axis": "z", "origin": [7.5, 9, 8]},
			"faces": {
				"north": {"uv": [0, 0, 1, 8], "tintindex": 0,"tintindex": 0,"texture": "#2"},
				"east": {"uv": [0, 0, 4, 8], "tintindex": 0,"tintindex": 0,"texture": "#2"},
				"south": {"uv": [0, 0, 1, 8], "tintindex": 0,"tintindex": 0,"texture": "#2"},
				"west": {"uv": [0, 0, 4, 8], "tintindex": 0,"tintindex": 0,"texture": "#2"},
				"up": {"uv": [0, 0, 1, 4], "tintindex": 0,"tintindex": 0,"texture": "#2"},
				"down": {"uv": [0, 0, 1, 4], "tintindex": 0,"tintindex": 0,"texture": "#2"}
			}
		},
		{
			"from": [0.5, 5, 6],
			"to": [1.5, 13, 10],
			"rotation": {"angle": -22.5, "axis": "z", "origin": [2.5, 9, 8]},
			"faces": {
				"north": {"uv": [0, 0, 1, 8], "tintindex": 0,"tintindex": 0,"texture": "#2"},
				"east": {"uv": [0, 0, 4, 8], "tintindex": 0,"tintindex": 0,"texture": "#2"},
				"south": {"uv": [0, 0, 1, 8], "tintindex": 0,"tintindex": 0,"texture": "#2"},
				"west": {"uv": [0, 0, 4, 8], "tintindex": 0,"tintindex": 0,"texture": "#2"},
				"up": {"uv": [0, 0, 1, 4], "tintindex": 0,"tintindex": 0,"texture": "#2"},
				"down": {"uv": [0, 0, 1, 4], "tintindex": 0,"tintindex": 0,"texture": "#2"}
			}
		},
		{
			"from": [2.5, -1, 4.5],
			"to": [3.5, 7, 7.5],
			"rotation": {"angle": -22.5, "axis": "z", "origin": [2.5, 9, 8]},
			"faces": {
				"north": {"uv": [0, 0, 1, 8], "tintindex": 0,"tintindex": 0,"texture": "#2"},
				"east": {"uv": [0, 0, 3, 8], "tintindex": 0,"tintindex": 0,"texture": "#2"},
				"south": {"uv": [0, 0, 1, 8], "tintindex": 0,"tintindex": 0,"texture": "#2"},
				"west": {"uv": [0, 0, 3, 8], "tintindex": 0,"tintindex": 0,"texture": "#2"},
				"up": {"uv": [0, 0, 1, 3], "tintindex": 0,"tintindex": 0,"texture": "#2"},
				"down": {"uv": [0, 0, 1, 3], "tintindex": 0,"tintindex": 0,"texture": "#2"}
			}
		},
		{
			"from": [2.5, -1, 8.5],
			"to": [3.5, 7, 11.5],
			"rotation": {"angle": -22.5, "axis": "z", "origin": [2.5, 9, 8]},
			"faces": {
				"north": {"uv": [0, 0, 1, 8], "tintindex": 0,"tintindex": 0,"texture": "#2"},
				"east": {"uv": [0, 0, 3, 8], "tintindex": 0,"tintindex": 0,"texture": "#2"},
				"south": {"uv": [0, 0, 1, 8], "tintindex": 0,"tintindex": 0,"texture": "#2"},
				"west": {"uv": [0, 0, 3, 8], "tintindex": 0,"tintindex": 0,"texture": "#2"},
				"up": {"uv": [0, 0, 1, 3], "tintindex": 0,"tintindex": 0,"texture": "#2"},
				"down": {"uv": [0, 0, 1, 3], "tintindex": 0,"tintindex": 0,"texture": "#2"}
			}
		},
		{
			"from": [2.5, 7, 4],
			"to": [7.5, 12, 6],
			"rotation": {"angle": 22.5, "axis": "x", "origin": [3.5, 9.5, 6]},
			"faces": {
				"north": {"uv": [0, 0, 5, 5], "tintindex": 0,"tintindex": 0,"texture": "#2"},
				"east": {"uv": [0, 0, 2, 5], "tintindex": 0,"tintindex": 0,"texture": "#2"},
				"south": {"uv": [0, 0, 5, 5], "tintindex": 0,"tintindex": 0,"texture": "#2"},
				"west": {"uv": [0, 0, 2, 5], "tintindex": 0,"tintindex": 0,"texture": "#2"},
				"up": {"uv": [0, 0, 5, 2], "tintindex": 0,"tintindex": 0,"texture": "#2"},
				"down": {"uv": [0, 0, 5, 2], "tintindex": 0,"tintindex": 0,"texture": "#2"}
			}
		},
		{
			"from": [2.5, 7.38268, 10.07612],
			"to": [7.5, 12.38268, 12.07612],
			"rotation": {"angle": -22.5, "axis": "x", "origin": [5, 9.88268, 11.07612]},
			"faces": {
				"north": {"uv": [0, 0, 5, 5], "tintindex": 0,"tintindex": 0,"texture": "#2"},
				"east": {"uv": [0, 0, 2, 5], "tintindex": 0,"tintindex": 0,"texture": "#2"},
				"south": {"uv": [0, 0, 5, 5], "tintindex": 0,"tintindex": 0,"texture": "#2"},
				"west": {"uv": [0, 0, 2, 5], "tintindex": 0,"tintindex": 0,"texture": "#2"},
				"up": {"uv": [0, 0, 5, 2], "tintindex": 0,"tintindex": 0,"texture": "#2"},
				"down": {"uv": [0, 0, 5, 2], "tintindex": 0,"tintindex": 0,"texture": "#2"}
			}
		},
		{
			"from": [2, 4, 5],
			"to": [8, 8, 11],
			"rotation": {"angle": 0, "axis": "y", "origin": [-4, 7, 0]},
			"faces": {
				"north": {"uv": [0, 0, 6, 4], "tintindex": 0,"tintindex": 0,"texture": "#2"},
				"east": {"uv": [0, 0, 6, 4], "tintindex": 0,"tintindex": 0,"texture": "#2"},
				"south": {"uv": [0, 0, 6, 4], "tintindex": 0,"tintindex": 0,"texture": "#2"},
				"west": {"uv": [0, 0, 6, 4], "tintindex": 0,"tintindex": 0,"texture": "#2"},
				"up": {"uv": [0, 0, 6, 6], "tintindex": 0,"tintindex": 0,"texture": "#2"},
				"down": {"uv": [0, 0, 6, 6], "tintindex": 0,"tintindex": 0,"texture": "#2"}
			}
		},
		{
			"from": [1.5, 0, 4],
			"to": [8.5, 8, 5],
			"rotation": {"angle": 22.5, "axis": "x", "origin": [5, 4, 3.5]},
			"faces": {
				"north": {"uv": [0, 0, 7, 8], "tintindex": 0,"tintindex": 0,"texture": "#2"},
				"east": {"uv": [0, 0, 1, 8], "tintindex": 0,"tintindex": 0,"texture": "#2"},
				"south": {"uv": [0, 0, 7, 8], "tintindex": 0,"tintindex": 0,"texture": "#2"},
				"west": {"uv": [0, 0, 1, 8], "tintindex": 0,"tintindex": 0,"texture": "#2"},
				"up": {"uv": [0, 0, 7, 1], "tintindex": 0,"tintindex": 0,"texture": "#2"},
				"down": {"uv": [0, 0, 7, 1], "tintindex": 0,"tintindex": 0,"texture": "#2"}
			}
		},
		{
			"from": [1.5, 0, 11],
			"to": [8.5, 8, 12],
			"rotation": {"angle": -22.5, "axis": "x", "origin": [5, 4, 12.5]},
			"faces": {
				"north": {"uv": [0, 0, 7, 8], "tintindex": 0,"tintindex": 0,"texture": "#2"},
				"east": {"uv": [0, 0, 1, 8], "tintindex": 0,"tintindex": 0,"texture": "#2"},
				"south": {"uv": [0, 0, 7, 8], "tintindex": 0,"tintindex": 0,"texture": "#2"},
				"west": {"uv": [0, 0, 1, 8], "tintindex": 0,"tintindex": 0,"texture": "#2"},
				"up": {"uv": [0, 0, 7, 1], "tintindex": 0,"tintindex": 0,"texture": "#2"},
				"down": {"uv": [0, 0, 7, 1], "tintindex": 0,"tintindex": 0,"texture": "#2"}
			}
		},
		{
			"from": [3.25, 15.75, 7.5],
			"to": [4.25, 18.75, 8.5],
			"rotation": {"angle": 0, "axis": "y", "origin": [-4, 7, 0]},
			"faces": {
				"north": {"uv": [0, 0, 1, 3], "tintindex": 0,"tintindex": 0,"texture": "#0"},
				"east": {"uv": [0, 0, 1, 3], "tintindex": 0,"tintindex": 0,"texture": "#8"},
				"south": {"uv": [0, 0, 1, 3], "tintindex": 0,"tintindex": 0,"texture": "#0"},
				"west": {"uv": [0, 0, 1, 3], "tintindex": 0,"tintindex": 0,"texture": "#0"},
				"up": {"uv": [0, 0, 1, 1], "tintindex": 0,"tintindex": 0,"texture": "#0"},
				"down": {"uv": [0, 0, 1, 1], "tintindex": 0,"tintindex": 0,"texture": "#0"}
			}
		}
	],
	"display": {
		"head": {
			"rotation": [0, 90, 0],
			"translation": [0, -30.25, -9.25],
			"scale": [3, 3, 3]
		}
	}
}