{
	"credit": "Made with Blockbench",
	"textures": {
		"0": "block/bone_block_side",
		"2": "block/black_wool",
		"particle": "block/bone_block_side"
	},
	"elements": [
		{
			"from": [3, 6, 0.5],
			"to": [7, 15, 3.5],
			"rotation": {"angle": 22.5, "axis": "x", "origin": [5, 10.5, 2]},
			"faces": {
				"north": {"uv": [4, 0, 0, 9], "tintindex": 0,"tintindex": 0,"texture": "#2"},
				"east": {"uv": [3, 0, 0, 9], "tintindex": 0,"tintindex": 0,"texture": "#2"},
				"south": {"uv": [4, 0, 0, 9], "tintindex": 0,"tintindex": 0,"texture": "#2"},
				"west": {"uv": [3, 0, 0, 9], "tintindex": 0,"tintindex": 0,"texture": "#2"},
				"up": {"uv": [0, 3, 4, 0], "tintindex": 0,"tintindex": 0,"texture": "#2"},
				"down": {"uv": [0, 3, 4, 0], "tintindex": 0,"tintindex": 0,"texture": "#2"}
			}
		},
		{
			"from": [3, 5, 0.5],
			"to": [11, 10, 3.5],
			"rotation": {"angle": -22.5, "axis": "z", "origin": [7.5, 8.5, 8.5]},
			"faces": {
				"north": {"uv": [8, 0, 0, 5], "tintindex": 0,"tintindex": 0,"texture": "#2"},
				"east": {"uv": [3, 0, 0, 5], "tintindex": 0,"tintindex": 0,"texture": "#2"},
				"south": {"uv": [8, 0, 0, 5], "tintindex": 0,"tintindex": 0,"texture": "#2"},
				"west": {"uv": [3, 0, 0, 5], "tintindex": 0,"tintindex": 0,"texture": "#2"},
				"up": {"uv": [0, 3, 8, 0], "tintindex": 0,"tintindex": 0,"texture": "#2"},
				"down": {"uv": [0, 3, 8, 0], "tintindex": 0,"tintindex": 0,"texture": "#2"}
			}
		},
		{
			"from": [10, 5, 1],
			"to": [12, 7, 2],
			"rotation": {"angle": 0, "axis": "y", "origin": [-4, 7, 16]},
			"faces": {
				"north": {"uv": [2, 0, 0, 2], "tintindex": 0,"tintindex": 0,"texture": "#0"},
				"east": {"uv": [1, 0, 0, 2], "tintindex": 0,"tintindex": 0,"texture": "#0"},
				"south": {"uv": [2, 0, 0, 2], "tintindex": 0,"tintindex": 0,"texture": "#0"},
				"west": {"uv": [1, 0, 0, 2], "tintindex": 0,"tintindex": 0,"texture": "#0"},
				"up": {"uv": [0, 1, 2, 0], "tintindex": 0,"tintindex": 0,"texture": "#0"},
				"down": {"uv": [0, 1, 2, 0], "tintindex": 0,"tintindex": 0,"texture": "#0"}
			}
		},
		{
			"from": [11.42074, 4.9, 1.11522],
			"to": [12.42074, 6.9, 3.11522],
			"rotation": {"angle": 22.5, "axis": "y", "origin": [11.92074, 5.9, 2.11522]},
			"faces": {
				"north": {"uv": [1, 0, 0, 2], "tintindex": 0,"tintindex": 0,"texture": "#0"},
				"east": {"uv": [2, 0, 0, 2], "tintindex": 0,"tintindex": 0,"texture": "#0"},
				"south": {"uv": [1, 0, 0, 2], "tintindex": 0,"tintindex": 0,"texture": "#0"},
				"west": {"uv": [2, 0, 0, 2], "tintindex": 0,"tintindex": 0,"texture": "#0"},
				"up": {"uv": [2, 0, 0, 1], "rotation": 270, "tintindex": 0,"tintindex": 0,"texture": "#0"},
				"down": {"uv": [2, 0, 0, 1], "rotation": 90, "tintindex": 0,"tintindex": 0,"texture": "#0"}
			}
		},
		{
			"from": [10.75, 7, 2],
			"to": [11.25, 7.5, 3],
			"rotation": {"angle": 0, "axis": "y", "origin": [-4, 7, 16]},
			"faces": {
				"north": {"uv": [0.5, 0, 0, 0.5], "tintindex": 0,"tintindex": 0,"texture": "#0"},
				"east": {"uv": [1, 0, 0, 0.5], "tintindex": 0,"tintindex": 0,"texture": "#0"},
				"south": {"uv": [0.5, 0, 0, 0.5], "tintindex": 0,"tintindex": 0,"texture": "#0"},
				"west": {"uv": [1, 0, 0, 0.5], "tintindex": 0,"tintindex": 0,"texture": "#0"},
				"up": {"uv": [0, 1, 0.5, 0], "tintindex": 0,"tintindex": 0,"texture": "#0"},
				"down": {"uv": [0, 1, 0.5, 0], "tintindex": 0,"tintindex": 0,"texture": "#0"}
			}
		}
	],
	"display": {
		"head": {
			"rotation": [0, 90, 0],
			"translation": [14.25, -19.5, -10.5],
			"scale": [3, 3, 3]
		}
	}
}