{
	"credit": "Made with Blockbench",
	"textures": {
		"2": "block/mangrove_log",
		"3": "block/black_concrete",
		"5": "block/dark_oak_log",
		"6": "item/custom/character/budguy2",
		"particle": "block/dark_oak_log"
	},
	"elements": [
		{
			"name": "head",
			"from": [4, 23.5, 4],
			"to": [12, 31.5, 12],
			"faces": {
				"north": {"uv": [2, 2, 4, 4], "tintindex": 0,"texture": "#6"},
				"east": {"uv": [0, 2, 2, 4], "tintindex": 0,"texture": "#6"},
				"south": {"uv": [6, 2, 8, 4], "tintindex": 0,"texture": "#6"},
				"west": {"uv": [4, 2, 6, 4], "tintindex": 0,"texture": "#6"},
				"up": {"uv": [4, 2, 2, 0], "tintindex": 0,"texture": "#6"},
				"down": {"uv": [6, 0, 4, 2], "tintindex": 0,"texture": "#6"}
			}
		},
		{
			"name": "body_2nd_layer",
			"from": [4, 11.02, 5.5],
			"to": [12, 24.03, 10.5],
			"faces": {
				"north": {"uv": [5, 9, 7, 12], "tintindex": 0,"texture": "#6"},
				"east": {"uv": [4, 9, 5, 12], "tintindex": 0,"texture": "#6"},
				"south": {"uv": [8, 9, 10, 12], "tintindex": 0,"texture": "#6"},
				"west": {"uv": [7, 9, 8, 12], "tintindex": 0,"texture": "#6"},
				"up": {"uv": [7, 9, 5, 8], "tintindex": 0,"texture": "#6"},
				"down": {"uv": [9, 8, 7, 9], "tintindex": 0,"texture": "#6"}
			}
		},
		{
			"from": [3.5, 11.5, 5.5],
			"to": [12.5, 13.5, 10.5],
			"faces": {
				"north": {"uv": [0, 0, 9, 2], "tintindex": 0,"texture": "#2"},
				"east": {"uv": [0, 0, 5, 2], "tintindex": 0,"texture": "#2"},
				"south": {"uv": [0, 0, 9, 2], "tintindex": 0,"texture": "#2"},
				"west": {"uv": [0, 0, 5, 2], "tintindex": 0,"texture": "#2"},
				"up": {"uv": [0, 0, 9, 5], "tintindex": 0,"texture": "#2"},
				"down": {"uv": [0, 0, 9, 5], "tintindex": 0,"texture": "#2"}
			}
		},
		{
			"from": [4.75, 7.25, 5],
			"to": [10.75, 12.25, 7],
			"faces": {
				"north": {"uv": [0, 0, 6, 5], "tintindex": 0,"texture": "#5"},
				"east": {"uv": [0, 0, 2, 5], "tintindex": 0,"texture": "#5"},
				"south": {"uv": [0, 0, 6, 5], "tintindex": 0,"texture": "#5"},
				"west": {"uv": [0, 0, 2, 5], "tintindex": 0,"texture": "#5"},
				"up": {"uv": [0, 0, 6, 2], "tintindex": 0,"texture": "#5"},
				"down": {"uv": [0, 0, 6, 2], "tintindex": 0,"texture": "#5"}
			}
		},
		{
			"from": [4.75, 7.25, 9],
			"to": [10.75, 12.25, 11],
			"faces": {
				"north": {"uv": [0, 0, 6, 5], "tintindex": 0,"texture": "#5"},
				"east": {"uv": [0, 0, 2, 5], "tintindex": 0,"texture": "#5"},
				"south": {"uv": [0, 0, 6, 5], "tintindex": 0,"texture": "#5"},
				"west": {"uv": [0, 0, 2, 5], "tintindex": 0,"texture": "#5"},
				"up": {"uv": [0, 0, 6, 2], "tintindex": 0,"texture": "#5"},
				"down": {"uv": [0, 0, 6, 2], "tintindex": 0,"texture": "#5"}
			}
		},
		{
			"from": [3, 8, 6],
			"to": [5, 12, 10],
			"faces": {
				"north": {"uv": [0, 0, 2, 4], "tintindex": 0,"texture": "#5"},
				"east": {"uv": [0, 0, 4, 4], "tintindex": 0,"texture": "#5"},
				"south": {"uv": [0, 0, 2, 4], "tintindex": 0,"texture": "#5"},
				"west": {"uv": [0, 0, 4, 4], "tintindex": 0,"texture": "#5"},
				"up": {"uv": [0, 0, 2, 4], "tintindex": 0,"texture": "#5"},
				"down": {"uv": [0, 0, 2, 4], "tintindex": 0,"texture": "#5"}
			}
		},
		{
			"from": [11, 8, 6],
			"to": [13, 12, 10],
			"faces": {
				"north": {"uv": [0, 0, 2, 4], "tintindex": 0,"texture": "#5"},
				"east": {"uv": [0, 0, 4, 4], "tintindex": 0,"texture": "#5"},
				"south": {"uv": [0, 0, 2, 4], "tintindex": 0,"texture": "#5"},
				"west": {"uv": [0, 0, 4, 4], "tintindex": 0,"texture": "#5"},
				"up": {"uv": [0, 0, 2, 4], "tintindex": 0,"texture": "#5"},
				"down": {"uv": [0, 0, 2, 4], "tintindex": 0,"texture": "#5"}
			}
		},
		{
			"from": [2.75, 18, 4.9],
			"to": [7.75, 24, 10.9],
			"faces": {
				"north": {"uv": [0, 0, 5, 6], "tintindex": 0,"texture": "#2"},
				"east": {"uv": [0, 0, 6, 6], "tintindex": 0,"texture": "#2"},
				"south": {"uv": [0, 0, 5, 6], "tintindex": 0,"texture": "#2"},
				"west": {"uv": [0, 0, 6, 6], "tintindex": 0,"texture": "#2"},
				"up": {"uv": [0, 0, 5, 6], "tintindex": 0,"texture": "#2"},
				"down": {"uv": [0, 0, 5, 6], "tintindex": 0,"texture": "#2"}
			}
		},
		{
			"from": [8.25, 18, 4.9],
			"to": [13.25, 24, 10.9],
			"faces": {
				"north": {"uv": [0, 0, 5, 6], "tintindex": 0,"texture": "#2"},
				"east": {"uv": [0, 0, 6, 6], "tintindex": 0,"texture": "#2"},
				"south": {"uv": [0, 0, 5, 6], "tintindex": 0,"texture": "#2"},
				"west": {"uv": [0, 0, 6, 6], "tintindex": 0,"texture": "#2"},
				"up": {"uv": [0, 0, 5, 6], "tintindex": 0,"texture": "#2"},
				"down": {"uv": [0, 0, 5, 6], "tintindex": 0,"texture": "#2"}
			}
		},
		{
			"from": [4, 13.5, 5.25],
			"to": [12, 23.5, 10.25],
			"faces": {
				"north": {"uv": [0, 0, 8, 10], "tintindex": 0,"texture": "#3"},
				"east": {"uv": [0, 0, 5, 10], "tintindex": 0,"texture": "#3"},
				"south": {"uv": [0, 0, 8, 10], "tintindex": 0,"texture": "#3"},
				"west": {"uv": [0, 0, 5, 10], "tintindex": 0,"texture": "#3"},
				"up": {"uv": [0, 0, 8, 5], "tintindex": 0,"texture": "#3"},
				"down": {"uv": [0, 0, 8, 5], "tintindex": 0,"texture": "#3"}
			}
		},
		{
			"from": [3.75, 15.5, 5.1],
			"to": [12.35, 16.5, 10.6],
			"rotation": {"angle": -22.5, "axis": "z", "origin": [8.05, 16, 7.75]},
			"faces": {
				"north": {"uv": [0, 0, 8.6, 1], "tintindex": 0,"texture": "#2"},
				"east": {"uv": [0, 0, 5.5, 1], "tintindex": 0,"texture": "#2"},
				"south": {"uv": [0, 0, 8.6, 1], "tintindex": 0,"texture": "#2"},
				"west": {"uv": [0, 0, 5.5, 1], "tintindex": 0,"texture": "#2"},
				"up": {"uv": [0, 0, 8.6, 5.5], "tintindex": 0,"texture": "#2"},
				"down": {"uv": [0, 0, 8.6, 5.5], "tintindex": 0,"texture": "#2"}
			}
		},
		{
			"from": [3.75, 15.5, 5],
			"to": [12.35, 16.5, 10.5],
			"rotation": {"angle": 22.5, "axis": "z", "origin": [8.05, 16, 7.75]},
			"faces": {
				"north": {"uv": [0, 0, 8.6, 1], "tintindex": 0,"texture": "#2"},
				"east": {"uv": [0, 0, 5.5, 1], "tintindex": 0,"texture": "#2"},
				"south": {"uv": [0, 0, 8.6, 1], "tintindex": 0,"texture": "#2"},
				"west": {"uv": [0, 0, 5.5, 1], "tintindex": 0,"texture": "#2"},
				"up": {"uv": [0, 0, 8.6, 5.5], "tintindex": 0,"texture": "#2"},
				"down": {"uv": [0, 0, 8.6, 5.5], "tintindex": 0,"texture": "#2"}
			}
		},
		{
			"from": [6, 17.5, 5],
			"to": [10, 20.5, 7],
			"faces": {
				"north": {"uv": [0, 0, 4, 3], "tintindex": 0,"texture": "#5"},
				"east": {"uv": [0, 0, 2, 3], "tintindex": 0,"texture": "#5"},
				"south": {"uv": [0, 0, 4, 3], "tintindex": 0,"texture": "#5"},
				"west": {"uv": [0, 0, 2, 3], "tintindex": 0,"texture": "#5"},
				"up": {"uv": [0, 0, 4, 2], "tintindex": 0,"texture": "#5"},
				"down": {"uv": [0, 0, 4, 2], "tintindex": 0,"texture": "#5"}
			}
		},
		{
			"from": [7, 26.75, 3.25],
			"to": [9, 32, 12.75],
			"faces": {
				"north": {"uv": [0, 0, 2, 5.25], "tintindex": 0,"texture": "#5"},
				"east": {"uv": [0, 0, 9.5, 5.25], "tintindex": 0,"texture": "#5"},
				"south": {"uv": [0, 0, 2, 5.25], "tintindex": 0,"texture": "#5"},
				"west": {"uv": [0, 0, 9.5, 5.25], "tintindex": 0,"texture": "#5"},
				"up": {"uv": [0, 0, 2, 9.5], "tintindex": 0,"texture": "#5"},
				"down": {"uv": [0, 0, 2, 9.5], "tintindex": 0,"texture": "#5"}
			}
		},
		{
			"from": [3.5, 27.75, 3.5],
			"to": [12.5, 31.75, 12.5],
			"faces": {
				"north": {"uv": [0, 0, 9, 4], "tintindex": 0,"texture": "#2"},
				"east": {"uv": [0, 0, 9, 4], "tintindex": 0,"texture": "#2"},
				"south": {"uv": [0, 0, 9, 4], "tintindex": 0,"texture": "#2"},
				"west": {"uv": [0, 0, 9, 4], "tintindex": 0,"texture": "#2"},
				"up": {"uv": [0, 0, 9, 9], "tintindex": 0,"texture": "#2"},
				"down": {"uv": [0, 0, 9, 9], "tintindex": 0,"texture": "#2"}
			}
		},
		{
			"from": [3.5, 23.75, 5.5],
			"to": [12.5, 27.75, 12.5],
			"faces": {
				"north": {"uv": [0, 0, 9, 4], "tintindex": 0,"texture": "#2"},
				"east": {"uv": [0, 0, 7, 4], "tintindex": 0,"texture": "#2"},
				"south": {"uv": [0, 0, 9, 4], "tintindex": 0,"texture": "#2"},
				"west": {"uv": [0, 0, 7, 4], "tintindex": 0,"texture": "#2"},
				"up": {"uv": [0, 0, 9, 7], "tintindex": 0,"texture": "#2"},
				"down": {"uv": [0, 0, 9, 7], "tintindex": 0,"texture": "#2"}
			}
		}
	],
	"display": {
		"head": {
			"translation": [0, -31.25, 0],
			"scale": [1.6, 1.6, 1.6]
		}
	},
	"groups": [
		{
			"name": "steve",
			"origin": [8, 8, 8],
			"color": 0,
			"children": [0, 1]
		},
		2,
		3,
		4,
		5,
		6,
		7,
		8,
		9,
		10,
		11,
		12,
		13,
		14,
		15
	]
}