{
	"credit": "Made with Blockbench",
	"textures": {
		"0": "block/gold_block",
		"1": "block/raw_gold_block",
		"2": "block/glowstone",
		"3": "block/redstone_block",
		"4": "block/emerald_block",
		"6": "block/iron_block",
		"7": "block/crying_obsidian",
		"8": "block/diamond_block",
		"particle": "block/gold_block"
	},
	"elements": [
		{
			"from": [5, 10, 3],
			"to": [6, 13, 4],
			"rotation": {"angle": 0, "axis": "y", "origin": [7.5, 11.5, 3.5]},
			"faces": {
				"north": {"uv": [5, 6, 8, 9], "texture": "#2"},
				"east": {"uv": [0, 0, 1, 3], "texture": "#2"},
				"south": {"uv": [5, 3, 8, 6], "texture": "#2"},
				"west": {"uv": [0, 0, 1, 3], "texture": "#2"},
				"up": {"uv": [0, 0, 3, 1], "texture": "#2"},
				"down": {"uv": [0, 0, 3, 1], "texture": "#2"}
			}
		},
		{
			"from": [2.79289, 10, 3.91421],
			"to": [5.79289, 14, 4.91421],
			"rotation": {"angle": 45, "axis": "y", "origin": [4.29289, 12, 4.41421]},
			"faces": {
				"north": {"uv": [5, 6, 8, 9], "texture": "#2"},
				"east": {"uv": [0, 0, 1, 3], "texture": "#2"},
				"south": {"uv": [5, 3, 8, 6], "texture": "#2"},
				"west": {"uv": [0, 0, 1, 3], "texture": "#2"},
				"up": {"uv": [0, 0, 3, 1], "texture": "#2"},
				"down": {"uv": [0, 0, 3, 1], "texture": "#2"}
			}
		},
		{
			"from": [2.87868, 10.1, 5.12132],
			"to": [3.87868, 14.1, 12.12132],
			"rotation": {"angle": 0, "axis": "y", "origin": [3.37868, 12, 4.62132]},
			"faces": {
				"north": {"uv": [0, 0, 1, 3], "texture": "#2"},
				"east": {"uv": [5, 3, 8, 6], "texture": "#2"},
				"south": {"uv": [0, 0, 1, 3], "texture": "#2"},
				"west": {"uv": [5, 6, 8, 9], "texture": "#2"},
				"up": {"uv": [0, 0, 3, 1], "rotation": 270, "texture": "#2"},
				"down": {"uv": [0, 0, 3, 1], "rotation": 90, "texture": "#2"}
			}
		},
		{
			"from": [3.79289, 10, 11.32843],
			"to": [4.79289, 14, 14.32843],
			"rotation": {"angle": 45, "axis": "y", "origin": [4.29289, 12, 12.82843]},
			"faces": {
				"north": {"uv": [0, 0, 1, 3], "texture": "#2"},
				"east": {"uv": [5, 3, 8, 6], "texture": "#2"},
				"south": {"uv": [0, 0, 1, 3], "texture": "#2"},
				"west": {"uv": [5, 6, 8, 9], "texture": "#2"},
				"up": {"uv": [0, 0, 3, 1], "rotation": 270, "texture": "#2"},
				"down": {"uv": [0, 0, 3, 1], "rotation": 90, "texture": "#2"}
			}
		},
		{
			"from": [10.20711, 10, 12.32843],
			"to": [13.20711, 14, 13.32843],
			"rotation": {"angle": 45, "axis": "y", "origin": [11.70711, 12, 12.82843]},
			"faces": {
				"north": {"uv": [5, 3, 8, 6], "texture": "#2"},
				"east": {"uv": [0, 0, 1, 3], "texture": "#2"},
				"south": {"uv": [5, 6, 8, 9], "texture": "#2"},
				"west": {"uv": [0, 0, 1, 3], "texture": "#2"},
				"up": {"uv": [0, 0, 3, 1], "rotation": 180, "texture": "#2"},
				"down": {"uv": [0, 0, 3, 1], "rotation": 180, "texture": "#2"}
			}
		},
		{
			"from": [12.12132, 10.1, 5.12132],
			"to": [13.12132, 14.1, 12.12132],
			"rotation": {"angle": 0, "axis": "y", "origin": [5.62132, 12, 4.62132]},
			"faces": {
				"north": {"uv": [0, 0, 1, 3], "texture": "#2"},
				"east": {"uv": [5, 3, 8, 6], "texture": "#2"},
				"south": {"uv": [0, 0, 1, 3], "texture": "#2"},
				"west": {"uv": [5, 6, 8, 9], "texture": "#2"},
				"up": {"uv": [0, 0, 3, 1], "rotation": 270, "texture": "#2"},
				"down": {"uv": [0, 0, 3, 1], "rotation": 90, "texture": "#2"}
			}
		},
		{
			"from": [11.20711, 10, 2.91421],
			"to": [12.20711, 14, 5.91421],
			"rotation": {"angle": 45, "axis": "y", "origin": [11.70711, 12, 4.41421]},
			"faces": {
				"north": {"uv": [0, 0, 1, 3], "texture": "#2"},
				"east": {"uv": [5, 3, 8, 6], "texture": "#2"},
				"south": {"uv": [0, 0, 1, 3], "texture": "#2"},
				"west": {"uv": [5, 6, 8, 9], "texture": "#2"},
				"up": {"uv": [0, 0, 3, 1], "rotation": 270, "texture": "#2"},
				"down": {"uv": [0, 0, 3, 1], "rotation": 90, "texture": "#2"}
			}
		},
		{
			"from": [10, 10, 3],
			"to": [11, 13, 4],
			"rotation": {"angle": 0, "axis": "y", "origin": [5.5, 10.5, 3.5]},
			"faces": {
				"north": {"uv": [5, 6, 8, 9], "texture": "#2"},
				"east": {"uv": [0, 0, 1, 3], "texture": "#2"},
				"south": {"uv": [5, 3, 8, 6], "texture": "#2"},
				"west": {"uv": [0, 0, 1, 3], "texture": "#2"},
				"up": {"uv": [0, 0, 3, 1], "texture": "#2"},
				"down": {"uv": [0, 0, 3, 1], "texture": "#2"}
			}
		},
		{
			"from": [5, 10, 13.24264],
			"to": [11, 14, 14.24264],
			"rotation": {"angle": 0, "axis": "y", "origin": [1.5, 11.5, 5.74264]},
			"faces": {
				"north": {"uv": [5, 6, 8, 9], "texture": "#2"},
				"east": {"uv": [0, 0, 1, 3], "texture": "#2"},
				"south": {"uv": [5, 3, 8, 6], "texture": "#2"},
				"west": {"uv": [0, 0, 1, 3], "texture": "#2"},
				"up": {"uv": [0, 0, 3, 1], "texture": "#2"},
				"down": {"uv": [0, 0, 3, 1], "texture": "#2"}
			}
		},
		{
			"from": [6.5, 24.28614, -2.6542],
			"to": [9.5, 30.28614, -1.6542],
			"rotation": {"angle": 45, "axis": "x", "origin": [7, 27.00715, -2.6542]},
			"faces": {
				"north": {"uv": [6, 6, 8, 10], "texture": "#4"},
				"east": {"uv": [0, 0, 1, 4], "texture": "#4"},
				"south": {"uv": [7, 6, 9, 10], "texture": "#4"},
				"west": {"uv": [0, 0, 1, 4], "texture": "#4"},
				"up": {"uv": [0, 0, 2, 1], "texture": "#4"},
				"down": {"uv": [0, 0, 2, 1], "texture": "#4"}
			}
		},
		{
			"from": [5, 10.5, 5],
			"to": [11, 11.5, 6],
			"rotation": {"angle": 0, "axis": "y", "origin": [0, 10.5, 3]},
			"faces": {
				"north": {"uv": [0, 0, 6, 1], "texture": "#1"},
				"east": {"uv": [0, 0, 1, 1], "texture": "#1"},
				"south": {"uv": [0, 0, 6, 1], "texture": "#1"},
				"west": {"uv": [0, 0, 1, 1], "texture": "#1"},
				"up": {"uv": [0, 0, 6, 1], "texture": "#1"},
				"down": {"uv": [0, 0, 6, 1], "texture": "#1"}
			}
		},
		{
			"from": [3, 5.5, 5.5],
			"to": [13, 12.5, 13.5],
			"rotation": {"angle": 0, "axis": "y", "origin": [9, -6.5, 6]},
			"faces": {
				"north": {"uv": [0, 0, 10, 7], "texture": "#1"},
				"east": {"uv": [0, 0, 8, 7], "texture": "#1"},
				"south": {"uv": [0, 0, 10, 7], "texture": "#1"},
				"west": {"uv": [0, 0, 8, 7], "texture": "#1"},
				"up": {"uv": [0, 0, 10, 8], "texture": "#1"},
				"down": {"uv": [0, 0, 10, 8], "texture": "#1"}
			}
		},
		{
			"from": [2.5, -3, 6.5],
			"to": [5.5, 5, 10.5],
			"rotation": {"angle": 45, "axis": "y", "origin": [4, 1, 6]},
			"faces": {
				"north": {"uv": [0, 0, 3, 8], "texture": "#2"},
				"east": {"uv": [0, 0, 4, 8], "texture": "#2"},
				"south": {"uv": [0, 0, 3, 8], "texture": "#2"},
				"west": {"uv": [0, 0, 4, 8], "texture": "#2"},
				"up": {"uv": [0, 0, 3, 4], "texture": "#2"},
				"down": {"uv": [0, 0, 3, 4], "texture": "#2"}
			}
		},
		{
			"from": [7.75, -3, 4],
			"to": [11.75, 5, 7],
			"rotation": {"angle": 45, "axis": "y", "origin": [12, 1, 6]},
			"faces": {
				"north": {"uv": [0, 0, 4, 8], "texture": "#2"},
				"east": {"uv": [0, 0, 3, 8], "texture": "#2"},
				"south": {"uv": [0, 0, 4, 8], "texture": "#2"},
				"west": {"uv": [0, 0, 3, 8], "texture": "#2"},
				"up": {"uv": [0, 0, 4, 3], "texture": "#2"},
				"down": {"uv": [0, 0, 4, 3], "texture": "#2"}
			}
		},
		{
			"from": [4, -2.9, 8],
			"to": [12, 6.1, 12],
			"rotation": {"angle": 0, "axis": "y", "origin": [0, -10, 3]},
			"faces": {
				"north": {"uv": [3, 3, 11, 12], "texture": "#2"},
				"east": {"uv": [4, 4, 8, 13], "texture": "#2"},
				"south": {"uv": [4, 3, 12, 12], "texture": "#2"},
				"west": {"uv": [4, 4, 8, 13], "texture": "#2"},
				"up": {"uv": [6, 5, 14, 9], "texture": "#2"},
				"down": {"uv": [3, 3, 11, 7], "texture": "#2"}
			}
		},
		{
			"from": [4.5, 13.1, 1],
			"to": [11.5, 22.1, 7],
			"rotation": {"angle": -45, "axis": "x", "origin": [8, 18.6, 8]},
			"faces": {
				"north": {"uv": [3, 3, 11, 12], "texture": "#2"},
				"east": {"uv": [4, 4, 8, 13], "texture": "#2"},
				"south": {"uv": [4, 3, 12, 12], "texture": "#2"},
				"west": {"uv": [4, 4, 8, 13], "texture": "#2"},
				"up": {"uv": [6, 5, 14, 9], "texture": "#2"},
				"down": {"uv": [3, 3, 11, 7], "texture": "#2"}
			}
		},
		{
			"from": [6, 13, 8],
			"to": [10, 17, 12],
			"rotation": {"angle": 0, "axis": "y", "origin": [0, 4, 0]},
			"faces": {
				"north": {"uv": [6, 6, 10, 10], "texture": "#0"},
				"east": {"uv": [6, 3, 10, 7], "texture": "#0"},
				"south": {"uv": [8, 5, 12, 9], "texture": "#0"},
				"west": {"uv": [4, 4, 8, 8], "texture": "#0"},
				"up": {"uv": [6, 7, 10, 11], "texture": "#0"},
				"down": {"uv": [5, 5, 9, 9], "texture": "#0"}
			}
		},
		{
			"from": [6, 17, 4],
			"to": [10, 21, 8],
			"rotation": {"angle": 0, "axis": "y", "origin": [0, 4, 0]},
			"faces": {
				"north": {"uv": [6, 6, 10, 10], "texture": "#0"},
				"east": {"uv": [6, 3, 10, 7], "texture": "#0"},
				"south": {"uv": [8, 5, 12, 9], "texture": "#0"},
				"west": {"uv": [4, 4, 8, 8], "texture": "#0"},
				"up": {"uv": [6, 7, 10, 11], "texture": "#0"},
				"down": {"uv": [5, 5, 9, 9], "texture": "#0"}
			}
		},
		{
			"from": [5.25, 12, -8],
			"to": [11.25, 14, -7],
			"rotation": {"angle": -22.5, "axis": "x", "origin": [8, 12, -5.5]},
			"faces": {
				"north": {"uv": [0, 0, 6, 2], "texture": "#1"},
				"east": {"uv": [0, 0, 1, 2], "texture": "#1"},
				"south": {"uv": [0, 0, 6, 2], "texture": "#1"},
				"west": {"uv": [0, 0, 1, 2], "texture": "#1"},
				"up": {"uv": [0, 0, 6, 1], "texture": "#1"},
				"down": {"uv": [0, 0, 6, 1], "texture": "#1"}
			}
		},
		{
			"from": [4, 15.89209, -9.56983],
			"to": [12, 17.89209, -8.56983],
			"rotation": {"angle": 22.5, "axis": "x", "origin": [8, 14.39209, -9.06983]},
			"faces": {
				"north": {"uv": [0, 0, 8, 2], "texture": "#1"},
				"east": {"uv": [0, 0, 1, 2], "texture": "#1"},
				"south": {"uv": [0, 0, 8, 2], "texture": "#1"},
				"west": {"uv": [0, 0, 1, 2], "texture": "#1"},
				"up": {"uv": [0, 0, 8, 1], "texture": "#1"},
				"down": {"uv": [0, 0, 8, 1], "texture": "#1"}
			}
		},
		{
			"from": [5, 12, -8],
			"to": [6, 15, -7],
			"rotation": {"angle": 0, "axis": "y", "origin": [0, 3, -2]},
			"faces": {
				"north": {"uv": [0, 0, 1, 3], "texture": "#2"},
				"east": {"uv": [0, 0, 1, 3], "texture": "#2"},
				"south": {"uv": [0, 0, 1, 3], "texture": "#2"},
				"west": {"uv": [0, 0, 1, 3], "texture": "#2"},
				"up": {"uv": [0, 0, 1, 1], "texture": "#2"},
				"down": {"uv": [0, 0, 1, 1], "texture": "#2"}
			}
		},
		{
			"from": [10, 12, -8],
			"to": [11, 15, -7],
			"rotation": {"angle": 0, "axis": "y", "origin": [0, 3, -2]},
			"faces": {
				"north": {"uv": [0, 0, 1, 3], "texture": "#2"},
				"east": {"uv": [0, 0, 1, 3], "texture": "#2"},
				"south": {"uv": [0, 0, 1, 3], "texture": "#2"},
				"west": {"uv": [0, 0, 1, 3], "texture": "#2"},
				"up": {"uv": [0, 0, 1, 1], "texture": "#2"},
				"down": {"uv": [0, 0, 1, 1], "texture": "#2"}
			}
		},
		{
			"from": [4, 13, -9],
			"to": [5, 16, -8],
			"rotation": {"angle": 0, "axis": "y", "origin": [0, 2, -2]},
			"faces": {
				"north": {"uv": [0, 0, 1, 3], "texture": "#1"},
				"east": {"uv": [0, 0, 1, 3], "texture": "#1"},
				"south": {"uv": [0, 0, 1, 3], "texture": "#1"},
				"west": {"uv": [0, 0, 1, 3], "texture": "#1"},
				"up": {"uv": [0, 0, 1, 1], "texture": "#1"},
				"down": {"uv": [0, 0, 1, 1], "texture": "#1"}
			}
		},
		{
			"from": [11, 13, -9],
			"to": [12, 16, -8],
			"rotation": {"angle": 0, "axis": "y", "origin": [0, 2, -2]},
			"faces": {
				"north": {"uv": [0, 0, 1, 3], "texture": "#1"},
				"east": {"uv": [0, 0, 1, 3], "texture": "#1"},
				"south": {"uv": [0, 0, 1, 3], "texture": "#1"},
				"west": {"uv": [0, 0, 1, 3], "texture": "#1"},
				"up": {"uv": [0, 0, 1, 1], "texture": "#1"},
				"down": {"uv": [0, 0, 1, 1], "texture": "#1"}
			}
		},
		{
			"from": [4.5, 17, -7],
			"to": [11.5, 21, -3],
			"rotation": {"angle": 22.5, "axis": "x", "origin": [8.5, 19.5, -5]},
			"faces": {
				"north": {"uv": [4, 4, 11, 9], "texture": "#3"},
				"east": {"uv": [5, 4, 9, 9], "texture": "#3"},
				"south": {"uv": [5, 5, 12, 10], "texture": "#3"},
				"west": {"uv": [4, 3, 8, 8], "texture": "#3"},
				"up": {"uv": [3, 4, 10, 8], "texture": "#3"},
				"down": {"uv": [4, 4, 11, 8], "texture": "#3"}
			}
		},
		{
			"from": [7, 17, -9],
			"to": [9, 21, -7],
			"rotation": {"angle": -22.5, "axis": "x", "origin": [8, 19, -7.5]},
			"faces": {
				"north": {"uv": [0, 0, 2, 4], "texture": "#1"},
				"east": {"uv": [0, 0, 2, 4], "texture": "#1"},
				"south": {"uv": [0, 0, 2, 4], "texture": "#1"},
				"west": {"uv": [0, 0, 2, 4], "texture": "#1"},
				"up": {"uv": [0, 0, 2, 2], "texture": "#1"},
				"down": {"uv": [0, 0, 2, 2], "texture": "#1"}
			}
		},
		{
			"from": [7, 19, -7],
			"to": [9, 23, -5],
			"rotation": {"angle": -22.5, "axis": "x", "origin": [8, 19, -7.5]},
			"faces": {
				"north": {"uv": [0, 0, 2, 4], "texture": "#1"},
				"east": {"uv": [0, 0, 2, 4], "texture": "#1"},
				"south": {"uv": [0, 0, 2, 4], "texture": "#1"},
				"west": {"uv": [0, 0, 2, 4], "texture": "#1"},
				"up": {"uv": [0, 0, 2, 2], "texture": "#1"},
				"down": {"uv": [0, 0, 2, 2], "texture": "#1"}
			}
		},
		{
			"from": [7, 21, -5],
			"to": [9, 25, -3],
			"rotation": {"angle": -22.5, "axis": "x", "origin": [8, 19, -7.5]},
			"faces": {
				"north": {"uv": [0, 0, 2, 4], "texture": "#1"},
				"east": {"uv": [0, 0, 2, 4], "texture": "#1"},
				"south": {"uv": [0, 0, 2, 4], "texture": "#1"},
				"west": {"uv": [0, 0, 2, 4], "texture": "#1"},
				"up": {"uv": [0, 0, 2, 2], "texture": "#1"},
				"down": {"uv": [0, 0, 2, 2], "texture": "#1"}
			}
		},
		{
			"from": [4, 19, -9],
			"to": [8, 20, -7],
			"rotation": {"angle": -22.5, "axis": "z", "origin": [5.5, 19.5, -8]},
			"faces": {
				"north": {"uv": [4, 4, 8, 5], "texture": "#1"},
				"east": {"uv": [0, 0, 2, 1], "texture": "#1"},
				"south": {"uv": [0, 0, 4, 1], "texture": "#1"},
				"west": {"uv": [0, 0, 2, 1], "texture": "#1"},
				"up": {"uv": [0, 0, 4, 2], "texture": "#1"},
				"down": {"uv": [3, 8, 7, 10], "texture": "#1"}
			}
		},
		{
			"from": [8, 19, -9],
			"to": [12, 20, -7],
			"rotation": {"angle": 22.5, "axis": "z", "origin": [10.5, 19.5, -8]},
			"faces": {
				"north": {"uv": [0, 0, 4, 1], "texture": "#1"},
				"east": {"uv": [0, 0, 2, 1], "texture": "#1"},
				"south": {"uv": [0, 0, 4, 1], "texture": "#1"},
				"west": {"uv": [0, 0, 2, 1], "texture": "#1"},
				"up": {"uv": [0, 0, 4, 2], "texture": "#1"},
				"down": {"uv": [0, 0, 4, 2], "texture": "#1"}
			}
		},
		{
			"from": [4, 21, -7],
			"to": [8, 22, -5],
			"rotation": {"angle": -22.5, "axis": "z", "origin": [5.5, 21.5, -6]},
			"faces": {
				"north": {"uv": [6, 2, 10, 3], "texture": "#1"},
				"east": {"uv": [0, 0, 2, 1], "texture": "#1"},
				"south": {"uv": [0, 0, 4, 1], "texture": "#1"},
				"west": {"uv": [0, 0, 2, 1], "texture": "#1"},
				"up": {"uv": [0, 0, 4, 2], "texture": "#1"},
				"down": {"uv": [0, 0, 4, 2], "texture": "#1"}
			}
		},
		{
			"from": [8, 21, -7],
			"to": [12, 22, 0],
			"rotation": {"angle": 22.5, "axis": "z", "origin": [10.5, 21.5, -6]},
			"faces": {
				"north": {"uv": [3, 3, 7, 4], "texture": "#1"},
				"east": {"uv": [0, 0, 7, 1], "texture": "#1"},
				"south": {"uv": [0, 0, 4, 1], "texture": "#1"},
				"west": {"uv": [0, 0, 7, 1], "texture": "#1"},
				"up": {"uv": [0, 0, 4, 7], "texture": "#1"},
				"down": {"uv": [0, 0, 4, 7], "texture": "#1"}
			}
		},
		{
			"from": [0, 17, -8],
			"to": [3, 23, -5],
			"rotation": {"angle": 45, "axis": "z", "origin": [3.5, 20, -6.5]},
			"faces": {
				"north": {"uv": [0, 0, 3, 6], "texture": "#1"},
				"east": {"uv": [0, 0, 3, 6], "texture": "#1"},
				"south": {"uv": [0, 0, 3, 6], "texture": "#1"},
				"west": {"uv": [0, 0, 3, 6], "texture": "#1"},
				"up": {"uv": [0, 0, 3, 3], "texture": "#1"},
				"down": {"uv": [0, 0, 3, 3], "texture": "#1"}
			}
		},
		{
			"from": [-1.09619, 18.84406, -6.96613],
			"to": [1.90381, 24.84406, -3.96613],
			"rotation": {"angle": 22.5, "axis": "x", "origin": [0.40381, 21.84406, -5.46613]},
			"faces": {
				"north": {"uv": [0, 0, 3, 6], "texture": "#1"},
				"east": {"uv": [0, 0, 3, 6], "texture": "#1"},
				"south": {"uv": [0, 0, 3, 6], "texture": "#1"},
				"west": {"uv": [0, 0, 3, 6], "texture": "#1"},
				"up": {"uv": [0, 0, 3, 3], "texture": "#1"},
				"down": {"uv": [0, 0, 3, 3], "texture": "#1"}
			}
		},
		{
			"from": [14.09619, 18.84406, -6.96613],
			"to": [17.09619, 24.84406, -3.96613],
			"rotation": {"angle": 22.5, "axis": "x", "origin": [-0.40381, 21.84406, -5.46613]},
			"faces": {
				"north": {"uv": [0, 0, 3, 6], "texture": "#1"},
				"east": {"uv": [0, 0, 3, 6], "texture": "#1"},
				"south": {"uv": [0, 0, 3, 6], "texture": "#1"},
				"west": {"uv": [0, 0, 3, 6], "texture": "#1"},
				"up": {"uv": [0, 0, 3, 3], "texture": "#1"},
				"down": {"uv": [0, 0, 3, 3], "texture": "#1"}
			}
		},
		{
			"from": [13, 17, -8],
			"to": [16, 23, -5],
			"rotation": {"angle": -45, "axis": "z", "origin": [12.5, 20, -6.5]},
			"faces": {
				"north": {"uv": [0, 0, 3, 6], "texture": "#1"},
				"east": {"uv": [0, 0, 3, 6], "texture": "#1"},
				"south": {"uv": [0, 0, 3, 6], "texture": "#1"},
				"west": {"uv": [0, 0, 3, 6], "texture": "#1"},
				"up": {"uv": [0, 0, 3, 3], "texture": "#1"},
				"down": {"uv": [0, 0, 3, 3], "texture": "#1"}
			}
		},
		{
			"from": [2, 22, -3],
			"to": [5, 28, 0],
			"rotation": {"angle": 45, "axis": "z", "origin": [5.5, 25, -1.5]},
			"faces": {
				"north": {"uv": [0, 0, 3, 6], "texture": "#1"},
				"east": {"uv": [0, 0, 3, 6], "texture": "#1"},
				"south": {"uv": [0, 0, 3, 6], "texture": "#1"},
				"west": {"uv": [0, 0, 3, 6], "texture": "#1"},
				"up": {"uv": [0, 0, 3, 3], "texture": "#1"},
				"down": {"uv": [0, 0, 3, 3], "texture": "#1"}
			}
		},
		{
			"from": [0.90381, 22.70711, -1.31802],
			"to": [3.90381, 28.70711, 1.68198],
			"rotation": {"angle": 45, "axis": "x", "origin": [2.40381, 25.70711, 0.18198]},
			"faces": {
				"north": {"uv": [0, 0, 3, 6], "texture": "#1"},
				"east": {"uv": [0, 0, 3, 6], "texture": "#1"},
				"south": {"uv": [0, 0, 3, 6], "texture": "#1"},
				"west": {"uv": [0, 0, 3, 6], "texture": "#1"},
				"up": {"uv": [0, 0, 3, 3], "texture": "#1"},
				"down": {"uv": [0, 0, 3, 3], "texture": "#1"}
			}
		},
		{
			"from": [12.09619, 22.70711, -1.31802],
			"to": [15.09619, 28.70711, 1.68198],
			"rotation": {"angle": 45, "axis": "x", "origin": [-2.40381, 25.70711, 0.18198]},
			"faces": {
				"north": {"uv": [0, 0, 3, 6], "texture": "#1"},
				"east": {"uv": [0, 0, 3, 6], "texture": "#1"},
				"south": {"uv": [0, 0, 3, 6], "texture": "#1"},
				"west": {"uv": [0, 0, 3, 6], "texture": "#1"},
				"up": {"uv": [0, 0, 3, 3], "texture": "#1"},
				"down": {"uv": [0, 0, 3, 3], "texture": "#1"}
			}
		},
		{
			"from": [11, 22, -3],
			"to": [14, 28, 0],
			"rotation": {"angle": -45, "axis": "z", "origin": [10.5, 25, -1.5]},
			"faces": {
				"north": {"uv": [0, 0, 3, 6], "texture": "#1"},
				"east": {"uv": [0, 0, 3, 6], "texture": "#1"},
				"south": {"uv": [0, 0, 3, 6], "texture": "#1"},
				"west": {"uv": [0, 0, 3, 6], "texture": "#1"},
				"up": {"uv": [0, 0, 3, 3], "texture": "#1"},
				"down": {"uv": [0, 0, 3, 3], "texture": "#1"}
			}
		},
		{
			"from": [3, 16.75, -7.25],
			"to": [5, 23.75, -0.25],
			"rotation": {"angle": 22.5, "axis": "x", "origin": [4, 19.5, -7]},
			"faces": {
				"north": {"uv": [0, 0, 2, 7], "texture": "#1"},
				"east": {"uv": [0, 0, 7, 7], "texture": "#1"},
				"south": {"uv": [0, 0, 2, 7], "texture": "#1"},
				"west": {"uv": [0, 0, 7, 7], "texture": "#1"},
				"up": {"uv": [0, 0, 2, 7], "texture": "#1"},
				"down": {"uv": [0, 0, 2, 7], "texture": "#1"}
			}
		},
		{
			"from": [11, 16.75, -7.25],
			"to": [13, 23.75, -0.25],
			"rotation": {"angle": 22.5, "axis": "x", "origin": [4, 19.5, -7]},
			"faces": {
				"north": {"uv": [0, 0, 2, 7], "texture": "#1"},
				"east": {"uv": [0, 0, 7, 7], "texture": "#1"},
				"south": {"uv": [0, 0, 2, 7], "texture": "#1"},
				"west": {"uv": [0, 0, 7, 7], "texture": "#1"},
				"up": {"uv": [0, 0, 2, 7], "texture": "#1"},
				"down": {"uv": [0, 0, 2, 7], "texture": "#1"}
			}
		},
		{
			"from": [4, 17, -5],
			"to": [12, 25, 4],
			"rotation": {"angle": 22.5, "axis": "x", "origin": [4, 19.5, -7]},
			"faces": {
				"north": {"uv": [0, 0, 8, 8], "texture": "#1"},
				"east": {"uv": [0, 0, 9, 8], "texture": "#1"},
				"south": {"uv": [0, 0, 8, 8], "texture": "#1"},
				"west": {"uv": [0, 0, 9, 8], "texture": "#1"},
				"up": {"uv": [0, 0, 8, 9], "texture": "#1"},
				"down": {"uv": [0, 0, 8, 9], "texture": "#1"}
			}
		},
		{
			"from": [5, 19, -5],
			"to": [11, 24, 1],
			"rotation": {"angle": 22.5, "axis": "x", "origin": [8, 23, -4]},
			"faces": {
				"north": {"uv": [0, 0, 6, 5], "texture": "#1"},
				"east": {"uv": [0, 0, 6, 5], "texture": "#1"},
				"south": {"uv": [0, 0, 6, 5], "texture": "#1"},
				"west": {"uv": [0, 0, 6, 5], "texture": "#1"},
				"up": {"uv": [0, 0, 6, 6], "texture": "#1"},
				"down": {"uv": [0, 0, 6, 6], "texture": "#1"}
			}
		},
		{
			"from": [5.5, 20.75788, -2.17964],
			"to": [10.5, 28.75788, 3.82036],
			"rotation": {"angle": 45, "axis": "x", "origin": [7.5, 25.50788, 0.82036]},
			"faces": {
				"north": {"uv": [0, 0, 5, 8], "texture": "#1"},
				"east": {"uv": [0, 0, 6, 8], "texture": "#1"},
				"south": {"uv": [0, 0, 5, 8], "texture": "#1"},
				"west": {"uv": [0, 0, 6, 8], "texture": "#1"},
				"up": {"uv": [0, 0, 5, 6], "texture": "#1"},
				"down": {"uv": [0, 0, 5, 6], "texture": "#1"}
			}
		},
		{
			"from": [-14, 8, 4],
			"to": [2, 14, 12],
			"rotation": {"angle": 0, "axis": "y", "origin": [-6, 11, 8.5]},
			"faces": {
				"north": {"uv": [0, 3, 16, 9], "texture": "#0"},
				"east": {"uv": [5, 3, 12, 9], "texture": "#0"},
				"south": {"uv": [0, 4, 16, 10], "texture": "#0"},
				"west": {"uv": [5, 3, 12, 9], "texture": "#0"},
				"up": {"uv": [0, 4, 16, 11], "texture": "#0"},
				"down": {"uv": [0, 3, 16, 10], "texture": "#0"}
			}
		},
		{
			"from": [-13, 13, 4.5],
			"to": [3, 19, 11.5],
			"rotation": {"angle": -22.5, "axis": "z", "origin": [-6, 14, 8]},
			"faces": {
				"north": {"uv": [0, 3, 16, 9], "texture": "#0"},
				"east": {"uv": [5, 3, 12, 9], "texture": "#0"},
				"south": {"uv": [0, 4, 16, 10], "texture": "#0"},
				"west": {"uv": [5, 3, 12, 9], "texture": "#0"},
				"up": {"uv": [0, 4, 16, 11], "texture": "#0"},
				"down": {"uv": [0, 3, 16, 10], "texture": "#0"}
			}
		},
		{
			"from": [13, 13, 4.5],
			"to": [29, 19, 11.5],
			"rotation": {"angle": 22.5, "axis": "z", "origin": [22, 14, 8]},
			"faces": {
				"north": {"uv": [0, 3, 16, 9], "texture": "#0"},
				"east": {"uv": [5, 3, 12, 9], "texture": "#0"},
				"south": {"uv": [0, 4, 16, 10], "texture": "#0"},
				"west": {"uv": [5, 3, 12, 9], "texture": "#0"},
				"up": {"uv": [0, 4, 16, 11], "texture": "#0"},
				"down": {"uv": [0, 3, 16, 10], "texture": "#0"}
			}
		},
		{
			"from": [14, 8, 4],
			"to": [30, 14, 12],
			"rotation": {"angle": 0, "axis": "y", "origin": [-6, 11, 8.5]},
			"faces": {
				"north": {"uv": [0, 3, 16, 9], "texture": "#0"},
				"east": {"uv": [5, 3, 12, 9], "texture": "#0"},
				"south": {"uv": [0, 4, 16, 10], "texture": "#0"},
				"west": {"uv": [5, 3, 12, 9], "texture": "#0"},
				"up": {"uv": [0, 4, 16, 11], "texture": "#0"},
				"down": {"uv": [0, 3, 16, 10], "texture": "#0"}
			}
		},
		{
			"from": [-3, 2, -2],
			"to": [8, 11.00001, 7],
			"rotation": {"angle": 45, "axis": "y", "origin": [3.5, 6.5, 1.5]},
			"faces": {
				"north": {"uv": [3, 4, 12, 13], "texture": "#0"},
				"east": {"uv": [3, 4, 12, 13], "texture": "#0"},
				"south": {"uv": [3, 4, 12, 13], "texture": "#0"},
				"west": {"uv": [3, 5, 12, 14], "texture": "#0"},
				"up": {"uv": [3, 5, 12, 14], "texture": "#0"},
				"down": {"uv": [3, 4, 12, 13], "texture": "#0"}
			}
		},
		{
			"from": [7, 2, -3],
			"to": [16, 11, 8],
			"rotation": {"angle": 45, "axis": "y", "origin": [12.5, 6.5, 1.5]},
			"faces": {
				"north": {"uv": [3, 4, 12, 13], "texture": "#0"},
				"east": {"uv": [3, 4, 12, 13], "texture": "#0"},
				"south": {"uv": [3, 4, 12, 13], "texture": "#0"},
				"west": {"uv": [3, 5, 12, 14], "texture": "#0"},
				"up": {"uv": [3, 5, 12, 14], "texture": "#0"},
				"down": {"uv": [3, 4, 12, 13], "texture": "#0"}
			}
		},
		{
			"from": [3, -12, 1],
			"to": [13, 3, 11],
			"faces": {
				"north": {"uv": [0, 0, 10, 15], "texture": "#2"},
				"east": {"uv": [0, 0, 10, 15], "texture": "#2"},
				"south": {"uv": [0, 0, 10, 15], "texture": "#2"},
				"west": {"uv": [0, 0, 10, 15], "texture": "#2"},
				"up": {"uv": [0, 0, 10, 10], "texture": "#2"},
				"down": {"uv": [0, 0, 10, 10], "texture": "#2"}
			}
		},
		{
			"from": [3, -1, -1],
			"to": [13, 2, 2],
			"rotation": {"angle": 45, "axis": "x", "origin": [8, 0.5, 0.5]},
			"faces": {
				"north": {"uv": [2, 6, 12, 9], "texture": "#0"},
				"east": {"uv": [3, 3, 6, 6], "texture": "#0"},
				"south": {"uv": [3, 6, 13, 9], "texture": "#0"},
				"west": {"uv": [5, 4, 8, 7], "texture": "#0"},
				"up": {"uv": [2, 5, 12, 8], "texture": "#0"},
				"down": {"uv": [1, 4, 11, 7], "texture": "#0"}
			}
		},
		{
			"from": [3, -4, -0.75],
			"to": [13, -1, 2.25],
			"rotation": {"angle": 45, "axis": "x", "origin": [8, -2.5, 0.75]},
			"faces": {
				"north": {"uv": [2, 6, 12, 9], "texture": "#0"},
				"east": {"uv": [3, 3, 6, 6], "texture": "#0"},
				"south": {"uv": [3, 6, 13, 9], "texture": "#0"},
				"west": {"uv": [5, 4, 8, 7], "texture": "#0"},
				"up": {"uv": [2, 5, 12, 8], "texture": "#0"},
				"down": {"uv": [1, 4, 11, 7], "texture": "#0"}
			}
		},
		{
			"from": [3, -7, -0.25],
			"to": [13, -4, 2.75],
			"rotation": {"angle": 45, "axis": "x", "origin": [8, -5.5, 1.25]},
			"faces": {
				"north": {"uv": [2, 6, 12, 9], "texture": "#0"},
				"east": {"uv": [3, 3, 6, 6], "texture": "#0"},
				"south": {"uv": [3, 6, 13, 9], "texture": "#0"},
				"west": {"uv": [5, 4, 8, 7], "texture": "#0"},
				"up": {"uv": [2, 5, 12, 8], "texture": "#0"},
				"down": {"uv": [1, 4, 11, 7], "texture": "#0"}
			}
		},
		{
			"from": [3, -9.5, 2.25],
			"to": [13, -6.5, 5.25],
			"rotation": {"angle": 45, "axis": "x", "origin": [8, -5.5, 1.25]},
			"faces": {
				"north": {"uv": [2, 6, 12, 9], "texture": "#0"},
				"east": {"uv": [3, 3, 6, 6], "texture": "#0"},
				"south": {"uv": [3, 6, 13, 9], "texture": "#0"},
				"west": {"uv": [5, 4, 8, 7], "texture": "#0"},
				"up": {"uv": [2, 5, 12, 8], "texture": "#0"},
				"down": {"uv": [1, 4, 11, 7], "texture": "#0"}
			}
		},
		{
			"from": [1.14805, -12, 0.77164],
			"to": [4.14805, 2, 6.77164],
			"rotation": {"angle": 22.5, "axis": "y", "origin": [4.14805, -5, 3.77164]},
			"faces": {
				"north": {"uv": [0, 0, 3, 14], "texture": "#1"},
				"east": {"uv": [0, 0, 6, 14], "texture": "#1"},
				"south": {"uv": [0, 0, 3, 14], "texture": "#1"},
				"west": {"uv": [0, 0, 6, 14], "texture": "#1"},
				"up": {"uv": [0, 0, 3, 6], "texture": "#1"},
				"down": {"uv": [0, 0, 3, 6], "texture": "#1"}
			}
		},
		{
			"from": [11.73777, -12, 1.34566],
			"to": [14.73777, 2, 7.34566],
			"rotation": {"angle": -22.5, "axis": "y", "origin": [13.23777, -5, 4.34566]},
			"faces": {
				"north": {"uv": [0, 0, 3, 14], "texture": "#1"},
				"east": {"uv": [0, 0, 6, 14], "texture": "#1"},
				"south": {"uv": [0, 0, 3, 14], "texture": "#1"},
				"west": {"uv": [0, 0, 6, 14], "texture": "#1"},
				"up": {"uv": [0, 0, 3, 6], "texture": "#1"},
				"down": {"uv": [0, 0, 3, 6], "texture": "#1"}
			}
		},
		{
			"from": [4.5, 11, -8.1],
			"to": [11.5, 13, -4.1],
			"faces": {
				"north": {"uv": [0, 0, 7, 2], "texture": "#1"},
				"east": {"uv": [0, 0, 4, 2], "texture": "#1"},
				"south": {"uv": [0, 0, 7, 2], "texture": "#1"},
				"west": {"uv": [0, 0, 4, 2], "texture": "#1"},
				"up": {"uv": [0, 0, 7, 4], "texture": "#1"},
				"down": {"uv": [0, 0, 7, 4], "texture": "#1"}
			}
		},
		{
			"from": [4.25, 11.68925, -4.53492],
			"to": [11.75, 13.68925, 1.46508],
			"rotation": {"angle": -22.5, "axis": "x", "origin": [8, 12.68925, -2.53492]},
			"faces": {
				"north": {"uv": [0, 0, 7.5, 2], "rotation": 180, "texture": "#1"},
				"east": {"uv": [0, 0, 6, 2], "rotation": 180, "texture": "#1"},
				"south": {"uv": [0, 0, 7.5, 2], "rotation": 180, "texture": "#1"},
				"west": {"uv": [0, 0, 6, 2], "rotation": 180, "texture": "#1"},
				"up": {"uv": [0, 0, 7.5, 6], "texture": "#1"},
				"down": {"uv": [0, 0, 7.5, 6], "texture": "#1"}
			}
		},
		{
			"from": [5, 4, -4],
			"to": [11, 10, -3],
			"faces": {
				"north": {"uv": [4, 3, 12, 11], "texture": "#3"},
				"east": {"uv": [0, 0, 1, 8], "texture": "#3"},
				"south": {"uv": [0, 0, 8, 8], "texture": "#3"},
				"west": {"uv": [0, 0, 1, 8], "texture": "#3"},
				"up": {"uv": [0, 0, 8, 1], "texture": "#3"},
				"down": {"uv": [0, 0, 8, 1], "texture": "#3"}
			}
		},
		{
			"from": [-1, 13, 10],
			"to": [5, 22, 16],
			"rotation": {"angle": 45, "axis": "x", "origin": [8, 17.5, 13]},
			"faces": {
				"north": {"uv": [5, 5, 11, 14], "texture": "#0"},
				"east": {"uv": [5, 3, 11, 12], "texture": "#0"},
				"south": {"uv": [4, 3, 10, 12], "texture": "#0"},
				"west": {"uv": [4, 4, 10, 13], "texture": "#0"},
				"up": {"uv": [5, 4, 11, 10], "texture": "#0"},
				"down": {"uv": [7, 4, 13, 10], "texture": "#0"}
			}
		},
		{
			"from": [11, 13, 10],
			"to": [17, 22, 16],
			"rotation": {"angle": 45, "axis": "x", "origin": [8, 17.5, 13]},
			"faces": {
				"north": {"uv": [5, 5, 11, 14], "texture": "#0"},
				"east": {"uv": [5, 3, 11, 12], "texture": "#0"},
				"south": {"uv": [4, 3, 10, 12], "texture": "#0"},
				"west": {"uv": [4, 4, 10, 13], "texture": "#0"},
				"up": {"uv": [5, 4, 11, 10], "texture": "#0"},
				"down": {"uv": [7, 4, 13, 10], "texture": "#0"}
			}
		},
		{
			"from": [0, 4, 16],
			"to": [16, 16, 23],
			"rotation": {"angle": -45, "axis": "x", "origin": [2.5, 10, 18.5]},
			"faces": {
				"north": {"uv": [0, 0, 16, 12], "texture": "#7"},
				"east": {"uv": [0, 0, 7, 12], "texture": "#7"},
				"south": {"uv": [0, 0, 16, 12], "texture": "#7"},
				"west": {"uv": [0, 0, 7, 12], "texture": "#7"},
				"up": {"uv": [0, 0, 16, 7], "texture": "#7"},
				"down": {"uv": [0, 0, 16, 7], "texture": "#7"}
			}
		},
		{
			"from": [-5, 7, 13],
			"to": [0, 19, 20],
			"rotation": {"angle": -22.5, "axis": "z", "origin": [-5.5, 10, 18.5]},
			"faces": {
				"north": {"uv": [0, 0, 5, 12], "texture": "#7"},
				"east": {"uv": [0, 0, 7, 12], "texture": "#7"},
				"south": {"uv": [0, 0, 5, 12], "texture": "#7"},
				"west": {"uv": [0, 0, 7, 12], "texture": "#7"},
				"up": {"uv": [0, 0, 5, 7], "texture": "#7"},
				"down": {"uv": [0, 0, 5, 7], "texture": "#7"}
			}
		},
		{
			"from": [14.91969, 5.62359, 13],
			"to": [19.91969, 17.62359, 20],
			"rotation": {"angle": 22.5, "axis": "z", "origin": [17.41969, 11.62359, 16.5]},
			"faces": {
				"north": {"uv": [0, 0, 5, 12], "texture": "#7"},
				"east": {"uv": [0, 0, 7, 12], "texture": "#7"},
				"south": {"uv": [0, 0, 5, 12], "texture": "#7"},
				"west": {"uv": [0, 0, 7, 12], "texture": "#7"},
				"up": {"uv": [0, 0, 5, 7], "texture": "#7"},
				"down": {"uv": [0, 0, 5, 7], "texture": "#7"}
			}
		},
		{
			"from": [16.02549, -1.64071, 16.51632],
			"to": [22.02549, 11.35929, 26.51632],
			"rotation": {"angle": -22.5, "axis": "x", "origin": [9.52549, 0.35929, 25.62292]},
			"faces": {
				"north": {"uv": [0, 0, 6, 13], "texture": "#7"},
				"east": {"uv": [0, 0, 10, 13], "texture": "#7"},
				"south": {"uv": [0, 0, 6, 13], "texture": "#7"},
				"west": {"uv": [0, 0, 10, 13], "texture": "#7"},
				"up": {"uv": [0, 0, 6, 10], "texture": "#7"},
				"down": {"uv": [0, 0, 6, 10], "texture": "#7"}
			}
		},
		{
			"from": [-0.5, -2.6066, 20],
			"to": [16.5, 10.3934, 30],
			"rotation": {"angle": -22.5, "axis": "x", "origin": [8, -0.6066, 29.1066]},
			"faces": {
				"north": {"uv": [0, 0, 16, 13], "texture": "#7"},
				"east": {"uv": [0, 0, 10, 13], "texture": "#7"},
				"south": {"uv": [0, 0, 16, 13], "texture": "#7"},
				"west": {"uv": [0, 0, 10, 13], "texture": "#7"},
				"up": {"uv": [0, 0, 16, 10], "texture": "#7"},
				"down": {"uv": [0, 0, 16, 10], "texture": "#7"}
			}
		},
		{
			"from": [-6.18611, -1.64071, 16.51632],
			"to": [-0.18611, 11.35929, 26.51632],
			"rotation": {"angle": -22.5, "axis": "x", "origin": [5.31389, 0.35929, 25.62292]},
			"faces": {
				"north": {"uv": [0, 0, 6, 13], "texture": "#7"},
				"east": {"uv": [0, 0, 10, 13], "texture": "#7"},
				"south": {"uv": [0, 0, 6, 13], "texture": "#7"},
				"west": {"uv": [0, 0, 10, 13], "texture": "#7"},
				"up": {"uv": [0, 0, 6, 10], "texture": "#7"},
				"down": {"uv": [0, 0, 6, 10], "texture": "#7"}
			}
		},
		{
			"from": [-1.5, -14.54152, 21.33458],
			"to": [17.5, -1.54152, 31.33458],
			"rotation": {"angle": 0, "axis": "x", "origin": [7.91969, -4.92876, 24.91015]},
			"faces": {
				"north": {"uv": [0, 0, 16, 13], "texture": "#7"},
				"east": {"uv": [0, 0, 10, 13], "texture": "#7"},
				"south": {"uv": [0, 0, 16, 13], "texture": "#7"},
				"west": {"uv": [0, 0, 10, 13], "texture": "#7"},
				"up": {"uv": [0, 0, 16, 10], "texture": "#7"},
				"down": {"uv": [0, 0, 16, 10], "texture": "#7"}
			}
		},
		{
			"from": [16.02549, -12.316, 18.48571],
			"to": [23.02549, 0.684, 28.48571],
			"rotation": {"angle": 0, "axis": "x", "origin": [7.91969, -4.92876, 24.91015]},
			"faces": {
				"north": {"uv": [0, 0, 7, 13], "texture": "#7"},
				"east": {"uv": [0, 0, 10, 13], "texture": "#7"},
				"south": {"uv": [0, 0, 7, 13], "texture": "#7"},
				"west": {"uv": [0, 0, 10, 13], "texture": "#7"},
				"up": {"uv": [0, 0, 7, 10], "texture": "#7"},
				"down": {"uv": [0, 0, 7, 10], "texture": "#7"}
			}
		},
		{
			"from": [-7.18611, -12.316, 18.48571],
			"to": [-0.18611, 0.684, 28.48571],
			"rotation": {"angle": 0, "axis": "x", "origin": [7.91969, -4.92876, 24.91015]},
			"faces": {
				"north": {"uv": [0, 0, 7, 13], "texture": "#7"},
				"east": {"uv": [0, 0, 10, 13], "texture": "#7"},
				"south": {"uv": [0, 0, 7, 13], "texture": "#7"},
				"west": {"uv": [0, 0, 10, 13], "texture": "#7"},
				"up": {"uv": [0, 0, 7, 10], "texture": "#7"},
				"down": {"uv": [0, 0, 7, 10], "texture": "#7"}
			}
		},
		{
			"from": [-15, -13, -5],
			"to": [-7, -5, 8],
			"rotation": {"angle": 0, "axis": "y", "origin": [1, 0, 9]},
			"faces": {
				"north": {"uv": [5, 4, 13, 12], "texture": "#0"},
				"east": {"uv": [2, 2, 15, 10], "texture": "#0"},
				"south": {"uv": [2, 2, 10, 10], "texture": "#0"},
				"west": {"uv": [2, 3, 15, 11], "texture": "#0"},
				"up": {"uv": [3, 2, 11, 15], "texture": "#0"},
				"down": {"uv": [3, 2, 11, 15], "texture": "#0"}
			}
		},
		{
			"from": [-13.20076, -12.5, 7.04537],
			"to": [-10.20076, -5.5, 17.04537],
			"rotation": {"angle": 22.5, "axis": "y", "origin": [-11.70076, -9, 12.04537]},
			"faces": {
				"north": {"uv": [5, 4, 13, 12], "texture": "#0"},
				"east": {"uv": [2, 2, 15, 10], "texture": "#0"},
				"south": {"uv": [2, 2, 10, 10], "texture": "#0"},
				"west": {"uv": [2, 3, 15, 11], "texture": "#0"},
				"up": {"uv": [3, 2, 11, 15], "texture": "#0"},
				"down": {"uv": [3, 2, 11, 15], "texture": "#0"}
			}
		},
		{
			"from": [-16, -14.75, -12],
			"to": [-13, -11.75, 0],
			"rotation": {"angle": -22.5, "axis": "y", "origin": [2, -13, -8]},
			"faces": {
				"north": {"uv": [4, 3, 8, 7], "texture": "#6"},
				"east": {"uv": [3, 2, 15, 6], "texture": "#6"},
				"south": {"uv": [3, 2, 7, 6], "texture": "#6"},
				"west": {"uv": [1, 3, 13, 7], "texture": "#6"},
				"up": {"uv": [5, 3, 9, 15], "texture": "#6"},
				"down": {"uv": [3, 3, 7, 15], "texture": "#6"}
			}
		},
		{
			"from": [-16, -10.75, -12],
			"to": [-13, -7.75, 0],
			"rotation": {"angle": -22.5, "axis": "y", "origin": [2, -13, -8]},
			"faces": {
				"north": {"uv": [4, 3, 8, 7], "texture": "#6"},
				"east": {"uv": [3, 2, 15, 6], "texture": "#6"},
				"south": {"uv": [3, 2, 7, 6], "texture": "#6"},
				"west": {"uv": [1, 3, 13, 7], "texture": "#6"},
				"up": {"uv": [5, 3, 9, 15], "texture": "#6"},
				"down": {"uv": [3, 3, 7, 15], "texture": "#6"}
			}
		},
		{
			"from": [-16, -6.75, -12],
			"to": [-13, -3.75, 0],
			"rotation": {"angle": -22.5, "axis": "y", "origin": [2, -13, -8]},
			"faces": {
				"north": {"uv": [4, 3, 8, 7], "texture": "#6"},
				"east": {"uv": [3, 2, 15, 6], "texture": "#6"},
				"south": {"uv": [3, 2, 7, 6], "texture": "#6"},
				"west": {"uv": [1, 3, 13, 7], "texture": "#6"},
				"up": {"uv": [5, 3, 9, 15], "texture": "#6"},
				"down": {"uv": [3, 3, 7, 15], "texture": "#6"}
			}
		},
		{
			"from": [-9, -6.75, -8],
			"to": [-6, -3.75, 2],
			"rotation": {"angle": -22.5, "axis": "y", "origin": [2, -13, -8]},
			"faces": {
				"north": {"uv": [4, 3, 8, 7], "texture": "#6"},
				"east": {"uv": [3, 2, 15, 6], "texture": "#6"},
				"south": {"uv": [3, 2, 7, 6], "texture": "#6"},
				"west": {"uv": [1, 3, 13, 7], "texture": "#6"},
				"up": {"uv": [5, 3, 9, 15], "texture": "#6"},
				"down": {"uv": [3, 3, 7, 15], "texture": "#6"}
			}
		},
		{
			"from": [-16, -14, -8],
			"to": [-11, -4, -3],
			"faces": {
				"north": {"uv": [4, 3, 9, 13], "texture": "#0"},
				"east": {"uv": [5, 3, 10, 13], "texture": "#0"},
				"south": {"uv": [4, 3, 9, 13], "texture": "#0"},
				"west": {"uv": [4, 3, 9, 13], "texture": "#0"},
				"up": {"uv": [5, 3, 10, 8], "texture": "#0"},
				"down": {"uv": [4, 2, 9, 7], "texture": "#0"}
			}
		},
		{
			"from": [-16, -11, -3],
			"to": [-13, -7, 5],
			"faces": {
				"north": {"uv": [3, 3, 6, 7], "texture": "#8"},
				"east": {"uv": [3, 4, 11, 8], "texture": "#8"},
				"south": {"uv": [4, 4, 7, 8], "texture": "#8"},
				"west": {"uv": [2, 4, 10, 8], "texture": "#8"},
				"up": {"uv": [4, 3, 7, 11], "texture": "#8"},
				"down": {"uv": [5, 4, 8, 12], "texture": "#8"}
			}
		}
	],
	"display": {
		"head": {
			"translation": [0, 34.75, 20.25],
			"scale": [4, 4, 4]
		}
	}
}