{
	"credit": "Made with Blockbench",
	"textures": {
		"0": "block/gold_block",
		"6": "block/iron_block",
		"8": "block/diamond_block",
		"particle": "block/gold_block"
	},
	"elements": [
		{
			"from": [4, -3, 1],
			"to": [12, 5, 14],
			"rotation": {"angle": 0, "axis": "y", "origin": [20, 10, 15]},
			"faces": {
				"north": {"uv": [5, 4, 13, 12], "tintindex": 0,"texture": "#0"},
				"east": {"uv": [2, 2, 15, 10], "tintindex": 0,"texture": "#0"},
				"south": {"uv": [2, 2, 10, 10], "tintindex": 0,"texture": "#0"},
				"west": {"uv": [2, 3, 15, 11], "tintindex": 0,"texture": "#0"},
				"up": {"uv": [3, 2, 11, 15], "tintindex": 0,"texture": "#0"},
				"down": {"uv": [3, 2, 11, 15], "tintindex": 0,"texture": "#0"}
			}
		},
		{
			"from": [5.79924, -2.5, 13.04537],
			"to": [8.79924, 4.5, 23.04537],
			"rotation": {"angle": 22.5, "axis": "y", "origin": [7.29924, 1, 18.04537]},
			"faces": {
				"north": {"uv": [5, 4, 13, 12], "tintindex": 0,"texture": "#0"},
				"east": {"uv": [2, 2, 15, 10], "tintindex": 0,"texture": "#0"},
				"south": {"uv": [2, 2, 10, 10], "tintindex": 0,"texture": "#0"},
				"west": {"uv": [2, 3, 15, 11], "tintindex": 0,"texture": "#0"},
				"up": {"uv": [3, 2, 11, 15], "tintindex": 0,"texture": "#0"},
				"down": {"uv": [3, 2, 11, 15], "tintindex": 0,"texture": "#0"}
			}
		},
		{
			"from": [3, -4.75, -6],
			"to": [6, -1.75, 6],
			"rotation": {"angle": -22.5, "axis": "y", "origin": [21, -3, -2]},
			"faces": {
				"north": {"uv": [4, 3, 8, 7], "tintindex": 0,"texture": "#6"},
				"east": {"uv": [3, 2, 15, 6], "tintindex": 0,"texture": "#6"},
				"south": {"uv": [3, 2, 7, 6], "tintindex": 0,"texture": "#6"},
				"west": {"uv": [1, 3, 13, 7], "tintindex": 0,"texture": "#6"},
				"up": {"uv": [5, 3, 9, 15], "tintindex": 0,"texture": "#6"},
				"down": {"uv": [3, 3, 7, 15], "tintindex": 0,"texture": "#6"}
			}
		},
		{
			"from": [3, -0.75, -6],
			"to": [6, 2.25, 6],
			"rotation": {"angle": -22.5, "axis": "y", "origin": [21, -3, -2]},
			"faces": {
				"north": {"uv": [4, 3, 8, 7], "tintindex": 0,"texture": "#6"},
				"east": {"uv": [3, 2, 15, 6], "tintindex": 0,"texture": "#6"},
				"south": {"uv": [3, 2, 7, 6], "tintindex": 0,"texture": "#6"},
				"west": {"uv": [1, 3, 13, 7], "tintindex": 0,"texture": "#6"},
				"up": {"uv": [5, 3, 9, 15], "tintindex": 0,"texture": "#6"},
				"down": {"uv": [3, 3, 7, 15], "tintindex": 0,"texture": "#6"}
			}
		},
		{
			"from": [3, 3.25, -6],
			"to": [6, 6.25, 6],
			"rotation": {"angle": -22.5, "axis": "y", "origin": [21, -3, -2]},
			"faces": {
				"north": {"uv": [4, 3, 8, 7], "tintindex": 0,"texture": "#6"},
				"east": {"uv": [3, 2, 15, 6], "tintindex": 0,"texture": "#6"},
				"south": {"uv": [3, 2, 7, 6], "tintindex": 0,"texture": "#6"},
				"west": {"uv": [1, 3, 13, 7], "tintindex": 0,"texture": "#6"},
				"up": {"uv": [5, 3, 9, 15], "tintindex": 0,"texture": "#6"},
				"down": {"uv": [3, 3, 7, 15], "tintindex": 0,"texture": "#6"}
			}
		},
		{
			"from": [10, 3.25, -2],
			"to": [13, 6.25, 8],
			"rotation": {"angle": -22.5, "axis": "y", "origin": [21, -3, -2]},
			"faces": {
				"north": {"uv": [4, 3, 8, 7], "tintindex": 0,"texture": "#6"},
				"east": {"uv": [3, 2, 15, 6], "tintindex": 0,"texture": "#6"},
				"south": {"uv": [3, 2, 7, 6], "tintindex": 0,"texture": "#6"},
				"west": {"uv": [1, 3, 13, 7], "tintindex": 0,"texture": "#6"},
				"up": {"uv": [5, 3, 9, 15], "tintindex": 0,"texture": "#6"},
				"down": {"uv": [3, 3, 7, 15], "tintindex": 0,"texture": "#6"}
			}
		},
		{
			"from": [3, -4, -2],
			"to": [8, 6, 3],
			"rotation": {"angle": 0, "axis": "y", "origin": [19, 10, 6]},
			"faces": {
				"north": {"uv": [4, 3, 9, 13], "tintindex": 0,"texture": "#0"},
				"east": {"uv": [5, 3, 10, 13], "tintindex": 0,"texture": "#0"},
				"south": {"uv": [4, 3, 9, 13], "tintindex": 0,"texture": "#0"},
				"west": {"uv": [4, 3, 9, 13], "tintindex": 0,"texture": "#0"},
				"up": {"uv": [5, 3, 10, 8], "tintindex": 0,"texture": "#0"},
				"down": {"uv": [4, 2, 9, 7], "tintindex": 0,"texture": "#0"}
			}
		},
		{
			"from": [3, -1, 3],
			"to": [6, 3, 11],
			"rotation": {"angle": 0, "axis": "y", "origin": [19, 10, 6]},
			"faces": {
				"north": {"uv": [5, 4, 8, 8], "tintindex": 0,"texture": "#8"},
				"east": {"uv": [2, 3, 10, 7], "tintindex": 0,"texture": "#8"},
				"south": {"uv": [5, 4, 8, 8], "tintindex": 0,"texture": "#8"},
				"west": {"uv": [2, 4, 10, 8], "tintindex": 0,"texture": "#8"},
				"up": {"uv": [5, 4, 8, 12], "tintindex": 0,"texture": "#8"},
				"down": {"uv": [6, 5, 9, 13], "tintindex": 0,"texture": "#8"}
			}
		}
	],
	"display": {
		"head": {
			"translation": [0, 31, 20.25],
			"scale": [4, 4, 4]
		}
	}
}