{
	"credit": "Made with Blockbench",
	"textures": {
		"0": "block/gold_block",
		"1": "block/raw_gold_block",
		"2": "block/glowstone",
		"4": "block/emerald_block",
		"particle": "block/gold_block"
	},
	"elements": [
		{
			"from": [14, 13, -1],
			"to": [19, 18, 12],
			"rotation": {"angle": -22.5, "axis": "x", "origin": [16.5, 15.5, 3.5]},
			"faces": {
				"north": {"uv": [8, 7, 3, 12], "tintindex": 0,"texture": "#2"},
				"east": {"uv": [14, 2, 1, 7], "tintindex": 0,"texture": "#2"},
				"south": {"uv": [8, 4, 3, 9], "tintindex": 0,"texture": "#2"},
				"west": {"uv": [15, 4, 2, 9], "tintindex": 0,"texture": "#2"},
				"up": {"uv": [12, 2, 7, 15], "tintindex": 0,"texture": "#2"},
				"down": {"uv": [9, 2, 4, 15], "tintindex": 0,"texture": "#2"}
			}
		},
		{
			"from": [13.25, 11.25, -2.25],
			"to": [20.25, 17.25, 0.75],
			"rotation": {"angle": 22.5, "axis": "y", "origin": [17.25, 14.75, -0.25]},
			"faces": {
				"north": {"uv": [10, 4, 4, 10], "tintindex": 0,"texture": "#0"},
				"east": {"uv": [10, 5, 7, 11], "tintindex": 0,"texture": "#0"},
				"south": {"uv": [10, 4, 4, 10], "tintindex": 0,"texture": "#0"},
				"west": {"uv": [7, 4, 4, 10], "tintindex": 0,"texture": "#0"},
				"up": {"uv": [10, 4, 4, 7], "tintindex": 0,"texture": "#0"},
				"down": {"uv": [9, 4, 3, 7], "tintindex": 0,"texture": "#0"}
			}
		},
		{
			"from": [14.25, 11.25, -4.75],
			"to": [21.25, 17.25, -2.75],
			"rotation": {"angle": 22.5, "axis": "y", "origin": [17.25, 14.75, -0.25]},
			"faces": {
				"north": {"uv": [10, 4, 4, 10], "tintindex": 0,"texture": "#0"},
				"east": {"uv": [10, 5, 7, 11], "tintindex": 0,"texture": "#0"},
				"south": {"uv": [10, 4, 4, 10], "tintindex": 0,"texture": "#0"},
				"west": {"uv": [7, 4, 4, 10], "tintindex": 0,"texture": "#0"},
				"up": {"uv": [10, 4, 4, 7], "tintindex": 0,"texture": "#0"},
				"down": {"uv": [9, 4, 3, 7], "tintindex": 0,"texture": "#0"}
			}
		},
		{
			"from": [15.25, 11.25, -7.25],
			"to": [22.25, 17.25, -5.25],
			"rotation": {"angle": 22.5, "axis": "y", "origin": [17.25, 14.75, -0.25]},
			"faces": {
				"north": {"uv": [10, 4, 4, 10], "tintindex": 0,"texture": "#0"},
				"east": {"uv": [10, 5, 7, 11], "tintindex": 0,"texture": "#0"},
				"south": {"uv": [10, 4, 4, 10], "tintindex": 0,"texture": "#0"},
				"west": {"uv": [7, 4, 4, 10], "tintindex": 0,"texture": "#0"},
				"up": {"uv": [10, 4, 4, 7], "tintindex": 0,"texture": "#0"},
				"down": {"uv": [9, 4, 3, 7], "tintindex": 0,"texture": "#0"}
			}
		},
		{
			"from": [14, 13, -9],
			"to": [18, 16, 0],
			"rotation": {"angle": 0, "axis": "y", "origin": [16, 0, 3]},
			"faces": {
				"north": {"uv": [4, 0, 0, 3], "tintindex": 0,"texture": "#1"},
				"east": {"uv": [9, 0, 0, 3], "tintindex": 0,"texture": "#1"},
				"south": {"uv": [4, 0, 0, 3], "tintindex": 0,"texture": "#1"},
				"west": {"uv": [9, 0, 0, 3], "tintindex": 0,"texture": "#1"},
				"up": {"uv": [4, 0, 0, 9], "tintindex": 0,"texture": "#1"},
				"down": {"uv": [4, 0, 0, 9], "tintindex": 0,"texture": "#1"}
			}
		},
		{
			"from": [17.1, 12.75, -6.5],
			"to": [20.1, 15.75, -2.5],
			"rotation": {"angle": 0, "axis": "y", "origin": [16, 0, 3]},
			"faces": {
				"north": {"uv": [12, 5, 9, 8], "tintindex": 0,"texture": "#4"},
				"east": {"uv": [12, 7, 8, 10], "tintindex": 0,"texture": "#4"},
				"south": {"uv": [12, 6, 9, 9], "tintindex": 0,"texture": "#4"},
				"west": {"uv": [10, 10, 6, 13], "tintindex": 0,"texture": "#4"},
				"up": {"uv": [10, 6, 7, 10], "tintindex": 0,"texture": "#4"},
				"down": {"uv": [10, 7, 7, 11], "tintindex": 0,"texture": "#4"}
			}
		},
		{
			"from": [13.35, 11.75, -7.5],
			"to": [19.35, 16.75, 0.5],
			"rotation": {"angle": 0, "axis": "y", "origin": [16, 0, 3]},
			"faces": {
				"north": {"uv": [12, 5, 9, 8], "tintindex": 0,"texture": "#2"},
				"east": {"uv": [12, 7, 8, 10], "tintindex": 0,"texture": "#2"},
				"south": {"uv": [12, 6, 9, 9], "tintindex": 0,"texture": "#2"},
				"west": {"uv": [10, 10, 6, 13], "tintindex": 0,"texture": "#2"},
				"up": {"uv": [10, 6, 7, 10], "tintindex": 0,"texture": "#2"},
				"down": {"uv": [10, 7, 7, 11], "tintindex": 0,"texture": "#2"}
			}
		},
		{
			"from": [12, 14.5, -11],
			"to": [14, 16.5, -7],
			"rotation": {"angle": 22.5, "axis": "y", "origin": [14, 15.5, -9]},
			"faces": {
				"north": {"uv": [2, 0, 0, 2], "tintindex": 0,"texture": "#0"},
				"east": {"uv": [4, 0, 0, 2], "tintindex": 0,"texture": "#0"},
				"south": {"uv": [2, 0, 0, 2], "tintindex": 0,"texture": "#0"},
				"west": {"uv": [4, 0, 0, 2], "tintindex": 0,"texture": "#0"},
				"up": {"uv": [16, 0, 14, 4], "tintindex": 0,"texture": "#0"},
				"down": {"uv": [2, 0, 0, 4], "tintindex": 0,"texture": "#0"}
			}
		},
		{
			"from": [14, 15, -11],
			"to": [19, 17, -6],
			"rotation": {"angle": 0, "axis": "y", "origin": [16, 0, 4]},
			"faces": {
				"north": {"uv": [7, 3, 2, 5], "tintindex": 0,"texture": "#1"},
				"east": {"uv": [13, 6, 8, 8], "tintindex": 0,"texture": "#1"},
				"south": {"uv": [10, 6, 5, 8], "tintindex": 0,"texture": "#1"},
				"west": {"uv": [7, 5, 2, 7], "tintindex": 0,"texture": "#1"},
				"up": {"uv": [10, 3, 5, 8], "tintindex": 0,"texture": "#1"},
				"down": {"uv": [10, 6, 5, 11], "tintindex": 0,"texture": "#1"}
			}
		},
		{
			"from": [14.25, 15.01666, -13.60549],
			"to": [18.75, 17.01666, -10.60549],
			"rotation": {"angle": -22.5, "axis": "x", "origin": [16.5, 16.01666, -10.76087]},
			"faces": {
				"north": {"uv": [7, 3, 2, 5], "tintindex": 0,"texture": "#1"},
				"east": {"uv": [13, 6, 8, 8], "tintindex": 0,"texture": "#1"},
				"south": {"uv": [10, 6, 5, 8], "tintindex": 0,"texture": "#1"},
				"west": {"uv": [7, 5, 2, 7], "tintindex": 0,"texture": "#1"},
				"up": {"uv": [10, 3, 5, 8], "tintindex": 0,"texture": "#1"},
				"down": {"uv": [10, 6, 5, 11], "tintindex": 0,"texture": "#1"}
			}
		}
	],
	"display": {
		"head": {
			"translation": [-17, -19.75, -4],
			"scale": [2, 2, 2]
		}
	}
}