{
	"credit": "Made with Blockbench",
	"textures": {
		"0": "block/gold_block",
		"1": "block/raw_gold_block",
		"2": "block/glowstone",
		"4": "block/emerald_block",
		"particle": "block/gold_block"
	},
	"elements": [
		{
			"from": [-3, 13, -1],
			"to": [2, 18, 12],
			"rotation": {"angle": -22.5, "axis": "x", "origin": [-0.5, 15.5, 3.5]},
			"faces": {
				"north": {"uv": [3, 7, 8, 12], "tintindex": 0,"texture": "#2"},
				"east": {"uv": [2, 4, 15, 9], "tintindex": 0,"texture": "#2"},
				"south": {"uv": [3, 4, 8, 9], "tintindex": 0,"texture": "#2"},
				"west": {"uv": [1, 2, 14, 7], "tintindex": 0,"texture": "#2"},
				"up": {"uv": [7, 2, 12, 15], "tintindex": 0,"texture": "#2"},
				"down": {"uv": [4, 2, 9, 15], "tintindex": 0,"texture": "#2"}
			}
		},
		{
			"from": [-4.25, 11.25, -2.25],
			"to": [2.75, 17.25, 0.75],
			"rotation": {"angle": -22.5, "axis": "y", "origin": [-1.25, 14.75, -0.25]},
			"faces": {
				"north": {"uv": [4, 4, 10, 10], "tintindex": 0,"texture": "#0"},
				"east": {"uv": [4, 4, 7, 10], "tintindex": 0,"texture": "#0"},
				"south": {"uv": [4, 4, 10, 10], "tintindex": 0,"texture": "#0"},
				"west": {"uv": [7, 5, 10, 11], "tintindex": 0,"texture": "#0"},
				"up": {"uv": [4, 4, 10, 7], "tintindex": 0,"texture": "#0"},
				"down": {"uv": [3, 4, 9, 7], "tintindex": 0,"texture": "#0"}
			}
		},
		{
			"from": [-5.25, 11.25, -4.75],
			"to": [1.75, 17.25, -2.75],
			"rotation": {"angle": -22.5, "axis": "y", "origin": [-1.25, 14.75, -0.25]},
			"faces": {
				"north": {"uv": [4, 4, 10, 10], "tintindex": 0,"texture": "#0"},
				"east": {"uv": [4, 4, 7, 10], "tintindex": 0,"texture": "#0"},
				"south": {"uv": [4, 4, 10, 10], "tintindex": 0,"texture": "#0"},
				"west": {"uv": [7, 5, 10, 11], "tintindex": 0,"texture": "#0"},
				"up": {"uv": [4, 4, 10, 7], "tintindex": 0,"texture": "#0"},
				"down": {"uv": [3, 4, 9, 7], "tintindex": 0,"texture": "#0"}
			}
		},
		{
			"from": [-6.25, 11.25, -7.25],
			"to": [0.75, 17.25, -5.25],
			"rotation": {"angle": -22.5, "axis": "y", "origin": [-1.25, 14.75, -0.25]},
			"faces": {
				"north": {"uv": [4, 4, 10, 10], "tintindex": 0,"texture": "#0"},
				"east": {"uv": [4, 4, 7, 10], "tintindex": 0,"texture": "#0"},
				"south": {"uv": [4, 4, 10, 10], "tintindex": 0,"texture": "#0"},
				"west": {"uv": [7, 5, 10, 11], "tintindex": 0,"texture": "#0"},
				"up": {"uv": [4, 4, 10, 7], "tintindex": 0,"texture": "#0"},
				"down": {"uv": [3, 4, 9, 7], "tintindex": 0,"texture": "#0"}
			}
		},
		{
			"from": [-2, 13, -9],
			"to": [2, 16, 0],
			"rotation": {"angle": 0, "axis": "y", "origin": [0, 0, 3]},
			"faces": {
				"north": {"uv": [0, 0, 4, 3], "tintindex": 0,"texture": "#1"},
				"east": {"uv": [0, 0, 9, 3], "tintindex": 0,"texture": "#1"},
				"south": {"uv": [0, 0, 4, 3], "tintindex": 0,"texture": "#1"},
				"west": {"uv": [0, 0, 9, 3], "tintindex": 0,"texture": "#1"},
				"up": {"uv": [0, 0, 4, 9], "tintindex": 0,"texture": "#1"},
				"down": {"uv": [0, 0, 4, 9], "tintindex": 0,"texture": "#1"}
			}
		},
		{
			"from": [-4.1, 12.75, -6.5],
			"to": [-1.1, 15.75, -2.5],
			"rotation": {"angle": 0, "axis": "y", "origin": [0, 0, 3]},
			"faces": {
				"north": {"uv": [9, 5, 12, 8], "tintindex": 0,"texture": "#4"},
				"east": {"uv": [6, 10, 10, 13], "tintindex": 0,"texture": "#4"},
				"south": {"uv": [9, 6, 12, 9], "tintindex": 0,"texture": "#4"},
				"west": {"uv": [8, 7, 12, 10], "tintindex": 0,"texture": "#4"},
				"up": {"uv": [7, 6, 10, 10], "tintindex": 0,"texture": "#4"},
				"down": {"uv": [7, 7, 10, 11], "tintindex": 0,"texture": "#4"}
			}
		},
		{
			"from": [-3.35, 11.75, -7.5],
			"to": [2.65, 16.75, 0.5],
			"rotation": {"angle": 0, "axis": "y", "origin": [0, 0, 3]},
			"faces": {
				"north": {"uv": [9, 5, 12, 8], "tintindex": 0,"texture": "#2"},
				"east": {"uv": [6, 10, 10, 13], "tintindex": 0,"texture": "#2"},
				"south": {"uv": [9, 6, 12, 9], "tintindex": 0,"texture": "#2"},
				"west": {"uv": [8, 7, 12, 10], "tintindex": 0,"texture": "#2"},
				"up": {"uv": [7, 6, 10, 10], "tintindex": 0,"texture": "#2"},
				"down": {"uv": [7, 7, 10, 11], "tintindex": 0,"texture": "#2"}
			}
		},
		{
			"from": [2, 14.5, -11],
			"to": [4, 16.5, -7],
			"rotation": {"angle": -22.5, "axis": "y", "origin": [2, 15.5, -9]},
			"faces": {
				"north": {"uv": [0, 0, 2, 2], "tintindex": 0,"texture": "#0"},
				"east": {"uv": [0, 0, 4, 2], "tintindex": 0,"texture": "#0"},
				"south": {"uv": [0, 0, 2, 2], "tintindex": 0,"texture": "#0"},
				"west": {"uv": [0, 0, 4, 2], "tintindex": 0,"texture": "#0"},
				"up": {"uv": [14, 0, 16, 4], "tintindex": 0,"texture": "#0"},
				"down": {"uv": [0, 0, 2, 4], "tintindex": 0,"texture": "#0"}
			}
		},
		{
			"from": [-3, 15, -11],
			"to": [2, 17, -6],
			"rotation": {"angle": 0, "axis": "y", "origin": [0, 0, 4]},
			"faces": {
				"north": {"uv": [2, 3, 7, 5], "tintindex": 0,"texture": "#1"},
				"east": {"uv": [2, 5, 7, 7], "tintindex": 0,"texture": "#1"},
				"south": {"uv": [5, 6, 10, 8], "tintindex": 0,"texture": "#1"},
				"west": {"uv": [8, 6, 13, 8], "tintindex": 0,"texture": "#1"},
				"up": {"uv": [5, 3, 10, 8], "tintindex": 0,"texture": "#1"},
				"down": {"uv": [5, 6, 10, 11], "tintindex": 0,"texture": "#1"}
			}
		},
		{
			"from": [-2.75, 15.01666, -13.60549],
			"to": [1.75, 17.01666, -10.60549],
			"rotation": {"angle": -22.5, "axis": "x", "origin": [-0.5, 16.01666, -10.76087]},
			"faces": {
				"north": {"uv": [2, 3, 7, 5], "tintindex": 0,"texture": "#1"},
				"east": {"uv": [2, 5, 7, 7], "tintindex": 0,"texture": "#1"},
				"south": {"uv": [5, 6, 10, 8], "tintindex": 0,"texture": "#1"},
				"west": {"uv": [8, 6, 13, 8], "tintindex": 0,"texture": "#1"},
				"up": {"uv": [5, 3, 10, 8], "tintindex": 0,"texture": "#1"},
				"down": {"uv": [5, 6, 10, 11], "tintindex": 0,"texture": "#1"}
			}
		}
	],
	"display": {
		"head": {
			"translation": [17, -19.75, -4],
			"scale": [2, 2, 2]
		}
	}
}