{
	"credit": "Made with Blockbench",
	"textures": {
		"0": "block/gold_block",
		"1": "block/raw_gold_block",
		"2": "block/glowstone",
		"3": "block/redstone_block",
		"4": "block/emerald_block",
		"6": "block/diamond_block",
		"7": "block/crying_obsidian",
		"particle": "block/gold_block"
	},
	"elements": [
		{
			"from": [5, 20, 3],
			"to": [6, 23, 4],
			"rotation": {"angle": 0, "axis": "y", "origin": [7.5, 21.5, 3.5]},
			"faces": {
				"north": {"uv": [5, 6, 8, 9], "texture": "#2"},
				"east": {"uv": [0, 0, 1, 3], "texture": "#2"},
				"south": {"uv": [5, 3, 8, 6], "texture": "#2"},
				"west": {"uv": [0, 0, 1, 3], "texture": "#2"},
				"up": {"uv": [0, 0, 3, 1], "texture": "#2"},
				"down": {"uv": [0, 0, 3, 1], "texture": "#2"}
			}
		},
		{
			"from": [2.79289, 20, 3.91421],
			"to": [5.79289, 24, 4.91421],
			"rotation": {"angle": 45, "axis": "y", "origin": [4.29289, 22, 4.41421]},
			"faces": {
				"north": {"uv": [5, 6, 8, 9], "texture": "#2"},
				"east": {"uv": [0, 0, 1, 3], "texture": "#2"},
				"south": {"uv": [5, 3, 8, 6], "texture": "#2"},
				"west": {"uv": [0, 0, 1, 3], "texture": "#2"},
				"up": {"uv": [0, 0, 3, 1], "texture": "#2"},
				"down": {"uv": [0, 0, 3, 1], "texture": "#2"}
			}
		},
		{
			"from": [2.87868, 20.1, 5.12132],
			"to": [3.87868, 24.1, 12.12132],
			"rotation": {"angle": 0, "axis": "y", "origin": [3.37868, 22, 4.62132]},
			"faces": {
				"north": {"uv": [0, 0, 1, 3], "texture": "#2"},
				"east": {"uv": [5, 3, 8, 6], "texture": "#2"},
				"south": {"uv": [0, 0, 1, 3], "texture": "#2"},
				"west": {"uv": [5, 6, 8, 9], "texture": "#2"},
				"up": {"uv": [0, 0, 3, 1], "rotation": 270, "texture": "#2"},
				"down": {"uv": [0, 0, 3, 1], "rotation": 90, "texture": "#2"}
			}
		},
		{
			"from": [3.79289, 20, 11.32843],
			"to": [4.79289, 24, 14.32843],
			"rotation": {"angle": 45, "axis": "y", "origin": [4.29289, 22, 12.82843]},
			"faces": {
				"north": {"uv": [0, 0, 1, 3], "texture": "#2"},
				"east": {"uv": [5, 3, 8, 6], "texture": "#2"},
				"south": {"uv": [0, 0, 1, 3], "texture": "#2"},
				"west": {"uv": [5, 6, 8, 9], "texture": "#2"},
				"up": {"uv": [0, 0, 3, 1], "rotation": 270, "texture": "#2"},
				"down": {"uv": [0, 0, 3, 1], "rotation": 90, "texture": "#2"}
			}
		},
		{
			"from": [10.20711, 20, 12.32843],
			"to": [13.20711, 24, 13.32843],
			"rotation": {"angle": 45, "axis": "y", "origin": [11.70711, 22, 12.82843]},
			"faces": {
				"north": {"uv": [5, 3, 8, 6], "texture": "#2"},
				"east": {"uv": [0, 0, 1, 3], "texture": "#2"},
				"south": {"uv": [5, 6, 8, 9], "texture": "#2"},
				"west": {"uv": [0, 0, 1, 3], "texture": "#2"},
				"up": {"uv": [0, 0, 3, 1], "rotation": 180, "texture": "#2"},
				"down": {"uv": [0, 0, 3, 1], "rotation": 180, "texture": "#2"}
			}
		},
		{
			"from": [12.12132, 20.1, 5.12132],
			"to": [13.12132, 24.1, 12.12132],
			"rotation": {"angle": 0, "axis": "y", "origin": [5.62132, 22, 4.62132]},
			"faces": {
				"north": {"uv": [0, 0, 1, 3], "texture": "#2"},
				"east": {"uv": [5, 3, 8, 6], "texture": "#2"},
				"south": {"uv": [0, 0, 1, 3], "texture": "#2"},
				"west": {"uv": [5, 6, 8, 9], "texture": "#2"},
				"up": {"uv": [0, 0, 3, 1], "rotation": 270, "texture": "#2"},
				"down": {"uv": [0, 0, 3, 1], "rotation": 90, "texture": "#2"}
			}
		},
		{
			"from": [11.20711, 20, 2.91421],
			"to": [12.20711, 24, 5.91421],
			"rotation": {"angle": 45, "axis": "y", "origin": [11.70711, 22, 4.41421]},
			"faces": {
				"north": {"uv": [0, 0, 1, 3], "texture": "#2"},
				"east": {"uv": [5, 3, 8, 6], "texture": "#2"},
				"south": {"uv": [0, 0, 1, 3], "texture": "#2"},
				"west": {"uv": [5, 6, 8, 9], "texture": "#2"},
				"up": {"uv": [0, 0, 3, 1], "rotation": 270, "texture": "#2"},
				"down": {"uv": [0, 0, 3, 1], "rotation": 90, "texture": "#2"}
			}
		},
		{
			"from": [10, 20, 3],
			"to": [11, 23, 4],
			"rotation": {"angle": 0, "axis": "y", "origin": [5.5, 20.5, 3.5]},
			"faces": {
				"north": {"uv": [5, 6, 8, 9], "texture": "#2"},
				"east": {"uv": [0, 0, 1, 3], "texture": "#2"},
				"south": {"uv": [5, 3, 8, 6], "texture": "#2"},
				"west": {"uv": [0, 0, 1, 3], "texture": "#2"},
				"up": {"uv": [0, 0, 3, 1], "texture": "#2"},
				"down": {"uv": [0, 0, 3, 1], "texture": "#2"}
			}
		},
		{
			"from": [5, 20, 13.24264],
			"to": [11, 24, 14.24264],
			"rotation": {"angle": 0, "axis": "y", "origin": [1.5, 21.5, 5.74264]},
			"faces": {
				"north": {"uv": [5, 6, 8, 9], "texture": "#2"},
				"east": {"uv": [0, 0, 1, 3], "texture": "#2"},
				"south": {"uv": [5, 3, 8, 6], "texture": "#2"},
				"west": {"uv": [0, 0, 1, 3], "texture": "#2"},
				"up": {"uv": [0, 0, 3, 1], "texture": "#2"},
				"down": {"uv": [0, 0, 3, 1], "texture": "#2"}
			}
		},
		{
			"from": [7, 21.5, 4],
			"to": [9, 22.5, 5],
			"rotation": {"angle": 0, "axis": "z", "origin": [8, 21.5, 3.5]},
			"faces": {
				"north": {"uv": [0, 0, 2, 1], "texture": "#2"},
				"east": {"uv": [0, 0, 1, 1], "texture": "#2"},
				"south": {"uv": [0, 0, 2, 1], "texture": "#2"},
				"west": {"uv": [0, 0, 1, 1], "texture": "#2"},
				"up": {"uv": [0, 0, 2, 1], "texture": "#2"},
				"down": {"uv": [0, 0, 2, 1], "texture": "#2"}
			}
		},
		{
			"from": [6.5, 23.6, 3.5],
			"to": [9.5, 24.6, 4.5],
			"rotation": {"angle": 0, "axis": "z", "origin": [8, 21.5, 3.5]},
			"faces": {
				"north": {"uv": [4, 5, 7, 6], "texture": "#2"},
				"east": {"uv": [0, 0, 1, 1], "texture": "#2"},
				"south": {"uv": [0, 0, 3, 1], "texture": "#2"},
				"west": {"uv": [0, 0, 1, 1], "texture": "#2"},
				"up": {"uv": [0, 0, 3, 1], "texture": "#2"},
				"down": {"uv": [0, 0, 3, 1], "texture": "#2"}
			}
		},
		{
			"from": [6.75, 21.51955, 3.59829],
			"to": [7.25, 23.01955, 4.09829],
			"rotation": {"angle": -22.5, "axis": "x", "origin": [7.25, 22.51955, 3.84829]},
			"faces": {
				"north": {"uv": [0, 0, 0.5, 1.5], "texture": "#2"},
				"east": {"uv": [0, 0, 0.5, 1.5], "texture": "#2"},
				"south": {"uv": [0, 0, 0.5, 1.5], "texture": "#2"},
				"west": {"uv": [0, 0, 0.5, 1.5], "texture": "#2"},
				"up": {"uv": [0, 0, 0.5, 0.5], "texture": "#2"},
				"down": {"uv": [0, 0, 0.5, 0.5], "texture": "#2"}
			}
		},
		{
			"from": [8.75, 21.51955, 3.59829],
			"to": [9.25, 23.01955, 4.09829],
			"rotation": {"angle": -22.5, "axis": "x", "origin": [7.25, 22.51955, 3.84829]},
			"faces": {
				"north": {"uv": [0, 0, 0.5, 1.5], "texture": "#2"},
				"east": {"uv": [0, 0, 0.5, 1.5], "texture": "#2"},
				"south": {"uv": [0, 0, 0.5, 1.5], "texture": "#2"},
				"west": {"uv": [0, 0, 0.5, 1.5], "texture": "#2"},
				"up": {"uv": [0, 0, 0.5, 0.5], "texture": "#2"},
				"down": {"uv": [0, 0, 0.5, 0.5], "texture": "#2"}
			}
		},
		{
			"from": [9.5, 22.29605, 3.04172],
			"to": [10, 23.79605, 3.54172],
			"rotation": {"angle": 22.5, "axis": "x", "origin": [7.75, 22.04605, 5.29172]},
			"faces": {
				"north": {"uv": [0, 0, 0.5, 1.5], "texture": "#2"},
				"east": {"uv": [0, 0, 0.5, 1.5], "texture": "#2"},
				"south": {"uv": [0, 0, 0.5, 1.5], "texture": "#2"},
				"west": {"uv": [0, 0, 0.5, 1.5], "texture": "#2"},
				"up": {"uv": [0, 0, 0.5, 0.5], "texture": "#2"},
				"down": {"uv": [0, 0, 0.5, 0.5], "texture": "#2"}
			}
		},
		{
			"from": [6, 22.29605, 3.04172],
			"to": [6.5, 23.79605, 3.54172],
			"rotation": {"angle": 22.5, "axis": "x", "origin": [7.75, 22.04605, 5.29172]},
			"faces": {
				"north": {"uv": [0, 0, 0.5, 1.5], "texture": "#2"},
				"east": {"uv": [0, 0, 0.5, 1.5], "texture": "#2"},
				"south": {"uv": [0, 0, 0.5, 1.5], "texture": "#2"},
				"west": {"uv": [0, 0, 0.5, 1.5], "texture": "#2"},
				"up": {"uv": [0, 0, 0.5, 0.5], "texture": "#2"},
				"down": {"uv": [0, 0, 0.5, 0.5], "texture": "#2"}
			}
		},
		{
			"from": [7, 24, 3.75],
			"to": [9, 27, 4.75],
			"rotation": {"angle": 0, "axis": "y", "origin": [8.5, 23, 3.5]},
			"faces": {
				"north": {"uv": [6, 4, 8, 6], "texture": "#1"},
				"east": {"uv": [0, 0, 1, 2], "texture": "#1"},
				"south": {"uv": [7, 6, 9, 8], "texture": "#1"},
				"west": {"uv": [5, 5, 6, 7], "texture": "#1"},
				"up": {"uv": [0, 0, 2, 1], "texture": "#1"},
				"down": {"uv": [8, 8, 10, 9], "texture": "#1"}
			}
		},
		{
			"from": [5.5, 22.5, 5],
			"to": [10.5, 26.5, 6],
			"rotation": {"angle": 0, "axis": "y", "origin": [0, 20.5, 3]},
			"faces": {
				"north": {"uv": [0, 0, 5, 4], "texture": "#3"},
				"east": {"uv": [0, 0, 1, 4], "texture": "#3"},
				"south": {"uv": [0, 0, 5, 4], "texture": "#3"},
				"west": {"uv": [0, 0, 1, 4], "texture": "#3"},
				"up": {"uv": [0, 0, 5, 1], "texture": "#3"},
				"down": {"uv": [0, 0, 5, 1], "texture": "#3"}
			}
		},
		{
			"from": [7, 26.5, 2.75],
			"to": [9, 30.5, 3.75],
			"rotation": {"angle": 22.5, "axis": "x", "origin": [8, 22.5, 3.5]},
			"faces": {
				"north": {"uv": [6, 6, 8, 10], "texture": "#4"},
				"east": {"uv": [0, 0, 1, 4], "texture": "#4"},
				"south": {"uv": [7, 6, 9, 10], "texture": "#4"},
				"west": {"uv": [0, 0, 1, 4], "texture": "#4"},
				"up": {"uv": [0, 0, 2, 1], "texture": "#4"},
				"down": {"uv": [0, 0, 2, 1], "texture": "#4"}
			}
		},
		{
			"from": [5.5, 25.5, 4],
			"to": [10.5, 26.5, 5],
			"rotation": {"angle": 0, "axis": "y", "origin": [0, 20.5, 3]},
			"faces": {
				"north": {"uv": [0, 0, 5, 1], "texture": "#2"},
				"east": {"uv": [0, 0, 1, 1], "texture": "#2"},
				"south": {"uv": [0, 0, 5, 1], "texture": "#2"},
				"west": {"uv": [0, 0, 1, 1], "texture": "#2"},
				"up": {"uv": [0, 0, 5, 1], "texture": "#2"},
				"down": {"uv": [0, 0, 5, 1], "texture": "#2"}
			}
		},
		{
			"from": [5.26746, 21.5, 4.34462],
			"to": [7.26746, 24.5, 5.34462],
			"rotation": {"angle": 22.5, "axis": "y", "origin": [6.26746, 23, 4.84462]},
			"faces": {
				"north": {"uv": [0, 0, 2, 3], "texture": "#1"},
				"east": {"uv": [0, 0, 1, 3], "texture": "#1"},
				"south": {"uv": [0, 0, 2, 3], "texture": "#1"},
				"west": {"uv": [0, 0, 1, 3], "texture": "#1"},
				"up": {"uv": [0, 0, 2, 1], "texture": "#1"},
				"down": {"uv": [0, 0, 2, 1], "texture": "#1"}
			}
		},
		{
			"from": [8.73254, 21.5, 4.34462],
			"to": [10.73254, 24.5, 5.34462],
			"rotation": {"angle": -22.5, "axis": "y", "origin": [9.73254, 23, 4.84462]},
			"faces": {
				"north": {"uv": [0, 0, 2, 3], "texture": "#1"},
				"east": {"uv": [0, 0, 1, 3], "texture": "#1"},
				"south": {"uv": [0, 0, 2, 3], "texture": "#1"},
				"west": {"uv": [0, 0, 1, 3], "texture": "#1"},
				"up": {"uv": [0, 0, 2, 1], "texture": "#1"},
				"down": {"uv": [0, 0, 2, 1], "texture": "#1"}
			}
		},
		{
			"from": [4.5, 20.5, 6],
			"to": [11.5, 27.5, 11],
			"rotation": {"angle": 0, "axis": "y", "origin": [0, 20.5, 3]},
			"faces": {
				"north": {"uv": [0, 0, 7, 7], "texture": "#1"},
				"east": {"uv": [0, 0, 5, 7], "texture": "#1"},
				"south": {"uv": [0, 0, 7, 7], "texture": "#1"},
				"west": {"uv": [0, 0, 5, 7], "texture": "#1"},
				"up": {"uv": [0, 0, 7, 5], "texture": "#1"},
				"down": {"uv": [0, 0, 7, 5], "texture": "#1"}
			}
		},
		{
			"from": [5, 21.5, 11],
			"to": [11, 27.5, 12],
			"rotation": {"angle": 0, "axis": "y", "origin": [0, 20.5, 3]},
			"faces": {
				"north": {"uv": [0, 0, 6, 6], "texture": "#1"},
				"east": {"uv": [0, 0, 1, 6], "texture": "#1"},
				"south": {"uv": [0, 0, 6, 6], "texture": "#1"},
				"west": {"uv": [0, 0, 1, 6], "texture": "#1"},
				"up": {"uv": [0, 0, 6, 1], "texture": "#1"},
				"down": {"uv": [0, 0, 6, 1], "texture": "#1"}
			}
		},
		{
			"from": [3, 26.5, 4.9],
			"to": [7, 27.5, 6.1],
			"rotation": {"angle": -22.5, "axis": "z", "origin": [5, 27, 5.4]},
			"faces": {
				"north": {"uv": [0, 0, 4, 1], "texture": "#1"},
				"east": {"uv": [0, 0, 1.2, 1], "texture": "#1"},
				"south": {"uv": [0, 0, 4, 1], "texture": "#1"},
				"west": {"uv": [0, 0, 1.2, 1], "texture": "#1"},
				"up": {"uv": [0, 0, 4, 1.2], "texture": "#1"},
				"down": {"uv": [0, 0, 4, 1.2], "texture": "#1"}
			}
		},
		{
			"from": [9, 26.5, 4.9],
			"to": [13, 27.5, 6.1],
			"rotation": {"angle": 22.5, "axis": "z", "origin": [11, 27, 5.4]},
			"faces": {
				"north": {"uv": [7, 2, 11, 3], "texture": "#1"},
				"east": {"uv": [0, 0, 1, 1], "texture": "#1"},
				"south": {"uv": [7, 0, 11, 1], "texture": "#1"},
				"west": {"uv": [0, 0, 1, 1], "texture": "#1"},
				"up": {"uv": [8, 0, 12, 1], "texture": "#1"},
				"down": {"uv": [7, 0, 11, 1], "texture": "#1"}
			}
		},
		{
			"from": [5, 23.5, 5],
			"to": [5.5, 26.5, 6],
			"rotation": {"angle": 0, "axis": "y", "origin": [0, 20.5, 3]},
			"faces": {
				"north": {"uv": [0, 0, 0.5, 3], "texture": "#2"},
				"east": {"uv": [0, 0, 1, 3], "texture": "#2"},
				"south": {"uv": [0, 0, 0.5, 3], "texture": "#2"},
				"west": {"uv": [0, 0, 1, 3], "texture": "#2"},
				"up": {"uv": [0, 0, 0.5, 1], "texture": "#2"},
				"down": {"uv": [0, 0, 0.5, 1], "texture": "#2"}
			}
		},
		{
			"from": [10.5, 23.5, 5],
			"to": [11, 26.5, 6],
			"rotation": {"angle": 0, "axis": "y", "origin": [0, 20.5, 3]},
			"faces": {
				"north": {"uv": [0, 0, 0.5, 3], "texture": "#2"},
				"east": {"uv": [0, 0, 1, 3], "texture": "#2"},
				"south": {"uv": [0, 0, 0.5, 3], "texture": "#2"},
				"west": {"uv": [0, 0, 1, 3], "texture": "#2"},
				"up": {"uv": [0, 0, 0.5, 1], "texture": "#2"},
				"down": {"uv": [0, 0, 0.5, 1], "texture": "#2"}
			}
		},
		{
			"from": [5, 20.5, 5],
			"to": [11, 21.5, 6],
			"rotation": {"angle": 0, "axis": "y", "origin": [0, 20.5, 3]},
			"faces": {
				"north": {"uv": [0, 0, 6, 1], "texture": "#1"},
				"east": {"uv": [0, 0, 1, 1], "texture": "#1"},
				"south": {"uv": [0, 0, 6, 1], "texture": "#1"},
				"west": {"uv": [0, 0, 1, 1], "texture": "#1"},
				"up": {"uv": [0, 0, 6, 1], "texture": "#1"},
				"down": {"uv": [0, 0, 6, 1], "texture": "#1"}
			}
		},
		{
			"from": [6, 26.5, 4.75],
			"to": [10, 31.5, 6.75],
			"rotation": {"angle": 22.5, "axis": "x", "origin": [7.5, 27.5, 4]},
			"faces": {
				"north": {"uv": [11, 8, 14, 12], "texture": "#1"},
				"east": {"uv": [0, 0, 2, 4], "texture": "#1"},
				"south": {"uv": [6, 7, 9, 11], "texture": "#1"},
				"west": {"uv": [6, 5, 8, 9], "texture": "#1"},
				"up": {"uv": [5, 6, 8, 8], "texture": "#1"},
				"down": {"uv": [11, 7, 14, 9], "texture": "#1"}
			}
		},
		{
			"from": [2, 25.5, 7],
			"to": [7, 28.5, 10],
			"rotation": {"angle": -45, "axis": "z", "origin": [4.5, 27, 8.5]},
			"faces": {
				"north": {"uv": [0, 0, 5, 3], "texture": "#1"},
				"east": {"uv": [0, 0, 3, 3], "texture": "#1"},
				"south": {"uv": [0, 0, 5, 3], "texture": "#1"},
				"west": {"uv": [0, 0, 3, 3], "texture": "#1"},
				"up": {"uv": [0, 0, 5, 3], "texture": "#1"},
				"down": {"uv": [0, 0, 5, 3], "texture": "#1"}
			}
		},
		{
			"from": [10, 24.5, 7],
			"to": [13, 29.5, 10],
			"rotation": {"angle": -45, "axis": "z", "origin": [11.5, 27, 8.5]},
			"faces": {
				"north": {"uv": [0, 0, 5, 3], "rotation": 90, "texture": "#1"},
				"east": {"uv": [0, 0, 5, 3], "rotation": 270, "texture": "#1"},
				"south": {"uv": [0, 0, 5, 3], "rotation": 270, "texture": "#1"},
				"west": {"uv": [0, 0, 5, 3], "rotation": 270, "texture": "#1"},
				"up": {"uv": [0, 0, 3, 3], "rotation": 270, "texture": "#1"},
				"down": {"uv": [0, 0, 3, 3], "rotation": 270, "texture": "#1"}
			}
		},
		{
			"from": [-5, 19, 6],
			"to": [3, 23, 12],
			"rotation": {"angle": 0, "axis": "z", "origin": [0, 21.625, 9]},
			"faces": {
				"north": {"uv": [0, 0, 9, 4], "texture": "#3"},
				"east": {"uv": [0, 0, 6, 4], "texture": "#3"},
				"south": {"uv": [0, 0, 9, 4], "texture": "#3"},
				"west": {"uv": [0, 0, 6, 4], "texture": "#3"},
				"up": {"uv": [4, 5, 12, 11], "texture": "#3"},
				"down": {"uv": [0, 0, 9, 6], "texture": "#3"}
			}
		},
		{
			"from": [13, 19, 6],
			"to": [21, 23, 12],
			"rotation": {"angle": 0, "axis": "z", "origin": [0, 22, 9]},
			"faces": {
				"north": {"uv": [0, 0, 9, 4], "texture": "#3"},
				"east": {"uv": [0, 0, 6, 4], "texture": "#3"},
				"south": {"uv": [0, 0, 9, 4], "texture": "#3"},
				"west": {"uv": [0, 0, 6, 4], "texture": "#3"},
				"up": {"uv": [4, 5, 12, 11], "texture": "#3"},
				"down": {"uv": [0, 0, 9, 6], "texture": "#3"}
			}
		},
		{
			"from": [-6.5, 18.25, 5.5],
			"to": [3.5, 22.25, 12.5],
			"rotation": {"angle": 0, "axis": "z", "origin": [0, 21.625, 9]},
			"faces": {
				"north": {"uv": [0, 0, 10, 4], "texture": "#0"},
				"east": {"uv": [0, 0, 7, 4], "texture": "#0"},
				"south": {"uv": [0, 0, 10, 4], "texture": "#0"},
				"west": {"uv": [0, 0, 7, 4], "texture": "#0"},
				"up": {"uv": [0, 0, 10, 7], "texture": "#0"},
				"down": {"uv": [0, 0, 10, 7], "texture": "#0"}
			}
		},
		{
			"from": [12.5, 18.25, 5.5],
			"to": [22.5, 22.25, 12.5],
			"rotation": {"angle": 0, "axis": "z", "origin": [0, 0, 3]},
			"faces": {
				"north": {"uv": [0, 0, 10, 4], "texture": "#0"},
				"east": {"uv": [0, 0, 7, 4], "texture": "#0"},
				"south": {"uv": [0, 0, 10, 4], "texture": "#0"},
				"west": {"uv": [0, 0, 7, 4], "texture": "#0"},
				"up": {"uv": [0, 0, 10, 7], "texture": "#0"},
				"down": {"uv": [0, 0, 10, 7], "texture": "#0"}
			}
		},
		{
			"from": [6, 16, 1.75],
			"to": [10, 20, 5.75],
			"rotation": {"angle": 0, "axis": "y", "origin": [0, 0, 3]},
			"faces": {
				"north": {"uv": [0, 0, 16, 16], "texture": "#6"},
				"east": {"uv": [0, 0, 4, 4], "texture": "#6"},
				"south": {"uv": [0, 0, 4, 4], "texture": "#6"},
				"west": {"uv": [0, 0, 4, 4], "texture": "#6"},
				"up": {"uv": [0, 0, 4, 4], "texture": "#6"},
				"down": {"uv": [0, 0, 4, 4], "texture": "#6"}
			}
		},
		{
			"from": [5.5, 15.5, 2],
			"to": [10.5, 20.5, 6],
			"rotation": {"angle": 0, "axis": "y", "origin": [0, 0, 3]},
			"faces": {
				"north": {"uv": [0, 0, 16, 16], "texture": "#0"},
				"east": {"uv": [0, 0, 4, 4], "texture": "#0"},
				"south": {"uv": [0, 0, 4, 4], "texture": "#0"},
				"west": {"uv": [0, 0, 4, 4], "texture": "#0"},
				"up": {"uv": [0, 0, 4, 4], "texture": "#0"},
				"down": {"uv": [0, 0, 4, 4], "texture": "#0"}
			}
		},
		{
			"from": [2, 15, 3],
			"to": [8, 21, 8],
			"rotation": {"angle": 22.5, "axis": "y", "origin": [5, 17.5, 5.5]},
			"faces": {
				"north": {"uv": [4, 4, 10, 9], "texture": "#0"},
				"east": {"uv": [4, 8, 9, 13], "texture": "#0"},
				"south": {"uv": [8, 7, 14, 12], "texture": "#0"},
				"west": {"uv": [5, 5, 10, 10], "texture": "#0"},
				"up": {"uv": [5, 7, 11, 12], "texture": "#0"},
				"down": {"uv": [3, 4, 9, 9], "texture": "#0"}
			}
		},
		{
			"from": [8, 15, 3],
			"to": [14, 21, 8],
			"rotation": {"angle": -22.5, "axis": "y", "origin": [11, 17.5, 5.5]},
			"faces": {
				"north": {"uv": [4, 4, 10, 9], "texture": "#0"},
				"east": {"uv": [4, 8, 9, 13], "texture": "#0"},
				"south": {"uv": [8, 7, 14, 12], "texture": "#0"},
				"west": {"uv": [5, 5, 10, 10], "texture": "#0"},
				"up": {"uv": [5, 7, 11, 12], "texture": "#0"},
				"down": {"uv": [3, 4, 9, 9], "texture": "#0"}
			}
		},
		{
			"from": [3, 15.5, 5.5],
			"to": [13, 22.5, 13.5],
			"rotation": {"angle": 0, "axis": "y", "origin": [9, 3.5, 6]},
			"faces": {
				"north": {"uv": [0, 0, 10, 7], "texture": "#1"},
				"east": {"uv": [0, 0, 8, 7], "texture": "#1"},
				"south": {"uv": [0, 0, 10, 7], "texture": "#1"},
				"west": {"uv": [0, 0, 8, 7], "texture": "#1"},
				"up": {"uv": [0, 0, 10, 8], "texture": "#1"},
				"down": {"uv": [0, 0, 10, 8], "texture": "#1"}
			}
		},
		{
			"from": [5.5, 13.5, 3.75],
			"to": [10.5, 15.5, 5.75],
			"rotation": {"angle": -22.5, "axis": "x", "origin": [8, 14, 4.25]},
			"faces": {
				"north": {"uv": [5, 6, 10, 9], "texture": "#0"},
				"east": {"uv": [6, 7, 9, 10], "texture": "#0"},
				"south": {"uv": [5, 8, 10, 11], "texture": "#0"},
				"west": {"uv": [7, 9, 10, 12], "texture": "#0"},
				"up": {"uv": [4, 9, 9, 12], "texture": "#0"},
				"down": {"uv": [5, 7, 10, 10], "texture": "#0"}
			}
		},
		{
			"from": [5.5, 11.65224, 3.76537],
			"to": [10.5, 13.65224, 5.76537],
			"rotation": {"angle": -22.5, "axis": "x", "origin": [8, 12.15224, 5.01537]},
			"faces": {
				"north": {"uv": [5, 6, 10, 9], "texture": "#0"},
				"east": {"uv": [6, 7, 9, 10], "texture": "#0"},
				"south": {"uv": [5, 8, 10, 11], "texture": "#0"},
				"west": {"uv": [7, 9, 10, 12], "texture": "#0"},
				"up": {"uv": [4, 9, 9, 12], "texture": "#0"},
				"down": {"uv": [5, 7, 10, 10], "texture": "#0"}
			}
		},
		{
			"from": [5.5, 9.80448, 4.03073],
			"to": [10.5, 11.80448, 6.03073],
			"rotation": {"angle": -22.5, "axis": "x", "origin": [8, 10.30448, 5.78073]},
			"faces": {
				"north": {"uv": [5, 6, 10, 9], "texture": "#0"},
				"east": {"uv": [6, 7, 9, 10], "texture": "#0"},
				"south": {"uv": [5, 8, 10, 11], "texture": "#0"},
				"west": {"uv": [7, 9, 10, 12], "texture": "#0"},
				"up": {"uv": [4, 9, 9, 12], "texture": "#0"},
				"down": {"uv": [5, 7, 10, 10], "texture": "#0"}
			}
		},
		{
			"from": [5.5, 7.80448, 3.03073],
			"to": [10.5, 9.80448, 5.03073],
			"rotation": {"angle": -22.5, "axis": "x", "origin": [8, 10.30448, 5.78073]},
			"faces": {
				"north": {"uv": [5, 6, 10, 9], "texture": "#0"},
				"east": {"uv": [6, 7, 9, 10], "texture": "#0"},
				"south": {"uv": [5, 8, 10, 11], "texture": "#0"},
				"west": {"uv": [7, 9, 10, 12], "texture": "#0"},
				"up": {"uv": [4, 9, 9, 12], "texture": "#0"},
				"down": {"uv": [5, 7, 10, 10], "texture": "#0"}
			}
		},
		{
			"from": [2.5, 7, 6.5],
			"to": [5.5, 15, 10.5],
			"rotation": {"angle": 45, "axis": "y", "origin": [4, 11, 6]},
			"faces": {
				"north": {"uv": [0, 0, 3, 8], "texture": "#2"},
				"east": {"uv": [0, 0, 4, 8], "texture": "#2"},
				"south": {"uv": [0, 0, 3, 8], "texture": "#2"},
				"west": {"uv": [0, 0, 4, 8], "texture": "#2"},
				"up": {"uv": [0, 0, 3, 4], "texture": "#2"},
				"down": {"uv": [0, 0, 3, 4], "texture": "#2"}
			}
		},
		{
			"from": [7.75, 7, 4],
			"to": [11.75, 15, 7],
			"rotation": {"angle": 45, "axis": "y", "origin": [12, 11, 6]},
			"faces": {
				"north": {"uv": [0, 0, 4, 8], "texture": "#2"},
				"east": {"uv": [0, 0, 3, 8], "texture": "#2"},
				"south": {"uv": [0, 0, 4, 8], "texture": "#2"},
				"west": {"uv": [0, 0, 3, 8], "texture": "#2"},
				"up": {"uv": [0, 0, 4, 3], "texture": "#2"},
				"down": {"uv": [0, 0, 4, 3], "texture": "#2"}
			}
		},
		{
			"from": [4, 7.1, 8],
			"to": [12, 16.1, 12],
			"rotation": {"angle": 0, "axis": "y", "origin": [0, 0, 3]},
			"faces": {
				"north": {"uv": [3, 3, 11, 12], "texture": "#2"},
				"east": {"uv": [4, 4, 8, 13], "texture": "#2"},
				"south": {"uv": [4, 3, 12, 12], "texture": "#2"},
				"west": {"uv": [4, 4, 8, 13], "texture": "#2"},
				"up": {"uv": [6, 5, 14, 9], "texture": "#2"},
				"down": {"uv": [3, 3, 11, 7], "texture": "#2"}
			}
		},
		{
			"from": [4, -2, 2],
			"to": [12, 8, 3],
			"rotation": {"angle": 22.5, "axis": "x", "origin": [8, 3, 3.5]},
			"faces": {
				"north": {"uv": [0, 0, 8, 10], "texture": "#1"},
				"east": {"uv": [0, 0, 1, 10], "texture": "#1"},
				"south": {"uv": [0, 0, 8, 10], "texture": "#1"},
				"west": {"uv": [0, 0, 1, 10], "texture": "#1"},
				"up": {"uv": [0, 0, 8, 1], "texture": "#1"},
				"down": {"uv": [0, 0, 8, 1], "texture": "#1"}
			}
		},
		{
			"from": [4, -2, 14],
			"to": [12, 8, 15],
			"rotation": {"angle": -22.5, "axis": "x", "origin": [8, 3, 13.5]},
			"faces": {
				"north": {"uv": [0, 0, 8, 10], "texture": "#1"},
				"east": {"uv": [0, 0, 1, 10], "texture": "#1"},
				"south": {"uv": [0, 0, 8, 10], "texture": "#1"},
				"west": {"uv": [0, 0, 1, 10], "texture": "#1"},
				"up": {"uv": [0, 0, 8, 1], "texture": "#1"},
				"down": {"uv": [0, 0, 8, 1], "texture": "#1"}
			}
		},
		{
			"from": [2, 5, 4.5],
			"to": [6, 8, 12.5],
			"rotation": {"angle": -22.5, "axis": "z", "origin": [4, 6.5, 8]},
			"faces": {
				"north": {"uv": [8, 7, 11, 10], "texture": "#0"},
				"east": {"uv": [3, 5, 10, 8], "texture": "#0"},
				"south": {"uv": [9, 9, 12, 12], "texture": "#0"},
				"west": {"uv": [4, 5, 11, 8], "texture": "#0"},
				"up": {"uv": [5, 5, 8, 12], "texture": "#0"},
				"down": {"uv": [4, 4, 7, 11], "texture": "#0"}
			}
		},
		{
			"from": [1, 3, 3.5],
			"to": [6, 6, 13.5],
			"rotation": {"angle": -22.5, "axis": "z", "origin": [4, 6.5, 8]},
			"faces": {
				"north": {"uv": [8, 7, 11, 10], "texture": "#0"},
				"east": {"uv": [3, 5, 10, 8], "texture": "#0"},
				"south": {"uv": [9, 9, 12, 12], "texture": "#0"},
				"west": {"uv": [4, 5, 11, 8], "texture": "#0"},
				"up": {"uv": [5, 5, 8, 12], "texture": "#0"},
				"down": {"uv": [4, 4, 7, 11], "texture": "#0"}
			}
		},
		{
			"from": [0, 0, 2.5],
			"to": [9, 3, 14.5],
			"rotation": {"angle": -22.5, "axis": "z", "origin": [4, 6.5, 8]},
			"faces": {
				"north": {"uv": [8, 7, 11, 10], "texture": "#0"},
				"east": {"uv": [3, 5, 10, 8], "texture": "#0"},
				"south": {"uv": [9, 9, 12, 12], "texture": "#0"},
				"west": {"uv": [4, 5, 11, 8], "texture": "#0"},
				"up": {"uv": [5, 5, 8, 12], "texture": "#0"},
				"down": {"uv": [4, 4, 7, 11], "texture": "#0"}
			}
		},
		{
			"from": [10, 5, 4.5],
			"to": [14, 8, 12.5],
			"rotation": {"angle": 22.5, "axis": "z", "origin": [12, 6.5, 8]},
			"faces": {
				"north": {"uv": [8, 7, 11, 10], "texture": "#0"},
				"east": {"uv": [3, 5, 10, 8], "texture": "#0"},
				"south": {"uv": [9, 9, 12, 12], "texture": "#0"},
				"west": {"uv": [4, 5, 11, 8], "texture": "#0"},
				"up": {"uv": [5, 5, 8, 12], "texture": "#0"},
				"down": {"uv": [4, 4, 7, 11], "texture": "#0"}
			}
		},
		{
			"from": [10, 3, 3.5],
			"to": [15, 6, 13.5],
			"rotation": {"angle": 22.5, "axis": "z", "origin": [12, 6.5, 8]},
			"faces": {
				"north": {"uv": [8, 7, 11, 10], "texture": "#0"},
				"east": {"uv": [3, 5, 10, 8], "texture": "#0"},
				"south": {"uv": [9, 9, 12, 12], "texture": "#0"},
				"west": {"uv": [4, 5, 11, 8], "texture": "#0"},
				"up": {"uv": [5, 5, 8, 12], "texture": "#0"},
				"down": {"uv": [4, 4, 7, 11], "texture": "#0"}
			}
		},
		{
			"from": [7, 0, 2.5],
			"to": [16, 3, 14.5],
			"rotation": {"angle": 22.5, "axis": "z", "origin": [12, 6.5, 8]},
			"faces": {
				"north": {"uv": [8, 7, 11, 10], "texture": "#0"},
				"east": {"uv": [3, 5, 10, 8], "texture": "#0"},
				"south": {"uv": [9, 9, 12, 12], "texture": "#0"},
				"west": {"uv": [4, 5, 11, 8], "texture": "#0"},
				"up": {"uv": [5, 5, 8, 12], "texture": "#0"},
				"down": {"uv": [4, 4, 7, 11], "texture": "#0"}
			}
		},
		{
			"from": [9.5, -4.75, 3],
			"to": [15.5, 5.25, 9],
			"rotation": {"angle": 22.5, "axis": "x", "origin": [8, -3.875, 4.5]},
			"faces": {
				"north": {"uv": [4, 2, 10, 10], "texture": "#0"},
				"east": {"uv": [5, 3, 11, 11], "texture": "#0"},
				"south": {"uv": [3, 4, 9, 12], "texture": "#0"},
				"west": {"uv": [6, 5, 12, 13], "texture": "#0"},
				"up": {"uv": [6, 3, 12, 9], "texture": "#0"},
				"down": {"uv": [3, 3, 9, 9], "rotation": 270, "texture": "#0"}
			}
		},
		{
			"from": [0.5, -4.75, 3],
			"to": [6.5, 5.25, 9],
			"rotation": {"angle": 22.5, "axis": "x", "origin": [8, -3.875, 4.5]},
			"faces": {
				"north": {"uv": [4, 2, 10, 10], "texture": "#0"},
				"east": {"uv": [5, 3, 11, 11], "texture": "#0"},
				"south": {"uv": [3, 4, 9, 12], "texture": "#0"},
				"west": {"uv": [6, 5, 12, 13], "texture": "#0"},
				"up": {"uv": [6, 3, 12, 9], "texture": "#0"},
				"down": {"uv": [3, 3, 9, 9], "rotation": 270, "texture": "#0"}
			}
		},
		{
			"from": [2, -7.34034, 1.93366],
			"to": [5, -3.34034, 3.93366],
			"rotation": {"angle": 0, "axis": "x", "origin": [8, -4.34034, 2.68366]},
			"faces": {
				"north": {"uv": [6, 7, 9, 11], "texture": "#4"},
				"east": {"uv": [0, 0, 2, 4], "texture": "#4"},
				"south": {"uv": [1, 2, 4, 6], "texture": "#4"},
				"west": {"uv": [4, 4, 6, 8], "texture": "#4"},
				"up": {"uv": [4, 4, 7, 6], "texture": "#4"},
				"down": {"uv": [4, 4, 7, 6], "texture": "#4"}
			}
		},
		{
			"from": [11, -7.34034, 1.93366],
			"to": [14, -3.34034, 3.93366],
			"rotation": {"angle": 0, "axis": "x", "origin": [8, -4.34034, 2.68366]},
			"faces": {
				"north": {"uv": [6, 7, 9, 11], "texture": "#4"},
				"east": {"uv": [0, 0, 2, 4], "texture": "#4"},
				"south": {"uv": [1, 2, 4, 6], "texture": "#4"},
				"west": {"uv": [4, 4, 6, 8], "texture": "#4"},
				"up": {"uv": [4, 4, 7, 6], "texture": "#4"},
				"down": {"uv": [4, 4, 7, 6], "texture": "#4"}
			}
		},
		{
			"from": [1, -14.26003, 3.30725],
			"to": [6, -5.26003, 8.30725],
			"rotation": {"angle": 0, "axis": "x", "origin": [8, -8.26003, 4.30725]},
			"faces": {
				"north": {"uv": [0, 0, 5, 9], "texture": "#1"},
				"east": {"uv": [0, 0, 5, 9], "texture": "#1"},
				"south": {"uv": [0, 0, 5, 9], "texture": "#1"},
				"west": {"uv": [0, 0, 5, 9], "texture": "#1"},
				"up": {"uv": [0, 0, 5, 5], "texture": "#1"},
				"down": {"uv": [0, 0, 5, 5], "texture": "#1"}
			}
		},
		{
			"from": [10, -14.26003, 3.30725],
			"to": [15, -5.26003, 8.30725],
			"rotation": {"angle": 0, "axis": "x", "origin": [8, -8.26003, 4.30725]},
			"faces": {
				"north": {"uv": [0, 0, 5, 9], "texture": "#1"},
				"east": {"uv": [0, 0, 5, 9], "texture": "#1"},
				"south": {"uv": [0, 0, 5, 9], "texture": "#1"},
				"west": {"uv": [0, 0, 5, 9], "texture": "#1"},
				"up": {"uv": [0, 0, 5, 5], "texture": "#1"},
				"down": {"uv": [0, 0, 5, 5], "texture": "#1"}
			}
		},
		{
			"from": [0, -5.98839, 1.9553],
			"to": [7, -3.98839, 9.9553],
			"rotation": {"angle": 0, "axis": "x", "origin": [8, -3.875, 4.5]},
			"faces": {
				"north": {"uv": [0, 0, 7, 2], "texture": "#1"},
				"east": {"uv": [0, 0, 8, 2], "texture": "#1"},
				"south": {"uv": [0, 0, 7, 2], "texture": "#1"},
				"west": {"uv": [0, 0, 8, 2], "texture": "#1"},
				"up": {"uv": [0, 0, 7, 8], "texture": "#1"},
				"down": {"uv": [0, 0, 7, 8], "texture": "#1"}
			}
		},
		{
			"from": [9, -5.98839, 1.9553],
			"to": [16, -3.98839, 9.9553],
			"rotation": {"angle": 0, "axis": "x", "origin": [8, -3.875, 4.5]},
			"faces": {
				"north": {"uv": [0, 0, 7, 2], "texture": "#1"},
				"east": {"uv": [0, 0, 8, 2], "texture": "#1"},
				"south": {"uv": [0, 0, 7, 2], "texture": "#1"},
				"west": {"uv": [0, 0, 8, 2], "texture": "#1"},
				"up": {"uv": [0, 0, 7, 8], "texture": "#1"},
				"down": {"uv": [0, 0, 7, 8], "texture": "#1"}
			}
		},
		{
			"from": [1.25, -16, 1],
			"to": [5.75, -13, 8],
			"rotation": {"angle": 0, "axis": "y", "origin": [0, 0, 3]},
			"faces": {
				"north": {"uv": [4, 5, 8.5, 8], "texture": "#0"},
				"east": {"uv": [6, 8, 12, 11], "texture": "#0"},
				"south": {"uv": [3, 6, 7.5, 9], "texture": "#0"},
				"west": {"uv": [3, 4, 9, 7], "texture": "#0"},
				"up": {"uv": [4, 3, 10, 7.5], "rotation": 90, "texture": "#0"},
				"down": {"uv": [4, 6, 8.5, 12], "texture": "#0"}
			}
		},
		{
			"from": [10.25, -16, 1],
			"to": [14.75, -13, 8],
			"rotation": {"angle": 0, "axis": "y", "origin": [0, 0, 3]},
			"faces": {
				"north": {"uv": [4, 5, 8.5, 8], "texture": "#0"},
				"east": {"uv": [6, 8, 12, 11], "texture": "#0"},
				"south": {"uv": [3, 6, 7.5, 9], "texture": "#0"},
				"west": {"uv": [3, 4, 9, 7], "texture": "#0"},
				"up": {"uv": [4, 3, 10, 7.5], "rotation": 90, "texture": "#0"},
				"down": {"uv": [4, 6, 8.5, 12], "texture": "#0"}
			}
		},
		{
			"from": [0.25, -13.5, 4],
			"to": [1.25, -6.5, 6],
			"rotation": {"angle": 22.5, "axis": "x", "origin": [0.5, -10, 6.5]},
			"faces": {
				"north": {"uv": [0, 0, 1, 7], "rotation": 180, "texture": "#2"},
				"east": {"uv": [0, 0, 7, 2], "rotation": 90, "texture": "#2"},
				"south": {"uv": [0, 0, 1, 7], "texture": "#2"},
				"west": {"uv": [0, 0, 7, 2], "rotation": 270, "texture": "#2"},
				"up": {"uv": [0, 0, 1, 2], "texture": "#2"},
				"down": {"uv": [0, 0, 1, 2], "rotation": 180, "texture": "#2"}
			}
		},
		{
			"from": [14.75, -13.5, 4],
			"to": [15.75, -6.5, 6],
			"rotation": {"angle": 22.5, "axis": "x", "origin": [0.5, -10, 6.5]},
			"faces": {
				"north": {"uv": [0, 0, 1, 7], "rotation": 180, "texture": "#2"},
				"east": {"uv": [0, 0, 7, 2], "rotation": 90, "texture": "#2"},
				"south": {"uv": [0, 0, 1, 7], "texture": "#2"},
				"west": {"uv": [0, 0, 7, 2], "rotation": 270, "texture": "#2"},
				"up": {"uv": [0, 0, 1, 2], "texture": "#2"},
				"down": {"uv": [0, 0, 1, 2], "rotation": 180, "texture": "#2"}
			}
		},
		{
			"from": [-3, 13, -1],
			"to": [2, 18, 12],
			"rotation": {"angle": -22.5, "axis": "x", "origin": [-0.5, 15.5, 3.5]},
			"faces": {
				"north": {"uv": [3, 7, 8, 12], "texture": "#2"},
				"east": {"uv": [2, 4, 15, 9], "texture": "#2"},
				"south": {"uv": [3, 4, 8, 9], "texture": "#2"},
				"west": {"uv": [1, 2, 14, 7], "texture": "#2"},
				"up": {"uv": [7, 2, 12, 15], "texture": "#2"},
				"down": {"uv": [4, 2, 9, 15], "texture": "#2"}
			}
		},
		{
			"from": [14, 13, -1],
			"to": [19, 18, 12],
			"rotation": {"angle": -22.5, "axis": "x", "origin": [-0.5, 15.5, 3.5]},
			"faces": {
				"north": {"uv": [3, 7, 8, 12], "texture": "#2"},
				"east": {"uv": [2, 4, 15, 9], "texture": "#2"},
				"south": {"uv": [3, 4, 8, 9], "texture": "#2"},
				"west": {"uv": [1, 2, 14, 7], "texture": "#2"},
				"up": {"uv": [7, 2, 12, 15], "texture": "#2"},
				"down": {"uv": [4, 2, 9, 15], "texture": "#2"}
			}
		},
		{
			"from": [-4.25, 11.25, -2.25],
			"to": [2.75, 17.25, 0.75],
			"rotation": {"angle": -22.5, "axis": "y", "origin": [-1.25, 14.75, -0.25]},
			"faces": {
				"north": {"uv": [4, 4, 10, 10], "texture": "#0"},
				"east": {"uv": [4, 4, 7, 10], "texture": "#0"},
				"south": {"uv": [4, 4, 10, 10], "texture": "#0"},
				"west": {"uv": [7, 5, 10, 11], "texture": "#0"},
				"up": {"uv": [4, 4, 10, 7], "texture": "#0"},
				"down": {"uv": [3, 4, 9, 7], "texture": "#0"}
			}
		},
		{
			"from": [-5.25, 11.25, -4.75],
			"to": [1.75, 17.25, -2.75],
			"rotation": {"angle": -22.5, "axis": "y", "origin": [-1.25, 14.75, -0.25]},
			"faces": {
				"north": {"uv": [4, 4, 10, 10], "texture": "#0"},
				"east": {"uv": [4, 4, 7, 10], "texture": "#0"},
				"south": {"uv": [4, 4, 10, 10], "texture": "#0"},
				"west": {"uv": [7, 5, 10, 11], "texture": "#0"},
				"up": {"uv": [4, 4, 10, 7], "texture": "#0"},
				"down": {"uv": [3, 4, 9, 7], "texture": "#0"}
			}
		},
		{
			"from": [-6.25, 11.25, -7.25],
			"to": [0.75, 17.25, -5.25],
			"rotation": {"angle": -22.5, "axis": "y", "origin": [-1.25, 14.75, -0.25]},
			"faces": {
				"north": {"uv": [4, 4, 10, 10], "texture": "#0"},
				"east": {"uv": [4, 4, 7, 10], "texture": "#0"},
				"south": {"uv": [4, 4, 10, 10], "texture": "#0"},
				"west": {"uv": [7, 5, 10, 11], "texture": "#0"},
				"up": {"uv": [4, 4, 10, 7], "texture": "#0"},
				"down": {"uv": [3, 4, 9, 7], "texture": "#0"}
			}
		},
		{
			"from": [13.25, 11.25, -2.25],
			"to": [20.25, 17.25, 0.75],
			"rotation": {"angle": 22.5, "axis": "y", "origin": [17.25, 14.75, -0.25]},
			"faces": {
				"north": {"uv": [4, 4, 10, 10], "texture": "#0"},
				"east": {"uv": [4, 4, 7, 10], "texture": "#0"},
				"south": {"uv": [4, 4, 10, 10], "texture": "#0"},
				"west": {"uv": [7, 5, 10, 11], "texture": "#0"},
				"up": {"uv": [4, 4, 10, 7], "texture": "#0"},
				"down": {"uv": [3, 4, 9, 7], "texture": "#0"}
			}
		},
		{
			"from": [14.25, 11.25, -4.75],
			"to": [21.25, 17.25, -2.75],
			"rotation": {"angle": 22.5, "axis": "y", "origin": [17.25, 14.75, -0.25]},
			"faces": {
				"north": {"uv": [4, 4, 10, 10], "texture": "#0"},
				"east": {"uv": [4, 4, 7, 10], "texture": "#0"},
				"south": {"uv": [4, 4, 10, 10], "texture": "#0"},
				"west": {"uv": [7, 5, 10, 11], "texture": "#0"},
				"up": {"uv": [4, 4, 10, 7], "texture": "#0"},
				"down": {"uv": [3, 4, 9, 7], "texture": "#0"}
			}
		},
		{
			"from": [15.25, 11.25, -7.25],
			"to": [22.25, 17.25, -5.25],
			"rotation": {"angle": 22.5, "axis": "y", "origin": [17.25, 14.75, -0.25]},
			"faces": {
				"north": {"uv": [4, 4, 10, 10], "texture": "#0"},
				"east": {"uv": [4, 4, 7, 10], "texture": "#0"},
				"south": {"uv": [4, 4, 10, 10], "texture": "#0"},
				"west": {"uv": [7, 5, 10, 11], "texture": "#0"},
				"up": {"uv": [4, 4, 10, 7], "texture": "#0"},
				"down": {"uv": [3, 4, 9, 7], "texture": "#0"}
			}
		},
		{
			"from": [-2, 13, -9],
			"to": [2, 16, 0],
			"rotation": {"angle": 0, "axis": "y", "origin": [0, 0, 3]},
			"faces": {
				"north": {"uv": [0, 0, 4, 3], "texture": "#1"},
				"east": {"uv": [0, 0, 9, 3], "texture": "#1"},
				"south": {"uv": [0, 0, 4, 3], "texture": "#1"},
				"west": {"uv": [0, 0, 9, 3], "texture": "#1"},
				"up": {"uv": [0, 0, 4, 9], "texture": "#1"},
				"down": {"uv": [0, 0, 4, 9], "texture": "#1"}
			}
		},
		{
			"from": [14, 13, -9],
			"to": [18, 16, 0],
			"rotation": {"angle": 0, "axis": "y", "origin": [0, 0, 3]},
			"faces": {
				"north": {"uv": [0, 0, 4, 3], "texture": "#1"},
				"east": {"uv": [0, 0, 9, 3], "texture": "#1"},
				"south": {"uv": [0, 0, 4, 3], "texture": "#1"},
				"west": {"uv": [0, 0, 9, 3], "texture": "#1"},
				"up": {"uv": [0, 0, 4, 9], "texture": "#1"},
				"down": {"uv": [0, 0, 4, 9], "texture": "#1"}
			}
		},
		{
			"from": [-4.1, 12.75, -6.5],
			"to": [-1.1, 15.75, -2.5],
			"rotation": {"angle": 0, "axis": "y", "origin": [0, 0, 3]},
			"faces": {
				"north": {"uv": [9, 5, 12, 8], "texture": "#4"},
				"east": {"uv": [6, 10, 10, 13], "texture": "#4"},
				"south": {"uv": [9, 6, 12, 9], "texture": "#4"},
				"west": {"uv": [8, 7, 12, 10], "texture": "#4"},
				"up": {"uv": [7, 6, 10, 10], "texture": "#4"},
				"down": {"uv": [7, 7, 10, 11], "texture": "#4"}
			}
		},
		{
			"from": [-3.35, 11.75, -7.5],
			"to": [2.65, 16.75, 0.5],
			"rotation": {"angle": 0, "axis": "y", "origin": [0, 0, 3]},
			"faces": {
				"north": {"uv": [9, 5, 12, 8], "texture": "#2"},
				"east": {"uv": [6, 10, 10, 13], "texture": "#2"},
				"south": {"uv": [9, 6, 12, 9], "texture": "#2"},
				"west": {"uv": [8, 7, 12, 10], "texture": "#2"},
				"up": {"uv": [7, 6, 10, 10], "texture": "#2"},
				"down": {"uv": [7, 7, 10, 11], "texture": "#2"}
			}
		},
		{
			"from": [13.65, 11.75, -7.5],
			"to": [19.65, 16.75, 0.5],
			"rotation": {"angle": 0, "axis": "y", "origin": [0, 0, 3]},
			"faces": {
				"north": {"uv": [9, 5, 12, 8], "texture": "#2"},
				"east": {"uv": [6, 10, 10, 13], "texture": "#2"},
				"south": {"uv": [9, 6, 12, 9], "texture": "#2"},
				"west": {"uv": [8, 7, 12, 10], "texture": "#2"},
				"up": {"uv": [7, 6, 10, 10], "texture": "#2"},
				"down": {"uv": [7, 7, 10, 11], "texture": "#2"}
			}
		},
		{
			"from": [17, 12.25, -7],
			"to": [20, 16.25, -2],
			"rotation": {"angle": 0, "axis": "y", "origin": [0, 0, 3]},
			"faces": {
				"north": {"uv": [9, 5, 12, 8], "texture": "#4"},
				"east": {"uv": [6, 10, 10, 13], "texture": "#4"},
				"south": {"uv": [9, 6, 12, 9], "texture": "#4"},
				"west": {"uv": [8, 7, 12, 10], "texture": "#4"},
				"up": {"uv": [7, 6, 10, 10], "texture": "#4"},
				"down": {"uv": [7, 7, 10, 11], "texture": "#4"}
			}
		},
		{
			"from": [2, 14.5, -11],
			"to": [4, 16.5, -7],
			"rotation": {"angle": -22.5, "axis": "y", "origin": [2, 15.5, -9]},
			"faces": {
				"north": {"uv": [0, 0, 2, 2], "texture": "#0"},
				"east": {"uv": [0, 0, 4, 2], "texture": "#0"},
				"south": {"uv": [0, 0, 2, 2], "texture": "#0"},
				"west": {"uv": [0, 0, 4, 2], "texture": "#0"},
				"up": {"uv": [14, 0, 16, 4], "texture": "#0"},
				"down": {"uv": [0, 0, 2, 4], "texture": "#0"}
			}
		},
		{
			"from": [12, 14.5, -11],
			"to": [14, 16.5, -7],
			"rotation": {"angle": 22.5, "axis": "y", "origin": [14, 15.5, -9]},
			"faces": {
				"north": {"uv": [14, 0, 16, 2], "texture": "#0"},
				"east": {"uv": [0, 0, 4, 2], "texture": "#0"},
				"south": {"uv": [0, 0, 2, 2], "texture": "#0"},
				"west": {"uv": [0, 0, 4, 2], "texture": "#0"},
				"up": {"uv": [0, 0, 2, 4], "texture": "#0"},
				"down": {"uv": [0, 0, 2, 4], "texture": "#0"}
			}
		},
		{
			"from": [-3, 15, -11],
			"to": [2, 17, -6],
			"rotation": {"angle": 0, "axis": "y", "origin": [0, 0, 4]},
			"faces": {
				"north": {"uv": [2, 3, 7, 5], "texture": "#1"},
				"east": {"uv": [2, 5, 7, 7], "texture": "#1"},
				"south": {"uv": [5, 6, 10, 8], "texture": "#1"},
				"west": {"uv": [8, 6, 13, 8], "texture": "#1"},
				"up": {"uv": [5, 3, 10, 8], "texture": "#1"},
				"down": {"uv": [5, 6, 10, 11], "texture": "#1"}
			}
		},
		{
			"from": [-2.75, 15.01666, -13.60549],
			"to": [1.75, 17.01666, -10.60549],
			"rotation": {"angle": -22.5, "axis": "x", "origin": [-0.5, 16.01666, -10.76087]},
			"faces": {
				"north": {"uv": [2, 3, 7, 5], "texture": "#1"},
				"east": {"uv": [2, 5, 7, 7], "texture": "#1"},
				"south": {"uv": [5, 6, 10, 8], "texture": "#1"},
				"west": {"uv": [8, 6, 13, 8], "texture": "#1"},
				"up": {"uv": [5, 3, 10, 8], "texture": "#1"},
				"down": {"uv": [5, 6, 10, 11], "texture": "#1"}
			}
		},
		{
			"from": [14.25, 15.01666, -13.60549],
			"to": [18.75, 17.01666, -10.60549],
			"rotation": {"angle": -22.5, "axis": "x", "origin": [-0.5, 16.01666, -10.76087]},
			"faces": {
				"north": {"uv": [2, 3, 7, 5], "texture": "#1"},
				"east": {"uv": [2, 5, 7, 7], "texture": "#1"},
				"south": {"uv": [5, 6, 10, 8], "texture": "#1"},
				"west": {"uv": [8, 6, 13, 8], "texture": "#1"},
				"up": {"uv": [5, 3, 10, 8], "texture": "#1"},
				"down": {"uv": [5, 6, 10, 11], "texture": "#1"}
			}
		},
		{
			"from": [14, 15, -11],
			"to": [19, 17, -6],
			"rotation": {"angle": 0, "axis": "y", "origin": [0, 0, 4]},
			"faces": {
				"north": {"uv": [2, 3, 7, 5], "texture": "#1"},
				"east": {"uv": [2, 5, 7, 7], "texture": "#1"},
				"south": {"uv": [5, 6, 10, 8], "texture": "#1"},
				"west": {"uv": [8, 6, 13, 8], "texture": "#1"},
				"up": {"uv": [5, 3, 10, 8], "texture": "#1"},
				"down": {"uv": [5, 6, 10, 11], "texture": "#1"}
			}
		},
		{
			"from": [2, 9, 17],
			"to": [14, 23, 18],
			"rotation": {"angle": -22.5, "axis": "x", "origin": [6, 14, 15.5]},
			"faces": {
				"north": {"uv": [0, 0, 12, 14], "texture": "#7"},
				"east": {"uv": [0, 0, 1, 14], "texture": "#7"},
				"south": {"uv": [0, 0, 12, 14], "texture": "#7"},
				"west": {"uv": [0, 0, 1, 14], "texture": "#7"},
				"up": {"uv": [0, 0, 12, 1], "texture": "#7"},
				"down": {"uv": [0, 0, 12, 1], "texture": "#7"}
			}
		},
		{
			"from": [12, 9, 16],
			"to": [20, 23, 17],
			"rotation": {"angle": -22.5, "axis": "x", "origin": [6, 14, 15.5]},
			"faces": {
				"north": {"uv": [0, 0, 8, 14], "texture": "#7"},
				"east": {"uv": [0, 0, 1, 14], "texture": "#7"},
				"south": {"uv": [0, 0, 8, 14], "texture": "#7"},
				"west": {"uv": [0, 0, 1, 14], "texture": "#7"},
				"up": {"uv": [0, 0, 8, 1], "texture": "#7"},
				"down": {"uv": [0, 0, 8, 1], "texture": "#7"}
			}
		},
		{
			"from": [-4, 9, 16],
			"to": [4, 23, 17],
			"rotation": {"angle": -22.5, "axis": "x", "origin": [6, 14, 15.5]},
			"faces": {
				"north": {"uv": [0, 0, 8, 14], "texture": "#7"},
				"east": {"uv": [0, 0, 1, 14], "texture": "#7"},
				"south": {"uv": [0, 0, 8, 14], "texture": "#7"},
				"west": {"uv": [0, 0, 1, 14], "texture": "#7"},
				"up": {"uv": [0, 0, 8, 1], "texture": "#7"},
				"down": {"uv": [0, 0, 8, 1], "texture": "#7"}
			}
		},
		{
			"from": [2, -13.80162, 19.77465],
			"to": [14, -1.80162, 20.77465],
			"rotation": {"angle": 0, "axis": "x", "origin": [8, -1.80162, 21.77465]},
			"faces": {
				"north": {"uv": [0, 0, 12, 12], "texture": "#7"},
				"east": {"uv": [0, 0, 1, 12], "texture": "#7"},
				"south": {"uv": [0, 0, 12, 12], "texture": "#7"},
				"west": {"uv": [0, 0, 1, 12], "texture": "#7"},
				"up": {"uv": [0, 0, 12, 1], "texture": "#7"},
				"down": {"uv": [0, 0, 12, 1], "texture": "#7"}
			}
		},
		{
			"from": [-5, -11.80162, 18.77465],
			"to": [3, 0.19838, 19.77465],
			"rotation": {"angle": 0, "axis": "x", "origin": [8, -1.80162, 21.77465]},
			"faces": {
				"north": {"uv": [0, 0, 8, 12], "texture": "#7"},
				"east": {"uv": [0, 0, 1, 12], "texture": "#7"},
				"south": {"uv": [0, 0, 8, 12], "texture": "#7"},
				"west": {"uv": [0, 0, 1, 12], "texture": "#7"},
				"up": {"uv": [0, 0, 8, 1], "texture": "#7"},
				"down": {"uv": [0, 0, 8, 1], "texture": "#7"}
			}
		},
		{
			"from": [13, -11.80162, 18.77465],
			"to": [21, 0.19838, 19.77465],
			"rotation": {"angle": 0, "axis": "x", "origin": [8, -1.80162, 21.77465]},
			"faces": {
				"north": {"uv": [0, 0, 8, 12], "texture": "#7"},
				"east": {"uv": [0, 0, 1, 12], "texture": "#7"},
				"south": {"uv": [0, 0, 8, 12], "texture": "#7"},
				"west": {"uv": [0, 0, 1, 12], "texture": "#7"},
				"up": {"uv": [0, 0, 8, 1], "texture": "#7"},
				"down": {"uv": [0, 0, 8, 1], "texture": "#7"}
			}
		},
		{
			"from": [12, 0.19838, 17.77465],
			"to": [20, 12.19838, 18.77465],
			"rotation": {"angle": 0, "axis": "x", "origin": [8, -1.80162, 21.77465]},
			"faces": {
				"north": {"uv": [0, 0, 8, 12], "texture": "#7"},
				"east": {"uv": [0, 0, 1, 12], "texture": "#7"},
				"south": {"uv": [0, 0, 8, 12], "texture": "#7"},
				"west": {"uv": [0, 0, 1, 12], "texture": "#7"},
				"up": {"uv": [0, 0, 8, 1], "texture": "#7"},
				"down": {"uv": [0, 0, 8, 1], "texture": "#7"}
			}
		},
		{
			"from": [2, -1.80162, 19.02465],
			"to": [14, 10.19838, 20.02465],
			"rotation": {"angle": 0, "axis": "x", "origin": [8, -1.80162, 21.77465]},
			"faces": {
				"north": {"uv": [0, 0, 12, 12], "texture": "#7"},
				"east": {"uv": [0, 0, 1, 12], "texture": "#7"},
				"south": {"uv": [0, 0, 12, 12], "texture": "#7"},
				"west": {"uv": [0, 0, 1, 12], "texture": "#7"},
				"up": {"uv": [0, 0, 12, 1], "texture": "#7"},
				"down": {"uv": [0, 0, 12, 1], "texture": "#7"}
			}
		},
		{
			"from": [-4, 0.19838, 17.77465],
			"to": [4, 12.19838, 18.77465],
			"rotation": {"angle": 0, "axis": "x", "origin": [8, -1.80162, 21.77465]},
			"faces": {
				"north": {"uv": [0, 0, 8, 12], "texture": "#7"},
				"east": {"uv": [0, 0, 1, 12], "texture": "#7"},
				"south": {"uv": [0, 0, 8, 12], "texture": "#7"},
				"west": {"uv": [0, 0, 1, 12], "texture": "#7"},
				"up": {"uv": [0, 0, 8, 1], "texture": "#7"},
				"down": {"uv": [0, 0, 8, 1], "texture": "#7"}
			}
		}
	],
	"display": {
		"head": {
			"translation": [0, 2.25, 3.75],
			"scale": [2, 2, 2]
		}
	}
}