{
	"credit": "Made with Blockbench",
	"textures": {
		"0": "block/gold_block",
		"1": "block/raw_gold_block",
		"2": "block/glowstone",
		"4": "block/emerald_block",
		"particle": "block/gold_block"
	},
	"elements": [
		{
			"from": [9.5, -4.75, 3],
			"to": [15.5, 5.25, 9],
			"rotation": {"angle": 22.5, "axis": "x", "origin": [8, -3.875, 4.5]},
			"faces": {
				"north": {"uv": [10, 2, 4, 10], "tintindex": 0,"texture": "#0"},
				"east": {"uv": [12, 5, 6, 13], "tintindex": 0,"texture": "#0"},
				"south": {"uv": [9, 4, 3, 12], "tintindex": 0,"texture": "#0"},
				"west": {"uv": [11, 3, 5, 11], "tintindex": 0,"texture": "#0"},
				"up": {"uv": [12, 3, 6, 9], "tintindex": 0,"texture": "#0"},
				"down": {"uv": [3, 9, 9, 3], "rotation": 270, "tintindex": 0,"texture": "#0"}
			}
		},
		{
			"from": [11, -7.34034, 1.93366],
			"to": [14, -3.34034, 3.93366],
			"rotation": {"angle": 0, "axis": "x", "origin": [8, -4.34034, 2.68366]},
			"faces": {
				"north": {"uv": [9, 7, 6, 11], "tintindex": 0,"texture": "#4"},
				"east": {"uv": [6, 4, 4, 8], "tintindex": 0,"texture": "#4"},
				"south": {"uv": [4, 2, 1, 6], "tintindex": 0,"texture": "#4"},
				"west": {"uv": [2, 0, 0, 4], "tintindex": 0,"texture": "#4"},
				"up": {"uv": [7, 4, 4, 6], "tintindex": 0,"texture": "#4"},
				"down": {"uv": [7, 4, 4, 6], "tintindex": 0,"texture": "#4"}
			}
		},
		{
			"from": [10, -14.26003, 3.30725],
			"to": [15, -5.26003, 8.30725],
			"rotation": {"angle": 0, "axis": "x", "origin": [8, -8.26003, 4.30725]},
			"faces": {
				"north": {"uv": [5, 0, 0, 9], "tintindex": 0,"texture": "#1"},
				"east": {"uv": [5, 0, 0, 9], "tintindex": 0,"texture": "#1"},
				"south": {"uv": [5, 0, 0, 9], "tintindex": 0,"texture": "#1"},
				"west": {"uv": [5, 0, 0, 9], "tintindex": 0,"texture": "#1"},
				"up": {"uv": [5, 0, 0, 5], "tintindex": 0,"texture": "#1"},
				"down": {"uv": [5, 0, 0, 5], "tintindex": 0,"texture": "#1"}
			}
		},
		{
			"from": [9, -5.98839, 1.9553],
			"to": [16, -3.98839, 9.9553],
			"rotation": {"angle": 0, "axis": "x", "origin": [8, -3.875, 4.5]},
			"faces": {
				"north": {"uv": [7, 0, 0, 2], "tintindex": 0,"texture": "#1"},
				"east": {"uv": [8, 0, 0, 2], "tintindex": 0,"texture": "#1"},
				"south": {"uv": [7, 0, 0, 2], "tintindex": 0,"texture": "#1"},
				"west": {"uv": [8, 0, 0, 2], "tintindex": 0,"texture": "#1"},
				"up": {"uv": [7, 0, 0, 8], "tintindex": 0,"texture": "#1"},
				"down": {"uv": [7, 0, 0, 8], "tintindex": 0,"texture": "#1"}
			}
		},
		{
			"from": [10.25, -16, 1],
			"to": [14.75, -13, 8],
			"rotation": {"angle": 0, "axis": "y", "origin": [16, 0, 3]},
			"faces": {
				"north": {"uv": [8.5, 5, 4, 8], "tintindex": 0,"texture": "#0"},
				"east": {"uv": [9, 4, 3, 7], "tintindex": 0,"texture": "#0"},
				"south": {"uv": [7.5, 6, 3, 9], "tintindex": 0,"texture": "#0"},
				"west": {"uv": [12, 8, 6, 11], "tintindex": 0,"texture": "#0"},
				"up": {"uv": [4, 7.5, 10, 3], "rotation": 90, "tintindex": 0,"texture": "#0"},
				"down": {"uv": [8.5, 6, 4, 12], "tintindex": 0,"texture": "#0"}
			}
		},
		{
			"from": [14.75, -13.5, 4],
			"to": [15.75, -6.5, 6],
			"rotation": {"angle": 22.5, "axis": "x", "origin": [15.5, -10, 6.5]},
			"faces": {
				"north": {"uv": [1, 0, 0, 7], "rotation": 180, "tintindex": 0,"texture": "#2"},
				"east": {"uv": [0, 2, 7, 0], "rotation": 270, "tintindex": 0,"texture": "#2"},
				"south": {"uv": [1, 0, 0, 7], "tintindex": 0,"texture": "#2"},
				"west": {"uv": [0, 2, 7, 0], "rotation": 90, "tintindex": 0,"texture": "#2"},
				"up": {"uv": [1, 0, 0, 2], "tintindex": 0,"texture": "#2"},
				"down": {"uv": [1, 0, 0, 2], "rotation": 180, "tintindex": 0,"texture": "#2"}
			}
		}
	],
	"display": {
		"head": {
			"translation": [-9, 7.25, -1.5],
			"scale": [2, 2, 2]
		}
	}
}