{
	"credit": "Made with Blockbench",
	"textures": {
		"0": "block/gold_block",
		"1": "block/raw_gold_block",
		"2": "block/glowstone",
		"3": "block/redstone_block",
		"4": "block/emerald_block",
		"particle": "block/gold_block"
	},
	"elements": [
		{
			"from": [6.5, 24.28614, -2.6542],
			"to": [9.5, 30.28614, -1.6542],
			"rotation": {"angle": 45, "axis": "x", "origin": [7, 27.00715, -2.6542]},
			"faces": {
				"north": {"uv": [6, 6, 8, 10], "tintindex": 0,"texture": "#4"},
				"east": {"uv": [0, 0, 1, 4], "tintindex": 0,"texture": "#4"},
				"south": {"uv": [7, 6, 9, 10], "tintindex": 0,"texture": "#4"},
				"west": {"uv": [0, 0, 1, 4], "tintindex": 0,"texture": "#4"},
				"up": {"uv": [0, 0, 2, 1], "tintindex": 0,"texture": "#4"},
				"down": {"uv": [0, 0, 2, 1], "tintindex": 0,"texture": "#4"}
			}
		},
		{
			"from": [5, 10.5, 5],
			"to": [11, 11.5, 6],
			"rotation": {"angle": 0, "axis": "y", "origin": [0, 10.5, 3]},
			"faces": {
				"north": {"uv": [0, 0, 6, 1], "tintindex": 0,"texture": "#1"},
				"east": {"uv": [0, 0, 1, 1], "tintindex": 0,"texture": "#1"},
				"south": {"uv": [0, 0, 6, 1], "tintindex": 0,"texture": "#1"},
				"west": {"uv": [0, 0, 1, 1], "tintindex": 0,"texture": "#1"},
				"up": {"uv": [0, 0, 6, 1], "tintindex": 0,"texture": "#1"},
				"down": {"uv": [0, 0, 6, 1], "tintindex": 0,"texture": "#1"}
			}
		},
		{
			"from": [4.5, 13.1, 1],
			"to": [11.5, 22.1, 7],
			"rotation": {"angle": -45, "axis": "x", "origin": [8, 18.6, 8]},
			"faces": {
				"north": {"uv": [3, 3, 11, 12], "tintindex": 0,"texture": "#2"},
				"east": {"uv": [4, 4, 8, 13], "tintindex": 0,"texture": "#2"},
				"south": {"uv": [4, 3, 12, 12], "tintindex": 0,"texture": "#2"},
				"west": {"uv": [4, 4, 8, 13], "tintindex": 0,"texture": "#2"},
				"up": {"uv": [6, 5, 14, 9], "tintindex": 0,"texture": "#2"},
				"down": {"uv": [3, 3, 11, 7], "tintindex": 0,"texture": "#2"}
			}
		},
		{
			"from": [6, 13, 8],
			"to": [10, 17, 12],
			"rotation": {"angle": 0, "axis": "y", "origin": [0, 4, 0]},
			"faces": {
				"north": {"uv": [6, 6, 10, 10], "tintindex": 0,"texture": "#0"},
				"east": {"uv": [6, 3, 10, 7], "tintindex": 0,"texture": "#0"},
				"south": {"uv": [8, 5, 12, 9], "tintindex": 0,"texture": "#0"},
				"west": {"uv": [4, 4, 8, 8], "tintindex": 0,"texture": "#0"},
				"up": {"uv": [6, 7, 10, 11], "tintindex": 0,"texture": "#0"},
				"down": {"uv": [5, 5, 9, 9], "tintindex": 0,"texture": "#0"}
			}
		},
		{
			"from": [6, 17, 4],
			"to": [10, 21, 8],
			"rotation": {"angle": 0, "axis": "y", "origin": [0, 4, 0]},
			"faces": {
				"north": {"uv": [6, 6, 10, 10], "tintindex": 0,"texture": "#0"},
				"east": {"uv": [6, 3, 10, 7], "tintindex": 0,"texture": "#0"},
				"south": {"uv": [8, 5, 12, 9], "tintindex": 0,"texture": "#0"},
				"west": {"uv": [4, 4, 8, 8], "tintindex": 0,"texture": "#0"},
				"up": {"uv": [6, 7, 10, 11], "tintindex": 0,"texture": "#0"},
				"down": {"uv": [5, 5, 9, 9], "tintindex": 0,"texture": "#0"}
			}
		},
		{
			"from": [5.25, 12, -8],
			"to": [11.25, 14, -7],
			"rotation": {"angle": -22.5, "axis": "x", "origin": [8, 12, -5.5]},
			"faces": {
				"north": {"uv": [0, 0, 6, 2], "tintindex": 0,"texture": "#1"},
				"east": {"uv": [0, 0, 1, 2], "tintindex": 0,"texture": "#1"},
				"south": {"uv": [0, 0, 6, 2], "tintindex": 0,"texture": "#1"},
				"west": {"uv": [0, 0, 1, 2], "tintindex": 0,"texture": "#1"},
				"up": {"uv": [0, 0, 6, 1], "tintindex": 0,"texture": "#1"},
				"down": {"uv": [0, 0, 6, 1], "tintindex": 0,"texture": "#1"}
			}
		},
		{
			"from": [4, 15.89209, -9.56983],
			"to": [12, 17.89209, -8.56983],
			"rotation": {"angle": 22.5, "axis": "x", "origin": [8, 14.39209, -9.06983]},
			"faces": {
				"north": {"uv": [0, 0, 8, 2], "tintindex": 0,"texture": "#1"},
				"east": {"uv": [0, 0, 1, 2], "tintindex": 0,"texture": "#1"},
				"south": {"uv": [0, 0, 8, 2], "tintindex": 0,"texture": "#1"},
				"west": {"uv": [0, 0, 1, 2], "tintindex": 0,"texture": "#1"},
				"up": {"uv": [0, 0, 8, 1], "tintindex": 0,"texture": "#1"},
				"down": {"uv": [0, 0, 8, 1], "tintindex": 0,"texture": "#1"}
			}
		},
		{
			"from": [5, 12, -8],
			"to": [6, 15, -7],
			"rotation": {"angle": 0, "axis": "y", "origin": [0, 3, -2]},
			"faces": {
				"north": {"uv": [0, 0, 1, 3], "tintindex": 0,"texture": "#2"},
				"east": {"uv": [0, 0, 1, 3], "tintindex": 0,"texture": "#2"},
				"south": {"uv": [0, 0, 1, 3], "tintindex": 0,"texture": "#2"},
				"west": {"uv": [0, 0, 1, 3], "tintindex": 0,"texture": "#2"},
				"up": {"uv": [0, 0, 1, 1], "tintindex": 0,"texture": "#2"},
				"down": {"uv": [0, 0, 1, 1], "tintindex": 0,"texture": "#2"}
			}
		},
		{
			"from": [10, 12, -8],
			"to": [11, 15, -7],
			"rotation": {"angle": 0, "axis": "y", "origin": [0, 3, -2]},
			"faces": {
				"north": {"uv": [0, 0, 1, 3], "tintindex": 0,"texture": "#2"},
				"east": {"uv": [0, 0, 1, 3], "tintindex": 0,"texture": "#2"},
				"south": {"uv": [0, 0, 1, 3], "tintindex": 0,"texture": "#2"},
				"west": {"uv": [0, 0, 1, 3], "tintindex": 0,"texture": "#2"},
				"up": {"uv": [0, 0, 1, 1], "tintindex": 0,"texture": "#2"},
				"down": {"uv": [0, 0, 1, 1], "tintindex": 0,"texture": "#2"}
			}
		},
		{
			"from": [4, 13, -9],
			"to": [5, 16, -8],
			"rotation": {"angle": 0, "axis": "y", "origin": [0, 2, -2]},
			"faces": {
				"north": {"uv": [0, 0, 1, 3], "tintindex": 0,"texture": "#1"},
				"east": {"uv": [0, 0, 1, 3], "tintindex": 0,"texture": "#1"},
				"south": {"uv": [0, 0, 1, 3], "tintindex": 0,"texture": "#1"},
				"west": {"uv": [0, 0, 1, 3], "tintindex": 0,"texture": "#1"},
				"up": {"uv": [0, 0, 1, 1], "tintindex": 0,"texture": "#1"},
				"down": {"uv": [0, 0, 1, 1], "tintindex": 0,"texture": "#1"}
			}
		},
		{
			"from": [11, 13, -9],
			"to": [12, 16, -8],
			"rotation": {"angle": 0, "axis": "y", "origin": [0, 2, -2]},
			"faces": {
				"north": {"uv": [0, 0, 1, 3], "tintindex": 0,"texture": "#1"},
				"east": {"uv": [0, 0, 1, 3], "tintindex": 0,"texture": "#1"},
				"south": {"uv": [0, 0, 1, 3], "tintindex": 0,"texture": "#1"},
				"west": {"uv": [0, 0, 1, 3], "tintindex": 0,"texture": "#1"},
				"up": {"uv": [0, 0, 1, 1], "tintindex": 0,"texture": "#1"},
				"down": {"uv": [0, 0, 1, 1], "tintindex": 0,"texture": "#1"}
			}
		},
		{
			"from": [4.5, 17, -7],
			"to": [11.5, 21, -3],
			"rotation": {"angle": 22.5, "axis": "x", "origin": [8.5, 19.5, -5]},
			"faces": {
				"north": {"uv": [4, 4, 11, 9], "tintindex": 0,"texture": "#3"},
				"east": {"uv": [5, 4, 9, 9], "tintindex": 0,"texture": "#3"},
				"south": {"uv": [5, 5, 12, 10], "tintindex": 0,"texture": "#3"},
				"west": {"uv": [4, 3, 8, 8], "tintindex": 0,"texture": "#3"},
				"up": {"uv": [3, 4, 10, 8], "tintindex": 0,"texture": "#3"},
				"down": {"uv": [4, 4, 11, 8], "tintindex": 0,"texture": "#3"}
			}
		},
		{
			"from": [7, 17, -9],
			"to": [9, 21, -7],
			"rotation": {"angle": -22.5, "axis": "x", "origin": [8, 19, -7.5]},
			"faces": {
				"north": {"uv": [0, 0, 2, 4], "tintindex": 0,"texture": "#1"},
				"east": {"uv": [0, 0, 2, 4], "tintindex": 0,"texture": "#1"},
				"south": {"uv": [0, 0, 2, 4], "tintindex": 0,"texture": "#1"},
				"west": {"uv": [0, 0, 2, 4], "tintindex": 0,"texture": "#1"},
				"up": {"uv": [0, 0, 2, 2], "tintindex": 0,"texture": "#1"},
				"down": {"uv": [0, 0, 2, 2], "tintindex": 0,"texture": "#1"}
			}
		},
		{
			"from": [7, 19, -7],
			"to": [9, 23, -5],
			"rotation": {"angle": -22.5, "axis": "x", "origin": [8, 19, -7.5]},
			"faces": {
				"north": {"uv": [0, 0, 2, 4], "tintindex": 0,"texture": "#1"},
				"east": {"uv": [0, 0, 2, 4], "tintindex": 0,"texture": "#1"},
				"south": {"uv": [0, 0, 2, 4], "tintindex": 0,"texture": "#1"},
				"west": {"uv": [0, 0, 2, 4], "tintindex": 0,"texture": "#1"},
				"up": {"uv": [0, 0, 2, 2], "tintindex": 0,"texture": "#1"},
				"down": {"uv": [0, 0, 2, 2], "tintindex": 0,"texture": "#1"}
			}
		},
		{
			"from": [7, 21, -5],
			"to": [9, 25, -3],
			"rotation": {"angle": -22.5, "axis": "x", "origin": [8, 19, -7.5]},
			"faces": {
				"north": {"uv": [0, 0, 2, 4], "tintindex": 0,"texture": "#1"},
				"east": {"uv": [0, 0, 2, 4], "tintindex": 0,"texture": "#1"},
				"south": {"uv": [0, 0, 2, 4], "tintindex": 0,"texture": "#1"},
				"west": {"uv": [0, 0, 2, 4], "tintindex": 0,"texture": "#1"},
				"up": {"uv": [0, 0, 2, 2], "tintindex": 0,"texture": "#1"},
				"down": {"uv": [0, 0, 2, 2], "tintindex": 0,"texture": "#1"}
			}
		},
		{
			"from": [5, 19, -9],
			"to": [8, 20, -7],
			"rotation": {"angle": -22.5, "axis": "z", "origin": [5.5, 19.5, -8]},
			"faces": {
				"north": {"uv": [0, 0, 3, 1], "tintindex": 0,"texture": "#1"},
				"east": {"uv": [0, 0, 2, 1], "tintindex": 0,"texture": "#1"},
				"south": {"uv": [0, 0, 3, 1], "tintindex": 0,"texture": "#1"},
				"west": {"uv": [0, 0, 2, 1], "tintindex": 0,"texture": "#1"},
				"up": {"uv": [0, 0, 3, 2], "tintindex": 0,"texture": "#1"},
				"down": {"uv": [0, 0, 3, 2], "tintindex": 0,"texture": "#1"}
			}
		},
		{
			"from": [8, 19, -9],
			"to": [11, 20, -7],
			"rotation": {"angle": 22.5, "axis": "z", "origin": [10.5, 19.5, -8]},
			"faces": {
				"north": {"uv": [3, 7, 6, 8], "tintindex": 0,"texture": "#1"},
				"east": {"uv": [0, 0, 2, 1], "tintindex": 0,"texture": "#1"},
				"south": {"uv": [0, 0, 3, 1], "tintindex": 0,"texture": "#1"},
				"west": {"uv": [0, 0, 2, 1], "tintindex": 0,"texture": "#1"},
				"up": {"uv": [0, 0, 3, 2], "tintindex": 0,"texture": "#1"},
				"down": {"uv": [0, 0, 3, 2], "tintindex": 0,"texture": "#1"}
			}
		},
		{
			"from": [4, 21.25, -7],
			"to": [8, 22.25, -5],
			"rotation": {"angle": -22.5, "axis": "z", "origin": [5.5, 21.75, -6]},
			"faces": {
				"north": {"uv": [4, 5, 8, 6], "tintindex": 0,"texture": "#1"},
				"east": {"uv": [0, 0, 2, 1], "tintindex": 0,"texture": "#1"},
				"south": {"uv": [0, 0, 4, 1], "tintindex": 0,"texture": "#1"},
				"west": {"uv": [0, 0, 2, 1], "tintindex": 0,"texture": "#1"},
				"up": {"uv": [0, 0, 4, 2], "tintindex": 0,"texture": "#1"},
				"down": {"uv": [0, 0, 4, 2], "tintindex": 0,"texture": "#1"}
			}
		},
		{
			"from": [8, 21.25, -7],
			"to": [12, 22.25, 0],
			"rotation": {"angle": 22.5, "axis": "z", "origin": [10.5, 21.75, -6]},
			"faces": {
				"north": {"uv": [2, 3, 6, 4], "tintindex": 0,"texture": "#1"},
				"east": {"uv": [0, 0, 7, 1], "tintindex": 0,"texture": "#1"},
				"south": {"uv": [0, 0, 4, 1], "tintindex": 0,"texture": "#1"},
				"west": {"uv": [0, 0, 7, 1], "tintindex": 0,"texture": "#1"},
				"up": {"uv": [0, 0, 4, 7], "tintindex": 0,"texture": "#1"},
				"down": {"uv": [0, 0, 4, 7], "tintindex": 0,"texture": "#1"}
			}
		},
		{
			"from": [0, 17, -8],
			"to": [3, 23, -5],
			"rotation": {"angle": 45, "axis": "z", "origin": [3.5, 20, -6.5]},
			"faces": {
				"north": {"uv": [0, 0, 3, 6], "tintindex": 0,"texture": "#1"},
				"east": {"uv": [0, 0, 3, 6], "tintindex": 0,"texture": "#1"},
				"south": {"uv": [0, 0, 3, 6], "tintindex": 0,"texture": "#1"},
				"west": {"uv": [0, 0, 3, 6], "tintindex": 0,"texture": "#1"},
				"up": {"uv": [0, 0, 3, 3], "tintindex": 0,"texture": "#1"},
				"down": {"uv": [0, 0, 3, 3], "tintindex": 0,"texture": "#1"}
			}
		},
		{
			"from": [-1.09619, 18.84406, -6.96613],
			"to": [1.90381, 24.84406, -3.96613],
			"rotation": {"angle": 22.5, "axis": "x", "origin": [0.40381, 21.84406, -5.46613]},
			"faces": {
				"north": {"uv": [0, 0, 3, 6], "tintindex": 0,"texture": "#1"},
				"east": {"uv": [0, 0, 3, 6], "tintindex": 0,"texture": "#1"},
				"south": {"uv": [0, 0, 3, 6], "tintindex": 0,"texture": "#1"},
				"west": {"uv": [0, 0, 3, 6], "tintindex": 0,"texture": "#1"},
				"up": {"uv": [0, 0, 3, 3], "tintindex": 0,"texture": "#1"},
				"down": {"uv": [0, 0, 3, 3], "tintindex": 0,"texture": "#1"}
			}
		},
		{
			"from": [14.09619, 18.84406, -6.96613],
			"to": [17.09619, 24.84406, -3.96613],
			"rotation": {"angle": 22.5, "axis": "x", "origin": [-0.40381, 21.84406, -5.46613]},
			"faces": {
				"north": {"uv": [0, 0, 3, 6], "tintindex": 0,"texture": "#1"},
				"east": {"uv": [0, 0, 3, 6], "tintindex": 0,"texture": "#1"},
				"south": {"uv": [0, 0, 3, 6], "tintindex": 0,"texture": "#1"},
				"west": {"uv": [0, 0, 3, 6], "tintindex": 0,"texture": "#1"},
				"up": {"uv": [0, 0, 3, 3], "tintindex": 0,"texture": "#1"},
				"down": {"uv": [0, 0, 3, 3], "tintindex": 0,"texture": "#1"}
			}
		},
		{
			"from": [13, 17, -8],
			"to": [16, 23, -5],
			"rotation": {"angle": -45, "axis": "z", "origin": [12.5, 20, -6.5]},
			"faces": {
				"north": {"uv": [0, 0, 3, 6], "tintindex": 0,"texture": "#1"},
				"east": {"uv": [0, 0, 3, 6], "tintindex": 0,"texture": "#1"},
				"south": {"uv": [0, 0, 3, 6], "tintindex": 0,"texture": "#1"},
				"west": {"uv": [0, 0, 3, 6], "tintindex": 0,"texture": "#1"},
				"up": {"uv": [0, 0, 3, 3], "tintindex": 0,"texture": "#1"},
				"down": {"uv": [0, 0, 3, 3], "tintindex": 0,"texture": "#1"}
			}
		},
		{
			"from": [2, 22, -3],
			"to": [5, 28, 0],
			"rotation": {"angle": 45, "axis": "z", "origin": [5.5, 25, -1.5]},
			"faces": {
				"north": {"uv": [0, 0, 3, 6], "tintindex": 0,"texture": "#1"},
				"east": {"uv": [0, 0, 3, 6], "tintindex": 0,"texture": "#1"},
				"south": {"uv": [0, 0, 3, 6], "tintindex": 0,"texture": "#1"},
				"west": {"uv": [0, 0, 3, 6], "tintindex": 0,"texture": "#1"},
				"up": {"uv": [0, 0, 3, 3], "tintindex": 0,"texture": "#1"},
				"down": {"uv": [0, 0, 3, 3], "tintindex": 0,"texture": "#1"}
			}
		},
		{
			"from": [0.90381, 22.70711, -1.31802],
			"to": [3.90381, 28.70711, 1.68198],
			"rotation": {"angle": 45, "axis": "x", "origin": [2.40381, 25.70711, 0.18198]},
			"faces": {
				"north": {"uv": [0, 0, 3, 6], "tintindex": 0,"texture": "#1"},
				"east": {"uv": [0, 0, 3, 6], "tintindex": 0,"texture": "#1"},
				"south": {"uv": [0, 0, 3, 6], "tintindex": 0,"texture": "#1"},
				"west": {"uv": [0, 0, 3, 6], "tintindex": 0,"texture": "#1"},
				"up": {"uv": [0, 0, 3, 3], "tintindex": 0,"texture": "#1"},
				"down": {"uv": [0, 0, 3, 3], "tintindex": 0,"texture": "#1"}
			}
		},
		{
			"from": [12.09619, 22.70711, -1.31802],
			"to": [15.09619, 28.70711, 1.68198],
			"rotation": {"angle": 45, "axis": "x", "origin": [-2.40381, 25.70711, 0.18198]},
			"faces": {
				"north": {"uv": [0, 0, 3, 6], "tintindex": 0,"texture": "#1"},
				"east": {"uv": [0, 0, 3, 6], "tintindex": 0,"texture": "#1"},
				"south": {"uv": [0, 0, 3, 6], "tintindex": 0,"texture": "#1"},
				"west": {"uv": [0, 0, 3, 6], "tintindex": 0,"texture": "#1"},
				"up": {"uv": [0, 0, 3, 3], "tintindex": 0,"texture": "#1"},
				"down": {"uv": [0, 0, 3, 3], "tintindex": 0,"texture": "#1"}
			}
		},
		{
			"from": [11, 22, -3],
			"to": [14, 28, 0],
			"rotation": {"angle": -45, "axis": "z", "origin": [10.5, 25, -1.5]},
			"faces": {
				"north": {"uv": [0, 0, 3, 6], "tintindex": 0,"texture": "#1"},
				"east": {"uv": [0, 0, 3, 6], "tintindex": 0,"texture": "#1"},
				"south": {"uv": [0, 0, 3, 6], "tintindex": 0,"texture": "#1"},
				"west": {"uv": [0, 0, 3, 6], "tintindex": 0,"texture": "#1"},
				"up": {"uv": [0, 0, 3, 3], "tintindex": 0,"texture": "#1"},
				"down": {"uv": [0, 0, 3, 3], "tintindex": 0,"texture": "#1"}
			}
		},
		{
			"from": [3, 16.75, -8],
			"to": [5, 23.75, -1],
			"rotation": {"angle": 22.5, "axis": "x", "origin": [4, 19.5, -7]},
			"faces": {
				"north": {"uv": [0, 0, 2, 7], "tintindex": 0,"texture": "#1"},
				"east": {"uv": [0, 0, 7, 7], "tintindex": 0,"texture": "#1"},
				"south": {"uv": [0, 0, 2, 7], "tintindex": 0,"texture": "#1"},
				"west": {"uv": [0, 0, 7, 7], "tintindex": 0,"texture": "#1"},
				"up": {"uv": [0, 0, 2, 7], "tintindex": 0,"texture": "#1"},
				"down": {"uv": [0, 0, 2, 7], "tintindex": 0,"texture": "#1"}
			}
		},
		{
			"from": [11, 16.75, -8],
			"to": [13, 23.75, -1],
			"rotation": {"angle": 22.5, "axis": "x", "origin": [4, 19.5, -7]},
			"faces": {
				"north": {"uv": [0, 0, 2, 7], "tintindex": 0,"texture": "#1"},
				"east": {"uv": [0, 0, 7, 7], "tintindex": 0,"texture": "#1"},
				"south": {"uv": [0, 0, 2, 7], "tintindex": 0,"texture": "#1"},
				"west": {"uv": [0, 0, 7, 7], "tintindex": 0,"texture": "#1"},
				"up": {"uv": [0, 0, 2, 7], "tintindex": 0,"texture": "#1"},
				"down": {"uv": [0, 0, 2, 7], "tintindex": 0,"texture": "#1"}
			}
		},
		{
			"from": [4, 17, -5],
			"to": [12, 25, 4],
			"rotation": {"angle": 22.5, "axis": "x", "origin": [4, 19.5, -7]},
			"faces": {
				"north": {"uv": [0, 0, 8, 8], "tintindex": 0,"texture": "#1"},
				"east": {"uv": [0, 0, 9, 8], "tintindex": 0,"texture": "#1"},
				"south": {"uv": [0, 0, 8, 8], "tintindex": 0,"texture": "#1"},
				"west": {"uv": [0, 0, 9, 8], "tintindex": 0,"texture": "#1"},
				"up": {"uv": [0, 0, 8, 9], "tintindex": 0,"texture": "#1"},
				"down": {"uv": [0, 0, 8, 9], "tintindex": 0,"texture": "#1"}
			}
		},
		{
			"from": [5, 19, -5.25],
			"to": [11, 24, 0.75],
			"rotation": {"angle": 22.5, "axis": "x", "origin": [8, 23, -4]},
			"faces": {
				"north": {"uv": [0, 0, 6, 5], "tintindex": 0,"texture": "#1"},
				"east": {"uv": [0, 0, 6, 5], "tintindex": 0,"texture": "#1"},
				"south": {"uv": [0, 0, 6, 5], "tintindex": 0,"texture": "#1"},
				"west": {"uv": [0, 0, 6, 5], "tintindex": 0,"texture": "#1"},
				"up": {"uv": [0, 0, 6, 6], "tintindex": 0,"texture": "#1"},
				"down": {"uv": [0, 0, 6, 6], "tintindex": 0,"texture": "#1"}
			}
		},
		{
			"from": [5.5, 20.75788, -2.17964],
			"to": [10.5, 28.75788, 3.82036],
			"rotation": {"angle": 45, "axis": "x", "origin": [7.5, 25.50788, 0.82036]},
			"faces": {
				"north": {"uv": [0, 0, 5, 8], "tintindex": 0,"texture": "#1"},
				"east": {"uv": [0, 0, 6, 8], "tintindex": 0,"texture": "#1"},
				"south": {"uv": [0, 0, 5, 8], "tintindex": 0,"texture": "#1"},
				"west": {"uv": [0, 0, 6, 8], "tintindex": 0,"texture": "#1"},
				"up": {"uv": [0, 0, 5, 6], "tintindex": 0,"texture": "#1"},
				"down": {"uv": [0, 0, 5, 6], "tintindex": 0,"texture": "#1"}
			}
		},
		{
			"from": [4.5, 11, -8.1],
			"to": [11.5, 13, -4.1],
			"faces": {
				"north": {"uv": [0, 0, 7, 2], "tintindex": 0,"texture": "#1"},
				"east": {"uv": [0, 0, 4, 2], "tintindex": 0,"texture": "#1"},
				"south": {"uv": [0, 0, 7, 2], "tintindex": 0,"texture": "#1"},
				"west": {"uv": [0, 0, 4, 2], "tintindex": 0,"texture": "#1"},
				"up": {"uv": [0, 0, 7, 4], "tintindex": 0,"texture": "#1"},
				"down": {"uv": [0, 0, 7, 4], "tintindex": 0,"texture": "#1"}
			}
		},
		{
			"from": [4.25, 11.68925, -4.53492],
			"to": [11.75, 13.68925, 1.46508],
			"rotation": {"angle": -22.5, "axis": "x", "origin": [8, 12.68925, -2.53492]},
			"faces": {
				"north": {"uv": [0, 0, 7.5, 2], "rotation": 180, "tintindex": 0,"texture": "#1"},
				"east": {"uv": [0, 0, 6, 2], "rotation": 180, "tintindex": 0,"texture": "#1"},
				"south": {"uv": [0, 0, 7.5, 2], "rotation": 180, "tintindex": 0,"texture": "#1"},
				"west": {"uv": [0, 0, 6, 2], "rotation": 180, "tintindex": 0,"texture": "#1"},
				"up": {"uv": [0, 0, 7.5, 6], "tintindex": 0,"texture": "#1"},
				"down": {"uv": [0, 0, 7.5, 6], "tintindex": 0,"texture": "#1"}
			}
		}
	],
	"display": {
		"head": {
			"translation": [0, -29.5, -1],
			"scale": [4, 4, 4]
		}
	}
}