{
	"credit": "Made with Blockbench",
	"textures": {
		"0": "block/gold_block",
		"1": "block/raw_gold_block",
		"2": "block/glowstone",
		"3": "block/redstone_block",
		"7": "block/crying_obsidian",
		"particle": "block/gold_block"
	},
	"elements": [
		{
			"from": [5, 20, 3],
			"to": [6, 23, 4],
			"rotation": {"angle": 0, "axis": "y", "origin": [7.5, 21.5, 3.5]},
			"faces": {
				"north": {"uv": [5, 6, 8, 9], "tintindex": 0,"texture": "#2"},
				"east": {"uv": [0, 0, 1, 3], "tintindex": 0,"texture": "#2"},
				"south": {"uv": [5, 3, 8, 6], "tintindex": 0,"texture": "#2"},
				"west": {"uv": [0, 0, 1, 3], "tintindex": 0,"texture": "#2"},
				"up": {"uv": [0, 0, 3, 1], "tintindex": 0,"texture": "#2"},
				"down": {"uv": [0, 0, 3, 1], "tintindex": 0,"texture": "#2"}
			}
		},
		{
			"from": [2.79289, 20, 3.91421],
			"to": [5.79289, 24, 4.91421],
			"rotation": {"angle": 45, "axis": "y", "origin": [4.29289, 22, 4.41421]},
			"faces": {
				"north": {"uv": [5, 6, 8, 9], "tintindex": 0,"texture": "#2"},
				"east": {"uv": [0, 0, 1, 3], "tintindex": 0,"texture": "#2"},
				"south": {"uv": [5, 3, 8, 6], "tintindex": 0,"texture": "#2"},
				"west": {"uv": [0, 0, 1, 3], "tintindex": 0,"texture": "#2"},
				"up": {"uv": [0, 0, 3, 1], "tintindex": 0,"texture": "#2"},
				"down": {"uv": [0, 0, 3, 1], "tintindex": 0,"texture": "#2"}
			}
		},
		{
			"from": [2.87868, 20.1, 5.12132],
			"to": [3.87868, 24.1, 12.12132],
			"rotation": {"angle": 0, "axis": "y", "origin": [3.37868, 22, 4.62132]},
			"faces": {
				"north": {"uv": [0, 0, 1, 3], "tintindex": 0,"texture": "#2"},
				"east": {"uv": [5, 3, 8, 6], "tintindex": 0,"texture": "#2"},
				"south": {"uv": [0, 0, 1, 3], "tintindex": 0,"texture": "#2"},
				"west": {"uv": [5, 6, 8, 9], "tintindex": 0,"texture": "#2"},
				"up": {"uv": [0, 0, 3, 1], "rotation": 270, "tintindex": 0,"texture": "#2"},
				"down": {"uv": [0, 0, 3, 1], "rotation": 90, "tintindex": 0,"texture": "#2"}
			}
		},
		{
			"from": [3.79289, 20, 11.32843],
			"to": [4.79289, 24, 14.32843],
			"rotation": {"angle": 45, "axis": "y", "origin": [4.29289, 22, 12.82843]},
			"faces": {
				"north": {"uv": [0, 0, 1, 3], "tintindex": 0,"texture": "#2"},
				"east": {"uv": [5, 3, 8, 6], "tintindex": 0,"texture": "#2"},
				"south": {"uv": [0, 0, 1, 3], "tintindex": 0,"texture": "#2"},
				"west": {"uv": [5, 6, 8, 9], "tintindex": 0,"texture": "#2"},
				"up": {"uv": [0, 0, 3, 1], "rotation": 270, "tintindex": 0,"texture": "#2"},
				"down": {"uv": [0, 0, 3, 1], "rotation": 90, "tintindex": 0,"texture": "#2"}
			}
		},
		{
			"from": [10.20711, 20, 12.32843],
			"to": [13.20711, 24, 13.32843],
			"rotation": {"angle": 45, "axis": "y", "origin": [11.70711, 22, 12.82843]},
			"faces": {
				"north": {"uv": [5, 3, 8, 6], "tintindex": 0,"texture": "#2"},
				"east": {"uv": [0, 0, 1, 3], "tintindex": 0,"texture": "#2"},
				"south": {"uv": [5, 6, 8, 9], "tintindex": 0,"texture": "#2"},
				"west": {"uv": [0, 0, 1, 3], "tintindex": 0,"texture": "#2"},
				"up": {"uv": [0, 0, 3, 1], "rotation": 180, "tintindex": 0,"texture": "#2"},
				"down": {"uv": [0, 0, 3, 1], "rotation": 180, "tintindex": 0,"texture": "#2"}
			}
		},
		{
			"from": [12.12132, 20.1, 5.12132],
			"to": [13.12132, 24.1, 12.12132],
			"rotation": {"angle": 0, "axis": "y", "origin": [5.62132, 22, 4.62132]},
			"faces": {
				"north": {"uv": [0, 0, 1, 3], "tintindex": 0,"texture": "#2"},
				"east": {"uv": [5, 3, 8, 6], "tintindex": 0,"texture": "#2"},
				"south": {"uv": [0, 0, 1, 3], "tintindex": 0,"texture": "#2"},
				"west": {"uv": [5, 6, 8, 9], "tintindex": 0,"texture": "#2"},
				"up": {"uv": [0, 0, 3, 1], "rotation": 270, "tintindex": 0,"texture": "#2"},
				"down": {"uv": [0, 0, 3, 1], "rotation": 90, "tintindex": 0,"texture": "#2"}
			}
		},
		{
			"from": [11.20711, 20, 2.91421],
			"to": [12.20711, 24, 5.91421],
			"rotation": {"angle": 45, "axis": "y", "origin": [11.70711, 22, 4.41421]},
			"faces": {
				"north": {"uv": [0, 0, 1, 3], "tintindex": 0,"texture": "#2"},
				"east": {"uv": [5, 3, 8, 6], "tintindex": 0,"texture": "#2"},
				"south": {"uv": [0, 0, 1, 3], "tintindex": 0,"texture": "#2"},
				"west": {"uv": [5, 6, 8, 9], "tintindex": 0,"texture": "#2"},
				"up": {"uv": [0, 0, 3, 1], "rotation": 270, "tintindex": 0,"texture": "#2"},
				"down": {"uv": [0, 0, 3, 1], "rotation": 90, "tintindex": 0,"texture": "#2"}
			}
		},
		{
			"from": [10, 20, 3],
			"to": [11, 23, 4],
			"rotation": {"angle": 0, "axis": "y", "origin": [5.5, 20.5, 3.5]},
			"faces": {
				"north": {"uv": [5, 6, 8, 9], "tintindex": 0,"texture": "#2"},
				"east": {"uv": [0, 0, 1, 3], "tintindex": 0,"texture": "#2"},
				"south": {"uv": [5, 3, 8, 6], "tintindex": 0,"texture": "#2"},
				"west": {"uv": [0, 0, 1, 3], "tintindex": 0,"texture": "#2"},
				"up": {"uv": [0, 0, 3, 1], "tintindex": 0,"texture": "#2"},
				"down": {"uv": [0, 0, 3, 1], "tintindex": 0,"texture": "#2"}
			}
		},
		{
			"from": [5, 20, 13.24264],
			"to": [11, 24, 14.24264],
			"rotation": {"angle": 0, "axis": "y", "origin": [1.5, 21.5, 5.74264]},
			"faces": {
				"north": {"uv": [5, 6, 8, 9], "tintindex": 0,"texture": "#2"},
				"east": {"uv": [0, 0, 1, 3], "tintindex": 0,"texture": "#2"},
				"south": {"uv": [5, 3, 8, 6], "tintindex": 0,"texture": "#2"},
				"west": {"uv": [0, 0, 1, 3], "tintindex": 0,"texture": "#2"},
				"up": {"uv": [0, 0, 3, 1], "tintindex": 0,"texture": "#2"},
				"down": {"uv": [0, 0, 3, 1], "tintindex": 0,"texture": "#2"}
			}
		},
		{
			"from": [5, 20.5, 5],
			"to": [11, 21.5, 6],
			"rotation": {"angle": 0, "axis": "y", "origin": [0, 20.5, 3]},
			"faces": {
				"north": {"uv": [0, 0, 6, 1], "tintindex": 0,"texture": "#1"},
				"east": {"uv": [0, 0, 1, 1], "tintindex": 0,"texture": "#1"},
				"south": {"uv": [0, 0, 6, 1], "tintindex": 0,"texture": "#1"},
				"west": {"uv": [0, 0, 1, 1], "tintindex": 0,"texture": "#1"},
				"up": {"uv": [0, 0, 6, 1], "tintindex": 0,"texture": "#1"},
				"down": {"uv": [0, 0, 6, 1], "tintindex": 0,"texture": "#1"}
			}
		},
		{
			"from": [3, 15.5, 5.5],
			"to": [13, 22.5, 13.5],
			"rotation": {"angle": 0, "axis": "y", "origin": [9, 3.5, 6]},
			"faces": {
				"north": {"uv": [0, 0, 10, 7], "tintindex": 0,"texture": "#1"},
				"east": {"uv": [0, 0, 8, 7], "tintindex": 0,"texture": "#1"},
				"south": {"uv": [0, 0, 10, 7], "tintindex": 0,"texture": "#1"},
				"west": {"uv": [0, 0, 8, 7], "tintindex": 0,"texture": "#1"},
				"up": {"uv": [0, 0, 10, 8], "tintindex": 0,"texture": "#1"},
				"down": {"uv": [0, 0, 10, 8], "tintindex": 0,"texture": "#1"}
			}
		},
		{
			"from": [2.5, 7, 6.5],
			"to": [5.5, 15, 10.5],
			"rotation": {"angle": 45, "axis": "y", "origin": [4, 11, 6]},
			"faces": {
				"north": {"uv": [0, 0, 3, 8], "tintindex": 0,"texture": "#2"},
				"east": {"uv": [0, 0, 4, 8], "tintindex": 0,"texture": "#2"},
				"south": {"uv": [0, 0, 3, 8], "tintindex": 0,"texture": "#2"},
				"west": {"uv": [0, 0, 4, 8], "tintindex": 0,"texture": "#2"},
				"up": {"uv": [0, 0, 3, 4], "tintindex": 0,"texture": "#2"},
				"down": {"uv": [0, 0, 3, 4], "tintindex": 0,"texture": "#2"}
			}
		},
		{
			"from": [7.75, 7, 4],
			"to": [11.75, 15, 7],
			"rotation": {"angle": 45, "axis": "y", "origin": [12, 11, 6]},
			"faces": {
				"north": {"uv": [0, 0, 4, 8], "tintindex": 0,"texture": "#2"},
				"east": {"uv": [0, 0, 3, 8], "tintindex": 0,"texture": "#2"},
				"south": {"uv": [0, 0, 4, 8], "tintindex": 0,"texture": "#2"},
				"west": {"uv": [0, 0, 3, 8], "tintindex": 0,"texture": "#2"},
				"up": {"uv": [0, 0, 4, 3], "tintindex": 0,"texture": "#2"},
				"down": {"uv": [0, 0, 4, 3], "tintindex": 0,"texture": "#2"}
			}
		},
		{
			"from": [4, 7.1, 8],
			"to": [12, 16.1, 12],
			"rotation": {"angle": 0, "axis": "y", "origin": [0, 0, 3]},
			"faces": {
				"north": {"uv": [3, 3, 11, 12], "tintindex": 0,"texture": "#2"},
				"east": {"uv": [4, 4, 8, 13], "tintindex": 0,"texture": "#2"},
				"south": {"uv": [4, 3, 12, 12], "tintindex": 0,"texture": "#2"},
				"west": {"uv": [4, 4, 8, 13], "tintindex": 0,"texture": "#2"},
				"up": {"uv": [6, 5, 14, 9], "tintindex": 0,"texture": "#2"},
				"down": {"uv": [3, 3, 11, 7], "tintindex": 0,"texture": "#2"}
			}
		},
		{
			"from": [6, 23, 8],
			"to": [10, 27, 12],
			"rotation": {"angle": 0, "axis": "y", "origin": [0, 14, 0]},
			"faces": {
				"north": {"uv": [6, 6, 10, 10], "tintindex": 0,"texture": "#0"},
				"east": {"uv": [6, 3, 10, 7], "tintindex": 0,"texture": "#0"},
				"south": {"uv": [8, 5, 12, 9], "tintindex": 0,"texture": "#0"},
				"west": {"uv": [4, 4, 8, 8], "tintindex": 0,"texture": "#0"},
				"up": {"uv": [6, 7, 10, 11], "tintindex": 0,"texture": "#0"},
				"down": {"uv": [5, 5, 9, 9], "tintindex": 0,"texture": "#0"}
			}
		},
		{
			"from": [-14, 18, 4],
			"to": [2, 24, 12],
			"rotation": {"angle": 0, "axis": "y", "origin": [-6, 21, 8.5]},
			"faces": {
				"north": {"uv": [0, 3, 16, 9], "tintindex": 0,"texture": "#0"},
				"east": {"uv": [5, 3, 12, 9], "tintindex": 0,"texture": "#0"},
				"south": {"uv": [0, 4, 16, 10], "tintindex": 0,"texture": "#0"},
				"west": {"uv": [5, 3, 12, 9], "tintindex": 0,"texture": "#0"},
				"up": {"uv": [0, 4, 16, 11], "tintindex": 0,"texture": "#0"},
				"down": {"uv": [0, 3, 16, 10], "tintindex": 0,"texture": "#0"}
			}
		},
		{
			"from": [-13, 23, 4.5],
			"to": [3, 29, 11.5],
			"rotation": {"angle": -22.5, "axis": "z", "origin": [-6, 24, 8]},
			"faces": {
				"north": {"uv": [0, 3, 16, 9], "tintindex": 0,"texture": "#0"},
				"east": {"uv": [5, 3, 12, 9], "tintindex": 0,"texture": "#0"},
				"south": {"uv": [0, 4, 16, 10], "tintindex": 0,"texture": "#0"},
				"west": {"uv": [5, 3, 12, 9], "tintindex": 0,"texture": "#0"},
				"up": {"uv": [0, 4, 16, 11], "tintindex": 0,"texture": "#0"},
				"down": {"uv": [0, 3, 16, 10], "tintindex": 0,"texture": "#0"}
			}
		},
		{
			"from": [13, 23, 4.5],
			"to": [29, 29, 11.5],
			"rotation": {"angle": 22.5, "axis": "z", "origin": [22, 24, 8]},
			"faces": {
				"north": {"uv": [0, 3, 16, 9], "tintindex": 0,"texture": "#0"},
				"east": {"uv": [5, 3, 12, 9], "tintindex": 0,"texture": "#0"},
				"south": {"uv": [0, 4, 16, 10], "tintindex": 0,"texture": "#0"},
				"west": {"uv": [5, 3, 12, 9], "tintindex": 0,"texture": "#0"},
				"up": {"uv": [0, 4, 16, 11], "tintindex": 0,"texture": "#0"},
				"down": {"uv": [0, 3, 16, 10], "tintindex": 0,"texture": "#0"}
			}
		},
		{
			"from": [14, 18, 4],
			"to": [30, 24, 12],
			"rotation": {"angle": 0, "axis": "y", "origin": [-6, 21, 8.5]},
			"faces": {
				"north": {"uv": [0, 3, 16, 9], "tintindex": 0,"texture": "#0"},
				"east": {"uv": [5, 3, 12, 9], "tintindex": 0,"texture": "#0"},
				"south": {"uv": [0, 4, 16, 10], "tintindex": 0,"texture": "#0"},
				"west": {"uv": [5, 3, 12, 9], "tintindex": 0,"texture": "#0"},
				"up": {"uv": [0, 4, 16, 11], "tintindex": 0,"texture": "#0"},
				"down": {"uv": [0, 3, 16, 10], "tintindex": 0,"texture": "#0"}
			}
		},
		{
			"from": [-3, 12, -2],
			"to": [8, 21.00001, 7],
			"rotation": {"angle": 45, "axis": "y", "origin": [3.5, 16.5, 1.5]},
			"faces": {
				"north": {"uv": [3, 4, 12, 13], "tintindex": 0,"texture": "#0"},
				"east": {"uv": [3, 4, 12, 13], "tintindex": 0,"texture": "#0"},
				"south": {"uv": [3, 4, 12, 13], "tintindex": 0,"texture": "#0"},
				"west": {"uv": [3, 5, 12, 14], "tintindex": 0,"texture": "#0"},
				"up": {"uv": [3, 5, 12, 14], "tintindex": 0,"texture": "#0"},
				"down": {"uv": [3, 4, 12, 13], "tintindex": 0,"texture": "#0"}
			}
		},
		{
			"from": [7, 12, -3],
			"to": [16, 21, 8],
			"rotation": {"angle": 45, "axis": "y", "origin": [12.5, 16.5, 1.5]},
			"faces": {
				"north": {"uv": [3, 4, 12, 13], "tintindex": 0,"texture": "#0"},
				"east": {"uv": [3, 4, 12, 13], "tintindex": 0,"texture": "#0"},
				"south": {"uv": [3, 4, 12, 13], "tintindex": 0,"texture": "#0"},
				"west": {"uv": [3, 5, 12, 14], "tintindex": 0,"texture": "#0"},
				"up": {"uv": [3, 5, 12, 14], "tintindex": 0,"texture": "#0"},
				"down": {"uv": [3, 4, 12, 13], "tintindex": 0,"texture": "#0"}
			}
		},
		{
			"from": [3, -2, 1],
			"to": [13, 13, 11],
			"rotation": {"angle": 0, "axis": "y", "origin": [0, 10, 0]},
			"faces": {
				"north": {"uv": [0, 0, 10, 15], "tintindex": 0,"texture": "#2"},
				"east": {"uv": [0, 0, 10, 15], "tintindex": 0,"texture": "#2"},
				"south": {"uv": [0, 0, 10, 15], "tintindex": 0,"texture": "#2"},
				"west": {"uv": [0, 0, 10, 15], "tintindex": 0,"texture": "#2"},
				"up": {"uv": [0, 0, 10, 10], "tintindex": 0,"texture": "#2"},
				"down": {"uv": [0, 0, 10, 10], "tintindex": 0,"texture": "#2"}
			}
		},
		{
			"from": [3, 9, -1],
			"to": [13, 12, 2],
			"rotation": {"angle": 45, "axis": "x", "origin": [8, 10.5, 0.5]},
			"faces": {
				"north": {"uv": [2, 6, 12, 9], "tintindex": 0,"texture": "#0"},
				"east": {"uv": [3, 3, 6, 6], "tintindex": 0,"texture": "#0"},
				"south": {"uv": [3, 6, 13, 9], "tintindex": 0,"texture": "#0"},
				"west": {"uv": [5, 4, 8, 7], "tintindex": 0,"texture": "#0"},
				"up": {"uv": [2, 5, 12, 8], "tintindex": 0,"texture": "#0"},
				"down": {"uv": [1, 4, 11, 7], "tintindex": 0,"texture": "#0"}
			}
		},
		{
			"from": [3, 6, -0.75],
			"to": [13, 9, 2.25],
			"rotation": {"angle": 45, "axis": "x", "origin": [8, 7.5, 0.75]},
			"faces": {
				"north": {"uv": [2, 6, 12, 9], "tintindex": 0,"texture": "#0"},
				"east": {"uv": [3, 3, 6, 6], "tintindex": 0,"texture": "#0"},
				"south": {"uv": [3, 6, 13, 9], "tintindex": 0,"texture": "#0"},
				"west": {"uv": [5, 4, 8, 7], "tintindex": 0,"texture": "#0"},
				"up": {"uv": [2, 5, 12, 8], "tintindex": 0,"texture": "#0"},
				"down": {"uv": [1, 4, 11, 7], "tintindex": 0,"texture": "#0"}
			}
		},
		{
			"from": [3, 3, -0.25],
			"to": [13, 6, 2.75],
			"rotation": {"angle": 45, "axis": "x", "origin": [8, 4.5, 1.25]},
			"faces": {
				"north": {"uv": [2, 6, 12, 9], "tintindex": 0,"texture": "#0"},
				"east": {"uv": [3, 3, 6, 6], "tintindex": 0,"texture": "#0"},
				"south": {"uv": [3, 6, 13, 9], "tintindex": 0,"texture": "#0"},
				"west": {"uv": [5, 4, 8, 7], "tintindex": 0,"texture": "#0"},
				"up": {"uv": [2, 5, 12, 8], "tintindex": 0,"texture": "#0"},
				"down": {"uv": [1, 4, 11, 7], "tintindex": 0,"texture": "#0"}
			}
		},
		{
			"from": [3, 0.5, 2.25],
			"to": [13, 3.5, 5.25],
			"rotation": {"angle": 45, "axis": "x", "origin": [8, 4.5, 1.25]},
			"faces": {
				"north": {"uv": [2, 6, 12, 9], "tintindex": 0,"texture": "#0"},
				"east": {"uv": [3, 3, 6, 6], "tintindex": 0,"texture": "#0"},
				"south": {"uv": [3, 6, 13, 9], "tintindex": 0,"texture": "#0"},
				"west": {"uv": [5, 4, 8, 7], "tintindex": 0,"texture": "#0"},
				"up": {"uv": [2, 5, 12, 8], "tintindex": 0,"texture": "#0"},
				"down": {"uv": [1, 4, 11, 7], "tintindex": 0,"texture": "#0"}
			}
		},
		{
			"from": [1.14805, -2, 0.77164],
			"to": [4.14805, 12, 6.77164],
			"rotation": {"angle": 22.5, "axis": "y", "origin": [4.14805, 5, 3.77164]},
			"faces": {
				"north": {"uv": [0, 0, 3, 14], "tintindex": 0,"texture": "#1"},
				"east": {"uv": [0, 0, 6, 14], "tintindex": 0,"texture": "#1"},
				"south": {"uv": [0, 0, 3, 14], "tintindex": 0,"texture": "#1"},
				"west": {"uv": [0, 0, 6, 14], "tintindex": 0,"texture": "#1"},
				"up": {"uv": [0, 0, 3, 6], "tintindex": 0,"texture": "#1"},
				"down": {"uv": [0, 0, 3, 6], "tintindex": 0,"texture": "#1"}
			}
		},
		{
			"from": [11.73777, -2, 1.34566],
			"to": [14.73777, 12, 7.34566],
			"rotation": {"angle": -22.5, "axis": "y", "origin": [13.23777, 5, 4.34566]},
			"faces": {
				"north": {"uv": [0, 0, 3, 14], "tintindex": 0,"texture": "#1"},
				"east": {"uv": [0, 0, 6, 14], "tintindex": 0,"texture": "#1"},
				"south": {"uv": [0, 0, 3, 14], "tintindex": 0,"texture": "#1"},
				"west": {"uv": [0, 0, 6, 14], "tintindex": 0,"texture": "#1"},
				"up": {"uv": [0, 0, 3, 6], "tintindex": 0,"texture": "#1"},
				"down": {"uv": [0, 0, 3, 6], "tintindex": 0,"texture": "#1"}
			}
		},
		{
			"from": [5, 14, -4],
			"to": [11, 20, -3],
			"rotation": {"angle": 0, "axis": "y", "origin": [0, 10, 0]},
			"faces": {
				"north": {"uv": [4, 3, 12, 11], "tintindex": 0,"texture": "#3"},
				"east": {"uv": [0, 0, 1, 8], "tintindex": 0,"texture": "#3"},
				"south": {"uv": [0, 0, 8, 8], "tintindex": 0,"texture": "#3"},
				"west": {"uv": [0, 0, 1, 8], "tintindex": 0,"texture": "#3"},
				"up": {"uv": [0, 0, 8, 1], "tintindex": 0,"texture": "#3"},
				"down": {"uv": [0, 0, 8, 1], "tintindex": 0,"texture": "#3"}
			}
		},
		{
			"from": [-1, 23, 10],
			"to": [5, 32, 16],
			"rotation": {"angle": 45, "axis": "x", "origin": [8, 27.5, 13]},
			"faces": {
				"north": {"uv": [5, 5, 11, 14], "tintindex": 0,"texture": "#0"},
				"east": {"uv": [5, 3, 11, 12], "tintindex": 0,"texture": "#0"},
				"south": {"uv": [4, 3, 10, 12], "tintindex": 0,"texture": "#0"},
				"west": {"uv": [4, 4, 10, 13], "tintindex": 0,"texture": "#0"},
				"up": {"uv": [5, 4, 11, 10], "tintindex": 0,"texture": "#0"},
				"down": {"uv": [7, 4, 13, 10], "tintindex": 0,"texture": "#0"}
			}
		},
		{
			"from": [11, 23, 10],
			"to": [17, 32, 16],
			"rotation": {"angle": 45, "axis": "x", "origin": [8, 27.5, 13]},
			"faces": {
				"north": {"uv": [5, 5, 11, 14], "tintindex": 0,"texture": "#0"},
				"east": {"uv": [5, 3, 11, 12], "tintindex": 0,"texture": "#0"},
				"south": {"uv": [4, 3, 10, 12], "tintindex": 0,"texture": "#0"},
				"west": {"uv": [4, 4, 10, 13], "tintindex": 0,"texture": "#0"},
				"up": {"uv": [5, 4, 11, 10], "tintindex": 0,"texture": "#0"},
				"down": {"uv": [7, 4, 13, 10], "tintindex": 0,"texture": "#0"}
			}
		},
		{
			"from": [0, 14, 16],
			"to": [16, 26, 23],
			"rotation": {"angle": -45, "axis": "x", "origin": [2.5, 20, 18.5]},
			"faces": {
				"north": {"uv": [0, 0, 16, 12], "tintindex": 0,"texture": "#7"},
				"east": {"uv": [0, 0, 7, 12], "tintindex": 0,"texture": "#7"},
				"south": {"uv": [0, 0, 16, 12], "tintindex": 0,"texture": "#7"},
				"west": {"uv": [0, 0, 7, 12], "tintindex": 0,"texture": "#7"},
				"up": {"uv": [0, 0, 16, 7], "tintindex": 0,"texture": "#7"},
				"down": {"uv": [0, 0, 16, 7], "tintindex": 0,"texture": "#7"}
			}
		},
		{
			"from": [-5, 17, 13],
			"to": [0, 29, 20],
			"rotation": {"angle": -22.5, "axis": "z", "origin": [-5.5, 20, 18.5]},
			"faces": {
				"north": {"uv": [0, 0, 5, 12], "tintindex": 0,"texture": "#7"},
				"east": {"uv": [0, 0, 7, 12], "tintindex": 0,"texture": "#7"},
				"south": {"uv": [0, 0, 5, 12], "tintindex": 0,"texture": "#7"},
				"west": {"uv": [0, 0, 7, 12], "tintindex": 0,"texture": "#7"},
				"up": {"uv": [0, 0, 5, 7], "tintindex": 0,"texture": "#7"},
				"down": {"uv": [0, 0, 5, 7], "tintindex": 0,"texture": "#7"}
			}
		},
		{
			"from": [14.91969, 15.62359, 13],
			"to": [19.91969, 27.62359, 20],
			"rotation": {"angle": 22.5, "axis": "z", "origin": [17.41969, 21.62359, 16.5]},
			"faces": {
				"north": {"uv": [0, 0, 5, 12], "tintindex": 0,"texture": "#7"},
				"east": {"uv": [0, 0, 7, 12], "tintindex": 0,"texture": "#7"},
				"south": {"uv": [0, 0, 5, 12], "tintindex": 0,"texture": "#7"},
				"west": {"uv": [0, 0, 7, 12], "tintindex": 0,"texture": "#7"},
				"up": {"uv": [0, 0, 5, 7], "tintindex": 0,"texture": "#7"},
				"down": {"uv": [0, 0, 5, 7], "tintindex": 0,"texture": "#7"}
			}
		},
		{
			"from": [16.02549, 8.35929, 16.51632],
			"to": [22.02549, 21.35929, 26.51632],
			"rotation": {"angle": -22.5, "axis": "x", "origin": [9.52549, 10.35929, 25.62292]},
			"faces": {
				"north": {"uv": [0, 0, 6, 13], "tintindex": 0,"texture": "#7"},
				"east": {"uv": [0, 0, 10, 13], "tintindex": 0,"texture": "#7"},
				"south": {"uv": [0, 0, 6, 13], "tintindex": 0,"texture": "#7"},
				"west": {"uv": [0, 0, 10, 13], "tintindex": 0,"texture": "#7"},
				"up": {"uv": [0, 0, 6, 10], "tintindex": 0,"texture": "#7"},
				"down": {"uv": [0, 0, 6, 10], "tintindex": 0,"texture": "#7"}
			}
		},
		{
			"from": [-0.5, 7.3934, 20],
			"to": [16.5, 20.3934, 30],
			"rotation": {"angle": -22.5, "axis": "x", "origin": [8, 9.3934, 29.1066]},
			"faces": {
				"north": {"uv": [0, 0, 16, 13], "tintindex": 0,"texture": "#7"},
				"east": {"uv": [0, 0, 10, 13], "tintindex": 0,"texture": "#7"},
				"south": {"uv": [0, 0, 16, 13], "tintindex": 0,"texture": "#7"},
				"west": {"uv": [0, 0, 10, 13], "tintindex": 0,"texture": "#7"},
				"up": {"uv": [0, 0, 16, 10], "tintindex": 0,"texture": "#7"},
				"down": {"uv": [0, 0, 16, 10], "tintindex": 0,"texture": "#7"}
			}
		},
		{
			"from": [-6.18611, 8.35929, 16.51632],
			"to": [-0.18611, 21.35929, 26.51632],
			"rotation": {"angle": -22.5, "axis": "x", "origin": [5.31389, 10.35929, 25.62292]},
			"faces": {
				"north": {"uv": [0, 0, 6, 13], "tintindex": 0,"texture": "#7"},
				"east": {"uv": [0, 0, 10, 13], "tintindex": 0,"texture": "#7"},
				"south": {"uv": [0, 0, 6, 13], "tintindex": 0,"texture": "#7"},
				"west": {"uv": [0, 0, 10, 13], "tintindex": 0,"texture": "#7"},
				"up": {"uv": [0, 0, 6, 10], "tintindex": 0,"texture": "#7"},
				"down": {"uv": [0, 0, 6, 10], "tintindex": 0,"texture": "#7"}
			}
		},
		{
			"from": [-1.5, -4.54152, 21.33458],
			"to": [17.5, 8.45848, 31.33458],
			"rotation": {"angle": 0, "axis": "x", "origin": [7.91969, 5.07124, 24.91015]},
			"faces": {
				"north": {"uv": [0, 0, 16, 13], "tintindex": 0,"texture": "#7"},
				"east": {"uv": [0, 0, 10, 13], "tintindex": 0,"texture": "#7"},
				"south": {"uv": [0, 0, 16, 13], "tintindex": 0,"texture": "#7"},
				"west": {"uv": [0, 0, 10, 13], "tintindex": 0,"texture": "#7"},
				"up": {"uv": [0, 0, 16, 10], "tintindex": 0,"texture": "#7"},
				"down": {"uv": [0, 0, 16, 10], "tintindex": 0,"texture": "#7"}
			}
		},
		{
			"from": [16.02549, -2.316, 18.48571],
			"to": [23.02549, 10.684, 28.48571],
			"rotation": {"angle": 0, "axis": "x", "origin": [7.91969, 5.07124, 24.91015]},
			"faces": {
				"north": {"uv": [0, 0, 7, 13], "tintindex": 0,"texture": "#7"},
				"east": {"uv": [0, 0, 10, 13], "tintindex": 0,"texture": "#7"},
				"south": {"uv": [0, 0, 7, 13], "tintindex": 0,"texture": "#7"},
				"west": {"uv": [0, 0, 10, 13], "tintindex": 0,"texture": "#7"},
				"up": {"uv": [0, 0, 7, 10], "tintindex": 0,"texture": "#7"},
				"down": {"uv": [0, 0, 7, 10], "tintindex": 0,"texture": "#7"}
			}
		},
		{
			"from": [-7.18611, -2.316, 18.48571],
			"to": [-0.18611, 10.684, 28.48571],
			"rotation": {"angle": 0, "axis": "x", "origin": [7.91969, 5.07124, 24.91015]},
			"faces": {
				"north": {"uv": [0, 0, 7, 13], "tintindex": 0,"texture": "#7"},
				"east": {"uv": [0, 0, 10, 13], "tintindex": 0,"texture": "#7"},
				"south": {"uv": [0, 0, 7, 13], "tintindex": 0,"texture": "#7"},
				"west": {"uv": [0, 0, 10, 13], "tintindex": 0,"texture": "#7"},
				"up": {"uv": [0, 0, 7, 10], "tintindex": 0,"texture": "#7"},
				"down": {"uv": [0, 0, 7, 10], "tintindex": 0,"texture": "#7"}
			}
		},
		{
			"from": [-2.16542, -15.20694, 20.66916],
			"to": [18.16542, -0.8761, 32],
			"rotation": {"angle": 0, "axis": "x", "origin": [7.91969, 5.07124, 24.91015]},
			"faces": {
				"north": {"uv": [0, 0, 16, 13], "tintindex": 0,"texture": "#7"},
				"east": {"uv": [0, 0, 10, 13], "tintindex": 0,"texture": "#7"},
				"south": {"uv": [0, 0, 16, 13], "tintindex": 0,"texture": "#7"},
				"west": {"uv": [0, 0, 10, 13], "tintindex": 0,"texture": "#7"},
				"up": {"uv": [0, 0, 16, 10], "tintindex": 0,"texture": "#7"},
				"down": {"uv": [0, 0, 16, 10], "tintindex": 0,"texture": "#7"}
			}
		},
		{
			"from": [-8.18611, -13.316, 17.48571],
			"to": [0.81389, 1.684, 29.48571],
			"rotation": {"angle": 0, "axis": "x", "origin": [7.91969, 5.07124, 24.91015]},
			"faces": {
				"north": {"uv": [0, 0, 7, 13], "tintindex": 0,"texture": "#7"},
				"east": {"uv": [0, 0, 10, 13], "tintindex": 0,"texture": "#7"},
				"south": {"uv": [0, 0, 7, 13], "tintindex": 0,"texture": "#7"},
				"west": {"uv": [0, 0, 10, 13], "tintindex": 0,"texture": "#7"},
				"up": {"uv": [0, 0, 7, 10], "tintindex": 0,"texture": "#7"},
				"down": {"uv": [0, 0, 7, 10], "tintindex": 0,"texture": "#7"}
			}
		},
		{
			"from": [15.02549, -13.316, 17.48571],
			"to": [24.02549, 1.684, 29.48571],
			"rotation": {"angle": 0, "axis": "x", "origin": [7.91969, 5.07124, 24.91015]},
			"faces": {
				"north": {"uv": [0, 0, 7, 13], "tintindex": 0,"texture": "#7"},
				"east": {"uv": [0, 0, 10, 13], "tintindex": 0,"texture": "#7"},
				"south": {"uv": [0, 0, 7, 13], "tintindex": 0,"texture": "#7"},
				"west": {"uv": [0, 0, 10, 13], "tintindex": 0,"texture": "#7"},
				"up": {"uv": [0, 0, 7, 10], "tintindex": 0,"texture": "#7"},
				"down": {"uv": [0, 0, 7, 10], "tintindex": 0,"texture": "#7"}
			}
		}
	],
	"display": {
		"head": {
			"translation": [0, -4.75, 20.25],
			"scale": [4, 4, 4]
		}
	}
}