{
	"credit": "Made with Blockbench",
	"textures": {
		"0": "block/gold_block",
		"6": "block/iron_block",
		"8": "block/diamond_block",
		"particle": "block/gold_block"
	},
	"elements": [
		{
			"from": [4, -3, 1],
			"to": [12, 5, 14],
			"rotation": {"angle": 0, "axis": "y", "origin": [-4, 10, 15]},
			"faces": {
				"north": {"uv": [13, 4, 5, 12], "tintindex": 0,"texture": "#0"},
				"east": {"uv": [15, 3, 2, 11], "tintindex": 0,"texture": "#0"},
				"south": {"uv": [10, 2, 2, 10], "tintindex": 0,"texture": "#0"},
				"west": {"uv": [15, 2, 2, 10], "tintindex": 0,"texture": "#0"},
				"up": {"uv": [11, 2, 3, 15], "tintindex": 0,"texture": "#0"},
				"down": {"uv": [11, 2, 3, 15], "tintindex": 0,"texture": "#0"}
			}
		},
		{
			"from": [7.20076, -2.5, 13.04537],
			"to": [10.20076, 4.5, 23.04537],
			"rotation": {"angle": -22.5, "axis": "y", "origin": [8.70076, 1, 18.04537]},
			"faces": {
				"north": {"uv": [13, 4, 5, 12], "tintindex": 0,"texture": "#0"},
				"east": {"uv": [15, 3, 2, 11], "tintindex": 0,"texture": "#0"},
				"south": {"uv": [10, 2, 2, 10], "tintindex": 0,"texture": "#0"},
				"west": {"uv": [15, 2, 2, 10], "tintindex": 0,"texture": "#0"},
				"up": {"uv": [11, 2, 3, 15], "tintindex": 0,"texture": "#0"},
				"down": {"uv": [11, 2, 3, 15], "tintindex": 0,"texture": "#0"}
			}
		},
		{
			"from": [10, -4.75, -6],
			"to": [13, -1.75, 6],
			"rotation": {"angle": 22.5, "axis": "y", "origin": [-5, -3, -2]},
			"faces": {
				"north": {"uv": [8, 3, 4, 7], "tintindex": 0,"texture": "#6"},
				"east": {"uv": [13, 3, 1, 7], "tintindex": 0,"texture": "#6"},
				"south": {"uv": [7, 2, 3, 6], "tintindex": 0,"texture": "#6"},
				"west": {"uv": [15, 2, 3, 6], "tintindex": 0,"texture": "#6"},
				"up": {"uv": [9, 3, 5, 15], "tintindex": 0,"texture": "#6"},
				"down": {"uv": [7, 3, 3, 15], "tintindex": 0,"texture": "#6"}
			}
		},
		{
			"from": [10, -0.75, -6],
			"to": [13, 2.25, 6],
			"rotation": {"angle": 22.5, "axis": "y", "origin": [-5, -3, -2]},
			"faces": {
				"north": {"uv": [8, 3, 4, 7], "tintindex": 0,"texture": "#6"},
				"east": {"uv": [13, 3, 1, 7], "tintindex": 0,"texture": "#6"},
				"south": {"uv": [7, 2, 3, 6], "tintindex": 0,"texture": "#6"},
				"west": {"uv": [15, 2, 3, 6], "tintindex": 0,"texture": "#6"},
				"up": {"uv": [9, 3, 5, 15], "tintindex": 0,"texture": "#6"},
				"down": {"uv": [7, 3, 3, 15], "tintindex": 0,"texture": "#6"}
			}
		},
		{
			"from": [10, 3.25, -6],
			"to": [13, 6.25, 6],
			"rotation": {"angle": 22.5, "axis": "y", "origin": [-5, -3, -2]},
			"faces": {
				"north": {"uv": [8, 3, 4, 7], "tintindex": 0,"texture": "#6"},
				"east": {"uv": [13, 3, 1, 7], "tintindex": 0,"texture": "#6"},
				"south": {"uv": [7, 2, 3, 6], "tintindex": 0,"texture": "#6"},
				"west": {"uv": [15, 2, 3, 6], "tintindex": 0,"texture": "#6"},
				"up": {"uv": [9, 3, 5, 15], "tintindex": 0,"texture": "#6"},
				"down": {"uv": [7, 3, 3, 15], "tintindex": 0,"texture": "#6"}
			}
		},
		{
			"from": [3, 3.25, -2],
			"to": [6, 6.25, 8],
			"rotation": {"angle": 22.5, "axis": "y", "origin": [-5, -3, -2]},
			"faces": {
				"north": {"uv": [8, 3, 4, 7], "tintindex": 0,"texture": "#6"},
				"east": {"uv": [13, 3, 1, 7], "tintindex": 0,"texture": "#6"},
				"south": {"uv": [7, 2, 3, 6], "tintindex": 0,"texture": "#6"},
				"west": {"uv": [15, 2, 3, 6], "tintindex": 0,"texture": "#6"},
				"up": {"uv": [9, 3, 5, 15], "tintindex": 0,"texture": "#6"},
				"down": {"uv": [7, 3, 3, 15], "tintindex": 0,"texture": "#6"}
			}
		},
		{
			"from": [8, -4, -2],
			"to": [13, 6, 3],
			"rotation": {"angle": 0, "axis": "y", "origin": [-3, 10, 6]},
			"faces": {
				"north": {"uv": [9, 3, 4, 13], "tintindex": 0,"texture": "#0"},
				"east": {"uv": [9, 3, 4, 13], "tintindex": 0,"texture": "#0"},
				"south": {"uv": [9, 3, 4, 13], "tintindex": 0,"texture": "#0"},
				"west": {"uv": [10, 3, 5, 13], "tintindex": 0,"texture": "#0"},
				"up": {"uv": [10, 3, 5, 8], "tintindex": 0,"texture": "#0"},
				"down": {"uv": [9, 2, 4, 7], "tintindex": 0,"texture": "#0"}
			}
		},
		{
			"from": [10, -1, 3],
			"to": [13, 3, 11],
			"rotation": {"angle": 0, "axis": "y", "origin": [-3, 10, 6]},
			"faces": {
				"north": {"uv": [8, 4, 5, 8], "tintindex": 0,"texture": "#8"},
				"east": {"uv": [10, 4, 2, 8], "tintindex": 0,"texture": "#8"},
				"south": {"uv": [8, 4, 5, 8], "tintindex": 0,"texture": "#8"},
				"west": {"uv": [10, 3, 2, 7], "tintindex": 0,"texture": "#8"},
				"up": {"uv": [8, 4, 5, 12], "tintindex": 0,"texture": "#8"},
				"down": {"uv": [9, 5, 6, 13], "tintindex": 0,"texture": "#8"}
			}
		}
	],
	"display": {
		"head": {
			"translation": [0, 31, 20.25],
			"scale": [4, 4, 4]
		}
	}
}