{
	"credit": "Made with Blockbench",
	"textures": {
		"3": "block/raw_gold_block",
		"particle": "block/gold_block"
	},
	"elements": [
		{
			"from": [0, -14, 0],
			"to": [16, 2, 16],
			"rotation": {"angle": 0, "axis": "y", "origin": [8, 2.5, 8]},
			"faces": {
				"north": {"uv": [0, 0, 16, 16], "texture": "#3"},
				"east": {"uv": [0, 0, 16, 16], "texture": "#3"},
				"south": {"uv": [0, 0, 16, 16], "texture": "#3"},
				"west": {"uv": [0, 0, 16, 16], "texture": "#3"},
				"up": {"uv": [0, 0, 16, 16], "texture": "#3"},
				"down": {"uv": [0, 0, 16, 16], "texture": "#3"}
			}
		},
		{
			"from": [0, -16, -16],
			"to": [16, -2, 0],
			"rotation": {"angle": 0, "axis": "y", "origin": [8, 2.5, 8]},
			"faces": {
				"north": {"uv": [0, 0, 16, 14], "texture": "#3"},
				"east": {"uv": [0, 0, 16, 14], "texture": "#3"},
				"south": {"uv": [0, 0, 16, 14], "texture": "#3"},
				"west": {"uv": [0, 0, 16, 14], "texture": "#3"},
				"up": {"uv": [0, 0, 16, 16], "texture": "#3"},
				"down": {"uv": [0, 0, 16, 16], "texture": "#3"}
			}
		},
		{
			"from": [16, -15, -14],
			"to": [30, -5, 0],
			"rotation": {"angle": 0, "axis": "y", "origin": [8, 2.5, 8]},
			"faces": {
				"north": {"uv": [0, 0, 14, 10], "texture": "#3"},
				"east": {"uv": [0, 0, 14, 10], "texture": "#3"},
				"south": {"uv": [0, 0, 14, 10], "texture": "#3"},
				"west": {"uv": [0, 0, 14, 10], "texture": "#3"},
				"up": {"uv": [0, 0, 14, 14], "texture": "#3"},
				"down": {"uv": [0, 0, 14, 14], "texture": "#3"}
			}
		},
		{
			"from": [-14, -15, -14],
			"to": [0, -5, 0],
			"rotation": {"angle": 0, "axis": "y", "origin": [8, 2.5, 8]},
			"faces": {
				"north": {"uv": [0, 0, 14, 10], "texture": "#3"},
				"east": {"uv": [0, 0, 14, 10], "texture": "#3"},
				"south": {"uv": [0, 0, 14, 10], "texture": "#3"},
				"west": {"uv": [0, 0, 14, 10], "texture": "#3"},
				"up": {"uv": [0, 0, 14, 14], "texture": "#3"},
				"down": {"uv": [0, 0, 14, 14], "texture": "#3"}
			}
		},
		{
			"from": [-14, -15, 16],
			"to": [0, -5, 30],
			"rotation": {"angle": 0, "axis": "y", "origin": [8, 2.5, 8]},
			"faces": {
				"north": {"uv": [0, 0, 14, 10], "texture": "#3"},
				"east": {"uv": [0, 0, 14, 10], "texture": "#3"},
				"south": {"uv": [0, 0, 14, 10], "texture": "#3"},
				"west": {"uv": [0, 0, 14, 10], "texture": "#3"},
				"up": {"uv": [0, 0, 14, 14], "texture": "#3"},
				"down": {"uv": [0, 0, 14, 14], "texture": "#3"}
			}
		},
		{
			"from": [16, -15, 16],
			"to": [30, -5, 30],
			"rotation": {"angle": 0, "axis": "y", "origin": [8, 2.5, 8]},
			"faces": {
				"north": {"uv": [0, 0, 14, 10], "texture": "#3"},
				"east": {"uv": [0, 0, 14, 10], "texture": "#3"},
				"south": {"uv": [0, 0, 14, 10], "texture": "#3"},
				"west": {"uv": [0, 0, 14, 10], "texture": "#3"},
				"up": {"uv": [0, 0, 14, 14], "texture": "#3"},
				"down": {"uv": [0, 0, 14, 14], "texture": "#3"}
			}
		},
		{
			"from": [0, -16, 16],
			"to": [16, -2, 32],
			"rotation": {"angle": 0, "axis": "y", "origin": [8, 2.5, 8]},
			"faces": {
				"north": {"uv": [0, 0, 16, 14], "texture": "#3"},
				"east": {"uv": [0, 0, 16, 14], "texture": "#3"},
				"south": {"uv": [0, 0, 16, 14], "texture": "#3"},
				"west": {"uv": [0, 0, 16, 14], "texture": "#3"},
				"up": {"uv": [0, 0, 16, 16], "texture": "#3"},
				"down": {"uv": [0, 0, 16, 16], "texture": "#3"}
			}
		},
		{
			"from": [-16, -16, 0],
			"to": [0, -2, 16],
			"rotation": {"angle": 0, "axis": "y", "origin": [8, 2.5, 8]},
			"faces": {
				"north": {"uv": [0, 0, 16, 14], "texture": "#3"},
				"east": {"uv": [0, 0, 16, 14], "texture": "#3"},
				"south": {"uv": [0, 0, 16, 14], "texture": "#3"},
				"west": {"uv": [0, 0, 16, 14], "texture": "#3"},
				"up": {"uv": [0, 0, 16, 16], "texture": "#3"},
				"down": {"uv": [0, 0, 16, 16], "texture": "#3"}
			}
		},
		{
			"from": [16, -16, 0],
			"to": [32, -2, 16],
			"rotation": {"angle": 0, "axis": "y", "origin": [8, 2.5, 8]},
			"faces": {
				"north": {"uv": [0, 0, 16, 14], "texture": "#3"},
				"east": {"uv": [0, 0, 16, 14], "texture": "#3"},
				"south": {"uv": [0, 0, 16, 14], "texture": "#3"},
				"west": {"uv": [0, 0, 16, 14], "texture": "#3"},
				"up": {"uv": [0, 0, 16, 16], "texture": "#3"},
				"down": {"uv": [0, 0, 16, 16], "texture": "#3"}
			}
		}
	],
	"display": {
		"head": {
			"translation": [0, -54.25, 0],
			"scale": [4, 4, 4]
		}
	}
}