{
	"credit": "Made with Blockbench",
	"textures": {
		"2": "block/white_wool",
		"3": "block/yellow_concrete",
		"particle": "block/yellow_concrete"
	},
	"elements": [
		{
			"from": [6, 1, 6],
			"to": [10, 3, 10],
			"rotation": {"angle": 0, "axis": "y", "origin": [8, 2, 8]},
			"faces": {
				"north": {"uv": [0, 0, 4, 2], "texture": "#3"},
				"east": {"uv": [0, 0, 4, 2], "texture": "#3"},
				"south": {"uv": [0, 0, 4, 2], "texture": "#3"},
				"west": {"uv": [0, 0, 4, 2], "texture": "#3"},
				"up": {"uv": [0, 0, 4, 4], "texture": "#3"},
				"down": {"uv": [0, 0, 4, 4], "texture": "#3"}
			}
		},
		{
			"from": [3, -0.1, 2],
			"to": [11, 1.9, 10],
			"rotation": {"angle": 0, "axis": "y", "origin": [3, -0.1, 2]},
			"faces": {
				"north": {"uv": [0, 0, 8, 2], "texture": "#2"},
				"east": {"uv": [0, 0, 8, 2], "texture": "#2"},
				"south": {"uv": [0, 0, 8, 2], "texture": "#2"},
				"west": {"uv": [0, 0, 8, 2], "texture": "#2"},
				"up": {"uv": [0, 0, 8, 8], "texture": "#2"},
				"down": {"uv": [0, 0, 8, 8], "texture": "#2"}
			}
		},
		{
			"from": [5, 0, 6],
			"to": [13, 2, 14],
			"rotation": {"angle": 0, "axis": "y", "origin": [5, 0, 6]},
			"faces": {
				"north": {"uv": [0, 0, 8, 2], "texture": "#2"},
				"east": {"uv": [0, 0, 8, 2], "texture": "#2"},
				"south": {"uv": [0, 0, 8, 2], "texture": "#2"},
				"west": {"uv": [0, 0, 8, 2], "texture": "#2"},
				"up": {"uv": [0, 0, 8, 8], "texture": "#2"},
				"down": {"uv": [0, 0, 8, 8], "texture": "#2"}
			}
		}
	],
	"gui_light": "front",
	"display": {
		"thirdperson_righthand": {
			"rotation": [54, 0, 0],
			"translation": [0, 3, 1.75],
			"scale": [0.4, 0.4, 0.4]
		},
		"thirdperson_lefthand": {
			"rotation": [54, 0, 0],
			"translation": [0, 3, 1.75],
			"scale": [0.4, 0.4, 0.4]
		},
		"firstperson_righthand": {
			"rotation": [54, 0, 0],
			"translation": [0, 3, 1.75],
			"scale": [0.4, 0.4, 0.4]
		},
		"firstperson_lefthand": {
			"rotation": [54, 0, 0],
			"translation": [0, 3, 1.75],
			"scale": [0.4, 0.4, 0.4]
		},
		"ground": {
			"rotation": [23, 0, 0],
			"translation": [0, 4.25, 0.5],
			"scale": [0.7, 0.7, 0.7]
		},
		"gui": {
			"rotation": [25, 34, 8],
			"translation": [-0.75, 5.75, 0.5]
		},
		"fixed": {
			"rotation": [-90, 0, 0],
			"translation": [0, 0, -6.75]
		}
	}
}