{
	"credit": "Made with Blockbench",
	"textures": {
		"0": "block/oak_planks",
		"1": "block/white_concrete_powder",
		"2": "block/blackstone_top",
		"3": "block/yellow_concrete_powder",
		"4": "block/fire_coral_block",
		"5": "block/orange_glazed_terracotta",
		"6": "block/white_concrete",
		"7": "block/cactus_bottom",
		"8": "block/orange_concrete_powder",
		"9": "block/lime_concrete_powder",
		"10": "block/candle",
		"particle": "block/white_concrete_powder"
	},
	"elements": [
		{
			"from": [3, 1, 0],
			"to": [13, 3, 16],
			"rotation": {"angle": 0, "axis": "y", "origin": [3, 1, 0]},
			"faces": {
				"north": {"uv": [0, 0, 10, 2], "texture": "#0"},
				"east": {"uv": [0, 0, 16, 2], "texture": "#0"},
				"south": {"uv": [0, 0, 10, 2], "texture": "#0"},
				"west": {"uv": [0, 0, 16, 2], "texture": "#0"},
				"up": {"uv": [0, 0, 10, 16], "texture": "#0"},
				"down": {"uv": [0, 0, 10, 16], "texture": "#0"}
			}
		},
		{
			"from": [4, 0, 2],
			"to": [12, 2, 4],
			"rotation": {"angle": 0, "axis": "y", "origin": [4, 0, 2]},
			"faces": {
				"north": {"uv": [0, 0, 8, 2], "texture": "#0"},
				"east": {"uv": [0, 0, 2, 2], "texture": "#0"},
				"south": {"uv": [0, 0, 8, 2], "texture": "#0"},
				"west": {"uv": [0, 0, 2, 2], "texture": "#0"},
				"up": {"uv": [0, 0, 8, 2], "texture": "#0"},
				"down": {"uv": [0, 0, 8, 2], "texture": "#0"}
			}
		},
		{
			"from": [4, 0, 12],
			"to": [12, 2, 14],
			"rotation": {"angle": 0, "axis": "y", "origin": [4, 0, 12]},
			"faces": {
				"north": {"uv": [0, 0, 8, 2], "texture": "#0"},
				"east": {"uv": [0, 0, 2, 2], "texture": "#0"},
				"south": {"uv": [0, 0, 8, 2], "texture": "#0"},
				"west": {"uv": [0, 0, 2, 2], "texture": "#0"},
				"up": {"uv": [0, 0, 8, 2], "texture": "#0"},
				"down": {"uv": [0, 0, 8, 2], "texture": "#0"}
			}
		},
		{
			"from": [4, 2.25, 11],
			"to": [7, 4.25, 13],
			"rotation": {"angle": 0, "axis": "y", "origin": [4, 2.25, 11]},
			"faces": {
				"north": {"uv": [0, 0, 6, 4], "texture": "#1"},
				"east": {"uv": [0, 0, 4, 4], "texture": "#1"},
				"south": {"uv": [0, 0, 6, 4], "texture": "#1"},
				"west": {"uv": [0, 0, 4, 4], "texture": "#1"},
				"up": {"uv": [0, 0, 6, 4], "texture": "#1"},
				"down": {"uv": [0, 0, 6, 4], "texture": "#1"}
			}
		},
		{
			"from": [4, 2.25, 8],
			"to": [7, 4.25, 10],
			"rotation": {"angle": 0, "axis": "y", "origin": [4, 2.25, 8]},
			"faces": {
				"north": {"uv": [0, 0, 6, 4], "texture": "#1"},
				"east": {"uv": [0, 0, 4, 4], "texture": "#1"},
				"south": {"uv": [0, 0, 6, 4], "texture": "#1"},
				"west": {"uv": [0, 0, 4, 4], "texture": "#1"},
				"up": {"uv": [0, 0, 6, 4], "texture": "#1"},
				"down": {"uv": [0, 0, 6, 4], "texture": "#1"}
			}
		},
		{
			"from": [4, 2.25, 5],
			"to": [7, 4.25, 7],
			"rotation": {"angle": 0, "axis": "y", "origin": [4, 2.25, 5]},
			"faces": {
				"north": {"uv": [0, 0, 6, 4], "texture": "#1"},
				"east": {"uv": [0, 0, 4, 4], "texture": "#1"},
				"south": {"uv": [0, 0, 6, 4], "texture": "#1"},
				"west": {"uv": [0, 0, 4, 4], "texture": "#1"},
				"up": {"uv": [0, 0, 6, 4], "texture": "#1"},
				"down": {"uv": [0, 0, 6, 4], "texture": "#1"}
			}
		},
		{
			"from": [4, 2.25, 2],
			"to": [7, 4.25, 4],
			"rotation": {"angle": 0, "axis": "y", "origin": [4, 2.25, 2]},
			"faces": {
				"north": {"uv": [0, 0, 6, 4], "texture": "#1"},
				"east": {"uv": [0, 0, 4, 4], "texture": "#1"},
				"south": {"uv": [0, 0, 6, 4], "texture": "#1"},
				"west": {"uv": [0, 0, 4, 4], "texture": "#1"},
				"up": {"uv": [0, 0, 6, 4], "texture": "#1"},
				"down": {"uv": [0, 0, 6, 4], "texture": "#1"}
			}
		},
		{
			"from": [3, 4.25, 10.9],
			"to": [8, 4.75, 13.1],
			"rotation": {"angle": 0, "axis": "y", "origin": [3, 4.25, 10.9]},
			"faces": {
				"north": {"uv": [0, 0, 5, 0.5], "texture": "#3"},
				"east": {"uv": [0, 0, 2.2, 0.5], "texture": "#3"},
				"south": {"uv": [0, 0, 5, 0.5], "texture": "#3"},
				"west": {"uv": [0, 0, 2.2, 0.5], "texture": "#3"},
				"up": {"uv": [0, 0, 5, 2.2], "texture": "#3"},
				"down": {"uv": [0, 0, 5, 2.2], "texture": "#3"}
			}
		},
		{
			"from": [3, 4.25, 7.9],
			"to": [8, 4.75, 10.1],
			"rotation": {"angle": 0, "axis": "y", "origin": [3, 4.25, 7.9]},
			"faces": {
				"north": {"uv": [0, 0, 5, 0.5], "texture": "#4"},
				"east": {"uv": [0, 0, 2.2, 0.5], "texture": "#4"},
				"south": {"uv": [0, 0, 5, 0.5], "texture": "#4"},
				"west": {"uv": [0, 0, 2.2, 0.5], "texture": "#4"},
				"up": {"uv": [0, 0, 5, 2.2], "texture": "#4"},
				"down": {"uv": [0, 0, 5, 2.2], "texture": "#4"}
			}
		},
		{
			"from": [3, 4.25, 4.9],
			"to": [8, 4.75, 7.1],
			"rotation": {"angle": 0, "axis": "y", "origin": [3, 4.25, 4.9]},
			"faces": {
				"north": {"uv": [5, 5, 10, 5.5], "texture": "#5"},
				"east": {"uv": [7, 5, 9.2, 5.5], "texture": "#5"},
				"south": {"uv": [5, 5, 10, 5.5], "texture": "#5"},
				"west": {"uv": [7, 5, 9.2, 5.5], "texture": "#5"},
				"up": {"uv": [4.2, 4.2, 9.2, 5.8], "texture": "#5"},
				"down": {"uv": [5, 4, 10, 6.2], "texture": "#5"}
			}
		},
		{
			"from": [3, 4.25, 1.9],
			"to": [8, 4.75, 4.1],
			"rotation": {"angle": 0, "axis": "y", "origin": [3, 4.25, 1.9]},
			"faces": {
				"north": {"uv": [5, 5, 10, 5.5], "texture": "#6"},
				"east": {"uv": [7, 5, 9.2, 5.5], "texture": "#6"},
				"south": {"uv": [5, 5, 10, 5.5], "texture": "#6"},
				"west": {"uv": [7, 5, 9.2, 5.5], "texture": "#6"},
				"up": {"uv": [4, 4, 9, 6.2], "texture": "#6"},
				"down": {"uv": [5, 4, 10, 6.2], "texture": "#6"}
			}
		},
		{
			"from": [5.25, 2.8, 10.85],
			"to": [5.75, 4.8, 13.15],
			"rotation": {"angle": 0, "axis": "y", "origin": [5.25, 2.8, 10.85]},
			"faces": {
				"north": {"uv": [0, 0, 0.5, 2], "texture": "#2"},
				"east": {"uv": [0, 0, 2.3, 2], "texture": "#2"},
				"south": {"uv": [0, 0, 0.5, 2], "texture": "#2"},
				"west": {"uv": [0, 0, 2.3, 2], "texture": "#2"},
				"up": {"uv": [0, 0, 0.5, 2.3], "texture": "#2"},
				"down": {"uv": [0, 0, 0.5, 2.3], "texture": "#2"}
			}
		},
		{
			"from": [5.25, 2.8, 1.85],
			"to": [5.75, 4.8, 4.15],
			"rotation": {"angle": 0, "axis": "y", "origin": [5.25, 2.8, 1.85]},
			"faces": {
				"north": {"uv": [0, 0, 0.5, 2], "texture": "#2"},
				"east": {"uv": [0, 0, 2.3, 2], "texture": "#2"},
				"south": {"uv": [0, 0, 0.5, 2], "texture": "#2"},
				"west": {"uv": [0, 0, 2.3, 2], "texture": "#2"},
				"up": {"uv": [0, 0, 0.5, 2.3], "texture": "#2"},
				"down": {"uv": [0, 0, 0.5, 2.3], "texture": "#2"}
			}
		},
		{
			"from": [9.8, 3, 12.9],
			"to": [11.8, 5, 14.9],
			"rotation": {"angle": 22.5, "axis": "y", "origin": [10.8, 4, 13.65]},
			"faces": {
				"north": {"uv": [0, 0, 2, 2], "texture": "#2"},
				"east": {"uv": [0, 0, 1.5, 2], "texture": "#2"},
				"south": {"uv": [0, 0, 2, 2], "texture": "#2"},
				"west": {"uv": [0, 0, 1.5, 2], "texture": "#2"},
				"up": {"uv": [0, 0, 8, 8], "texture": "#1"},
				"down": {"uv": [0, 0, 2, 1.5], "texture": "#2"}
			}
		},
		{
			"from": [10.3, 3.1, 13.5],
			"to": [11.3, 5.1, 14.5],
			"rotation": {"angle": 0, "axis": "y", "origin": [10.3, 3.1, 13.5]},
			"faces": {
				"north": {"uv": [0, 0, 1, 2], "texture": "#4"},
				"east": {"uv": [0, 0, 1, 2], "texture": "#4"},
				"south": {"uv": [0, 0, 1, 2], "texture": "#4"},
				"west": {"uv": [0, 0, 1, 2], "texture": "#4"},
				"up": {"uv": [0, 0, 1, 1], "texture": "#4"},
				"down": {"uv": [0, 0, 1, 1], "texture": "#4"}
			}
		},
		{
			"from": [8.51116, 3, 10.97352],
			"to": [10.51116, 5, 12.97352],
			"rotation": {"angle": 22.5, "axis": "y", "origin": [9.54784, 4.05, 12.04048]},
			"faces": {
				"north": {"uv": [0, 0, 1.5, 2], "texture": "#2"},
				"east": {"uv": [0, 0, 2, 2], "texture": "#2"},
				"south": {"uv": [0, 0, 1.5, 2], "texture": "#2"},
				"west": {"uv": [0, 0, 2, 2], "texture": "#2"},
				"up": {"uv": [0, 0, 8, 8], "rotation": 270, "texture": "#1"},
				"down": {"uv": [0, 0, 2, 1.5], "rotation": 90, "texture": "#2"}
			}
		},
		{
			"from": [9.10735, 3.1, 11.58832],
			"to": [10.10735, 5.1, 12.58832],
			"rotation": {"angle": 0, "axis": "y", "origin": [9.54784, 4.05, 12.04048]},
			"faces": {
				"north": {"uv": [0, 0, 1, 2], "texture": "#4"},
				"east": {"uv": [0, 0, 1, 2], "texture": "#4"},
				"south": {"uv": [0, 0, 1, 2], "texture": "#4"},
				"west": {"uv": [0, 0, 1, 2], "texture": "#4"},
				"up": {"uv": [0, 0, 1, 1], "rotation": 270, "texture": "#4"},
				"down": {"uv": [0, 0, 1, 1], "rotation": 90, "texture": "#4"}
			}
		},
		{
			"from": [10.50328, 3.1, 9.41924],
			"to": [11.50328, 5.1, 10.41924],
			"rotation": {"angle": 0, "axis": "y", "origin": [11.04784, 4.05, 9.94048]},
			"faces": {
				"north": {"uv": [9, 4, 10, 8], "texture": "#7"},
				"east": {"uv": [1, 2, 2, 6], "texture": "#7"},
				"south": {"uv": [1, 2, 2, 6], "texture": "#7"},
				"west": {"uv": [9, 4, 10, 8], "texture": "#7"},
				"up": {"uv": [1, 1, 6, 6], "rotation": 180, "texture": "#7"},
				"down": {"uv": [1, 1, 6, 6], "texture": "#7"}
			}
		},
		{
			"from": [10.08087, 3, 8.97716],
			"to": [12.08087, 5, 10.97716],
			"rotation": {"angle": 22.5, "axis": "y", "origin": [11.04784, 4.05, 9.94048]},
			"faces": {
				"north": {"uv": [0, 0, 2, 2], "texture": "#2"},
				"east": {"uv": [0, 0, 1.5, 2], "texture": "#2"},
				"south": {"uv": [0, 0, 2, 2], "texture": "#2"},
				"west": {"uv": [0, 0, 1.5, 2], "texture": "#2"},
				"up": {"uv": [0, 0, 8, 8], "rotation": 180, "texture": "#1"},
				"down": {"uv": [0, 0, 2, 1.5], "rotation": 180, "texture": "#2"}
			}
		},
		{
			"from": [9.31908, 3.1, 7.39593],
			"to": [10.31908, 5.1, 8.39593],
			"rotation": {"angle": 0, "axis": "y", "origin": [9.79784, 4.05, 7.94048]},
			"faces": {
				"north": {"uv": [9, 4, 10, 8], "texture": "#7"},
				"east": {"uv": [9, 4, 10, 8], "texture": "#7"},
				"south": {"uv": [1, 2, 2, 6], "texture": "#7"},
				"west": {"uv": [1, 2, 2, 6], "texture": "#7"},
				"up": {"uv": [1, 1, 6, 6], "rotation": 270, "texture": "#7"},
				"down": {"uv": [1, 1, 6, 6], "rotation": 270, "texture": "#7"}
			}
		},
		{
			"from": [8.76116, 3, 6.97352],
			"to": [10.76116, 5, 8.97352],
			"rotation": {"angle": 22.5, "axis": "y", "origin": [9.79784, 4.05, 7.94048]},
			"faces": {
				"north": {"uv": [0, 0, 1.5, 2], "texture": "#2"},
				"east": {"uv": [0, 0, 2, 2], "texture": "#2"},
				"south": {"uv": [0, 0, 1.5, 2], "texture": "#2"},
				"west": {"uv": [0, 0, 2, 2], "texture": "#2"},
				"up": {"uv": [0, 0, 8, 8], "rotation": 270, "texture": "#1"},
				"down": {"uv": [0, 0, 2, 1.5], "rotation": 90, "texture": "#2"}
			}
		},
		{
			"from": [8.52659, 3, 3.98504],
			"to": [11.52659, 5, 5.98504],
			"rotation": {"angle": 0, "axis": "y", "origin": [9.52659, 4, 4.98504]},
			"faces": {
				"north": {"uv": [0, 0, 2, 2], "texture": "#2"},
				"east": {"uv": [0, 0, 1.5, 2], "texture": "#2"},
				"south": {"uv": [0, 0, 2, 2], "texture": "#2"},
				"west": {"uv": [0, 0, 1.5, 2], "texture": "#2"},
				"up": {"uv": [0, 0, 9, 6], "rotation": 180, "texture": "#1"},
				"down": {"uv": [0, 0, 2, 1.5], "rotation": 180, "texture": "#2"}
			}
		},
		{
			"from": [8.2, 5, 3.9],
			"to": [10.7, 5.7, 6.1],
			"rotation": {"angle": 0, "axis": "y", "origin": [8.2, 5, 3.9]},
			"faces": {
				"north": {"uv": [0, 0, 6.5, 1.7], "texture": "#8"},
				"east": {"uv": [0, 0, 3.2, 1.7], "texture": "#8"},
				"south": {"uv": [0, 0, 6.5, 1.7], "texture": "#8"},
				"west": {"uv": [0, 0, 3.2, 1.7], "texture": "#8"},
				"up": {"uv": [0, 0, 5.5, 4.2], "texture": "#8"},
				"down": {"uv": [0, 0, 5.5, 4.2], "texture": "#8"}
			}
		},
		{
			"from": [10.5, 5, 4.05],
			"to": [12.5, 5.4, 5.85],
			"rotation": {"angle": 22.5, "axis": "z", "origin": [11.5, 5.2, 4.8]},
			"faces": {
				"north": {"uv": [3, 1, 14.8, 1.4], "texture": "#7"},
				"east": {"uv": [3, 1, 14.8, 1.4], "texture": "#7"},
				"south": {"uv": [3, 1, 14.8, 1.4], "texture": "#7"},
				"west": {"uv": [3, 1, 14.8, 1.4], "texture": "#7"},
				"up": {"uv": [3, 1, 15, 15], "texture": "#7"},
				"down": {"uv": [3, 1, 15, 15], "texture": "#7"}
			}
		},
		{
			"from": [8.27659, 3, 1.23504],
			"to": [11.27659, 5, 3.23504],
			"rotation": {"angle": 0, "axis": "y", "origin": [9.27659, 4, 2.23504]},
			"faces": {
				"north": {"uv": [0, 0, 2, 2], "texture": "#2"},
				"east": {"uv": [0, 0, 1.5, 2], "texture": "#2"},
				"south": {"uv": [0, 0, 2, 2], "texture": "#2"},
				"west": {"uv": [0, 0, 1.5, 2], "texture": "#2"},
				"up": {"uv": [0, 0, 9, 6], "rotation": 180, "texture": "#1"},
				"down": {"uv": [0, 0, 2, 1.5], "rotation": 180, "texture": "#2"}
			}
		},
		{
			"from": [10.25, 5, 1.3],
			"to": [12.25, 5.4, 3.1],
			"rotation": {"angle": 22.5, "axis": "z", "origin": [11.25, 5.2, 2.05]},
			"faces": {
				"north": {"uv": [3, 1, 14.8, 1.4], "texture": "#7"},
				"east": {"uv": [3, 1, 14.8, 1.4], "texture": "#7"},
				"south": {"uv": [3, 1, 14.8, 1.4], "texture": "#7"},
				"west": {"uv": [3, 1, 14.8, 1.4], "texture": "#7"},
				"up": {"uv": [3, 1, 15, 15], "texture": "#7"},
				"down": {"uv": [3, 1, 15, 15], "texture": "#7"}
			}
		},
		{
			"from": [7.95, 5, 1.15],
			"to": [10.45, 5.7, 3.35],
			"rotation": {"angle": 0, "axis": "y", "origin": [7.95, 5, 1.15]},
			"faces": {
				"north": {"uv": [0, 0, 6.5, 1.7], "texture": "#4"},
				"east": {"uv": [0, 0, 3.2, 1.7], "texture": "#4"},
				"south": {"uv": [0, 0, 6.5, 1.7], "texture": "#4"},
				"west": {"uv": [0, 0, 3.2, 1.7], "texture": "#4"},
				"up": {"uv": [0, 0, 5.5, 4.2], "texture": "#4"},
				"down": {"uv": [0, 0, 5.5, 4.2], "texture": "#4"}
			}
		},
		{
			"from": [4.1095, 3.61085, 14.41765],
			"to": [4.5184, 4.01975, 14.82655],
			"rotation": {"angle": 0, "axis": "y", "origin": [4.31395, 3.8153, 14.6221]},
			"faces": {
				"north": {"uv": [0, 0, 8.5, 8.5], "texture": "#9"},
				"east": {"uv": [0, 0, 8.5, 8.5], "texture": "#9"},
				"south": {"uv": [0, 0, 8.5, 8.5], "texture": "#9"},
				"west": {"uv": [0, 0, 8.5, 8.5], "texture": "#9"},
				"up": {"uv": [0, 0, 8.5, 8.5], "texture": "#9"},
				"down": {"uv": [0, 0, 8.5, 8.5], "texture": "#9"}
			}
		},
		{
			"from": [3.87895, 2.8003, 14.1871],
			"to": [4.74895, 3.6703, 15.0571],
			"rotation": {"angle": 22.5, "axis": "y", "origin": [4.31395, 3.2353, 14.6221]},
			"faces": {
				"north": {"uv": [0, 0, 8.5, 8.5], "texture": "#9"},
				"east": {"uv": [0, 0, 8.5, 8.5], "texture": "#9"},
				"south": {"uv": [0, 0, 8.5, 8.5], "texture": "#9"},
				"west": {"uv": [0, 0, 8.5, 8.5], "texture": "#9"},
				"up": {"uv": [0, 0, 8.5, 8.5], "texture": "#9"},
				"down": {"uv": [0, 0, 8.5, 8.5], "texture": "#9"}
			}
		},
		{
			"from": [5.94732, 2.63813, 13.90251],
			"to": [7.08772, 3.77853, 15.04291],
			"rotation": {"angle": 22.5, "axis": "y", "origin": [6.21368, 3.06708, 14.4415]},
			"faces": {
				"north": {"uv": [0, 7.5, 2, 16], "texture": "#10"},
				"east": {"uv": [0, 7, 1.5, 14.5], "texture": "#10"},
				"south": {"uv": [0, 8, 1.5, 15.5], "texture": "#10"},
				"west": {"uv": [0, 7.5, 1.5, 16], "texture": "#10"},
				"up": {"uv": [0, 7.5, 0.5, 16], "rotation": 90, "texture": "#10"},
				"down": {"uv": [0, 8, 1.5, 15.5], "rotation": 270, "texture": "#10"}
			}
		},
		{
			"from": [5.5979, 2.35563, 14.52602],
			"to": [6.73829, 3.49603, 15.66642],
			"rotation": {"angle": -22.5, "axis": "y", "origin": [6.21368, 3.06708, 14.4415]},
			"faces": {
				"north": {"uv": [0, 7.5, 2, 16], "texture": "#10"},
				"east": {"uv": [0, 7, 1.5, 14.5], "texture": "#10"},
				"south": {"uv": [0, 8, 1.5, 15.5], "texture": "#10"},
				"west": {"uv": [0, 7.5, 1.5, 16], "texture": "#10"},
				"up": {"uv": [0, 7.5, 0.5, 16], "rotation": 90, "texture": "#10"},
				"down": {"uv": [0, 8, 1.5, 15.5], "rotation": 270, "texture": "#10"}
			}
		}
	],
	"gui_light": "front",
	"display": {
		"thirdperson_righthand": {
			"rotation": [64, 105, -43],
			"translation": [-0.5, 5.75, 0],
			"scale": [0.6, 0.6, 0.6]
		},
		"thirdperson_lefthand": {
			"rotation": [64, 105, -43],
			"translation": [-0.5, 5.75, 0],
			"scale": [0.6, 0.6, 0.6]
		},
		"firstperson_righthand": {
			"rotation": [64, 105, -43],
			"translation": [-0.5, 5.75, 0],
			"scale": [0.6, 0.6, 0.6]
		},
		"firstperson_lefthand": {
			"rotation": [64, 105, -43],
			"translation": [-0.5, 5.75, 0],
			"scale": [0.6, 0.6, 0.6]
		},
		"ground": {
			"rotation": [0, -155, 0],
			"translation": [-0.5, 6, 0],
			"scale": [0.8, 0.8, 0.8]
		},
		"gui": {
			"rotation": [33, 119, 0],
			"translation": [0.25, 3.5, 0],
			"scale": [0.8, 0.8, 0.8]
		},
		"fixed": {
			"rotation": [-90, 0, 0],
			"translation": [0, 0.5, -13.25],
			"scale": [1.8, 1.8, 1.8]
		}
	}
}