{
	"credit": "Made with Blockbench",
	"textures": {
		"3": "block/polished_blackstone",
		"5": "block/stone",
		"6": "block/deepslate_redstone_ore",
		"particle": "block/deepslate_redstone_ore"
	},
	"elements": [
		{
			"from": [4, 0, 0],
			"to": [12, 8, 3],
			"rotation": {"angle": 0, "axis": "y", "origin": [4.5, 0.5, 0.5]},
			"faces": {
				"north": {"uv": [2, 0, 10, 8], "tintindex": 0,"texture": "#6"},
				"east": {"uv": [0, 0, 3, 8], "tintindex": 0,"texture": "#6"},
				"south": {"uv": [2, 0, 10, 8], "tintindex": 0,"texture": "#6"},
				"west": {"uv": [0, 0, 3, 8], "tintindex": 0,"texture": "#6"},
				"up": {"uv": [0, 0, 8, 3], "tintindex": 0,"texture": "#6"},
				"down": {"uv": [0, 0, 8, 3], "tintindex": 0,"texture": "#6"}
			}
		},
		{
			"from": [6, -12, 1],
			"to": [10, 0, 3],
			"rotation": {"angle": 0, "axis": "y", "origin": [14, -4, 9]},
			"faces": {
				"north": {"uv": [0, 0, 4, 12], "tintindex": 0,"texture": "#6"},
				"east": {"uv": [0, 0, 2, 12], "tintindex": 0,"texture": "#6"},
				"south": {"uv": [0, 0, 4, 12], "tintindex": 0,"texture": "#6"},
				"west": {"uv": [0, 0, 2, 12], "tintindex": 0,"texture": "#6"},
				"up": {"uv": [0, 0, 4, 2], "tintindex": 0,"texture": "#6"},
				"down": {"uv": [0, 0, 4, 2], "tintindex": 0,"texture": "#6"}
			}
		},
		{
			"from": [6, 8, 1],
			"to": [10, 20, 3],
			"rotation": {"angle": 0, "axis": "y", "origin": [14, 16, 9]},
			"faces": {
				"north": {"uv": [0, 0, 4, 12], "tintindex": 0,"texture": "#6"},
				"east": {"uv": [0, 0, 2, 12], "tintindex": 0,"texture": "#6"},
				"south": {"uv": [0, 0, 4, 12], "tintindex": 0,"texture": "#6"},
				"west": {"uv": [0, 0, 2, 12], "tintindex": 0,"texture": "#6"},
				"up": {"uv": [0, 0, 4, 2], "tintindex": 0,"texture": "#6"},
				"down": {"uv": [0, 0, 4, 2], "tintindex": 0,"texture": "#6"}
			}
		},
		{
			"from": [0.17157, 5.65685, 2],
			"to": [4.17157, 17.65685, 4],
			"rotation": {"angle": 45, "axis": "z", "origin": [2.17157, 11.65685, 3]},
			"faces": {
				"north": {"uv": [12, 4, 16, 16], "tintindex": 0,"texture": "#6"},
				"east": {"uv": [0, 0, 2, 12], "tintindex": 0,"texture": "#6"},
				"south": {"uv": [0, 0, 4, 12], "tintindex": 0,"texture": "#6"},
				"west": {"uv": [0, 0, 2, 12], "tintindex": 0,"texture": "#6"},
				"up": {"uv": [0, 0, 4, 2], "tintindex": 0,"texture": "#6"},
				"down": {"uv": [0, 0, 4, 2], "tintindex": 0,"texture": "#6"}
			}
		},
		{
			"from": [10.12132, -11.46447, 2],
			"to": [14.12132, 0.53553, 4],
			"rotation": {"angle": 45, "axis": "z", "origin": [8, -1.34315, 3]},
			"faces": {
				"north": {"uv": [12, 4, 16, 16], "rotation": 180, "tintindex": 0,"texture": "#6"},
				"east": {"uv": [0, 0, 2, 12], "rotation": 180, "tintindex": 0,"texture": "#6"},
				"south": {"uv": [0, 0, 4, 12], "rotation": 180, "tintindex": 0,"texture": "#6"},
				"west": {"uv": [0, 0, 2, 12], "rotation": 180, "tintindex": 0,"texture": "#6"},
				"up": {"uv": [0, 0, 4, 2], "rotation": 180, "tintindex": 0,"texture": "#6"},
				"down": {"uv": [0, 0, 4, 2], "rotation": 180, "tintindex": 0,"texture": "#6"}
			}
		},
		{
			"from": [11.82843, 5.65685, 2],
			"to": [15.82843, 17.65685, 4],
			"rotation": {"angle": -45, "axis": "z", "origin": [13.82843, 11.65685, 3]},
			"faces": {
				"north": {"uv": [12, 4, 16, 16], "tintindex": 0,"texture": "#6"},
				"east": {"uv": [0, 0, 2, 12], "tintindex": 0,"texture": "#6"},
				"south": {"uv": [0, 0, 4, 12], "tintindex": 0,"texture": "#6"},
				"west": {"uv": [0, 0, 2, 12], "tintindex": 0,"texture": "#6"},
				"up": {"uv": [0, 0, 4, 2], "tintindex": 0,"texture": "#6"},
				"down": {"uv": [0, 0, 4, 2], "tintindex": 0,"texture": "#6"}
			}
		},
		{
			"from": [-2.12132, 0.77817, 2],
			"to": [9.87868, 4.77817, 4],
			"rotation": {"angle": 45, "axis": "z", "origin": [8, -1.34315, 3]},
			"faces": {
				"north": {"uv": [12, 4, 16, 16], "rotation": 90, "tintindex": 0,"texture": "#6"},
				"east": {"uv": [0, 0, 4, 2], "rotation": 270, "tintindex": 0,"texture": "#6"},
				"south": {"uv": [0, 0, 4, 12], "rotation": 270, "tintindex": 0,"texture": "#6"},
				"west": {"uv": [0, 0, 4, 2], "rotation": 270, "tintindex": 0,"texture": "#6"},
				"up": {"uv": [0, 0, 2, 12], "rotation": 270, "tintindex": 0,"texture": "#6"},
				"down": {"uv": [0, 0, 2, 12], "rotation": 270, "tintindex": 0,"texture": "#6"}
			}
		},
		{
			"from": [0, -3, 3],
			"to": [16, 13, 7],
			"rotation": {"angle": 0, "axis": "y", "origin": [8, 5, 11]},
			"faces": {
				"north": {"uv": [0, 0, 16, 16], "tintindex": 0,"texture": "#3"},
				"east": {"uv": [0, 0, 4, 16], "tintindex": 0,"texture": "#3"},
				"south": {"uv": [0, 0, 16, 16], "tintindex": 0,"texture": "#3"},
				"west": {"uv": [0, 0, 4, 16], "tintindex": 0,"texture": "#3"},
				"up": {"uv": [0, 0, 16, 4], "tintindex": 0,"texture": "#3"},
				"down": {"uv": [0, 0, 16, 4], "tintindex": 0,"texture": "#3"}
			}
		},
		{
			"from": [-10.77791, -3, 5.14386],
			"to": [1.22209, 13, 9.14386],
			"rotation": {"angle": 22.5, "axis": "y", "origin": [-4.77791, 5, 7.14386]},
			"faces": {
				"north": {"uv": [0, 0, 12, 16], "tintindex": 0,"texture": "#3"},
				"east": {"uv": [0, 0, 4, 16], "tintindex": 0,"texture": "#3"},
				"south": {"uv": [0, 0, 12, 16], "tintindex": 0,"texture": "#3"},
				"west": {"uv": [0, 0, 4, 16], "tintindex": 0,"texture": "#3"},
				"up": {"uv": [0, 0, 12, 4], "tintindex": 0,"texture": "#3"},
				"down": {"uv": [0, 0, 12, 4], "tintindex": 0,"texture": "#3"}
			}
		},
		{
			"from": [0, -13.77791, 5.14386],
			"to": [16, -1.77791, 9.14386],
			"rotation": {"angle": -22.5, "axis": "x", "origin": [8, -7.77791, 7.14386]},
			"faces": {
				"north": {"uv": [0, 0, 12, 16], "rotation": 90, "tintindex": 0,"texture": "#3"},
				"east": {"uv": [0, 0, 12, 4], "rotation": 270, "tintindex": 0,"texture": "#3"},
				"south": {"uv": [0, 0, 12, 16], "rotation": 270, "tintindex": 0,"texture": "#3"},
				"west": {"uv": [0, 0, 12, 4], "rotation": 270, "tintindex": 0,"texture": "#3"},
				"up": {"uv": [0, 0, 4, 16], "rotation": 270, "tintindex": 0,"texture": "#3"},
				"down": {"uv": [0, 0, 4, 16], "rotation": 270, "tintindex": 0,"texture": "#3"}
			}
		},
		{
			"from": [14.77791, -3, 5.14386],
			"to": [26.77791, 13, 9.14386],
			"rotation": {"angle": -22.5, "axis": "y", "origin": [20.77791, 5, 7.14386]},
			"faces": {
				"north": {"uv": [0, 0, 12, 16], "tintindex": 0,"texture": "#3"},
				"east": {"uv": [0, 0, 4, 16], "tintindex": 0,"texture": "#3"},
				"south": {"uv": [0, 0, 12, 16], "tintindex": 0,"texture": "#3"},
				"west": {"uv": [0, 0, 4, 16], "tintindex": 0,"texture": "#3"},
				"up": {"uv": [0, 0, 12, 4], "tintindex": 0,"texture": "#3"},
				"down": {"uv": [0, 0, 12, 4], "tintindex": 0,"texture": "#3"}
			}
		},
		{
			"from": [0, 11.77791, 5.14386],
			"to": [16, 23.77791, 9.14386],
			"rotation": {"angle": 22.5, "axis": "x", "origin": [8, 17.77791, 7.14386]},
			"faces": {
				"north": {"uv": [0, 0, 12, 16], "rotation": 90, "tintindex": 0,"texture": "#3"},
				"east": {"uv": [0, 0, 12, 4], "rotation": 270, "tintindex": 0,"texture": "#3"},
				"south": {"uv": [0, 0, 12, 16], "rotation": 270, "tintindex": 0,"texture": "#3"},
				"west": {"uv": [0, 0, 12, 4], "rotation": 270, "tintindex": 0,"texture": "#3"},
				"up": {"uv": [0, 0, 4, 16], "rotation": 270, "tintindex": 0,"texture": "#3"},
				"down": {"uv": [0, 0, 4, 16], "rotation": 270, "tintindex": 0,"texture": "#3"}
			}
		},
		{
			"from": [6, 2, 9],
			"to": [10, 8, 11],
			"rotation": {"angle": 0, "axis": "y", "origin": [8, 5, 10]},
			"faces": {
				"north": {"uv": [0, 0, 4, 6], "tintindex": 0,"texture": "#5"},
				"east": {"uv": [0, 0, 2, 6], "tintindex": 0,"texture": "#5"},
				"south": {"uv": [0, 0, 4, 6], "tintindex": 0,"texture": "#5"},
				"west": {"uv": [0, 0, 2, 6], "tintindex": 0,"texture": "#5"},
				"up": {"uv": [0, 0, 4, 2], "tintindex": 0,"texture": "#5"},
				"down": {"uv": [0, 0, 4, 2], "tintindex": 0,"texture": "#5"}
			}
		},
		{
			"from": [6, 0, 7],
			"to": [10, 3, 9],
			"rotation": {"angle": 0, "axis": "y", "origin": [8, 3, 8]},
			"faces": {
				"north": {"uv": [0, 0, 4, 3], "tintindex": 0,"texture": "#5"},
				"east": {"uv": [0, 0, 2, 3], "tintindex": 0,"texture": "#5"},
				"south": {"uv": [0, 0, 4, 3], "tintindex": 0,"texture": "#5"},
				"west": {"uv": [0, 0, 2, 3], "tintindex": 0,"texture": "#5"},
				"up": {"uv": [0, 0, 4, 2], "tintindex": 0,"texture": "#5"},
				"down": {"uv": [0, 0, 4, 2], "tintindex": 0,"texture": "#5"}
			}
		},
		{
			"from": [6, 7, 7],
			"to": [10, 10, 9],
			"rotation": {"angle": 0, "axis": "y", "origin": [8, 10, 8]},
			"faces": {
				"north": {"uv": [0, 0, 4, 3], "tintindex": 0,"texture": "#5"},
				"east": {"uv": [0, 0, 2, 3], "tintindex": 0,"texture": "#5"},
				"south": {"uv": [0, 0, 4, 3], "tintindex": 0,"texture": "#5"},
				"west": {"uv": [0, 0, 2, 3], "tintindex": 0,"texture": "#5"},
				"up": {"uv": [0, 0, 4, 2], "tintindex": 0,"texture": "#5"},
				"down": {"uv": [0, 0, 4, 2], "tintindex": 0,"texture": "#5"}
			}
		}
	],
	"display": {
		"thirdperson_righthand": {
			"translation": [0.25, 16.5, -3]
		},
		"thirdperson_lefthand": {
			"translation": [0.25, 16.5, -3]
		},
		"firstperson_righthand": {
			"translation": [0.25, 16.5, -3]
		},
		"firstperson_lefthand": {
			"translation": [0.25, 16.5, -3]
		},
		"head": {
			"translation": [2.25, 10, -3.75],
			"scale": [4, 4, 4]
		}
	}
}