{
	"credit": "Made with Blockbench",
	"textures": {
		"1": "block/black_concrete",
		"3": "block/polished_blackstone",
		"6": "block/stone",
		"particle": "block/stone"
	},
	"elements": [
		{
			"from": [3, 0, 5],
			"to": [13, 10, 11],
			"rotation": {"angle": 0, "axis": "y", "origin": [7, 0.5, 9]},
			"faces": {
				"north": {"uv": [0, 0, 10, 10], "tintindex": 0,"texture": "#3"},
				"east": {"uv": [0, 0, 6, 10], "tintindex": 0,"texture": "#3"},
				"south": {"uv": [0, 0, 10, 10], "tintindex": 0,"texture": "#3"},
				"west": {"uv": [0, 0, 6, 10], "tintindex": 0,"texture": "#3"},
				"up": {"uv": [0, 0, 10, 6], "tintindex": 0,"texture": "#3"},
				"down": {"uv": [0, 0, 10, 6], "tintindex": 0,"texture": "#3"}
			}
		},
		{
			"from": [5.5, 0, 3],
			"to": [10.5, 5, 5],
			"rotation": {"angle": -22.5, "axis": "x", "origin": [8, 1.5, 3.5]},
			"faces": {
				"north": {"uv": [0, 0, 5, 5], "tintindex": 0,"texture": "#3"},
				"east": {"uv": [0, 0, 2, 5], "tintindex": 0,"texture": "#3"},
				"south": {"uv": [0, 0, 5, 5], "tintindex": 0,"texture": "#3"},
				"west": {"uv": [0, 0, 2, 5], "tintindex": 0,"texture": "#3"},
				"up": {"uv": [0, 0, 5, 2], "tintindex": 0,"texture": "#3"},
				"down": {"uv": [0, 0, 5, 2], "tintindex": 0,"texture": "#3"}
			}
		},
		{
			"from": [6, 7.75, 1.5],
			"to": [10, 8.75, 2.5],
			"rotation": {"angle": 0, "axis": "y", "origin": [9, 8.25, 2]},
			"faces": {
				"north": {"uv": [0, 0, 4, 1], "tintindex": 0,"texture": "#6"},
				"east": {"uv": [0, 0, 1, 1], "tintindex": 0,"texture": "#6"},
				"south": {"uv": [0, 0, 4, 1], "tintindex": 0,"texture": "#6"},
				"west": {"uv": [0, 0, 1, 1], "tintindex": 0,"texture": "#6"},
				"up": {"uv": [0, 0, 4, 1], "tintindex": 0,"texture": "#6"},
				"down": {"uv": [0, 0, 4, 1], "tintindex": 0,"texture": "#6"}
			}
		},
		{
			"from": [6, 4.75, 1.5],
			"to": [10, 5.75, 2.5],
			"rotation": {"angle": 0, "axis": "y", "origin": [9, 5.25, 2]},
			"faces": {
				"north": {"uv": [0, 0, 4, 1], "tintindex": 0,"texture": "#6"},
				"east": {"uv": [0, 0, 1, 1], "tintindex": 0,"texture": "#6"},
				"south": {"uv": [0, 0, 4, 1], "tintindex": 0,"texture": "#6"},
				"west": {"uv": [0, 0, 1, 1], "tintindex": 0,"texture": "#6"},
				"up": {"uv": [0, 0, 4, 1], "tintindex": 0,"texture": "#6"},
				"down": {"uv": [0, 0, 4, 1], "tintindex": 0,"texture": "#6"}
			}
		},
		{
			"from": [9, 5.75, 1.5],
			"to": [10, 7.75, 2.5],
			"rotation": {"angle": 0, "axis": "z", "origin": [9.5, 8.75, 2]},
			"faces": {
				"north": {"uv": [0, 0, 2, 1], "rotation": 90, "tintindex": 0,"texture": "#6"},
				"east": {"uv": [0, 0, 2, 1], "rotation": 270, "tintindex": 0,"texture": "#6"},
				"south": {"uv": [0, 0, 2, 1], "rotation": 270, "tintindex": 0,"texture": "#6"},
				"west": {"uv": [0, 0, 2, 1], "rotation": 270, "tintindex": 0,"texture": "#6"},
				"up": {"uv": [0, 0, 1, 1], "rotation": 270, "tintindex": 0,"texture": "#6"},
				"down": {"uv": [0, 0, 1, 1], "rotation": 270, "tintindex": 0,"texture": "#6"}
			}
		},
		{
			"from": [10.91421, 5.75, 3.12132],
			"to": [11.91421, 7.75, 4.12132],
			"rotation": {"angle": 45, "axis": "y", "origin": [11.41421, 8.75, 3.62132]},
			"faces": {
				"north": {"uv": [0, 0, 2, 1], "rotation": 90, "tintindex": 0,"texture": "#6"},
				"east": {"uv": [0, 0, 2, 1], "rotation": 270, "tintindex": 0,"texture": "#6"},
				"south": {"uv": [0, 0, 2, 1], "rotation": 270, "tintindex": 0,"texture": "#6"},
				"west": {"uv": [0, 0, 2, 1], "rotation": 270, "tintindex": 0,"texture": "#6"},
				"up": {"uv": [0, 0, 1, 1], "rotation": 270, "tintindex": 0,"texture": "#6"},
				"down": {"uv": [0, 0, 1, 1], "rotation": 270, "tintindex": 0,"texture": "#6"}
			}
		},
		{
			"from": [4.08579, 5.75, 3.12132],
			"to": [5.08579, 7.75, 4.12132],
			"rotation": {"angle": 45, "axis": "y", "origin": [4.58579, 8.75, 3.62132]},
			"faces": {
				"north": {"uv": [0, 0, 2, 1], "rotation": 90, "tintindex": 0,"texture": "#6"},
				"east": {"uv": [0, 0, 2, 1], "rotation": 270, "tintindex": 0,"texture": "#6"},
				"south": {"uv": [0, 0, 2, 1], "rotation": 270, "tintindex": 0,"texture": "#6"},
				"west": {"uv": [0, 0, 2, 1], "rotation": 270, "tintindex": 0,"texture": "#6"},
				"up": {"uv": [0, 0, 1, 1], "rotation": 270, "tintindex": 0,"texture": "#6"},
				"down": {"uv": [0, 0, 1, 1], "rotation": 270, "tintindex": 0,"texture": "#6"}
			}
		},
		{
			"from": [6, 5.75, 1.5],
			"to": [7, 7.75, 2.5],
			"rotation": {"angle": 0, "axis": "z", "origin": [6.5, 8.75, 2]},
			"faces": {
				"north": {"uv": [0, 0, 2, 1], "rotation": 90, "tintindex": 0,"texture": "#6"},
				"east": {"uv": [0, 0, 2, 1], "rotation": 270, "tintindex": 0,"texture": "#6"},
				"south": {"uv": [0, 0, 2, 1], "rotation": 270, "tintindex": 0,"texture": "#6"},
				"west": {"uv": [0, 0, 2, 1], "rotation": 270, "tintindex": 0,"texture": "#6"},
				"up": {"uv": [0, 0, 1, 1], "rotation": 270, "tintindex": 0,"texture": "#6"},
				"down": {"uv": [0, 0, 1, 1], "rotation": 270, "tintindex": 0,"texture": "#6"}
			}
		},
		{
			"from": [3.64645, 7.75, 2.06066],
			"to": [6.64645, 8.75, 3.06066],
			"rotation": {"angle": 45, "axis": "y", "origin": [5.64645, 8.25, 2.56066]},
			"faces": {
				"north": {"uv": [0, 0, 3, 1], "tintindex": 0,"texture": "#6"},
				"east": {"uv": [0, 0, 1, 1], "tintindex": 0,"texture": "#6"},
				"south": {"uv": [0, 0, 3, 1], "tintindex": 0,"texture": "#6"},
				"west": {"uv": [0, 0, 1, 1], "tintindex": 0,"texture": "#6"},
				"up": {"uv": [0, 0, 3, 1], "tintindex": 0,"texture": "#6"},
				"down": {"uv": [0, 0, 3, 1], "tintindex": 0,"texture": "#6"}
			}
		},
		{
			"from": [3.87868, 7.75, 3.62132],
			"to": [4.87868, 8.75, 6.62132],
			"rotation": {"angle": 0, "axis": "y", "origin": [4.37868, 8.25, 4.62132]},
			"faces": {
				"north": {"uv": [0, 0, 1, 1], "tintindex": 0,"texture": "#6"},
				"east": {"uv": [0, 0, 3, 1], "tintindex": 0,"texture": "#6"},
				"south": {"uv": [0, 0, 1, 1], "tintindex": 0,"texture": "#6"},
				"west": {"uv": [0, 0, 3, 1], "tintindex": 0,"texture": "#6"},
				"up": {"uv": [0, 0, 3, 1], "rotation": 270, "tintindex": 0,"texture": "#6"},
				"down": {"uv": [0, 0, 3, 1], "rotation": 90, "tintindex": 0,"texture": "#6"}
			}
		},
		{
			"from": [3.87868, 4.75, 3.62132],
			"to": [4.87868, 5.75, 6.62132],
			"rotation": {"angle": 0, "axis": "y", "origin": [4.37868, 5.25, 4.62132]},
			"faces": {
				"north": {"uv": [0, 0, 1, 1], "tintindex": 0,"texture": "#6"},
				"east": {"uv": [0, 0, 3, 1], "tintindex": 0,"texture": "#6"},
				"south": {"uv": [0, 0, 1, 1], "tintindex": 0,"texture": "#6"},
				"west": {"uv": [0, 0, 3, 1], "tintindex": 0,"texture": "#6"},
				"up": {"uv": [0, 0, 3, 1], "rotation": 270, "tintindex": 0,"texture": "#6"},
				"down": {"uv": [0, 0, 3, 1], "rotation": 90, "tintindex": 0,"texture": "#6"}
			}
		},
		{
			"from": [11.12132, 4.75, 3.62132],
			"to": [12.12132, 5.75, 6.62132],
			"rotation": {"angle": 0, "axis": "y", "origin": [11.62132, 5.25, 4.62132]},
			"faces": {
				"north": {"uv": [0, 0, 1, 1], "tintindex": 0,"texture": "#6"},
				"east": {"uv": [0, 0, 3, 1], "tintindex": 0,"texture": "#6"},
				"south": {"uv": [0, 0, 1, 1], "tintindex": 0,"texture": "#6"},
				"west": {"uv": [0, 0, 3, 1], "tintindex": 0,"texture": "#6"},
				"up": {"uv": [0, 0, 3, 1], "rotation": 270, "tintindex": 0,"texture": "#6"},
				"down": {"uv": [0, 0, 3, 1], "rotation": 90, "tintindex": 0,"texture": "#6"}
			}
		},
		{
			"from": [11.12132, 7.75, 3.62132],
			"to": [12.12132, 8.75, 6.62132],
			"rotation": {"angle": 0, "axis": "y", "origin": [11.62132, 8.25, 4.62132]},
			"faces": {
				"north": {"uv": [0, 0, 1, 1], "tintindex": 0,"texture": "#6"},
				"east": {"uv": [0, 0, 3, 1], "tintindex": 0,"texture": "#6"},
				"south": {"uv": [0, 0, 1, 1], "tintindex": 0,"texture": "#6"},
				"west": {"uv": [0, 0, 3, 1], "tintindex": 0,"texture": "#6"},
				"up": {"uv": [0, 0, 3, 1], "rotation": 270, "tintindex": 0,"texture": "#6"},
				"down": {"uv": [0, 0, 3, 1], "rotation": 90, "tintindex": 0,"texture": "#6"}
			}
		},
		{
			"from": [3.64645, 4.75, 2.06066],
			"to": [6.64645, 5.75, 3.06066],
			"rotation": {"angle": 45, "axis": "y", "origin": [5.64645, 5.25, 2.56066]},
			"faces": {
				"north": {"uv": [0, 0, 3, 1], "tintindex": 0,"texture": "#6"},
				"east": {"uv": [0, 0, 1, 1], "tintindex": 0,"texture": "#6"},
				"south": {"uv": [0, 0, 3, 1], "tintindex": 0,"texture": "#6"},
				"west": {"uv": [0, 0, 1, 1], "tintindex": 0,"texture": "#6"},
				"up": {"uv": [0, 0, 3, 1], "tintindex": 0,"texture": "#6"},
				"down": {"uv": [0, 0, 3, 1], "tintindex": 0,"texture": "#6"}
			}
		},
		{
			"from": [9.85355, 7.75, 1.56066],
			"to": [10.85355, 8.75, 4.56066],
			"rotation": {"angle": 45, "axis": "y", "origin": [10.35355, 8.25, 2.56066]},
			"faces": {
				"north": {"uv": [0, 0, 1, 1], "tintindex": 0,"texture": "#6"},
				"east": {"uv": [0, 0, 3, 1], "tintindex": 0,"texture": "#6"},
				"south": {"uv": [0, 0, 1, 1], "tintindex": 0,"texture": "#6"},
				"west": {"uv": [0, 0, 3, 1], "tintindex": 0,"texture": "#6"},
				"up": {"uv": [0, 0, 3, 1], "rotation": 270, "tintindex": 0,"texture": "#6"},
				"down": {"uv": [0, 0, 3, 1], "rotation": 90, "tintindex": 0,"texture": "#6"}
			}
		},
		{
			"from": [9.85355, 4.75, 1.56066],
			"to": [10.85355, 5.75, 4.56066],
			"rotation": {"angle": 45, "axis": "y", "origin": [10.35355, 5.25, 2.56066]},
			"faces": {
				"north": {"uv": [0, 0, 1, 1], "tintindex": 0,"texture": "#6"},
				"east": {"uv": [0, 0, 3, 1], "tintindex": 0,"texture": "#6"},
				"south": {"uv": [0, 0, 1, 1], "tintindex": 0,"texture": "#6"},
				"west": {"uv": [0, 0, 3, 1], "tintindex": 0,"texture": "#6"},
				"up": {"uv": [0, 0, 3, 1], "rotation": 270, "tintindex": 0,"texture": "#6"},
				"down": {"uv": [0, 0, 3, 1], "rotation": 90, "tintindex": 0,"texture": "#6"}
			}
		},
		{
			"from": [3.5, 1, 3],
			"to": [6.5, 5, 5],
			"rotation": {"angle": 45, "axis": "y", "origin": [5, 3, 4]},
			"faces": {
				"north": {"uv": [0, 0, 3, 4], "tintindex": 0,"texture": "#3"},
				"east": {"uv": [0, 0, 2, 4], "tintindex": 0,"texture": "#3"},
				"south": {"uv": [0, 0, 3, 4], "tintindex": 0,"texture": "#3"},
				"west": {"uv": [0, 0, 2, 4], "tintindex": 0,"texture": "#3"},
				"up": {"uv": [0, 0, 3, 2], "tintindex": 0,"texture": "#3"},
				"down": {"uv": [0, 0, 3, 2], "tintindex": 0,"texture": "#3"}
			}
		},
		{
			"from": [10, 1, 2.5],
			"to": [12, 5, 5.5],
			"rotation": {"angle": 45, "axis": "y", "origin": [11, 3, 4]},
			"faces": {
				"north": {"uv": [0, 0, 2, 4], "tintindex": 0,"texture": "#3"},
				"east": {"uv": [0, 0, 3, 4], "tintindex": 0,"texture": "#3"},
				"south": {"uv": [0, 0, 2, 4], "tintindex": 0,"texture": "#3"},
				"west": {"uv": [0, 0, 3, 4], "tintindex": 0,"texture": "#3"},
				"up": {"uv": [0, 0, 3, 2], "rotation": 270, "tintindex": 0,"texture": "#3"},
				"down": {"uv": [0, 0, 3, 2], "rotation": 90, "tintindex": 0,"texture": "#3"}
			}
		},
		{
			"from": [4.5, 4.75, 4],
			"to": [11.5, 8.75, 5],
			"rotation": {"angle": 0, "axis": "y", "origin": [5, 5.25, 4.5]},
			"faces": {
				"north": {"uv": [0, 0, 7, 4], "tintindex": 0,"texture": "#1"},
				"east": {"uv": [0, 0, 1, 4], "tintindex": 0,"texture": "#1"},
				"south": {"uv": [0, 0, 7, 4], "tintindex": 0,"texture": "#1"},
				"west": {"uv": [0, 0, 1, 4], "tintindex": 0,"texture": "#1"},
				"up": {"uv": [0, 0, 7, 1], "tintindex": 0,"texture": "#1"},
				"down": {"uv": [0, 0, 7, 1], "tintindex": 0,"texture": "#1"}
			}
		},
		{
			"from": [5.5, 8.75, 2],
			"to": [10.5, 10.75, 5],
			"rotation": {"angle": 0, "axis": "y", "origin": [6, 9.25, 2.5]},
			"faces": {
				"north": {"uv": [0, 0, 5, 2], "tintindex": 0,"texture": "#3"},
				"east": {"uv": [0, 0, 3, 2], "tintindex": 0,"texture": "#3"},
				"south": {"uv": [0, 0, 5, 2], "tintindex": 0,"texture": "#3"},
				"west": {"uv": [0, 0, 3, 2], "tintindex": 0,"texture": "#3"},
				"up": {"uv": [0, 0, 5, 3], "tintindex": 0,"texture": "#3"},
				"down": {"uv": [0, 0, 5, 3], "tintindex": 0,"texture": "#3"}
			}
		},
		{
			"from": [4.5, 8.75, 3],
			"to": [11.5, 11.75, 12],
			"rotation": {"angle": 0, "axis": "y", "origin": [5, 9.25, 3.5]},
			"faces": {
				"north": {"uv": [0, 0, 7, 3], "tintindex": 0,"texture": "#3"},
				"east": {"uv": [0, 0, 9, 3], "tintindex": 0,"texture": "#3"},
				"south": {"uv": [0, 0, 7, 3], "tintindex": 0,"texture": "#3"},
				"west": {"uv": [0, 0, 9, 3], "tintindex": 0,"texture": "#3"},
				"up": {"uv": [0, 0, 7, 9], "tintindex": 0,"texture": "#3"},
				"down": {"uv": [0, 0, 7, 9], "tintindex": 0,"texture": "#3"}
			}
		},
		{
			"from": [4, 0, 11],
			"to": [12, 10, 13],
			"rotation": {"angle": 0, "axis": "x", "origin": [7.5, 4.5, 12.5]},
			"faces": {
				"north": {"uv": [0, 0, 8, 10], "rotation": 180, "tintindex": 0,"texture": "#3"},
				"east": {"uv": [0, 0, 10, 2], "rotation": 270, "tintindex": 0,"texture": "#3"},
				"south": {"uv": [0, 0, 8, 10], "tintindex": 0,"texture": "#3"},
				"west": {"uv": [0, 0, 10, 2], "rotation": 90, "tintindex": 0,"texture": "#3"},
				"up": {"uv": [0, 0, 8, 2], "rotation": 180, "tintindex": 0,"texture": "#3"},
				"down": {"uv": [0, 0, 8, 2], "tintindex": 0,"texture": "#3"}
			}
		},
		{
			"from": [1, 0, 4],
			"to": [2, 5, 11],
			"rotation": {"angle": 0, "axis": "y", "origin": [9, 8, 12]},
			"faces": {
				"north": {"uv": [0, 0, 1, 5], "tintindex": 0,"texture": "#3"},
				"east": {"uv": [0, 0, 7, 5], "tintindex": 0,"texture": "#3"},
				"south": {"uv": [0, 0, 1, 5], "tintindex": 0,"texture": "#3"},
				"west": {"uv": [0, 0, 7, 5], "tintindex": 0,"texture": "#3"},
				"up": {"uv": [0, 0, 1, 7], "tintindex": 0,"texture": "#3"},
				"down": {"uv": [0, 0, 1, 7], "tintindex": 0,"texture": "#3"}
			}
		},
		{
			"from": [4.5, 0, 14],
			"to": [11.5, 5, 15],
			"rotation": {"angle": 0, "axis": "y", "origin": [8, 2.5, 14.5]},
			"faces": {
				"north": {"uv": [0, 0, 7, 5], "tintindex": 0,"texture": "#3"},
				"east": {"uv": [0, 0, 1, 5], "tintindex": 0,"texture": "#3"},
				"south": {"uv": [0, 0, 7, 5], "tintindex": 0,"texture": "#3"},
				"west": {"uv": [0, 0, 1, 5], "tintindex": 0,"texture": "#3"},
				"up": {"uv": [0, 0, 1, 7], "rotation": 270, "tintindex": 0,"texture": "#3"},
				"down": {"uv": [0, 0, 1, 7], "rotation": 90, "tintindex": 0,"texture": "#3"}
			}
		},
		{
			"from": [2.5, 0, 10],
			"to": [3.5, 6, 15],
			"rotation": {"angle": 45, "axis": "y", "origin": [3, 2.5, 12.5]},
			"faces": {
				"north": {"uv": [0, 0, 1, 6], "tintindex": 0,"texture": "#3"},
				"east": {"uv": [0, 0, 5, 6], "tintindex": 0,"texture": "#3"},
				"south": {"uv": [0, 0, 1, 6], "tintindex": 0,"texture": "#3"},
				"west": {"uv": [0, 0, 5, 6], "tintindex": 0,"texture": "#3"},
				"up": {"uv": [0, 0, 1, 5], "rotation": 180, "tintindex": 0,"texture": "#3"},
				"down": {"uv": [0, 0, 1, 5], "rotation": 180, "tintindex": 0,"texture": "#3"}
			}
		},
		{
			"from": [10.96231, 0, 3.41942],
			"to": [11.96231, 6, 8.41942],
			"rotation": {"angle": 45, "axis": "y", "origin": [7.93934, 3, 2.45711]},
			"faces": {
				"north": {"uv": [0, 0, 1, 6], "tintindex": 0,"texture": "#3"},
				"east": {"uv": [0, 0, 5, 6], "tintindex": 0,"texture": "#3"},
				"south": {"uv": [0, 0, 1, 6], "tintindex": 0,"texture": "#3"},
				"west": {"uv": [0, 0, 5, 6], "tintindex": 0,"texture": "#3"},
				"up": {"uv": [0, 0, 1, 5], "tintindex": 0,"texture": "#3"},
				"down": {"uv": [0, 0, 1, 5], "tintindex": 0,"texture": "#3"}
			}
		},
		{
			"from": [12.37868, 0, 9.91421],
			"to": [13.37868, 6, 14.91421],
			"rotation": {"angle": -45, "axis": "y", "origin": [12.87868, 2.5, 12.41421]},
			"faces": {
				"north": {"uv": [0, 0, 1, 6], "tintindex": 0,"texture": "#3"},
				"east": {"uv": [0, 0, 5, 6], "tintindex": 0,"texture": "#3"},
				"south": {"uv": [0, 0, 1, 6], "tintindex": 0,"texture": "#3"},
				"west": {"uv": [0, 0, 5, 6], "tintindex": 0,"texture": "#3"},
				"up": {"uv": [0, 0, 1, 5], "tintindex": 0,"texture": "#3"},
				"down": {"uv": [0, 0, 1, 5], "tintindex": 0,"texture": "#3"}
			}
		},
		{
			"from": [1.91637, 0, -1.5052],
			"to": [6.91637, 6, -0.5052],
			"rotation": {"angle": 45, "axis": "y", "origin": [7.93934, 3, 2.45711]},
			"faces": {
				"north": {"uv": [0, 0, 5, 6], "tintindex": 0,"texture": "#3"},
				"east": {"uv": [0, 0, 1, 6], "tintindex": 0,"texture": "#3"},
				"south": {"uv": [0, 0, 5, 6], "tintindex": 0,"texture": "#3"},
				"west": {"uv": [0, 0, 1, 6], "tintindex": 0,"texture": "#3"},
				"up": {"uv": [0, 0, 1, 5], "rotation": 270, "tintindex": 0,"texture": "#3"},
				"down": {"uv": [0, 0, 1, 5], "rotation": 90, "tintindex": 0,"texture": "#3"}
			}
		},
		{
			"from": [14, 0, 4],
			"to": [15, 5, 11],
			"rotation": {"angle": 0, "axis": "y", "origin": [22, 8, 12]},
			"faces": {
				"north": {"uv": [0, 0, 1, 5], "tintindex": 0,"texture": "#3"},
				"east": {"uv": [0, 0, 7, 5], "tintindex": 0,"texture": "#3"},
				"south": {"uv": [0, 0, 1, 5], "tintindex": 0,"texture": "#3"},
				"west": {"uv": [0, 0, 7, 5], "tintindex": 0,"texture": "#3"},
				"up": {"uv": [0, 0, 1, 7], "tintindex": 0,"texture": "#3"},
				"down": {"uv": [0, 0, 1, 7], "tintindex": 0,"texture": "#3"}
			}
		},
		{
			"from": [0, 9, 7],
			"to": [5, 12, 10],
			"rotation": {"angle": -22.5, "axis": "z", "origin": [2.5, 10.5, 8.5]},
			"faces": {
				"north": {"uv": [0, 0, 5, 3], "tintindex": 0,"texture": "#3"},
				"east": {"uv": [0, 0, 3, 3], "tintindex": 0,"texture": "#3"},
				"south": {"uv": [0, 0, 5, 3], "tintindex": 0,"texture": "#3"},
				"west": {"uv": [0, 0, 3, 3], "tintindex": 0,"texture": "#3"},
				"up": {"uv": [0, 0, 5, 3], "tintindex": 0,"texture": "#3"},
				"down": {"uv": [0, 0, 5, 3], "tintindex": 0,"texture": "#3"}
			}
		},
		{
			"from": [-2.21998, 10.30237, 7.5],
			"to": [0.78002, 17.30237, 9.5],
			"rotation": {"angle": 22.5, "axis": "z", "origin": [-0.71998, 14.80237, 9]},
			"faces": {
				"north": {"uv": [0, 0, 7, 3], "rotation": 270, "tintindex": 0,"texture": "#3"},
				"east": {"uv": [0, 0, 7, 2], "rotation": 90, "tintindex": 0,"texture": "#3"},
				"south": {"uv": [0, 0, 7, 3], "rotation": 90, "tintindex": 0,"texture": "#3"},
				"west": {"uv": [0, 0, 7, 2], "rotation": 90, "tintindex": 0,"texture": "#3"},
				"up": {"uv": [0, 0, 2, 3], "rotation": 90, "tintindex": 0,"texture": "#3"},
				"down": {"uv": [0, 0, 2, 3], "rotation": 90, "tintindex": 0,"texture": "#3"}
			}
		},
		{
			"from": [14.21998, 10.30237, 7.5],
			"to": [17.21998, 17.30237, 9.5],
			"rotation": {"angle": -22.5, "axis": "z", "origin": [15.71998, 14.80237, 9]},
			"faces": {
				"north": {"uv": [0, 0, 7, 3], "rotation": 270, "tintindex": 0,"texture": "#3"},
				"east": {"uv": [0, 0, 7, 2], "rotation": 90, "tintindex": 0,"texture": "#3"},
				"south": {"uv": [0, 0, 7, 3], "rotation": 90, "tintindex": 0,"texture": "#3"},
				"west": {"uv": [0, 0, 7, 2], "rotation": 90, "tintindex": 0,"texture": "#3"},
				"up": {"uv": [0, 0, 2, 3], "rotation": 90, "tintindex": 0,"texture": "#3"},
				"down": {"uv": [0, 0, 2, 3], "rotation": 90, "tintindex": 0,"texture": "#3"}
			}
		},
		{
			"from": [10, 9, 7],
			"to": [15, 12, 10],
			"rotation": {"angle": 22.5, "axis": "z", "origin": [12.5, 10.5, 8.5]},
			"faces": {
				"north": {"uv": [0, 0, 5, 3], "tintindex": 0,"texture": "#3"},
				"east": {"uv": [0, 0, 3, 3], "tintindex": 0,"texture": "#3"},
				"south": {"uv": [0, 0, 5, 3], "tintindex": 0,"texture": "#3"},
				"west": {"uv": [0, 0, 3, 3], "tintindex": 0,"texture": "#3"},
				"up": {"uv": [0, 0, 5, 3], "tintindex": 0,"texture": "#3"},
				"down": {"uv": [0, 0, 5, 3], "tintindex": 0,"texture": "#3"}
			}
		}
	],
	"display": {
		"head": {
			"translation": [0, 7.25, 0],
			"scale": [2, 2, 2]
		}
	}
}