{
	"credit": "Made with Blockbench",
	"textures": {
		"1": "block/black_concrete",
		"3": "block/polished_blackstone",
		"4": "block/cracked_polished_blackstone_bricks",
		"6": "block/deepslate_redstone_ore",
		"particle": "block/deepslate_redstone_ore"
	},
	"elements": [
		{
			"from": [5.5, 19.5, 6.5],
			"to": [10.5, 25.5, 9.5],
			"rotation": {"angle": 0, "axis": "y", "origin": [7.5, 19.75, 8.5]},
			"faces": {
				"north": {"uv": [0, 0, 10, 10], "tintindex": 0,"texture": "#3"},
				"east": {"uv": [0, 0, 6, 10], "tintindex": 0,"texture": "#3"},
				"south": {"uv": [0, 0, 10, 10], "tintindex": 0,"texture": "#3"},
				"west": {"uv": [0, 0, 6, 10], "tintindex": 0,"texture": "#3"},
				"up": {"uv": [0, 0, 10, 6], "tintindex": 0,"texture": "#3"},
				"down": {"uv": [0, 0, 10, 6], "tintindex": 0,"texture": "#3"}
			}
		},
		{
			"from": [6.75, 20.5, 5.5],
			"to": [9.25, 23, 6.5],
			"rotation": {"angle": -22.5, "axis": "x", "origin": [8, 21.25, 5.75]},
			"faces": {
				"north": {"uv": [0, 0, 5, 5], "tintindex": 0,"texture": "#3"},
				"east": {"uv": [0, 0, 2, 5], "tintindex": 0,"texture": "#3"},
				"south": {"uv": [0, 0, 5, 5], "tintindex": 0,"texture": "#3"},
				"west": {"uv": [0, 0, 2, 5], "tintindex": 0,"texture": "#3"},
				"up": {"uv": [0, 0, 5, 2], "tintindex": 0,"texture": "#3"},
				"down": {"uv": [0, 0, 5, 2], "tintindex": 0,"texture": "#3"}
			}
		},
		{
			"from": [7, 24.375, 4.75],
			"to": [9, 24.875, 5.25],
			"rotation": {"angle": 0, "axis": "y", "origin": [8.5, 24.625, 5]},
			"faces": {
				"north": {"uv": [0, 0, 4, 1], "tintindex": 0,"texture": "#6"},
				"east": {"uv": [0, 0, 1, 1], "tintindex": 0,"texture": "#6"},
				"south": {"uv": [0, 0, 4, 1], "tintindex": 0,"texture": "#6"},
				"west": {"uv": [0, 0, 1, 1], "tintindex": 0,"texture": "#6"},
				"up": {"uv": [0, 0, 4, 1], "tintindex": 0,"texture": "#6"},
				"down": {"uv": [0, 0, 4, 1], "tintindex": 0,"texture": "#6"}
			}
		},
		{
			"from": [7, 22.875, 4.75],
			"to": [9, 23.375, 5.25],
			"rotation": {"angle": 0, "axis": "y", "origin": [8.5, 23.125, 5]},
			"faces": {
				"north": {"uv": [0, 0, 4, 1], "tintindex": 0,"texture": "#6"},
				"east": {"uv": [0, 0, 1, 1], "tintindex": 0,"texture": "#6"},
				"south": {"uv": [0, 0, 4, 1], "tintindex": 0,"texture": "#6"},
				"west": {"uv": [0, 0, 1, 1], "tintindex": 0,"texture": "#6"},
				"up": {"uv": [0, 0, 4, 1], "tintindex": 0,"texture": "#6"},
				"down": {"uv": [0, 0, 4, 1], "tintindex": 0,"texture": "#6"}
			}
		},
		{
			"from": [8.5, 23.375, 4.75],
			"to": [9, 24.375, 5.25],
			"rotation": {"angle": 0, "axis": "z", "origin": [8.75, 24.875, 5]},
			"faces": {
				"north": {"uv": [0, 0, 2, 1], "rotation": 90, "tintindex": 0,"texture": "#6"},
				"east": {"uv": [0, 0, 2, 1], "rotation": 270, "tintindex": 0,"texture": "#6"},
				"south": {"uv": [0, 0, 2, 1], "rotation": 270, "tintindex": 0,"texture": "#6"},
				"west": {"uv": [0, 0, 2, 1], "rotation": 270, "tintindex": 0,"texture": "#6"},
				"up": {"uv": [0, 0, 1, 1], "rotation": 270, "tintindex": 0,"texture": "#6"},
				"down": {"uv": [0, 0, 1, 1], "rotation": 270, "tintindex": 0,"texture": "#6"}
			}
		},
		{
			"from": [9.45711, 23.375, 5.56066],
			"to": [9.95711, 24.375, 6.06066],
			"rotation": {"angle": 45, "axis": "y", "origin": [9.70711, 24.875, 5.81066]},
			"faces": {
				"north": {"uv": [0, 0, 2, 1], "rotation": 90, "tintindex": 0,"texture": "#6"},
				"east": {"uv": [0, 0, 2, 1], "rotation": 270, "tintindex": 0,"texture": "#6"},
				"south": {"uv": [0, 0, 2, 1], "rotation": 270, "tintindex": 0,"texture": "#6"},
				"west": {"uv": [0, 0, 2, 1], "rotation": 270, "tintindex": 0,"texture": "#6"},
				"up": {"uv": [0, 0, 1, 1], "rotation": 270, "tintindex": 0,"texture": "#6"},
				"down": {"uv": [0, 0, 1, 1], "rotation": 270, "tintindex": 0,"texture": "#6"}
			}
		},
		{
			"from": [6.0429, 23.375, 5.56066],
			"to": [6.5429, 24.375, 6.06066],
			"rotation": {"angle": 45, "axis": "y", "origin": [6.2929, 24.875, 5.81066]},
			"faces": {
				"north": {"uv": [0, 0, 2, 1], "rotation": 90, "tintindex": 0,"texture": "#6"},
				"east": {"uv": [0, 0, 2, 1], "rotation": 270, "tintindex": 0,"texture": "#6"},
				"south": {"uv": [0, 0, 2, 1], "rotation": 270, "tintindex": 0,"texture": "#6"},
				"west": {"uv": [0, 0, 2, 1], "rotation": 270, "tintindex": 0,"texture": "#6"},
				"up": {"uv": [0, 0, 1, 1], "rotation": 270, "tintindex": 0,"texture": "#6"},
				"down": {"uv": [0, 0, 1, 1], "rotation": 270, "tintindex": 0,"texture": "#6"}
			}
		},
		{
			"from": [7, 23.375, 4.75],
			"to": [7.5, 24.375, 5.25],
			"rotation": {"angle": 0, "axis": "z", "origin": [7.25, 24.875, 5]},
			"faces": {
				"north": {"uv": [0, 0, 2, 1], "rotation": 90, "tintindex": 0,"texture": "#6"},
				"east": {"uv": [0, 0, 2, 1], "rotation": 270, "tintindex": 0,"texture": "#6"},
				"south": {"uv": [0, 0, 2, 1], "rotation": 270, "tintindex": 0,"texture": "#6"},
				"west": {"uv": [0, 0, 2, 1], "rotation": 270, "tintindex": 0,"texture": "#6"},
				"up": {"uv": [0, 0, 1, 1], "rotation": 270, "tintindex": 0,"texture": "#6"},
				"down": {"uv": [0, 0, 1, 1], "rotation": 270, "tintindex": 0,"texture": "#6"}
			}
		},
		{
			"from": [5.82323, 24.375, 5.03033],
			"to": [7.32323, 24.875, 5.53033],
			"rotation": {"angle": 45, "axis": "y", "origin": [6.82323, 24.625, 5.28033]},
			"faces": {
				"north": {"uv": [0, 0, 3, 1], "tintindex": 0,"texture": "#6"},
				"east": {"uv": [0, 0, 1, 1], "tintindex": 0,"texture": "#6"},
				"south": {"uv": [0, 0, 3, 1], "tintindex": 0,"texture": "#6"},
				"west": {"uv": [0, 0, 1, 1], "tintindex": 0,"texture": "#6"},
				"up": {"uv": [0, 0, 3, 1], "tintindex": 0,"texture": "#6"},
				"down": {"uv": [0, 0, 3, 1], "tintindex": 0,"texture": "#6"}
			}
		},
		{
			"from": [5.93934, 24.375, 5.81066],
			"to": [6.43934, 24.875, 7.31066],
			"rotation": {"angle": 0, "axis": "y", "origin": [6.18934, 24.625, 6.31066]},
			"faces": {
				"north": {"uv": [0, 0, 1, 1], "tintindex": 0,"texture": "#6"},
				"east": {"uv": [0, 0, 3, 1], "tintindex": 0,"texture": "#6"},
				"south": {"uv": [0, 0, 1, 1], "tintindex": 0,"texture": "#6"},
				"west": {"uv": [0, 0, 3, 1], "tintindex": 0,"texture": "#6"},
				"up": {"uv": [0, 0, 3, 1], "rotation": 270, "tintindex": 0,"texture": "#6"},
				"down": {"uv": [0, 0, 3, 1], "rotation": 90, "tintindex": 0,"texture": "#6"}
			}
		},
		{
			"from": [5.93934, 22.875, 5.81066],
			"to": [6.43934, 23.375, 7.31066],
			"rotation": {"angle": 0, "axis": "y", "origin": [6.18934, 23.125, 6.31066]},
			"faces": {
				"north": {"uv": [0, 0, 1, 1], "tintindex": 0,"texture": "#6"},
				"east": {"uv": [0, 0, 3, 1], "tintindex": 0,"texture": "#6"},
				"south": {"uv": [0, 0, 1, 1], "tintindex": 0,"texture": "#6"},
				"west": {"uv": [0, 0, 3, 1], "tintindex": 0,"texture": "#6"},
				"up": {"uv": [0, 0, 3, 1], "rotation": 270, "tintindex": 0,"texture": "#6"},
				"down": {"uv": [0, 0, 3, 1], "rotation": 90, "tintindex": 0,"texture": "#6"}
			}
		},
		{
			"from": [9.56066, 22.875, 5.81066],
			"to": [10.06066, 23.375, 7.31066],
			"rotation": {"angle": 0, "axis": "y", "origin": [9.81066, 23.125, 6.31066]},
			"faces": {
				"north": {"uv": [0, 0, 1, 1], "tintindex": 0,"texture": "#6"},
				"east": {"uv": [0, 0, 3, 1], "tintindex": 0,"texture": "#6"},
				"south": {"uv": [0, 0, 1, 1], "tintindex": 0,"texture": "#6"},
				"west": {"uv": [0, 0, 3, 1], "tintindex": 0,"texture": "#6"},
				"up": {"uv": [0, 0, 3, 1], "rotation": 270, "tintindex": 0,"texture": "#6"},
				"down": {"uv": [0, 0, 3, 1], "rotation": 90, "tintindex": 0,"texture": "#6"}
			}
		},
		{
			"from": [9.56066, 24.375, 5.81066],
			"to": [10.06066, 24.875, 7.31066],
			"rotation": {"angle": 0, "axis": "y", "origin": [9.81066, 24.625, 6.31066]},
			"faces": {
				"north": {"uv": [0, 0, 1, 1], "tintindex": 0,"texture": "#6"},
				"east": {"uv": [0, 0, 3, 1], "tintindex": 0,"texture": "#6"},
				"south": {"uv": [0, 0, 1, 1], "tintindex": 0,"texture": "#6"},
				"west": {"uv": [0, 0, 3, 1], "tintindex": 0,"texture": "#6"},
				"up": {"uv": [0, 0, 3, 1], "rotation": 270, "tintindex": 0,"texture": "#6"},
				"down": {"uv": [0, 0, 3, 1], "rotation": 90, "tintindex": 0,"texture": "#6"}
			}
		},
		{
			"from": [5.82323, 22.875, 5.03033],
			"to": [7.32323, 23.375, 5.53033],
			"rotation": {"angle": 45, "axis": "y", "origin": [6.82323, 23.125, 5.28033]},
			"faces": {
				"north": {"uv": [0, 0, 3, 1], "tintindex": 0,"texture": "#6"},
				"east": {"uv": [0, 0, 1, 1], "tintindex": 0,"texture": "#6"},
				"south": {"uv": [0, 0, 3, 1], "tintindex": 0,"texture": "#6"},
				"west": {"uv": [0, 0, 1, 1], "tintindex": 0,"texture": "#6"},
				"up": {"uv": [0, 0, 3, 1], "tintindex": 0,"texture": "#6"},
				"down": {"uv": [0, 0, 3, 1], "tintindex": 0,"texture": "#6"}
			}
		},
		{
			"from": [8.92677, 24.375, 4.78033],
			"to": [9.42677, 24.875, 6.28033],
			"rotation": {"angle": 45, "axis": "y", "origin": [9.17677, 24.625, 5.28033]},
			"faces": {
				"north": {"uv": [0, 0, 1, 1], "tintindex": 0,"texture": "#6"},
				"east": {"uv": [0, 0, 3, 1], "tintindex": 0,"texture": "#6"},
				"south": {"uv": [0, 0, 1, 1], "tintindex": 0,"texture": "#6"},
				"west": {"uv": [0, 0, 3, 1], "tintindex": 0,"texture": "#6"},
				"up": {"uv": [0, 0, 3, 1], "rotation": 270, "tintindex": 0,"texture": "#6"},
				"down": {"uv": [0, 0, 3, 1], "rotation": 90, "tintindex": 0,"texture": "#6"}
			}
		},
		{
			"from": [8.92677, 22.875, 4.78033],
			"to": [9.42677, 23.375, 6.28033],
			"rotation": {"angle": 45, "axis": "y", "origin": [9.17677, 23.125, 5.28033]},
			"faces": {
				"north": {"uv": [0, 0, 1, 1], "tintindex": 0,"texture": "#6"},
				"east": {"uv": [0, 0, 3, 1], "tintindex": 0,"texture": "#6"},
				"south": {"uv": [0, 0, 1, 1], "tintindex": 0,"texture": "#6"},
				"west": {"uv": [0, 0, 3, 1], "tintindex": 0,"texture": "#6"},
				"up": {"uv": [0, 0, 3, 1], "rotation": 270, "tintindex": 0,"texture": "#6"},
				"down": {"uv": [0, 0, 3, 1], "rotation": 90, "tintindex": 0,"texture": "#6"}
			}
		},
		{
			"from": [5.75, 21, 5.5],
			"to": [7.25, 23, 6.5],
			"rotation": {"angle": 45, "axis": "y", "origin": [6.5, 22, 6]},
			"faces": {
				"north": {"uv": [0, 0, 3, 4], "tintindex": 0,"texture": "#3"},
				"east": {"uv": [0, 0, 2, 4], "tintindex": 0,"texture": "#3"},
				"south": {"uv": [0, 0, 3, 4], "tintindex": 0,"texture": "#3"},
				"west": {"uv": [0, 0, 2, 4], "tintindex": 0,"texture": "#3"},
				"up": {"uv": [0, 0, 3, 2], "tintindex": 0,"texture": "#3"},
				"down": {"uv": [0, 0, 3, 2], "tintindex": 0,"texture": "#3"}
			}
		},
		{
			"from": [9, 21, 5.25],
			"to": [10, 23, 6.75],
			"rotation": {"angle": 45, "axis": "y", "origin": [9.5, 22, 6]},
			"faces": {
				"north": {"uv": [0, 0, 2, 4], "tintindex": 0,"texture": "#3"},
				"east": {"uv": [0, 0, 3, 4], "tintindex": 0,"texture": "#3"},
				"south": {"uv": [0, 0, 2, 4], "tintindex": 0,"texture": "#3"},
				"west": {"uv": [0, 0, 3, 4], "tintindex": 0,"texture": "#3"},
				"up": {"uv": [0, 0, 3, 2], "rotation": 270, "tintindex": 0,"texture": "#3"},
				"down": {"uv": [0, 0, 3, 2], "rotation": 90, "tintindex": 0,"texture": "#3"}
			}
		},
		{
			"from": [6.25, 22.875, 6],
			"to": [9.75, 24.875, 6.5],
			"rotation": {"angle": 0, "axis": "y", "origin": [6.5, 23.125, 6.25]},
			"faces": {
				"north": {"uv": [0, 0, 7, 4], "tintindex": 0,"texture": "#1"},
				"east": {"uv": [0, 0, 1, 4], "tintindex": 0,"texture": "#1"},
				"south": {"uv": [0, 0, 7, 4], "tintindex": 0,"texture": "#1"},
				"west": {"uv": [0, 0, 1, 4], "tintindex": 0,"texture": "#1"},
				"up": {"uv": [0, 0, 7, 1], "tintindex": 0,"texture": "#1"},
				"down": {"uv": [0, 0, 7, 1], "tintindex": 0,"texture": "#1"}
			}
		},
		{
			"from": [6.75, 24.875, 5],
			"to": [9.25, 25.875, 6.5],
			"rotation": {"angle": 0, "axis": "y", "origin": [7, 25.125, 5.25]},
			"faces": {
				"north": {"uv": [0, 0, 5, 2], "tintindex": 0,"texture": "#3"},
				"east": {"uv": [0, 0, 3, 2], "tintindex": 0,"texture": "#3"},
				"south": {"uv": [0, 0, 5, 2], "tintindex": 0,"texture": "#3"},
				"west": {"uv": [0, 0, 3, 2], "tintindex": 0,"texture": "#3"},
				"up": {"uv": [0, 0, 5, 3], "tintindex": 0,"texture": "#3"},
				"down": {"uv": [0, 0, 5, 3], "tintindex": 0,"texture": "#3"}
			}
		},
		{
			"from": [6.25, 24.875, 5.5],
			"to": [9.75, 26.375, 10],
			"rotation": {"angle": 0, "axis": "y", "origin": [6.5, 25.125, 5.75]},
			"faces": {
				"north": {"uv": [0, 0, 7, 3], "tintindex": 0,"texture": "#3"},
				"east": {"uv": [0, 0, 9, 3], "tintindex": 0,"texture": "#3"},
				"south": {"uv": [0, 0, 7, 3], "tintindex": 0,"texture": "#3"},
				"west": {"uv": [0, 0, 9, 3], "tintindex": 0,"texture": "#3"},
				"up": {"uv": [0, 0, 7, 9], "tintindex": 0,"texture": "#3"},
				"down": {"uv": [0, 0, 7, 9], "tintindex": 0,"texture": "#3"}
			}
		},
		{
			"from": [6, 20.5, 9.5],
			"to": [10, 25.5, 10.5],
			"rotation": {"angle": 0, "axis": "x", "origin": [7.75, 22.75, 10.25]},
			"faces": {
				"north": {"uv": [0, 0, 8, 10], "rotation": 180, "tintindex": 0,"texture": "#3"},
				"east": {"uv": [0, 0, 10, 2], "rotation": 270, "tintindex": 0,"texture": "#3"},
				"south": {"uv": [0, 0, 8, 10], "tintindex": 0,"texture": "#3"},
				"west": {"uv": [0, 0, 10, 2], "rotation": 90, "tintindex": 0,"texture": "#3"},
				"up": {"uv": [0, 0, 8, 2], "rotation": 180, "tintindex": 0,"texture": "#3"},
				"down": {"uv": [0, 0, 8, 2], "tintindex": 0,"texture": "#3"}
			}
		},
		{
			"from": [4.5, 19.5, 6],
			"to": [5, 23, 9.5],
			"rotation": {"angle": 0, "axis": "y", "origin": [8.5, 23.5, 10]},
			"faces": {
				"north": {"uv": [0, 0, 1, 5], "tintindex": 0,"texture": "#3"},
				"east": {"uv": [0, 0, 7, 5], "tintindex": 0,"texture": "#3"},
				"south": {"uv": [0, 0, 1, 5], "tintindex": 0,"texture": "#3"},
				"west": {"uv": [0, 0, 7, 5], "tintindex": 0,"texture": "#3"},
				"up": {"uv": [0, 0, 1, 7], "tintindex": 0,"texture": "#3"},
				"down": {"uv": [0, 0, 1, 7], "tintindex": 0,"texture": "#3"}
			}
		},
		{
			"from": [6.25, 19.5, 11],
			"to": [9.75, 23, 11.5],
			"rotation": {"angle": 0, "axis": "y", "origin": [8, 20.75, 11.25]},
			"faces": {
				"north": {"uv": [0, 0, 7, 5], "tintindex": 0,"texture": "#3"},
				"east": {"uv": [0, 0, 1, 5], "tintindex": 0,"texture": "#3"},
				"south": {"uv": [0, 0, 7, 5], "tintindex": 0,"texture": "#3"},
				"west": {"uv": [0, 0, 1, 5], "tintindex": 0,"texture": "#3"},
				"up": {"uv": [0, 0, 1, 7], "rotation": 270, "tintindex": 0,"texture": "#3"},
				"down": {"uv": [0, 0, 1, 7], "rotation": 90, "tintindex": 0,"texture": "#3"}
			}
		},
		{
			"from": [5.25, 19.5, 9],
			"to": [5.75, 23.5, 11.5],
			"rotation": {"angle": 45, "axis": "y", "origin": [5.5, 20.75, 10.25]},
			"faces": {
				"north": {"uv": [0, 0, 1, 6], "tintindex": 0,"texture": "#3"},
				"east": {"uv": [0, 0, 5, 6], "tintindex": 0,"texture": "#3"},
				"south": {"uv": [0, 0, 1, 6], "tintindex": 0,"texture": "#3"},
				"west": {"uv": [0, 0, 5, 6], "tintindex": 0,"texture": "#3"},
				"up": {"uv": [0, 0, 1, 5], "rotation": 180, "tintindex": 0,"texture": "#3"},
				"down": {"uv": [0, 0, 1, 5], "rotation": 180, "tintindex": 0,"texture": "#3"}
			}
		},
		{
			"from": [9.48116, 19.5, 5.70971],
			"to": [9.98116, 23.5, 8.20971],
			"rotation": {"angle": 45, "axis": "y", "origin": [7.96967, 21, 5.22856]},
			"faces": {
				"north": {"uv": [0, 0, 1, 6], "tintindex": 0,"texture": "#3"},
				"east": {"uv": [0, 0, 5, 6], "tintindex": 0,"texture": "#3"},
				"south": {"uv": [0, 0, 1, 6], "tintindex": 0,"texture": "#3"},
				"west": {"uv": [0, 0, 5, 6], "tintindex": 0,"texture": "#3"},
				"up": {"uv": [0, 0, 1, 5], "tintindex": 0,"texture": "#3"},
				"down": {"uv": [0, 0, 1, 5], "tintindex": 0,"texture": "#3"}
			}
		},
		{
			"from": [10.18934, 19.5, 8.95711],
			"to": [10.68934, 23.5, 11.45711],
			"rotation": {"angle": -45, "axis": "y", "origin": [10.43934, 20.75, 10.20711]},
			"faces": {
				"north": {"uv": [0, 0, 1, 6], "tintindex": 0,"texture": "#3"},
				"east": {"uv": [0, 0, 5, 6], "tintindex": 0,"texture": "#3"},
				"south": {"uv": [0, 0, 1, 6], "tintindex": 0,"texture": "#3"},
				"west": {"uv": [0, 0, 5, 6], "tintindex": 0,"texture": "#3"},
				"up": {"uv": [0, 0, 1, 5], "tintindex": 0,"texture": "#3"},
				"down": {"uv": [0, 0, 1, 5], "tintindex": 0,"texture": "#3"}
			}
		},
		{
			"from": [4.95819, 19.5, 3.2474],
			"to": [7.45819, 23.5, 3.7474],
			"rotation": {"angle": 45, "axis": "y", "origin": [7.96967, 21, 5.22856]},
			"faces": {
				"north": {"uv": [0, 0, 5, 6], "tintindex": 0,"texture": "#3"},
				"east": {"uv": [0, 0, 1, 6], "tintindex": 0,"texture": "#3"},
				"south": {"uv": [0, 0, 5, 6], "tintindex": 0,"texture": "#3"},
				"west": {"uv": [0, 0, 1, 6], "tintindex": 0,"texture": "#3"},
				"up": {"uv": [0, 0, 1, 5], "rotation": 270, "tintindex": 0,"texture": "#3"},
				"down": {"uv": [0, 0, 1, 5], "rotation": 90, "tintindex": 0,"texture": "#3"}
			}
		},
		{
			"from": [11, 19.5, 6],
			"to": [11.5, 23, 9.5],
			"rotation": {"angle": 0, "axis": "y", "origin": [15, 23.5, 10]},
			"faces": {
				"north": {"uv": [0, 0, 1, 5], "tintindex": 0,"texture": "#3"},
				"east": {"uv": [0, 0, 7, 5], "tintindex": 0,"texture": "#3"},
				"south": {"uv": [0, 0, 1, 5], "tintindex": 0,"texture": "#3"},
				"west": {"uv": [0, 0, 7, 5], "tintindex": 0,"texture": "#3"},
				"up": {"uv": [0, 0, 1, 7], "tintindex": 0,"texture": "#3"},
				"down": {"uv": [0, 0, 1, 7], "tintindex": 0,"texture": "#3"}
			}
		},
		{
			"from": [4, 25, 7.5],
			"to": [6.5, 26.5, 9],
			"rotation": {"angle": -22.5, "axis": "z", "origin": [5.25, 25.75, 8.25]},
			"faces": {
				"north": {"uv": [0, 0, 5, 3], "tintindex": 0,"texture": "#6"},
				"east": {"uv": [0, 0, 3, 3], "tintindex": 0,"texture": "#6"},
				"south": {"uv": [0, 0, 5, 3], "tintindex": 0,"texture": "#6"},
				"west": {"uv": [0, 0, 3, 3], "tintindex": 0,"texture": "#6"},
				"up": {"uv": [0, 0, 5, 3], "tintindex": 0,"texture": "#6"},
				"down": {"uv": [0, 0, 5, 3], "tintindex": 0,"texture": "#6"}
			}
		},
		{
			"from": [2.89001, 25.65119, 7.75],
			"to": [4.39001, 29.15119, 8.75],
			"rotation": {"angle": 22.5, "axis": "z", "origin": [3.64001, 27.90119, 8.5]},
			"faces": {
				"north": {"uv": [0, 0, 7, 3], "rotation": 270, "tintindex": 0,"texture": "#6"},
				"east": {"uv": [0, 0, 7, 2], "rotation": 90, "tintindex": 0,"texture": "#6"},
				"south": {"uv": [0, 0, 7, 3], "rotation": 90, "tintindex": 0,"texture": "#6"},
				"west": {"uv": [0, 0, 7, 2], "rotation": 90, "tintindex": 0,"texture": "#6"},
				"up": {"uv": [0, 0, 2, 3], "rotation": 90, "tintindex": 0,"texture": "#6"},
				"down": {"uv": [0, 0, 2, 3], "rotation": 90, "tintindex": 0,"texture": "#6"}
			}
		},
		{
			"from": [2.46875, 28.76902, 7.875],
			"to": [3.71875, 31.76902, 8.625],
			"rotation": {"angle": 0, "axis": "z", "origin": [3.21875, 31.01902, 8.625]},
			"faces": {
				"north": {"uv": [0, 0, 7, 3], "rotation": 270, "tintindex": 0,"texture": "#6"},
				"east": {"uv": [0, 0, 7, 2], "rotation": 90, "tintindex": 0,"texture": "#6"},
				"south": {"uv": [0, 0, 7, 3], "rotation": 90, "tintindex": 0,"texture": "#6"},
				"west": {"uv": [0, 0, 7, 2], "rotation": 90, "tintindex": 0,"texture": "#6"},
				"up": {"uv": [0, 0, 2, 3], "rotation": 90, "tintindex": 0,"texture": "#6"},
				"down": {"uv": [0, 0, 2, 3], "rotation": 90, "tintindex": 0,"texture": "#6"}
			}
		},
		{
			"from": [11.78125, 28.76902, 7.875],
			"to": [13.03125, 31.76902, 8.625],
			"rotation": {"angle": 0, "axis": "z", "origin": [12.53125, 31.01902, 8.625]},
			"faces": {
				"north": {"uv": [0, 0, 7, 3], "rotation": 270, "tintindex": 0,"texture": "#6"},
				"east": {"uv": [0, 0, 7, 2], "rotation": 90, "tintindex": 0,"texture": "#6"},
				"south": {"uv": [0, 0, 7, 3], "rotation": 90, "tintindex": 0,"texture": "#6"},
				"west": {"uv": [0, 0, 7, 2], "rotation": 90, "tintindex": 0,"texture": "#6"},
				"up": {"uv": [0, 0, 2, 3], "rotation": 90, "tintindex": 0,"texture": "#6"},
				"down": {"uv": [0, 0, 2, 3], "rotation": 90, "tintindex": 0,"texture": "#6"}
			}
		},
		{
			"from": [11.10999, 25.65119, 7.75],
			"to": [12.60999, 29.15119, 8.75],
			"rotation": {"angle": -22.5, "axis": "z", "origin": [11.85999, 27.90119, 8.5]},
			"faces": {
				"north": {"uv": [0, 0, 7, 3], "rotation": 270, "tintindex": 0,"texture": "#6"},
				"east": {"uv": [0, 0, 7, 2], "rotation": 90, "tintindex": 0,"texture": "#6"},
				"south": {"uv": [0, 0, 7, 3], "rotation": 90, "tintindex": 0,"texture": "#6"},
				"west": {"uv": [0, 0, 7, 2], "rotation": 90, "tintindex": 0,"texture": "#6"},
				"up": {"uv": [0, 0, 2, 3], "rotation": 90, "tintindex": 0,"texture": "#6"},
				"down": {"uv": [0, 0, 2, 3], "rotation": 90, "tintindex": 0,"texture": "#6"}
			}
		},
		{
			"from": [9, 25, 7.5],
			"to": [11.5, 26.5, 9],
			"rotation": {"angle": 22.5, "axis": "z", "origin": [10.25, 25.75, 8.25]},
			"faces": {
				"north": {"uv": [0, 0, 5, 3], "tintindex": 0,"texture": "#6"},
				"east": {"uv": [0, 0, 3, 3], "tintindex": 0,"texture": "#6"},
				"south": {"uv": [0, 0, 5, 3], "tintindex": 0,"texture": "#6"},
				"west": {"uv": [0, 0, 3, 3], "tintindex": 0,"texture": "#6"},
				"up": {"uv": [0, 0, 5, 3], "tintindex": 0,"texture": "#6"},
				"down": {"uv": [0, 0, 5, 3], "tintindex": 0,"texture": "#6"}
			}
		},
		{
			"from": [5, 13.5, 4],
			"to": [11, 19.5, 12],
			"rotation": {"angle": 0, "axis": "y", "origin": [9.5, 16.5, 8]},
			"faces": {
				"north": {"uv": [0, 0, 6, 6], "tintindex": 0,"texture": "#3"},
				"east": {"uv": [0, 0, 8, 6], "tintindex": 0,"texture": "#3"},
				"south": {"uv": [0, 0, 6, 6], "tintindex": 0,"texture": "#3"},
				"west": {"uv": [0, 0, 8, 6], "tintindex": 0,"texture": "#3"},
				"up": {"uv": [0, 0, 6, 8], "tintindex": 0,"texture": "#3"},
				"down": {"uv": [0, 0, 6, 8], "tintindex": 0,"texture": "#3"}
			}
		},
		{
			"from": [0, 14, 3.25],
			"to": [5, 21, 12.25],
			"rotation": {"angle": 0, "axis": "y", "origin": [8, 22, 11.25]},
			"faces": {
				"north": {"uv": [0, 0, 5, 7], "tintindex": 0,"texture": "#3"},
				"east": {"uv": [0, 0, 9, 7], "tintindex": 0,"texture": "#3"},
				"south": {"uv": [0, 0, 5, 7], "tintindex": 0,"texture": "#3"},
				"west": {"uv": [0, 0, 9, 7], "tintindex": 0,"texture": "#3"},
				"up": {"uv": [0, 0, 5, 9], "tintindex": 0,"texture": "#3"},
				"down": {"uv": [0, 0, 5, 9], "tintindex": 0,"texture": "#3"}
			}
		},
		{
			"from": [10, 14, 3.25],
			"to": [15, 21, 12.25],
			"rotation": {"angle": 0, "axis": "y", "origin": [13, 17.5, 7.75]},
			"faces": {
				"north": {"uv": [0, 0, 5, 7], "tintindex": 0,"texture": "#3"},
				"east": {"uv": [0, 0, 9, 7], "tintindex": 0,"texture": "#3"},
				"south": {"uv": [0, 0, 5, 7], "tintindex": 0,"texture": "#3"},
				"west": {"uv": [0, 0, 9, 7], "tintindex": 0,"texture": "#3"},
				"up": {"uv": [0, 0, 5, 9], "tintindex": 0,"texture": "#3"},
				"down": {"uv": [0, 0, 5, 9], "tintindex": 0,"texture": "#3"}
			}
		},
		{
			"from": [7, 12, 2],
			"to": [9, 21, 4],
			"rotation": {"angle": 0, "axis": "y", "origin": [8, 17, 2.5]},
			"faces": {
				"north": {"uv": [5, 3, 7, 12], "tintindex": 0,"texture": "#6"},
				"east": {"uv": [5, 3, 7, 12], "tintindex": 0,"texture": "#6"},
				"south": {"uv": [5, 3, 7, 12], "tintindex": 0,"texture": "#6"},
				"west": {"uv": [5, 3, 7, 12], "tintindex": 0,"texture": "#6"},
				"up": {"uv": [6, 4, 8, 6], "tintindex": 0,"texture": "#6"},
				"down": {"uv": [0, 0, 2, 2], "tintindex": 0,"texture": "#6"}
			}
		},
		{
			"from": [7, 6, 4],
			"to": [9, 14, 6],
			"rotation": {"angle": 0, "axis": "y", "origin": [8, 11, 4.5]},
			"faces": {
				"north": {"uv": [0, 0, 2, 8], "tintindex": 0,"texture": "#6"},
				"east": {"uv": [0, 0, 2, 8], "tintindex": 0,"texture": "#6"},
				"south": {"uv": [0, 0, 2, 8], "tintindex": 0,"texture": "#6"},
				"west": {"uv": [0, 0, 2, 8], "tintindex": 0,"texture": "#6"},
				"up": {"uv": [0, 0, 2, 2], "tintindex": 0,"texture": "#6"},
				"down": {"uv": [0, 0, 2, 2], "tintindex": 0,"texture": "#6"}
			}
		},
		{
			"from": [2.30762, 15.53283, 2.75],
			"to": [4.30762, 22.53283, 4.75],
			"rotation": {"angle": 0, "axis": "y", "origin": [3.30762, 20.53283, 3.25]},
			"faces": {
				"north": {"uv": [0, 0, 2, 7], "tintindex": 0,"texture": "#6"},
				"east": {"uv": [0, 0, 2, 7], "tintindex": 0,"texture": "#6"},
				"south": {"uv": [0, 0, 2, 7], "tintindex": 0,"texture": "#6"},
				"west": {"uv": [0, 0, 2, 7], "tintindex": 0,"texture": "#6"},
				"up": {"uv": [0, 0, 2, 2], "tintindex": 0,"texture": "#6"},
				"down": {"uv": [0, 0, 2, 2], "tintindex": 0,"texture": "#6"}
			}
		},
		{
			"from": [11.07715, 15.53283, 2.75],
			"to": [13.07715, 22.53283, 4.75],
			"rotation": {"angle": 0, "axis": "y", "origin": [12.07715, 20.53283, 3.25]},
			"faces": {
				"north": {"uv": [0, 0, 2, 7], "tintindex": 0,"texture": "#6"},
				"east": {"uv": [0, 0, 2, 7], "tintindex": 0,"texture": "#6"},
				"south": {"uv": [0, 0, 2, 7], "tintindex": 0,"texture": "#6"},
				"west": {"uv": [0, 0, 2, 7], "tintindex": 0,"texture": "#6"},
				"up": {"uv": [0, 0, 2, 2], "tintindex": 0,"texture": "#6"},
				"down": {"uv": [0, 0, 2, 2], "tintindex": 0,"texture": "#6"}
			}
		},
		{
			"from": [2.5, 14.5, 2.5],
			"to": [7.5, 16.5, 3.5],
			"rotation": {"angle": -22.5, "axis": "z", "origin": [5, 15.5, 3]},
			"faces": {
				"north": {"uv": [0, 0, 2, 5], "rotation": 90, "tintindex": 0,"texture": "#6"},
				"east": {"uv": [0, 0, 2, 1], "rotation": 270, "tintindex": 0,"texture": "#6"},
				"south": {"uv": [0, 0, 2, 5], "rotation": 270, "tintindex": 0,"texture": "#6"},
				"west": {"uv": [0, 0, 2, 1], "rotation": 270, "tintindex": 0,"texture": "#6"},
				"up": {"uv": [0, 0, 1, 5], "rotation": 270, "tintindex": 0,"texture": "#6"},
				"down": {"uv": [0, 0, 1, 5], "rotation": 270, "tintindex": 0,"texture": "#6"}
			}
		},
		{
			"from": [7.88476, 14.5, 2.5],
			"to": [12.88476, 16.5, 3.5],
			"rotation": {"angle": 22.5, "axis": "z", "origin": [10.38476, 15.5, 3]},
			"faces": {
				"north": {"uv": [0, 0, 2, 5], "rotation": 90, "tintindex": 0,"texture": "#6"},
				"east": {"uv": [0, 0, 2, 1], "rotation": 270, "tintindex": 0,"texture": "#6"},
				"south": {"uv": [0, 0, 2, 5], "rotation": 270, "tintindex": 0,"texture": "#6"},
				"west": {"uv": [0, 0, 2, 1], "rotation": 270, "tintindex": 0,"texture": "#6"},
				"up": {"uv": [0, 0, 1, 5], "rotation": 270, "tintindex": 0,"texture": "#6"},
				"down": {"uv": [0, 0, 1, 5], "rotation": 270, "tintindex": 0,"texture": "#6"}
			}
		},
		{
			"from": [5, 5.7, 5],
			"to": [11, 13.7, 10],
			"rotation": {"angle": 0, "axis": "y", "origin": [5.5, 6.2, 5.5]},
			"faces": {
				"north": {"uv": [0, 0, 6, 8], "tintindex": 0,"texture": "#3"},
				"east": {"uv": [0, 0, 5, 8], "tintindex": 0,"texture": "#3"},
				"south": {"uv": [0, 0, 6, 8], "tintindex": 0,"texture": "#3"},
				"west": {"uv": [0, 0, 5, 8], "tintindex": 0,"texture": "#3"},
				"up": {"uv": [0, 0, 6, 5], "tintindex": 0,"texture": "#3"},
				"down": {"uv": [0, 0, 6, 5], "tintindex": 0,"texture": "#3"}
			}
		},
		{
			"from": [3.5, 9, 4.25],
			"to": [12.5, 14, 11.25],
			"rotation": {"angle": 0, "axis": "y", "origin": [4, 9.5, 4.75]},
			"faces": {
				"north": {"uv": [0, 0, 9, 5], "tintindex": 0,"texture": "#4"},
				"east": {"uv": [0, 0, 7, 5], "tintindex": 0,"texture": "#4"},
				"south": {"uv": [0, 0, 9, 5], "tintindex": 0,"texture": "#4"},
				"west": {"uv": [0, 0, 7, 5], "tintindex": 0,"texture": "#4"},
				"up": {"uv": [0, 0, 9, 7], "tintindex": 0,"texture": "#4"},
				"down": {"uv": [0, 0, 9, 7], "tintindex": 0,"texture": "#4"}
			}
		},
		{
			"from": [-0.5, 13.5, 2.75],
			"to": [0.5, 21.5, 12.75],
			"rotation": {"angle": 0, "axis": "y", "origin": [7.5, 21.5, 10.75]},
			"faces": {
				"north": {"uv": [0, 0, 1, 8], "tintindex": 0,"texture": "#6"},
				"east": {"uv": [0, 0, 10, 8], "tintindex": 0,"texture": "#6"},
				"south": {"uv": [0, 0, 1, 8], "tintindex": 0,"texture": "#6"},
				"west": {"uv": [0, 0, 10, 8], "tintindex": 0,"texture": "#6"},
				"up": {"uv": [0, 0, 1, 10], "tintindex": 0,"texture": "#6"},
				"down": {"uv": [0, 0, 1, 10], "tintindex": 0,"texture": "#6"}
			}
		},
		{
			"from": [14.5, 13.5, 2.75],
			"to": [15.5, 21.5, 12.75],
			"rotation": {"angle": 0, "axis": "y", "origin": [15, 17.5, 7.75]},
			"faces": {
				"north": {"uv": [0, 0, 1, 8], "tintindex": 0,"texture": "#6"},
				"east": {"uv": [0, 0, 10, 8], "tintindex": 0,"texture": "#6"},
				"south": {"uv": [0, 0, 1, 8], "tintindex": 0,"texture": "#6"},
				"west": {"uv": [0, 0, 10, 8], "tintindex": 0,"texture": "#6"},
				"up": {"uv": [0, 0, 1, 10], "tintindex": 0,"texture": "#6"},
				"down": {"uv": [0, 0, 1, 10], "tintindex": 0,"texture": "#6"}
			}
		},
		{
			"from": [4.5, 8, 4.5],
			"to": [11.5, 9, 10.5],
			"rotation": {"angle": 0, "axis": "y", "origin": [12.5, 16, 12.5]},
			"faces": {
				"north": {"uv": [0, 0, 7, 1], "tintindex": 0,"texture": "#6"},
				"east": {"uv": [0, 0, 6, 1], "tintindex": 0,"texture": "#6"},
				"south": {"uv": [0, 0, 7, 1], "tintindex": 0,"texture": "#6"},
				"west": {"uv": [0, 0, 6, 1], "tintindex": 0,"texture": "#6"},
				"up": {"uv": [0, 0, 7, 6], "tintindex": 0,"texture": "#6"},
				"down": {"uv": [0, 0, 7, 6], "tintindex": 0,"texture": "#6"}
			}
		},
		{
			"from": [2.5, 13, 3.5],
			"to": [13.5, 14, 11.5],
			"rotation": {"angle": 0, "axis": "y", "origin": [10.5, 21, 11.5]},
			"faces": {
				"north": {"uv": [0, 0, 11, 1], "tintindex": 0,"texture": "#6"},
				"east": {"uv": [0, 0, 8, 1], "tintindex": 0,"texture": "#6"},
				"south": {"uv": [0, 0, 11, 1], "tintindex": 0,"texture": "#6"},
				"west": {"uv": [0, 0, 8, 1], "tintindex": 0,"texture": "#6"},
				"up": {"uv": [0, 0, 11, 8], "tintindex": 0,"texture": "#6"},
				"down": {"uv": [0, 0, 11, 8], "tintindex": 0,"texture": "#6"}
			}
		},
		{
			"from": [4.5, 6, 4.5],
			"to": [11.5, 7, 10.5],
			"rotation": {"angle": 0, "axis": "y", "origin": [12.5, 14, 12.5]},
			"faces": {
				"north": {"uv": [0, 0, 7, 1], "tintindex": 0,"texture": "#6"},
				"east": {"uv": [0, 0, 6, 1], "tintindex": 0,"texture": "#6"},
				"south": {"uv": [0, 0, 7, 1], "tintindex": 0,"texture": "#6"},
				"west": {"uv": [0, 0, 6, 1], "tintindex": 0,"texture": "#6"},
				"up": {"uv": [0, 0, 7, 6], "tintindex": 0,"texture": "#6"},
				"down": {"uv": [0, 0, 7, 6], "tintindex": 0,"texture": "#6"}
			}
		},
		{
			"from": [5, 2, 2],
			"to": [11, 8, 3],
			"rotation": {"angle": 22.5, "axis": "x", "origin": [8, 5, 2.5]},
			"faces": {
				"north": {"uv": [0, 0, 6, 6], "tintindex": 0,"texture": "#4"},
				"east": {"uv": [0, 0, 1, 6], "tintindex": 0,"texture": "#4"},
				"south": {"uv": [0, 0, 6, 6], "tintindex": 0,"texture": "#4"},
				"west": {"uv": [0, 0, 1, 6], "tintindex": 0,"texture": "#4"},
				"up": {"uv": [0, 0, 6, 1], "tintindex": 0,"texture": "#4"},
				"down": {"uv": [0, 0, 6, 1], "tintindex": 0,"texture": "#4"}
			}
		},
		{
			"from": [1.8806, 2.08658, 4.5],
			"to": [2.8806, 8.08658, 10.5],
			"rotation": {"angle": -22.5, "axis": "z", "origin": [2.3806, 5.08658, 7.5]},
			"faces": {
				"north": {"uv": [0, 0, 1, 6], "tintindex": 0,"texture": "#4"},
				"east": {"uv": [0, 0, 6, 6], "tintindex": 0,"texture": "#4"},
				"south": {"uv": [0, 0, 1, 6], "tintindex": 0,"texture": "#4"},
				"west": {"uv": [0, 0, 6, 6], "tintindex": 0,"texture": "#4"},
				"up": {"uv": [0, 0, 6, 1], "rotation": 270, "tintindex": 0,"texture": "#4"},
				"down": {"uv": [0, 0, 6, 1], "rotation": 90, "tintindex": 0,"texture": "#4"}
			}
		},
		{
			"from": [5, 2, 12],
			"to": [11, 8, 13],
			"rotation": {"angle": -22.5, "axis": "x", "origin": [8, 5, 12.5]},
			"faces": {
				"north": {"uv": [0, 0, 6, 6], "tintindex": 0,"texture": "#4"},
				"east": {"uv": [0, 0, 1, 6], "tintindex": 0,"texture": "#4"},
				"south": {"uv": [0, 0, 6, 6], "tintindex": 0,"texture": "#4"},
				"west": {"uv": [0, 0, 1, 6], "tintindex": 0,"texture": "#4"},
				"up": {"uv": [0, 0, 6, 1], "tintindex": 0,"texture": "#4"},
				"down": {"uv": [0, 0, 6, 1], "tintindex": 0,"texture": "#4"}
			}
		},
		{
			"from": [13.1194, 2.08658, 4.5],
			"to": [14.1194, 8.08658, 10.5],
			"rotation": {"angle": 22.5, "axis": "z", "origin": [13.6194, 5.08658, 7.5]},
			"faces": {
				"north": {"uv": [0, 0, 1, 6], "tintindex": 0,"texture": "#4"},
				"east": {"uv": [0, 0, 6, 6], "tintindex": 0,"texture": "#4"},
				"south": {"uv": [0, 0, 1, 6], "tintindex": 0,"texture": "#4"},
				"west": {"uv": [0, 0, 6, 6], "tintindex": 0,"texture": "#4"},
				"up": {"uv": [0, 0, 6, 1], "rotation": 270, "tintindex": 0,"texture": "#4"},
				"down": {"uv": [0, 0, 6, 1], "rotation": 90, "tintindex": 0,"texture": "#4"}
			}
		},
		{
			"from": [6, 2.75, 3],
			"to": [10, 6.75, 12],
			"rotation": {"angle": 0, "axis": "y", "origin": [6.5, 3.25, 3.5]},
			"faces": {
				"north": {"uv": [0, 0, 4, 4], "tintindex": 0,"texture": "#4"},
				"east": {"uv": [0, 0, 9, 4], "tintindex": 0,"texture": "#4"},
				"south": {"uv": [0, 0, 4, 4], "tintindex": 0,"texture": "#4"},
				"west": {"uv": [0, 0, 9, 4], "tintindex": 0,"texture": "#4"},
				"up": {"uv": [0, 0, 4, 9], "tintindex": 0,"texture": "#4"},
				"down": {"uv": [0, 0, 4, 9], "tintindex": 0,"texture": "#4"}
			}
		}
	],
	"display": {
		"head": {
			"translation": [0, -32.75, 0],
			"scale": [4, 4, 4]
		}
	}
}