{
	"credit": "Made with Blockbench",
	"textures": {
		"3": "block/polished_blackstone",
		"6": "block/deepslate_redstone_ore",
		"particle": "block/deepslate_redstone_ore"
	},
	"elements": [
		{
			"from": [-3, 15, 3],
			"to": [1, 23, 11],
			"rotation": {"angle": 0, "axis": "y", "origin": [-2, 18, 6]},
			"faces": {
				"north": {"uv": [4, 0, 0, 8], "tintindex": 0,"texture": "#3"},
				"east": {"uv": [8, 0, 0, 8], "tintindex": 0,"texture": "#3"},
				"south": {"uv": [4, 0, 0, 8], "tintindex": 0,"texture": "#3"},
				"west": {"uv": [8, 0, 0, 8], "tintindex": 0,"texture": "#3"},
				"up": {"uv": [4, 0, 0, 8], "tintindex": 0,"texture": "#3"},
				"down": {"uv": [4, 0, 0, 8], "tintindex": 0,"texture": "#3"}
			}
		},
		{
			"from": [-2.75, 8, 5],
			"to": [1.25, 15, 9],
			"rotation": {"angle": 0, "axis": "y", "origin": [-0.75, 11.5, 7]},
			"faces": {
				"north": {"uv": [4, 0, 0, 7], "tintindex": 0,"texture": "#6"},
				"east": {"uv": [4, 0, 0, 7], "tintindex": 0,"texture": "#6"},
				"south": {"uv": [4, 0, 0, 7], "tintindex": 0,"texture": "#6"},
				"west": {"uv": [4, 0, 0, 7], "tintindex": 0,"texture": "#6"},
				"up": {"uv": [4, 0, 0, 4], "tintindex": 0,"texture": "#6"},
				"down": {"uv": [4, 0, 0, 4], "tintindex": 0,"texture": "#6"}
			}
		},
		{
			"from": [-3.5, 14.75, 6],
			"to": [-2.5, 27.75, 8],
			"rotation": {"angle": 0, "axis": "y", "origin": [-3, 15.25, 6.5]},
			"faces": {
				"north": {"uv": [1, 0, 0, 13], "tintindex": 0,"texture": "#6"},
				"east": {"uv": [2, 0, 0, 13], "tintindex": 0,"texture": "#6"},
				"south": {"uv": [1, 0, 0, 13], "tintindex": 0,"texture": "#6"},
				"west": {"uv": [2, 0, 0, 13], "tintindex": 0,"texture": "#6"},
				"up": {"uv": [1, 0, 0, 2], "tintindex": 0,"texture": "#6"},
				"down": {"uv": [1, 0, 0, 2], "tintindex": 0,"texture": "#6"}
			}
		},
		{
			"from": [-3.25, 14.57843, 8.41421],
			"to": [-2.25, 20.57843, 10.41421],
			"rotation": {"angle": 45, "axis": "x", "origin": [-2.75, 17.57843, 9.41421]},
			"faces": {
				"north": {"uv": [1, 0, 0, 6], "tintindex": 0,"texture": "#6"},
				"east": {"uv": [2, 0, 0, 6], "tintindex": 0,"texture": "#6"},
				"south": {"uv": [1, 0, 0, 6], "tintindex": 0,"texture": "#6"},
				"west": {"uv": [2, 0, 0, 6], "tintindex": 0,"texture": "#6"},
				"up": {"uv": [1, 0, 0, 2], "tintindex": 0,"texture": "#6"},
				"down": {"uv": [1, 0, 0, 2], "tintindex": 0,"texture": "#6"}
			}
		},
		{
			"from": [-3.25, 16.57843, 1.58579],
			"to": [-2.25, 18.57843, 7.58579],
			"rotation": {"angle": 45, "axis": "x", "origin": [-2.75, 17.57843, 4.58579]},
			"faces": {
				"north": {"uv": [1, 0, 0, 2], "rotation": 180, "tintindex": 0,"texture": "#6"},
				"east": {"uv": [0, 6, 2, 0], "rotation": 90, "tintindex": 0,"texture": "#6"},
				"south": {"uv": [1, 0, 0, 2], "tintindex": 0,"texture": "#6"},
				"west": {"uv": [0, 6, 2, 0], "rotation": 270, "tintindex": 0,"texture": "#6"},
				"up": {"uv": [1, 0, 0, 6], "rotation": 180, "tintindex": 0,"texture": "#6"},
				"down": {"uv": [1, 0, 0, 6], "tintindex": 0,"texture": "#6"}
			}
		},
		{
			"from": [-3.5, 3, 2.75],
			"to": [1.5, 11, 7.75],
			"rotation": {"angle": 45, "axis": "x", "origin": [-1, 7, 5.25]},
			"faces": {
				"north": {"uv": [5, 0, 0, 8], "tintindex": 0,"texture": "#3"},
				"east": {"uv": [5, 0, 0, 8], "tintindex": 0,"texture": "#3"},
				"south": {"uv": [5, 0, 0, 8], "tintindex": 0,"texture": "#3"},
				"west": {"uv": [5, 0, 0, 8], "tintindex": 0,"texture": "#3"},
				"up": {"uv": [5, 0, 0, 5], "tintindex": 0,"texture": "#3"},
				"down": {"uv": [5, 0, 0, 5], "tintindex": 0,"texture": "#3"}
			}
		},
		{
			"from": [-3, 3, 0],
			"to": [-1, 8, 4],
			"rotation": {"angle": 45, "axis": "x", "origin": [-2, 4.5, 1]},
			"faces": {
				"north": {"uv": [2, 0, 0, 5], "tintindex": 0,"texture": "#6"},
				"east": {"uv": [4, 0, 0, 5], "tintindex": 0,"texture": "#6"},
				"south": {"uv": [2, 0, 0, 5], "tintindex": 0,"texture": "#6"},
				"west": {"uv": [4, 0, 0, 5], "tintindex": 0,"texture": "#6"},
				"up": {"uv": [2, 0, 0, 4], "tintindex": 0,"texture": "#6"},
				"down": {"uv": [2, 0, 0, 4], "tintindex": 0,"texture": "#6"}
			}
		},
		{
			"from": [-1, 1.25, -0.25],
			"to": [2, 3.25, 2.75],
			"rotation": {"angle": 45, "axis": "x", "origin": [1, 2.75, 0.75]},
			"faces": {
				"north": {"uv": [3, 0, 0, 2], "tintindex": 0,"texture": "#6"},
				"east": {"uv": [3, 0, 0, 2], "tintindex": 0,"texture": "#6"},
				"south": {"uv": [3, 0, 0, 2], "tintindex": 0,"texture": "#6"},
				"west": {"uv": [3, 0, 0, 2], "tintindex": 0,"texture": "#6"},
				"up": {"uv": [3, 0, 0, 3], "tintindex": 0,"texture": "#6"},
				"down": {"uv": [3, 0, 0, 3], "tintindex": 0,"texture": "#6"}
			}
		}
	],
	"display": {
		"head": {
			"translation": [34.5, -47.25, 0],
			"scale": [4, 4, 4]
		}
	}
}