{
	"credit": "Made with Blockbench",
	"textures": {
		"3": "block/polished_blackstone",
		"6": "block/deepslate_redstone_ore",
		"particle": "block/deepslate_redstone_ore"
	},
	"elements": [
		{
			"from": [15, 15, 3],
			"to": [19, 23, 11],
			"rotation": {"angle": 0, "axis": "y", "origin": [18, 18, 6]},
			"faces": {
				"north": {"uv": [0, 0, 4, 8], "tintindex": 0,"texture": "#3"},
				"east": {"uv": [0, 0, 8, 8], "tintindex": 0,"texture": "#3"},
				"south": {"uv": [0, 0, 4, 8], "tintindex": 0,"texture": "#3"},
				"west": {"uv": [0, 0, 8, 8], "tintindex": 0,"texture": "#3"},
				"up": {"uv": [0, 0, 4, 8], "tintindex": 0,"texture": "#3"},
				"down": {"uv": [0, 0, 4, 8], "tintindex": 0,"texture": "#3"}
			}
		},
		{
			"from": [14.75, 8, 5],
			"to": [18.75, 15, 9],
			"rotation": {"angle": 0, "axis": "y", "origin": [16.75, 11.5, 7]},
			"faces": {
				"north": {"uv": [0, 0, 4, 7], "tintindex": 0,"texture": "#6"},
				"east": {"uv": [0, 0, 4, 7], "tintindex": 0,"texture": "#6"},
				"south": {"uv": [0, 0, 4, 7], "tintindex": 0,"texture": "#6"},
				"west": {"uv": [0, 0, 4, 7], "tintindex": 0,"texture": "#6"},
				"up": {"uv": [0, 0, 4, 4], "tintindex": 0,"texture": "#6"},
				"down": {"uv": [0, 0, 4, 4], "tintindex": 0,"texture": "#6"}
			}
		},
		{
			"from": [18.5, 14.75, 6],
			"to": [19.5, 27.75, 8],
			"rotation": {"angle": 0, "axis": "y", "origin": [19, 15.25, 6.5]},
			"faces": {
				"north": {"uv": [0, 0, 1, 13], "tintindex": 0,"texture": "#6"},
				"east": {"uv": [0, 0, 2, 13], "tintindex": 0,"texture": "#6"},
				"south": {"uv": [0, 0, 1, 13], "tintindex": 0,"texture": "#6"},
				"west": {"uv": [0, 0, 2, 13], "tintindex": 0,"texture": "#6"},
				"up": {"uv": [0, 0, 1, 2], "tintindex": 0,"texture": "#6"},
				"down": {"uv": [0, 0, 1, 2], "tintindex": 0,"texture": "#6"}
			}
		},
		{
			"from": [18.25, 14.57843, 8.41421],
			"to": [19.25, 20.57843, 10.41421],
			"rotation": {"angle": 45, "axis": "x", "origin": [18.75, 17.57843, 9.41421]},
			"faces": {
				"north": {"uv": [0, 0, 1, 6], "tintindex": 0,"texture": "#6"},
				"east": {"uv": [0, 0, 2, 6], "tintindex": 0,"texture": "#6"},
				"south": {"uv": [0, 0, 1, 6], "tintindex": 0,"texture": "#6"},
				"west": {"uv": [0, 0, 2, 6], "tintindex": 0,"texture": "#6"},
				"up": {"uv": [0, 0, 1, 2], "tintindex": 0,"texture": "#6"},
				"down": {"uv": [0, 0, 1, 2], "tintindex": 0,"texture": "#6"}
			}
		},
		{
			"from": [18.25, 16.57843, 1.58579],
			"to": [19.25, 18.57843, 7.58579],
			"rotation": {"angle": 45, "axis": "x", "origin": [18.75, 17.57843, 4.58579]},
			"faces": {
				"north": {"uv": [0, 0, 1, 2], "rotation": 180, "tintindex": 0,"texture": "#6"},
				"east": {"uv": [0, 0, 2, 6], "rotation": 270, "tintindex": 0,"texture": "#6"},
				"south": {"uv": [0, 0, 1, 2], "tintindex": 0,"texture": "#6"},
				"west": {"uv": [0, 0, 2, 6], "rotation": 90, "tintindex": 0,"texture": "#6"},
				"up": {"uv": [0, 0, 1, 6], "rotation": 180, "tintindex": 0,"texture": "#6"},
				"down": {"uv": [0, 0, 1, 6], "tintindex": 0,"texture": "#6"}
			}
		},
		{
			"from": [14.5, 3, 2.75],
			"to": [19.5, 11, 7.75],
			"rotation": {"angle": 45, "axis": "x", "origin": [17, 7, 5.25]},
			"faces": {
				"north": {"uv": [0, 0, 5, 8], "tintindex": 0,"texture": "#3"},
				"east": {"uv": [0, 0, 5, 8], "tintindex": 0,"texture": "#3"},
				"south": {"uv": [0, 0, 5, 8], "tintindex": 0,"texture": "#3"},
				"west": {"uv": [0, 0, 5, 8], "tintindex": 0,"texture": "#3"},
				"up": {"uv": [0, 0, 5, 5], "tintindex": 0,"texture": "#3"},
				"down": {"uv": [0, 0, 5, 5], "tintindex": 0,"texture": "#3"}
			}
		},
		{
			"from": [17, 3, 0],
			"to": [19, 8, 4],
			"rotation": {"angle": 45, "axis": "x", "origin": [18, 4.5, 1]},
			"faces": {
				"north": {"uv": [0, 0, 2, 5], "tintindex": 0,"texture": "#6"},
				"east": {"uv": [0, 0, 4, 5], "tintindex": 0,"texture": "#6"},
				"south": {"uv": [0, 0, 2, 5], "tintindex": 0,"texture": "#6"},
				"west": {"uv": [0, 0, 4, 5], "tintindex": 0,"texture": "#6"},
				"up": {"uv": [0, 0, 2, 4], "tintindex": 0,"texture": "#6"},
				"down": {"uv": [0, 0, 2, 4], "tintindex": 0,"texture": "#6"}
			}
		},
		{
			"from": [14, 1.25, -0.25],
			"to": [17, 3.25, 2.75],
			"rotation": {"angle": 45, "axis": "x", "origin": [15, 2.75, 0.75]},
			"faces": {
				"north": {"uv": [0, 0, 3, 2], "tintindex": 0,"texture": "#6"},
				"east": {"uv": [0, 0, 3, 2], "tintindex": 0,"texture": "#6"},
				"south": {"uv": [0, 0, 3, 2], "tintindex": 0,"texture": "#6"},
				"west": {"uv": [0, 0, 3, 2], "tintindex": 0,"texture": "#6"},
				"up": {"uv": [0, 0, 3, 3], "tintindex": 0,"texture": "#6"},
				"down": {"uv": [0, 0, 3, 3], "tintindex": 0,"texture": "#6"}
			}
		}
	],
	"display": {
		"head": {
			"translation": [-34.75, -47.25, 0],
			"scale": [4, 4, 4]
		}
	}
}