{
	"credit": "Made with Blockbench",
	"textures": {
		"4": "block/cracked_polished_blackstone_bricks",
		"5": "block/stone",
		"6": "block/deepslate_redstone_ore",
		"particle": "block/deepslate_redstone_ore"
	},
	"elements": [
		{
			"from": [6, -16, 10],
			"to": [9, 3, 14],
			"rotation": {"angle": 0, "axis": "y", "origin": [6.5, -15.5, 10.5]},
			"faces": {
				"north": {"uv": [0, 0, 3, 16], "tintindex": 0,"texture": "#4"},
				"east": {"uv": [0, 0, 4, 16], "tintindex": 0,"texture": "#4"},
				"south": {"uv": [0, 0, 3, 16], "tintindex": 0,"texture": "#4"},
				"west": {"uv": [0, 0, 4, 16], "tintindex": 0,"texture": "#4"},
				"up": {"uv": [0, 0, 3, 4], "tintindex": 0,"texture": "#4"},
				"down": {"uv": [0, 0, 3, 4], "tintindex": 0,"texture": "#4"}
			}
		},
		{
			"from": [6, 3, 10],
			"to": [9, 22, 14],
			"rotation": {"angle": 0, "axis": "y", "origin": [6.5, 3.5, 10.5]},
			"faces": {
				"north": {"uv": [0, 0, 3, 16], "tintindex": 0,"texture": "#4"},
				"east": {"uv": [0, 0, 4, 16], "tintindex": 0,"texture": "#4"},
				"south": {"uv": [0, 0, 3, 16], "tintindex": 0,"texture": "#4"},
				"west": {"uv": [0, 0, 4, 16], "tintindex": 0,"texture": "#4"},
				"up": {"uv": [0, 0, 3, 4], "tintindex": 0,"texture": "#4"},
				"down": {"uv": [0, 0, 3, 4], "tintindex": 0,"texture": "#4"}
			}
		},
		{
			"from": [6, -4, 4],
			"to": [9, 3, 7],
			"rotation": {"angle": 0, "axis": "y", "origin": [6.5, -3.5, 4.5]},
			"faces": {
				"north": {"uv": [0, 0, 3, 7], "tintindex": 0,"texture": "#4"},
				"east": {"uv": [0, 0, 3, 7], "tintindex": 0,"texture": "#4"},
				"south": {"uv": [0, 0, 3, 7], "tintindex": 0,"texture": "#4"},
				"west": {"uv": [0, 0, 3, 7], "tintindex": 0,"texture": "#4"},
				"up": {"uv": [0, 0, 3, 3], "tintindex": 0,"texture": "#4"},
				"down": {"uv": [0, 0, 3, 3], "tintindex": 0,"texture": "#4"}
			}
		},
		{
			"from": [6.5, -0.03553, 5.08579],
			"to": [8.5, 2.96447, 12.08579],
			"rotation": {"angle": -45, "axis": "x", "origin": [8, 1.46447, 8.58579]},
			"faces": {
				"north": {"uv": [0, 0, 2, 3], "rotation": 180, "tintindex": 0,"texture": "#4"},
				"east": {"uv": [0, 0, 3, 7], "rotation": 90, "tintindex": 0,"texture": "#4"},
				"south": {"uv": [0, 0, 2, 3], "tintindex": 0,"texture": "#4"},
				"west": {"uv": [0, 0, 3, 7], "rotation": 270, "tintindex": 0,"texture": "#4"},
				"up": {"uv": [0, 0, 2, 7], "tintindex": 0,"texture": "#4"},
				"down": {"uv": [0, 0, 2, 7], "rotation": 180, "tintindex": 0,"texture": "#4"}
			}
		},
		{
			"from": [6.75, 2, 3],
			"to": [8.25, 22, 15],
			"rotation": {"angle": 0, "axis": "y", "origin": [7.25, 2.5, 3.5]},
			"faces": {
				"north": {"uv": [0, 0, 1.5, 16], "tintindex": 0,"texture": "#6"},
				"east": {"uv": [0, 0, 12, 16], "tintindex": 0,"texture": "#6"},
				"south": {"uv": [0, 0, 1.5, 16], "tintindex": 0,"texture": "#6"},
				"west": {"uv": [0, 0, 12, 16], "tintindex": 0,"texture": "#6"},
				"up": {"uv": [0, 0, 1.5, 12], "tintindex": 0,"texture": "#6"},
				"down": {"uv": [0, 0, 1.5, 12], "tintindex": 0,"texture": "#6"}
			}
		},
		{
			"from": [6.75, 22, 5],
			"to": [8.25, 27, 16],
			"rotation": {"angle": 0, "axis": "y", "origin": [7.25, 22.5, 5.5]},
			"faces": {
				"north": {"uv": [0, 0, 1.5, 5], "tintindex": 0,"texture": "#6"},
				"east": {"uv": [0, 0, 11, 5], "tintindex": 0,"texture": "#6"},
				"south": {"uv": [0, 0, 1.5, 5], "tintindex": 0,"texture": "#6"},
				"west": {"uv": [0, 0, 11, 5], "tintindex": 0,"texture": "#6"},
				"up": {"uv": [0, 0, 1.5, 11], "tintindex": 0,"texture": "#6"},
				"down": {"uv": [0, 0, 1.5, 11], "tintindex": 0,"texture": "#6"}
			}
		},
		{
			"from": [6.75, 27, 7],
			"to": [8.25, 30, 17],
			"rotation": {"angle": 0, "axis": "y", "origin": [7.25, 27.5, 7.5]},
			"faces": {
				"north": {"uv": [0, 0, 1.5, 3], "tintindex": 0,"texture": "#6"},
				"east": {"uv": [0, 0, 10, 3], "tintindex": 0,"texture": "#6"},
				"south": {"uv": [0, 0, 1.5, 3], "tintindex": 0,"texture": "#6"},
				"west": {"uv": [0, 0, 10, 3], "tintindex": 0,"texture": "#6"},
				"up": {"uv": [0, 0, 1.5, 10], "tintindex": 0,"texture": "#6"},
				"down": {"uv": [0, 0, 1.5, 10], "tintindex": 0,"texture": "#6"}
			}
		},
		{
			"from": [6.75, 30, 7],
			"to": [8.25, 32, 18],
			"rotation": {"angle": 0, "axis": "y", "origin": [7.25, 30.5, 7.5]},
			"faces": {
				"north": {"uv": [0, 0, 1.5, 2], "tintindex": 0,"texture": "#5"},
				"east": {"uv": [0, 0, 11, 2], "tintindex": 0,"texture": "#5"},
				"south": {"uv": [0, 0, 1.5, 2], "tintindex": 0,"texture": "#5"},
				"west": {"uv": [0, 0, 11, 2], "tintindex": 0,"texture": "#5"},
				"up": {"uv": [0, 0, 1.5, 11], "tintindex": 0,"texture": "#5"},
				"down": {"uv": [0, 0, 1.5, 11], "tintindex": 0,"texture": "#5"}
			}
		},
		{
			"from": [6.75, 1, 1],
			"to": [8.25, 23, 3],
			"rotation": {"angle": 0, "axis": "x", "origin": [7.5, 10, 2]},
			"faces": {
				"north": {"uv": [0, 0, 1.5, 16], "rotation": 180, "tintindex": 0,"texture": "#5"},
				"east": {"uv": [0, 0, 16, 2], "rotation": 270, "tintindex": 0,"texture": "#5"},
				"south": {"uv": [0, 0, 1.5, 16], "tintindex": 0,"texture": "#5"},
				"west": {"uv": [0, 0, 16, 2], "rotation": 90, "tintindex": 0,"texture": "#5"},
				"up": {"uv": [0, 0, 1.5, 2], "rotation": 180, "tintindex": 0,"texture": "#5"},
				"down": {"uv": [0, 0, 1.5, 2], "tintindex": 0,"texture": "#5"}
			}
		},
		{
			"from": [6.75, 27, 5],
			"to": [8.25, 31, 7],
			"rotation": {"angle": 0, "axis": "x", "origin": [7.5, 36, 6]},
			"faces": {
				"north": {"uv": [0, 0, 1.5, 4], "rotation": 180, "tintindex": 0,"texture": "#5"},
				"east": {"uv": [0, 0, 4, 2], "rotation": 270, "tintindex": 0,"texture": "#5"},
				"south": {"uv": [0, 0, 1.5, 4], "tintindex": 0,"texture": "#5"},
				"west": {"uv": [0, 0, 4, 2], "rotation": 90, "tintindex": 0,"texture": "#5"},
				"up": {"uv": [0, 0, 1.5, 2], "rotation": 180, "tintindex": 0,"texture": "#5"},
				"down": {"uv": [0, 0, 1.5, 2], "tintindex": 0,"texture": "#5"}
			}
		},
		{
			"from": [6.75, 22, 3],
			"to": [8.25, 28, 5],
			"rotation": {"angle": 0, "axis": "x", "origin": [7.5, 31, 4]},
			"faces": {
				"north": {"uv": [0, 0, 1.5, 6], "rotation": 180, "tintindex": 0,"texture": "#5"},
				"east": {"uv": [0, 0, 6, 2], "rotation": 270, "tintindex": 0,"texture": "#5"},
				"south": {"uv": [0, 0, 1.5, 6], "tintindex": 0,"texture": "#5"},
				"west": {"uv": [0, 0, 6, 2], "rotation": 90, "tintindex": 0,"texture": "#5"},
				"up": {"uv": [0, 0, 1.5, 2], "rotation": 180, "tintindex": 0,"texture": "#5"},
				"down": {"uv": [0, 0, 1.5, 2], "tintindex": 0,"texture": "#5"}
			}
		}
	],
	"display": {
		"thirdperson_righthand": {
			"translation": [0.25, 16.5, -3]
		},
		"thirdperson_lefthand": {
			"translation": [0.25, 16.5, -3]
		},
		"firstperson_righthand": {
			"translation": [0.25, 16.5, -3]
		},
		"firstperson_lefthand": {
			"translation": [0.25, 16.5, -3]
		},
		"head": {
			"translation": [2.25, 52.75, -16],
			"scale": [4, 4, 4]
		}
	}
}