{
	"credit": "Made with Blockbench",
	"textures": {
		"0": "item/magic/fire2",
		"1": "item/magic/skeleton",
		"2": "block/fire_0",
		"particle": "item/magic/fire2"
	},
	"elements": [
		{
			"from": [7.867, -8, 1.843],
			"to": [8.133, 11.97, 21.5],
			"rotation": {"angle": 0, "axis": "x", "origin": [8, 1.33, 12.483]},
			"faces": {
				"north": {"uv": [0, 0, 0.2, 16], "rotation": 180, "texture": "#1"},
				"east": {"uv": [0, 0, 16, 16], "rotation": 270, "texture": "#2"},
				"south": {"uv": [0, 0, 0.2, 16], "texture": "#1"},
				"west": {"uv": [0, 0, 16, 16], "rotation": 90, "texture": "#2"},
				"up": {"uv": [0, 0, 0.2, 16], "rotation": 180, "texture": "#1"},
				"down": {"uv": [0, 0, 0.2, 16], "texture": "#1"}
			}
		},
		{
			"from": [-2.64, 1.197, 1.843],
			"to": [18.64, 1.463, 21.5],
			"rotation": {"angle": 0, "axis": "z", "origin": [8, 1.33, 12.483]},
			"faces": {
				"north": {"uv": [0, 0, 0.2, 16], "rotation": 270, "texture": "#1"},
				"east": {"uv": [0, 0, 0.2, 16], "rotation": 270, "texture": "#1"},
				"south": {"uv": [0, 0, 0.2, 16], "rotation": 270, "texture": "#1"},
				"west": {"uv": [0, 0, 0.2, 16], "rotation": 90, "texture": "#1"},
				"up": {"uv": [0, 0, 16, 16], "rotation": 180, "texture": "#2"},
				"down": {"uv": [0, 0, 16, 16], "texture": "#2"}
			}
		},
		{
			"from": [4, 0, 1],
			"to": [12, 8, 1.5],
			"rotation": {"angle": 0, "axis": "y", "origin": [8, 4, 5]},
			"faces": {
				"north": {"uv": [0, 0, 16, 16], "texture": "#0"},
				"east": {"uv": [0, 0, 1, 16], "texture": "#1"},
				"south": {"uv": [0, 0, 16, 16], "texture": "#1"},
				"west": {"uv": [0, 0, 1, 16], "texture": "#1"},
				"up": {"uv": [0, 0, 16, 1], "texture": "#1"},
				"down": {"uv": [0, 0, 16, 1], "texture": "#1"}
			}
		}
	],
	"gui_light": "front",	"gui_ligh" :"front",
	"display": {
		"thirdperson_righthand": {
			"rotation": [-76, 0, -180],
			"translation": [0, 1.75, 3.5],
			"scale": [0.3, 0.3, 0.5]
		},
		"thirdperson_lefthand": {
			"rotation": [-76, 0, -180],
			"translation": [0, 1.75, 3.5],
			"scale": [0.3, 0.3, 0.5]
		},
		"firstperson_righthand": {
			"rotation": [-87, 0, -180],
			"translation": [1.75, 1.75, 3.5],
			"scale": [0.3, 0.3,0.5]
		},
		"firstperson_lefthand": {
			"rotation": [-87, 0, -180],
			"translation": [1.75, 1.75, 3.5],
			"scale": [0.3, 0.3, 0.5]
		},
		"ground": {
			"rotation": [-90, 0, -180],
			"translation": [0, 4, 2.25],
			"scale": [0.6, 0.6, 1]
		},
		"gui": {
			"rotation": [-180, 0, -180],
			"translation": [0, 8, 0],
			"scale": [2, 2, 2]
		},
		"head": {
			"rotation": [-87, 0, -180],
			"translation": [0, 1.75, 2.25],
			"scale": [0.2, 0.2, 0.2]
		},
		"fixed": {
			"translation": [0, 0, 7.75],
			"scale": [0, 0, 0]
		}
	}
}