{
	"credit": "Made with Blockbench",
	"textures": {
		"0": "item/magic/effect1",
		"particle": "item/magic/effect1"
	},
	"elements": [
		{
			"from": [-16, 31, -16],
			"to": [32, 31.1, 32],
			"faces": {
				"north": {"uv": [0, 0, 16, 0.1], "texture": "#0"},
				"east": {"uv": [0, 0, 16, 0.1], "texture": "#0"},
				"south": {"uv": [0, 0, 16, 0.1], "texture": "#0"},
				"west": {"uv": [0, 0, 16, 0.1], "texture": "#0"},
				"up": {"uv": [0, 0, 16, 16], "texture": "#0"},
				"down": {"uv": [0, 0, 16, 16], "texture": "#0"}
			}
		}
	],
	"display": {
		"head": {
			"translation": [0, 58, 0],
			"scale": [4, 4, 4]
		}
	}
}