{
	"credit": "Made with Blockbench",
	"textures": {
		"0": "block/fire_0",
		"particle": "block/fire_0"
	},
	"elements": [
		{
			"from": [7.9, -16, -2],
			"to": [8.1, 1, 18],
			"rotation": {"angle": 0, "axis": "x", "origin": [8, -6, 8]},
			"faces": {
				"north": {"uv": [0, 0, 0.2, 1], "rotation": 180, "texture": "#0"},
				"east": {"uv": [0, 0, 16, 14], "rotation": 180, "texture": "#0"},
				"south": {"uv": [0, 0, 0.2, 1], "rotation": 180, "texture": "#0"},
				"west": {"uv": [0, 0, 16, 13], "rotation": 180, "texture": "#0"},
				"up": {"uv": [0, 0, 0.2, 1], "texture": "#0"},
				"down": {"uv": [0, 0, 0.2, 1], "texture": "#0"}
			}
		},
		{
			"from": [-2, -16, 7.9],
			"to": [18, 1, 8.1],
			"faces": {
				"north": {"uv": [0, 0, 16, 14], "rotation": 180, "texture": "#0"},
				"east": {"uv": [0, 0, 0.2, 1], "rotation": 180, "texture": "#0"},
				"south": {"uv": [0, 0, 16, 13], "rotation": 180, "texture": "#0"},
				"west": {"uv": [0, 0, 0.2, 1], "rotation": 180, "texture": "#0"},
				"up": {"uv": [0, 0, 0.2, 1], "rotation": 270, "texture": "#0"},
				"down": {"uv": [0, 0, 0.2, 1], "rotation": 90, "texture": "#0"}
			}
		},
		{
			"from": [7.9, 1, -2],
			"to": [8.1, 18, 18],
			"faces": {
				"north": {"uv": [0, 0, 0.2, 1], "texture": "#0"},
				"east": {"uv": [0, 0, 16, 14], "texture": "#0"},
				"south": {"uv": [0, 0, 0.2, 1], "texture": "#0"},
				"west": {"uv": [0, 0, 16, 13], "texture": "#0"},
				"up": {"uv": [0, 0, 0.2, 1], "texture": "#0"},
				"down": {"uv": [0, 0, 0.2, 1], "texture": "#0"}
			}
		},
		{
			"from": [-2, 1, 7.9],
			"to": [18, 18, 8.1],
			"faces": {
				"north": {"uv": [0, 0, 16, 14], "texture": "#0"},
				"east": {"uv": [0, 0, 0.2, 1], "texture": "#0"},
				"south": {"uv": [0, 0, 16, 13], "texture": "#0"},
				"west": {"uv": [0, 0, 0.2, 1], "texture": "#0"},
				"up": {"uv": [0, 0, 0.2, 1], "rotation": 270, "texture": "#0"},
				"down": {"uv": [0, 0, 0.2, 1], "rotation": 90, "texture": "#0"}
			}
		}
	],
	"display": {
		"thirdperson_lefthand": {
			"scale": [1.3, 1.3, 1.3]
		},
		"head": {
			"scale": [2, 1.5, 2]
		}
	}
}