{
	"credit": "Made with Blockbench",
	"textures": {
		"0": "block/bone_block_side",
		"particle": "block/bone_block_side"
	},
	"elements": [
		{
			"from": [7, 0, 7],
			"to": [9, 12, 9],
			"faces": {
				"north": {"uv": [0, 0, 2, 12], "texture": "#0"},
				"east": {"uv": [0, 0, 2, 12], "texture": "#0"},
				"south": {"uv": [0, 0, 2, 12], "texture": "#0"},
				"west": {"uv": [0, 0, 2, 12], "texture": "#0"},
				"up": {"uv": [0, 0, 2, 2], "texture": "#0"},
				"down": {"uv": [0, 0, 2, 2], "texture": "#0"}
			}
		}
	],
	"display": {
		"thirdperson_righthand": {
			"rotation": [-90, 0, 0],
			"translation": [-0.75, -2, 4]
		}
	}
}