{
	"credit": "Made with Blockbench",
	"textures": {
		"0": "item/custom/monster/summon_wind/wind1",
		"1": "item/custom/monster/summon_wind/wind2",
		"2": "item/custom/monster/summon_wind/wind3",
		"3": "item/custom/monster/summon_wind/wind4",
		"5": "block/end_portal_frame_top",
		"particle": "item/custom/monster/summon_wind/wind1"
	},
	"elements": [
		{
			"from": [1, 0, 2.5],
			"to": [7, 1, 8.5],
			"rotation": {"angle": 0, "axis": "z", "origin": [3, 0.5, 4]},
			"faces": {
				"north": {"uv": [2.5, 0, 8.5, 1], "texture": "#0"},
				"east": {"uv": [0, 0, 1, 1], "texture": "#0"},
				"south": {"uv": [1.5, 0, 7.5, 1], "texture": "#0"},
				"west": {"uv": [0, 0, 1.5, 1], "texture": "#0"},
				"up": {"uv": [0, 0, 6, 6], "texture": "#0"},
				"down": {"uv": [0, 0, 6, 6], "texture": "#0"}
			}
		},
		{
			"from": [3, 0, 8.6],
			"to": [7, 1, 13.6],
			"rotation": {"angle": 0, "axis": "z", "origin": [3, 0.5, 3.1]},
			"faces": {
				"north": {"uv": [3.5, 9, 7.5, 10], "texture": "#0"},
				"east": {"uv": [4, 8, 9, 9], "texture": "#0"},
				"south": {"uv": [4, 7, 8, 8], "texture": "#0"},
				"west": {"uv": [4, 6, 9, 7], "texture": "#0"},
				"up": {"uv": [0, 6, 4, 11], "texture": "#0"},
				"down": {"uv": [0, 6, 4, 11], "texture": "#0"}
			}
		},
		{
			"from": [2.5, 0, 13.6],
			"to": [3.5, 1, 14.6],
			"rotation": {"angle": 0, "axis": "y", "origin": [0, 0, -0.4]},
			"faces": {
				"north": {"uv": [3.5, 6.5, 4.5, 7.5], "texture": "#0"},
				"east": {"uv": [3.5, 6.5, 4.5, 7.5], "texture": "#0"},
				"south": {"uv": [3.5, 6.5, 4.5, 7.5], "texture": "#0"},
				"west": {"uv": [3.5, 6.5, 4.5, 7.5], "texture": "#0"},
				"up": {"uv": [3.5, 6.5, 4.5, 7.5], "texture": "#0"},
				"down": {"uv": [3.5, 6.5, 4.5, 7.5], "texture": "#0"}
			}
		},
		{
			"from": [1.03702, 1.18611, 2.5],
			"to": [7.03702, 2.18611, 8.5],
			"rotation": {"angle": -22.5, "axis": "z", "origin": [4.03702, 1.68611, 10.25]},
			"faces": {
				"north": {"uv": [2.5, 0, 8.5, 1], "texture": "#1"},
				"east": {"uv": [0, 0, 1, 1], "texture": "#1"},
				"south": {"uv": [1.5, 0, 7.5, 1], "texture": "#1"},
				"west": {"uv": [0, 0, 1.5, 1], "texture": "#1"},
				"up": {"uv": [0, 0, 6, 6], "texture": "#1"},
				"down": {"uv": [0, 0, 6, 6], "texture": "#1"}
			}
		},
		{
			"from": [3.03702, 1.18611, 8.6],
			"to": [7.03702, 2.18611, 13.6],
			"rotation": {"angle": -22.5, "axis": "z", "origin": [4.03702, 1.68611, 9.35]},
			"faces": {
				"north": {"uv": [3.5, 9, 7.5, 10], "texture": "#1"},
				"east": {"uv": [4, 8, 9, 9], "texture": "#1"},
				"south": {"uv": [4, 7, 8, 8], "texture": "#1"},
				"west": {"uv": [4, 6, 9, 7], "texture": "#1"},
				"up": {"uv": [0, 6, 4, 11], "texture": "#1"},
				"down": {"uv": [0, 6, 4, 11], "texture": "#1"}
			}
		},
		{
			"from": [2.53702, 1.18611, 13.6],
			"to": [3.53702, 2.18611, 14.6],
			"rotation": {"angle": -22.5, "axis": "z", "origin": [4.03702, 1.68611, 9.35]},
			"faces": {
				"north": {"uv": [3.5, 6.5, 4.5, 7.5], "texture": "#1"},
				"east": {"uv": [3.5, 6.5, 4.5, 7.5], "texture": "#1"},
				"south": {"uv": [3.5, 6.5, 4.5, 7.5], "texture": "#1"},
				"west": {"uv": [3.5, 6.5, 4.5, 7.5], "texture": "#1"},
				"up": {"uv": [3.5, 6.5, 4.5, 7.5], "texture": "#1"},
				"down": {"uv": [3.5, 6.5, 4.5, 7.5], "texture": "#1"}
			}
		},
		{
			"from": [-0.59619, 3.14645, 2.5],
			"to": [5.40381, 4.14645, 8.5],
			"rotation": {"angle": -45, "axis": "z", "origin": [2.40381, 0.64645, 10.25]},
			"faces": {
				"north": {"uv": [2.5, 0, 8.5, 1], "texture": "#2"},
				"east": {"uv": [0, 0, 1, 1], "texture": "#2"},
				"south": {"uv": [1.5, 0, 7.5, 1], "texture": "#2"},
				"west": {"uv": [0, 0, 1.5, 1], "texture": "#2"},
				"up": {"uv": [0, 0, 6, 6], "texture": "#2"},
				"down": {"uv": [0, 0, 6, 6], "texture": "#2"}
			}
		},
		{
			"from": [1.40381, 3.14645, 8.6],
			"to": [5.40381, 4.14645, 13.6],
			"rotation": {"angle": -45, "axis": "z", "origin": [2.40381, 0.64645, 9.35]},
			"faces": {
				"north": {"uv": [3.5, 9, 7.5, 10], "texture": "#2"},
				"east": {"uv": [4, 8, 9, 9], "texture": "#2"},
				"south": {"uv": [4, 7, 8, 8], "texture": "#2"},
				"west": {"uv": [4, 6, 9, 7], "texture": "#2"},
				"up": {"uv": [0, 6, 4, 11], "texture": "#2"},
				"down": {"uv": [0, 6, 4, 11], "texture": "#2"}
			}
		},
		{
			"from": [0.90381, 3.14645, 13.6],
			"to": [1.90381, 4.14645, 14.6],
			"rotation": {"angle": -45, "axis": "z", "origin": [2.40381, 0.64645, 9.35]},
			"faces": {
				"north": {"uv": [3.5, 6.5, 4.5, 7.5], "texture": "#2"},
				"east": {"uv": [3.5, 6.5, 4.5, 7.5], "texture": "#2"},
				"south": {"uv": [3.5, 6.5, 4.5, 7.5], "texture": "#2"},
				"west": {"uv": [3.5, 6.5, 4.5, 7.5], "texture": "#2"},
				"up": {"uv": [3.5, 6.5, 4.5, 7.5], "texture": "#2"},
				"down": {"uv": [3.5, 6.5, 4.5, 7.5], "texture": "#2"}
			}
		},
		{
			"from": [1.4197, -1.10999, 2.5],
			"to": [7.4197, -0.10999, 8.5],
			"rotation": {"angle": 22.5, "axis": "z", "origin": [4.4197, -0.60999, 10.25]},
			"faces": {
				"north": {"uv": [2.5, 0, 8.5, 1], "texture": "#3"},
				"east": {"uv": [0, 0, 1, 1], "texture": "#3"},
				"south": {"uv": [1.5, 0, 7.5, 1], "texture": "#3"},
				"west": {"uv": [0, 0, 1.5, 1], "texture": "#3"},
				"up": {"uv": [0, 0, 6, 6], "texture": "#3"},
				"down": {"uv": [0, 0, 6, 6], "texture": "#3"}
			}
		},
		{
			"from": [3.4197, -1.10999, 8.6],
			"to": [7.4197, -0.10999, 13.6],
			"rotation": {"angle": 22.5, "axis": "z", "origin": [4.4197, -0.60999, 9.35]},
			"faces": {
				"north": {"uv": [3.5, 9, 7.5, 10], "texture": "#3"},
				"east": {"uv": [4, 8, 9, 9], "texture": "#3"},
				"south": {"uv": [4, 7, 8, 8], "texture": "#3"},
				"west": {"uv": [4, 6, 9, 7], "texture": "#3"},
				"up": {"uv": [0, 6, 4, 11], "texture": "#3"},
				"down": {"uv": [0, 6, 4, 11], "texture": "#3"}
			}
		},
		{
			"from": [2.9197, -1.10999, 13.6],
			"to": [3.9197, -0.10999, 14.6],
			"rotation": {"angle": 22.5, "axis": "z", "origin": [4.4197, -0.60999, 9.35]},
			"faces": {
				"north": {"uv": [3.5, 6.5, 4.5, 7.5], "texture": "#3"},
				"east": {"uv": [3.5, 6.5, 4.5, 7.5], "texture": "#3"},
				"south": {"uv": [3.5, 6.5, 4.5, 7.5], "texture": "#3"},
				"west": {"uv": [3.5, 6.5, 4.5, 7.5], "texture": "#3"},
				"up": {"uv": [3.5, 6.5, 4.5, 7.5], "texture": "#3"},
				"down": {"uv": [3.5, 6.5, 4.5, 7.5], "texture": "#3"}
			}
		},
		{
			"from": [3.73223, -1.97487, 13.6],
			"to": [4.73223, -0.97487, 14.6],
			"rotation": {"angle": 45, "axis": "z", "origin": [5.23223, -1.47487, 9.35]},
			"faces": {
				"north": {"uv": [3.5, 6.5, 4.5, 7.5], "texture": "#3"},
				"east": {"uv": [3.5, 6.5, 4.5, 7.5], "texture": "#3"},
				"south": {"uv": [3.5, 6.5, 4.5, 7.5], "texture": "#3"},
				"west": {"uv": [3.5, 6.5, 4.5, 7.5], "texture": "#3"},
				"up": {"uv": [3.5, 6.5, 4.5, 7.5], "texture": "#3"},
				"down": {"uv": [3.5, 6.5, 4.5, 7.5], "texture": "#3"}
			}
		},
		{
			"from": [4.23223, -1.97487, 8.6],
			"to": [8.23223, -0.97487, 13.6],
			"rotation": {"angle": 45, "axis": "z", "origin": [5.23223, -1.47487, 9.35]},
			"faces": {
				"north": {"uv": [3.5, 9, 7.5, 10], "texture": "#3"},
				"east": {"uv": [4, 8, 9, 9], "texture": "#3"},
				"south": {"uv": [4, 7, 8, 8], "texture": "#3"},
				"west": {"uv": [4, 6, 9, 7], "texture": "#3"},
				"up": {"uv": [0, 6, 4, 11], "texture": "#3"},
				"down": {"uv": [0, 6, 4, 11], "texture": "#3"}
			}
		},
		{
			"from": [2.23223, -1.97487, 2.5],
			"to": [8.23223, -0.97487, 8.5],
			"rotation": {"angle": 45, "axis": "z", "origin": [5.23223, -1.47487, 10.25]},
			"faces": {
				"north": {"uv": [2.5, 0, 8.5, 1], "texture": "#3"},
				"east": {"uv": [0, 0, 1, 1], "texture": "#3"},
				"south": {"uv": [1.5, 0, 7.5, 1], "texture": "#3"},
				"west": {"uv": [0, 0, 1.5, 1], "texture": "#3"},
				"up": {"uv": [0, 0, 6, 6], "texture": "#3"},
				"down": {"uv": [0, 0, 6, 6], "texture": "#3"}
			}
		},
		{
			"from": [9, 0, 2.5],
			"to": [15, 1, 8.5],
			"rotation": {"angle": 0, "axis": "z", "origin": [13, 0.5, 4]},
			"faces": {
				"north": {"uv": [8.5, 0, 2.5, 1], "texture": "#0"},
				"east": {"uv": [1.5, 0, 0, 1], "texture": "#0"},
				"south": {"uv": [7.5, 0, 1.5, 1], "texture": "#0"},
				"west": {"uv": [1, 0, 0, 1], "texture": "#0"},
				"up": {"uv": [6, 0, 0, 6], "texture": "#0"},
				"down": {"uv": [6, 0, 0, 6], "texture": "#0"}
			}
		},
		{
			"from": [9, 0, 8.6],
			"to": [13, 1, 13.6],
			"rotation": {"angle": 0, "axis": "z", "origin": [13, 0.5, 3.1]},
			"faces": {
				"north": {"uv": [7.5, 9, 3.5, 10], "texture": "#0"},
				"east": {"uv": [9, 6, 4, 7], "texture": "#0"},
				"south": {"uv": [8, 7, 4, 8], "texture": "#0"},
				"west": {"uv": [9, 8, 4, 9], "texture": "#0"},
				"up": {"uv": [4, 6, 0, 11], "texture": "#0"},
				"down": {"uv": [4, 6, 0, 11], "texture": "#0"}
			}
		},
		{
			"from": [12.5, 0, 13.6],
			"to": [13.5, 1, 14.6],
			"rotation": {"angle": 0, "axis": "y", "origin": [16, 0, -0.4]},
			"faces": {
				"north": {"uv": [4.5, 6.5, 3.5, 7.5], "texture": "#0"},
				"east": {"uv": [4.5, 6.5, 3.5, 7.5], "texture": "#0"},
				"south": {"uv": [4.5, 6.5, 3.5, 7.5], "texture": "#0"},
				"west": {"uv": [4.5, 6.5, 3.5, 7.5], "texture": "#0"},
				"up": {"uv": [4.5, 6.5, 3.5, 7.5], "texture": "#0"},
				"down": {"uv": [4.5, 6.5, 3.5, 7.5], "texture": "#0"}
			}
		},
		{
			"from": [12.46298, 1.18611, 13.6],
			"to": [13.46298, 2.18611, 14.6],
			"rotation": {"angle": 22.5, "axis": "z", "origin": [11.96298, 1.68611, 9.35]},
			"faces": {
				"north": {"uv": [4.5, 6.5, 3.5, 7.5], "texture": "#1"},
				"east": {"uv": [4.5, 6.5, 3.5, 7.5], "texture": "#1"},
				"south": {"uv": [4.5, 6.5, 3.5, 7.5], "texture": "#1"},
				"west": {"uv": [4.5, 6.5, 3.5, 7.5], "texture": "#1"},
				"up": {"uv": [4.5, 6.5, 3.5, 7.5], "texture": "#1"},
				"down": {"uv": [4.5, 6.5, 3.5, 7.5], "texture": "#1"}
			}
		},
		{
			"from": [8.96298, 1.18611, 8.6],
			"to": [12.96298, 2.18611, 13.6],
			"rotation": {"angle": 22.5, "axis": "z", "origin": [11.96298, 1.68611, 9.35]},
			"faces": {
				"north": {"uv": [7.5, 9, 3.5, 10], "texture": "#1"},
				"east": {"uv": [9, 6, 4, 7], "texture": "#1"},
				"south": {"uv": [8, 7, 4, 8], "texture": "#1"},
				"west": {"uv": [9, 8, 4, 9], "texture": "#1"},
				"up": {"uv": [4, 6, 0, 11], "texture": "#1"},
				"down": {"uv": [4, 6, 0, 11], "texture": "#1"}
			}
		},
		{
			"from": [8.96298, 1.18611, 2.5],
			"to": [14.96298, 2.18611, 8.5],
			"rotation": {"angle": 22.5, "axis": "z", "origin": [11.96298, 1.68611, 10.25]},
			"faces": {
				"north": {"uv": [8.5, 0, 2.5, 1], "texture": "#1"},
				"east": {"uv": [1.5, 0, 0, 1], "texture": "#1"},
				"south": {"uv": [7.5, 0, 1.5, 1], "texture": "#1"},
				"west": {"uv": [1, 0, 0, 1], "texture": "#1"},
				"up": {"uv": [6, 0, 0, 6], "texture": "#1"},
				"down": {"uv": [6, 0, 0, 6], "texture": "#1"}
			}
		},
		{
			"from": [14.09619, 3.14645, 13.6],
			"to": [15.09619, 4.14645, 14.6],
			"rotation": {"angle": 45, "axis": "z", "origin": [13.59619, 0.64645, 9.35]},
			"faces": {
				"north": {"uv": [4.5, 6.5, 3.5, 7.5], "texture": "#2"},
				"east": {"uv": [4.5, 6.5, 3.5, 7.5], "texture": "#2"},
				"south": {"uv": [4.5, 6.5, 3.5, 7.5], "texture": "#2"},
				"west": {"uv": [4.5, 6.5, 3.5, 7.5], "texture": "#2"},
				"up": {"uv": [4.5, 6.5, 3.5, 7.5], "texture": "#2"},
				"down": {"uv": [4.5, 6.5, 3.5, 7.5], "texture": "#2"}
			}
		},
		{
			"from": [10.59619, 3.14645, 8.6],
			"to": [14.59619, 4.14645, 13.6],
			"rotation": {"angle": 45, "axis": "z", "origin": [13.59619, 0.64645, 9.35]},
			"faces": {
				"north": {"uv": [7.5, 9, 3.5, 10], "texture": "#2"},
				"east": {"uv": [9, 6, 4, 7], "texture": "#2"},
				"south": {"uv": [8, 7, 4, 8], "texture": "#2"},
				"west": {"uv": [9, 8, 4, 9], "texture": "#2"},
				"up": {"uv": [4, 6, 0, 11], "texture": "#2"},
				"down": {"uv": [4, 6, 0, 11], "texture": "#2"}
			}
		},
		{
			"from": [10.59619, 3.14645, 2.5],
			"to": [16.59619, 4.14645, 8.5],
			"rotation": {"angle": 45, "axis": "z", "origin": [13.59619, 0.64645, 10.25]},
			"faces": {
				"north": {"uv": [8.5, 0, 2.5, 1], "texture": "#2"},
				"east": {"uv": [1.5, 0, 0, 1], "texture": "#2"},
				"south": {"uv": [7.5, 0, 1.5, 1], "texture": "#2"},
				"west": {"uv": [1, 0, 0, 1], "texture": "#2"},
				"up": {"uv": [6, 0, 0, 6], "texture": "#2"},
				"down": {"uv": [6, 0, 0, 6], "texture": "#2"}
			}
		},
		{
			"from": [12.0803, -1.10999, 13.6],
			"to": [13.0803, -0.10999, 14.6],
			"rotation": {"angle": -22.5, "axis": "z", "origin": [11.5803, -0.60999, 9.35]},
			"faces": {
				"north": {"uv": [4.5, 6.5, 3.5, 7.5], "texture": "#3"},
				"east": {"uv": [4.5, 6.5, 3.5, 7.5], "texture": "#3"},
				"south": {"uv": [4.5, 6.5, 3.5, 7.5], "texture": "#3"},
				"west": {"uv": [4.5, 6.5, 3.5, 7.5], "texture": "#3"},
				"up": {"uv": [4.5, 6.5, 3.5, 7.5], "texture": "#3"},
				"down": {"uv": [4.5, 6.5, 3.5, 7.5], "texture": "#3"}
			}
		},
		{
			"from": [8.5803, -1.10999, 8.6],
			"to": [12.5803, -0.10999, 13.6],
			"rotation": {"angle": -22.5, "axis": "z", "origin": [11.5803, -0.60999, 9.35]},
			"faces": {
				"north": {"uv": [7.5, 9, 3.5, 10], "texture": "#3"},
				"east": {"uv": [9, 6, 4, 7], "texture": "#3"},
				"south": {"uv": [8, 7, 4, 8], "texture": "#3"},
				"west": {"uv": [9, 8, 4, 9], "texture": "#3"},
				"up": {"uv": [4, 6, 0, 11], "texture": "#3"},
				"down": {"uv": [4, 6, 0, 11], "texture": "#3"}
			}
		},
		{
			"from": [8.5803, -1.10999, 2.5],
			"to": [14.5803, -0.10999, 8.5],
			"rotation": {"angle": -22.5, "axis": "z", "origin": [11.5803, -0.60999, 10.25]},
			"faces": {
				"north": {"uv": [8.5, 0, 2.5, 1], "texture": "#3"},
				"east": {"uv": [1.5, 0, 0, 1], "texture": "#3"},
				"south": {"uv": [7.5, 0, 1.5, 1], "texture": "#3"},
				"west": {"uv": [1, 0, 0, 1], "texture": "#3"},
				"up": {"uv": [6, 0, 0, 6], "texture": "#3"},
				"down": {"uv": [6, 0, 0, 6], "texture": "#3"}
			}
		},
		{
			"from": [7.76777, -1.97487, 2.5],
			"to": [13.76777, -0.97487, 8.5],
			"rotation": {"angle": -45, "axis": "z", "origin": [10.76777, -1.47487, 10.25]},
			"faces": {
				"north": {"uv": [8.5, 0, 2.5, 1], "texture": "#3"},
				"east": {"uv": [1.5, 0, 0, 1], "texture": "#3"},
				"south": {"uv": [7.5, 0, 1.5, 1], "texture": "#3"},
				"west": {"uv": [1, 0, 0, 1], "texture": "#3"},
				"up": {"uv": [6, 0, 0, 6], "texture": "#3"},
				"down": {"uv": [6, 0, 0, 6], "texture": "#3"}
			}
		},
		{
			"from": [7.76777, -1.97487, 8.6],
			"to": [11.76777, -0.97487, 13.6],
			"rotation": {"angle": -45, "axis": "z", "origin": [10.76777, -1.47487, 9.35]},
			"faces": {
				"north": {"uv": [7.5, 9, 3.5, 10], "texture": "#3"},
				"east": {"uv": [9, 6, 4, 7], "texture": "#3"},
				"south": {"uv": [8, 7, 4, 8], "texture": "#3"},
				"west": {"uv": [9, 8, 4, 9], "texture": "#3"},
				"up": {"uv": [4, 6, 0, 11], "texture": "#3"},
				"down": {"uv": [4, 6, 0, 11], "texture": "#3"}
			}
		},
		{
			"from": [11.26777, -1.97487, 13.6],
			"to": [12.26777, -0.97487, 14.6],
			"rotation": {"angle": -45, "axis": "z", "origin": [10.76777, -1.47487, 9.35]},
			"faces": {
				"north": {"uv": [4.5, 6.5, 3.5, 7.5], "texture": "#3"},
				"east": {"uv": [4.5, 6.5, 3.5, 7.5], "texture": "#3"},
				"south": {"uv": [4.5, 6.5, 3.5, 7.5], "texture": "#3"},
				"west": {"uv": [4.5, 6.5, 3.5, 7.5], "texture": "#3"},
				"up": {"uv": [4.5, 6.5, 3.5, 7.5], "texture": "#3"},
				"down": {"uv": [4.5, 6.5, 3.5, 7.5], "texture": "#3"}
			}
		},
		{
			"from": [7, -0.75, 6],
			"to": [9, 1.25, 10],
			"faces": {
				"north": {"uv": [1, 13, 3, 15], "texture": "#5"},
				"east": {"uv": [8, 5, 12, 7], "texture": "#5"},
				"south": {"uv": [7, 7, 9, 9], "texture": "#5"},
				"west": {"uv": [4, 5, 8, 7], "texture": "#5"},
				"up": {"uv": [7, 3, 9, 7], "texture": "#5"},
				"down": {"uv": [7, 9, 9, 13], "texture": "#5"}
			}
		},
		{
			"from": [7.25, -0.25, 4.5],
			"to": [8.75, 1.25, 6],
			"faces": {
				"north": {"uv": [0, 0, 1.5, 1.5], "texture": "#5"},
				"east": {"uv": [0, 0, 1.5, 1.5], "texture": "#5"},
				"south": {"uv": [0, 0, 1.5, 1.5], "texture": "#5"},
				"west": {"uv": [0, 0, 1.5, 1.5], "texture": "#5"},
				"up": {"uv": [0, 0, 1.5, 1.5], "texture": "#5"},
				"down": {"uv": [0, 0, 1.5, 1.5], "texture": "#5"}
			}
		},
		{
			"from": [6.75, 0.75, 4],
			"to": [7.75, 1.75, 5],
			"faces": {
				"north": {"uv": [6, 6, 7, 7], "texture": "#5"},
				"east": {"uv": [6, 6, 7, 7], "texture": "#5"},
				"south": {"uv": [6, 6, 7, 7], "texture": "#5"},
				"west": {"uv": [6, 6, 7, 7], "texture": "#5"},
				"up": {"uv": [6, 6, 7, 7], "texture": "#5"},
				"down": {"uv": [6, 6, 7, 7], "texture": "#5"}
			}
		},
		{
			"from": [8.25, 0.75, 4],
			"to": [9.25, 1.75, 5],
			"faces": {
				"north": {"uv": [6, 6, 7, 7], "texture": "#5"},
				"east": {"uv": [6, 6, 7, 7], "texture": "#5"},
				"south": {"uv": [6, 6, 7, 7], "texture": "#5"},
				"west": {"uv": [6, 6, 7, 7], "texture": "#5"},
				"up": {"uv": [6, 6, 7, 7], "texture": "#5"},
				"down": {"uv": [6, 6, 7, 7], "texture": "#5"}
			}
		}
	],
	"display": {
		"thirdperson_righthand": {
			"rotation": [37, 0, 0],
			"translation": [0, 2.5, 1.75],
			"scale": [0.4, 0.4, 0.4]
		},
		"head": {
			"rotation": [37, 0, 0],
			"translation": [0, 0, -10.25],
			"scale": [0.6, 0.6, 0.6]
		}
	}
}