{
	"credit": "Made with Blockbench",
	"textures": {
		"2": "block/snow",
		"3": "block/powder_snow",
		"6": "block/packed_ice",
		"8": "block/ice",
		"particle": "block/black_concrete"
	},
	"elements": [
		{
			"from": [3.2, 2.1, 3.2],
			"to": [12.8, 4.5, 12.8],
			"rotation": {"angle": 0, "axis": "y", "origin": [-1.6, 2.1, -1.6]},
			"faces": {
				"north": {"uv": [0, 0, 8, 2], "texture": "#2"},
				"east": {"uv": [0, 0, 8, 2], "texture": "#2"},
				"south": {"uv": [0, 0, 8, 2], "texture": "#2"},
				"west": {"uv": [0, 0, 8, 2], "texture": "#2"},
				"up": {"uv": [0, 0, 8, 8], "texture": "#2"},
				"down": {"uv": [0, 0, 8, 8], "texture": "#2"}
			}
		},
		{
			"from": [2.6, 1.98, 2.6],
			"to": [13.4, 3.18, 13.4],
			"rotation": {"angle": 45, "axis": "y", "origin": [8, 5.58, 8]},
			"faces": {
				"north": {"uv": [0, 0, 9, 1], "texture": "#6"},
				"east": {"uv": [0, 0, 9, 1], "texture": "#6"},
				"south": {"uv": [0, 0, 9, 1], "texture": "#6"},
				"west": {"uv": [0, 0, 9, 1], "texture": "#6"},
				"up": {"uv": [0, 0, 9, 9], "rotation": 270, "texture": "#6"},
				"down": {"uv": [0, 0, 9, 9], "rotation": 90, "texture": "#6"}
			}
		},
		{
			"from": [4.4, 3.6, 4.4],
			"to": [11.6, 7.2, 11.6],
			"rotation": {"angle": 0, "axis": "y", "origin": [8, 7.8, 8]},
			"faces": {
				"north": {"uv": [0, 0, 6, 3], "texture": "#6"},
				"east": {"uv": [0, 0, 6, 3], "texture": "#6"},
				"south": {"uv": [0, 0, 6, 3], "texture": "#6"},
				"west": {"uv": [0, 0, 6, 3], "texture": "#6"},
				"up": {"uv": [0, 0, 6, 6], "texture": "#6"},
				"down": {"uv": [0, 0, 6, 6], "texture": "#6"}
			}
		},
		{
			"from": [3.8, 2.4, 3.8],
			"to": [12.2, 6, 12.2],
			"rotation": {"angle": 45, "axis": "y", "origin": [8, 4.2, 8]},
			"faces": {
				"north": {"uv": [0, 0, 7, 3], "texture": "#2"},
				"east": {"uv": [0, 0, 7, 3], "texture": "#2"},
				"south": {"uv": [0, 0, 7, 3], "texture": "#2"},
				"west": {"uv": [0, 0, 7, 3], "texture": "#2"},
				"up": {"uv": [0, 0, 7, 7], "texture": "#2"},
				"down": {"uv": [0, 0, 7, 7], "texture": "#2"}
			}
		},
		{
			"from": [5.6, 6, 5.6],
			"to": [10.4, 9.6, 10.4],
			"rotation": {"angle": 45, "axis": "y", "origin": [8, 7.8, 8]},
			"faces": {
				"north": {"uv": [0, 0, 4, 3], "texture": "#6"},
				"east": {"uv": [0, 0, 4, 3], "texture": "#6"},
				"south": {"uv": [0, 0, 4, 3], "texture": "#6"},
				"west": {"uv": [0, 0, 4, 3], "texture": "#6"},
				"up": {"uv": [0, 0, 4, 4], "texture": "#6"},
				"down": {"uv": [0, 0, 4, 4], "texture": "#6"}
			}
		},
		{
			"from": [5.6, 5.4, 5.6],
			"to": [10.4, 9, 10.4],
			"rotation": {"angle": 0, "axis": "y", "origin": [8, 7.8, 8]},
			"faces": {
				"north": {"uv": [0, 0, 4, 3], "texture": "#2"},
				"east": {"uv": [0, 0, 4, 3], "texture": "#2"},
				"south": {"uv": [0, 0, 4, 3], "texture": "#2"},
				"west": {"uv": [0, 0, 4, 3], "texture": "#2"},
				"up": {"uv": [0, 0, 4, 4], "texture": "#2"},
				"down": {"uv": [0, 0, 4, 4], "texture": "#2"}
			}
		},
		{
			"from": [6.8, 8.4, 7.1],
			"to": [9.2, 13.2, 9.5],
			"rotation": {"angle": 0, "axis": "y", "origin": [-1.6, 0, -1.6]},
			"faces": {
				"north": {"uv": [0, 0, 2, 4], "texture": "#6"},
				"east": {"uv": [0, 0, 2, 4], "texture": "#6"},
				"south": {"uv": [0, 0, 2, 4], "texture": "#6"},
				"west": {"uv": [0, 0, 2, 4], "texture": "#6"},
				"up": {"uv": [0, 0, 2, 2], "texture": "#6"},
				"down": {"uv": [0, 0, 2, 2], "texture": "#6"}
			}
		},
		{
			"from": [6.5, 11.7, 6.32],
			"to": [9.5, 12.66, 8.12],
			"rotation": {"angle": 22.5, "axis": "x", "origin": [8, 12, 6.8]},
			"faces": {
				"north": {"uv": [0, 0, 2.5, 0.8], "texture": "#3"},
				"east": {"uv": [0, 0, 1.5, 0.8], "texture": "#3"},
				"south": {"uv": [0, 0, 2.5, 0.8], "texture": "#3"},
				"west": {"uv": [0, 0, 1.5, 0.8], "texture": "#3"},
				"up": {"uv": [0, 0, 2.5, 1.5], "texture": "#3"},
				"down": {"uv": [0, 0, 2.5, 1.5], "texture": "#3"}
			}
		},
		{
			"from": [6.5, 12.66, 6.32],
			"to": [9.5, 13.5, 8.12],
			"rotation": {"angle": 22.5, "axis": "x", "origin": [8, 12, 6.8]},
			"faces": {
				"north": {"uv": [0, 0, 2.5, 0.7], "texture": "#6"},
				"east": {"uv": [0, 0, 1.5, 0.7], "texture": "#6"},
				"south": {"uv": [0, 0, 2.5, 0.7], "texture": "#6"},
				"west": {"uv": [0, 0, 1.5, 0.7], "texture": "#6"},
				"up": {"uv": [0, 0, 2.5, 1.5], "texture": "#6"},
				"down": {"uv": [0, 0, 2.5, 1.5], "texture": "#6"}
			}
		},
		{
			"from": [4, 12.6, 7.82],
			"to": [5.8, 14.4, 9.62],
			"rotation": {"angle": -22.5, "axis": "z", "origin": [5.3, 13.2, 7.82]},
			"faces": {
				"north": {"uv": [0, 0, 1.5, 1.5], "texture": "#6"},
				"east": {"uv": [0, 0, 1.5, 1.5], "texture": "#6"},
				"south": {"uv": [0, 0, 1.5, 1.5], "texture": "#6"},
				"west": {"uv": [0, 0, 1.5, 1.5], "texture": "#6"},
				"up": {"uv": [0, 0, 1.5, 1.5], "texture": "#6"},
				"down": {"uv": [0, 0, 1.5, 1.5], "texture": "#6"}
			}
		},
		{
			"from": [10.2, 12.6, 7.82],
			"to": [12, 14.4, 9.62],
			"rotation": {"angle": 22.5, "axis": "z", "origin": [10.7, 13.2, 7.82]},
			"faces": {
				"north": {"uv": [1.5, 0, 3, 1.5], "texture": "#6"},
				"east": {"uv": [1.5, 0, 3, 1.5], "texture": "#6"},
				"south": {"uv": [1.5, 0, 3, 1.5], "texture": "#6"},
				"west": {"uv": [1.5, 0, 3, 1.5], "texture": "#6"},
				"up": {"uv": [1.5, 0, 3, 1.5], "texture": "#6"},
				"down": {"uv": [1.5, 0, 3, 1.5], "texture": "#6"}
			}
		},
		{
			"from": [6.9938, 14.7938, 7.5938],
			"to": [9.0062, 16.6938, 9.6062],
			"rotation": {"angle": 45, "axis": "y", "origin": [8, 14.7, 8.6]},
			"faces": {
				"north": {"uv": [0, 0, 1.5, 1.5], "texture": "#8"},
				"east": {"uv": [0, 0, 1.5, 1.5], "texture": "#8"},
				"south": {"uv": [0, 0, 1.5, 1.5], "texture": "#8"},
				"west": {"uv": [0, 0, 1.5, 1.5], "texture": "#8"},
				"up": {"uv": [0, 0, 1.5, 1.5], "texture": "#8"},
				"down": {"uv": [0, 0, 1.5, 1.5], "texture": "#8"}
			}
		},
		{
			"from": [6.9938, 14.6938, 7.5938],
			"to": [9.0062, 16.7062, 9.6062],
			"rotation": {"angle": 0, "axis": "y", "origin": [8, 15.7, 8.6]},
			"faces": {
				"north": {"uv": [0, 0, 1.5, 1.5], "texture": "#8"},
				"east": {"uv": [0, 0, 1.5, 1.5], "texture": "#8"},
				"south": {"uv": [0, 0, 1.5, 1.5], "texture": "#8"},
				"west": {"uv": [0, 0, 1.5, 1.5], "texture": "#8"},
				"up": {"uv": [0, 0, 1.5, 1.5], "rotation": 270, "texture": "#8"},
				"down": {"uv": [0, 0, 1.5, 1.5], "rotation": 90, "texture": "#8"}
			}
		},
		{
			"from": [6.9938, 14.6938, 7.4938],
			"to": [9.0062, 16.7062, 9.3938],
			"rotation": {"angle": 45, "axis": "z", "origin": [8, 15.7, 8.6]},
			"faces": {
				"north": {"uv": [0, 0, 1.5, 1.5], "texture": "#8"},
				"east": {"uv": [0, 0, 1.5, 1.5], "texture": "#8"},
				"south": {"uv": [0, 0, 1.5, 1.5], "texture": "#8"},
				"west": {"uv": [0, 0, 1.5, 1.5], "texture": "#8"},
				"up": {"uv": [0, 0, 1.5, 1.5], "rotation": 270, "texture": "#8"},
				"down": {"uv": [0, 0, 1.5, 1.5], "rotation": 90, "texture": "#8"}
			}
		},
		{
			"from": [7.0938, 14.6938, 7.5938],
			"to": [8.9938, 16.7062, 9.6062],
			"rotation": {"angle": -45, "axis": "x", "origin": [8, 15.7, 8.6]},
			"faces": {
				"north": {"uv": [0, 0, 1.5, 1.5], "texture": "#8"},
				"east": {"uv": [0, 0, 1.5, 1.5], "texture": "#8"},
				"south": {"uv": [0, 0, 1.5, 1.5], "texture": "#8"},
				"west": {"uv": [0, 0, 1.5, 1.5], "texture": "#8"},
				"up": {"uv": [0, 0, 1.5, 1.5], "rotation": 270, "texture": "#8"},
				"down": {"uv": [0, 0, 1.5, 1.5], "rotation": 90, "texture": "#8"}
			}
		}
	],
	"display": {
		"head": {
			"translation": [0, -19.5, 0],
			"scale": [4, 4, 4]
		}
	}
}