{
	"credit": "Made with Blockbench",
	"textures": {
		"0": "block/campfire_fire",
		"1": "block/fire_0",
		"3": "block/deepslate_redstone_ore",
		"5": "block/magma",
		"particle": "block/campfire_fire"
	},
	"elements": [
		{
			"from": [7.9, 10.8, 5],
			"to": [8.1, 16.8, 11],
			"rotation": {"angle": 45, "axis": "y", "origin": [8, 13.8, 8]},
			"faces": {
				"north": {"uv": [0, 0, 0.2, 6], "texture": "#0"},
				"east": {"uv": [0, 0, 16, 16], "texture": "#0"},
				"south": {"uv": [0, 0, 0.2, 6], "texture": "#0"},
				"west": {"uv": [0, 0, 16, 16], "texture": "#0"},
				"up": {"uv": [0, 0, 0.2, 6], "texture": "#0"},
				"down": {"uv": [0, 0, 0.2, 6], "texture": "#0"}
			}
		},
		{
			"from": [5, 10.8, 7.9],
			"to": [11, 16.8, 8.1],
			"rotation": {"angle": 45, "axis": "y", "origin": [8, 13.8, 8]},
			"faces": {
				"north": {"uv": [0, 0, 16, 16], "texture": "#0"},
				"east": {"uv": [0, 0, 0.2, 6], "texture": "#0"},
				"south": {"uv": [0, 0, 16, 16], "texture": "#0"},
				"west": {"uv": [0, 0, 0.2, 6], "texture": "#0"},
				"up": {"uv": [0, 0, 0.2, 6], "rotation": 270, "texture": "#0"},
				"down": {"uv": [0, 0, 0.2, 6], "rotation": 90, "texture": "#0"}
			}
		},
		{
			"from": [6.9, 10.8, 7.1],
			"to": [9.1, 11.8, 8.1],
			"rotation": {"angle": 0, "axis": "y", "origin": [0, -0.2, 0]},
			"faces": {
				"north": {"uv": [10, 7, 14, 9], "texture": "#5"},
				"east": {"uv": [11, 4, 13, 6], "texture": "#5"},
				"south": {"uv": [2, 5, 6, 7], "texture": "#5"},
				"west": {"uv": [14, 8, 16, 10], "texture": "#5"},
				"up": {"uv": [3, 2, 7, 4], "texture": "#5"},
				"down": {"uv": [7, 4, 11, 6], "texture": "#5"}
			}
		},
		{
			"from": [6.5, 8.5, 6],
			"to": [9.5, 10.5, 8],
			"rotation": {"angle": -22.5, "axis": "x", "origin": [8, 10, 8]},
			"faces": {
				"north": {"uv": [4, 3, 9, 6], "texture": "#5"},
				"east": {"uv": [6, 5, 9, 8], "texture": "#5"},
				"south": {"uv": [4, 5, 9, 8], "texture": "#5"},
				"west": {"uv": [6, 3, 9, 6], "texture": "#5"},
				"up": {"uv": [3, 2, 8, 5], "texture": "#5"},
				"down": {"uv": [8, 4, 13, 7], "texture": "#5"}
			}
		},
		{
			"from": [7, 9, 7.5],
			"to": [9, 11, 9.5],
			"faces": {
				"north": {"uv": [0, 0, 2, 2], "texture": "#3"},
				"east": {"uv": [0, 0, 2, 2], "texture": "#3"},
				"south": {"uv": [0, 0, 2, 2], "texture": "#3"},
				"west": {"uv": [0, 0, 2, 2], "texture": "#3"},
				"up": {"uv": [0, 0, 2, 2], "texture": "#3"},
				"down": {"uv": [0, 0, 2, 2], "texture": "#3"}
			}
		},
		{
			"from": [3, 10, 10],
			"to": [6, 16, 10.1],
			"rotation": {"angle": 45, "axis": "z", "origin": [6.5, 13, 10.05]},
			"faces": {
				"north": {"uv": [0, 0, 16, 16], "texture": "#0"},
				"east": {"uv": [0, 0, 0.1, 6], "texture": "#0"},
				"south": {"uv": [0, 0, 16, 16], "texture": "#0"},
				"west": {"uv": [0, 0, 0.1, 6], "texture": "#0"},
				"up": {"uv": [0, 0, 3, 0.1], "texture": "#0"},
				"down": {"uv": [0, 0, 3, 0.1], "texture": "#0"}
			}
		},
		{
			"from": [-0.03553, 3.96447, 10.15],
			"to": [5.96447, 6.96447, 10.25],
			"rotation": {"angle": 45, "axis": "z", "origin": [2.96447, 9.46447, 10.2]},
			"faces": {
				"north": {"uv": [0, 0, 16, 16], "rotation": 90, "texture": "#0"},
				"east": {"uv": [0, 0, 3, 0.1], "rotation": 270, "texture": "#0"},
				"south": {"uv": [0, 0, 16, 16], "rotation": 270, "texture": "#0"},
				"west": {"uv": [0, 0, 3, 0.1], "rotation": 270, "texture": "#0"},
				"up": {"uv": [0, 0, 0.1, 6], "rotation": 270, "texture": "#0"},
				"down": {"uv": [0, 0, 0.1, 6], "rotation": 270, "texture": "#0"}
			}
		},
		{
			"from": [10.03553, 3.96447, 10.05],
			"to": [16.03553, 6.96447, 10.15],
			"rotation": {"angle": -45, "axis": "z", "origin": [13.03553, 9.46447, 10.2]},
			"faces": {
				"north": {"uv": [0, 16, 16, 0], "rotation": 90, "texture": "#0"},
				"east": {"uv": [0, 0.1, 3, 0], "rotation": 270, "texture": "#0"},
				"south": {"uv": [0, 16, 16, 0], "rotation": 270, "texture": "#0"},
				"west": {"uv": [0, 0.1, 3, 0], "rotation": 270, "texture": "#0"},
				"up": {"uv": [0, 6, 0.1, 0], "rotation": 270, "texture": "#0"},
				"down": {"uv": [0, 6, 0.1, 0], "rotation": 270, "texture": "#0"}
			}
		},
		{
			"from": [10, 10, 10],
			"to": [13, 16, 10.1],
			"rotation": {"angle": -45, "axis": "z", "origin": [9.5, 13, 10.05]},
			"faces": {
				"north": {"uv": [16, 0, 0, 16], "texture": "#0"},
				"east": {"uv": [0.1, 0, 0, 6], "texture": "#0"},
				"south": {"uv": [16, 0, 0, 16], "texture": "#0"},
				"west": {"uv": [0.1, 0, 0, 6], "texture": "#0"},
				"up": {"uv": [3, 0, 0, 0.1], "texture": "#0"},
				"down": {"uv": [3, 0, 0, 0.1], "texture": "#0"}
			}
		},
		{
			"from": [6, 8.5, 7.75],
			"to": [10, 10.5, 9.75],
			"faces": {
				"north": {"uv": [6, 1, 14, 5], "texture": "#5"},
				"east": {"uv": [8, 10, 12, 14], "texture": "#5"},
				"south": {"uv": [7, 6, 15, 10], "texture": "#5"},
				"west": {"uv": [2, 4, 6, 8], "texture": "#5"},
				"up": {"uv": [2, 8, 10, 12], "texture": "#5"},
				"down": {"uv": [4, 4, 12, 8], "texture": "#5"}
			}
		},
		{
			"from": [7, 5.5, 8.75],
			"to": [9, 8.5, 10.75],
			"rotation": {"angle": -22.5, "axis": "x", "origin": [8, 6.5, 8]},
			"faces": {
				"north": {"uv": [10, 3, 14, 11], "texture": "#5"},
				"east": {"uv": [3, 3, 7, 11], "texture": "#5"},
				"south": {"uv": [1, 7, 5, 15], "texture": "#5"},
				"west": {"uv": [6, 4, 10, 12], "texture": "#5"},
				"up": {"uv": [7, 1, 11, 5], "texture": "#5"},
				"down": {"uv": [0, 2, 4, 6], "texture": "#5"}
			}
		},
		{
			"from": [6.5, 5.25, 8.5],
			"to": [9.5, 7.25, 11],
			"faces": {
				"north": {"uv": [2, 7, 8, 11.5], "texture": "#5"},
				"east": {"uv": [0, 0, 6.5, 6], "texture": "#5"},
				"south": {"uv": [0, 0, 8, 5], "texture": "#5"},
				"west": {"uv": [7, 6, 13, 10.5], "texture": "#5"},
				"up": {"uv": [4, 3, 10, 7.5], "texture": "#5"},
				"down": {"uv": [0, 2, 6, 6.5], "texture": "#5"}
			}
		},
		{
			"from": [6, -2.75, 9.5],
			"to": [7.5, 2.25, 11],
			"rotation": {"angle": -22.5, "axis": "x", "origin": [0.75, 2, 0.75]},
			"faces": {
				"north": {"uv": [6, 2, 9, 10], "rotation": 180, "texture": "#1"},
				"east": {"uv": [6, 2, 9, 10], "rotation": 180, "texture": "#1"},
				"south": {"uv": [6, 2, 9, 10], "rotation": 180, "texture": "#1"},
				"west": {"uv": [6, 2, 9, 10], "rotation": 180, "texture": "#1"},
				"up": {"uv": [6, 6, 9, 9], "texture": "#1"},
				"down": {"uv": [0, 0, 1, 1], "texture": "#1"}
			}
		},
		{
			"from": [8.5, -2.75, 9.5],
			"to": [10, 2.25, 11],
			"rotation": {"angle": -22.5, "axis": "x", "origin": [15.25, 2, 0.75]},
			"faces": {
				"north": {"uv": [9, 2, 6, 10], "rotation": 180, "texture": "#1"},
				"east": {"uv": [9, 2, 6, 10], "rotation": 180, "texture": "#1"},
				"south": {"uv": [9, 2, 6, 10], "rotation": 180, "texture": "#1"},
				"west": {"uv": [9, 2, 6, 10], "rotation": 180, "texture": "#1"},
				"up": {"uv": [9, 6, 6, 9], "texture": "#1"},
				"down": {"uv": [1, 0, 0, 1], "texture": "#1"}
			}
		}
	],
	"display": {
		"head": {
			"translation": [0, -15.75, -2],
			"scale": [4, 4, 4]
		}
	}
}