{
	"credit": "Made with Blockbench",
	"textures": {
		"0": "block/ancient_debris_side",
		"1": "block/granite",
		"2": "block/black_concrete",
		"particle": "block/ancient_debris_side"
	},
	"elements": [
		{
			"from": [4, 21, 5],
			"to": [12, 23, 12],
			"faces": {
				"north": {"uv": [0, 0, 8, 2], "texture": "#0"},
				"east": {"uv": [0, 0, 7, 2], "texture": "#0"},
				"south": {"uv": [0, 0, 8, 2], "texture": "#0"},
				"west": {"uv": [0, 0, 7, 2], "texture": "#0"},
				"up": {"uv": [0, 0, 8, 7], "texture": "#0"},
				"down": {"uv": [0, 0, 8, 7], "texture": "#0"}
			}
		},
		{
			"from": [6.25, 19, 4],
			"to": [12.25, 22, 13],
			"rotation": {"angle": -22.5, "axis": "z", "origin": [10, 20.5, 8.5]},
			"faces": {
				"north": {"uv": [0, 0, 6, 3], "texture": "#0"},
				"east": {"uv": [0, 0, 9, 3], "texture": "#0"},
				"south": {"uv": [0, 0, 6, 3], "texture": "#0"},
				"west": {"uv": [0, 0, 9, 3], "texture": "#0"},
				"up": {"uv": [0, 0, 6, 9], "texture": "#1"},
				"down": {"uv": [0, 0, 6, 9], "texture": "#0"}
			}
		},
		{
			"from": [5, 19, -3],
			"to": [10, 21, 4],
			"rotation": {"angle": -22.5, "axis": "x", "origin": [7.5, 21, 0.5]},
			"faces": {
				"north": {"uv": [0, 0, 5, 2], "texture": "#0"},
				"east": {"uv": [0, 0, 7, 2], "texture": "#0"},
				"south": {"uv": [0, 0, 5, 2], "texture": "#0"},
				"west": {"uv": [0, 0, 7, 2], "texture": "#0"},
				"up": {"uv": [0, 0, 5, 7], "texture": "#0"},
				"down": {"uv": [0, 0, 5, 7], "texture": "#0"}
			}
		},
		{
			"from": [4.5, 17.5, -3],
			"to": [10.5, 20.5, 4],
			"faces": {
				"north": {"uv": [0, 0, 6, 3], "texture": "#0"},
				"east": {"uv": [0, 0, 7, 3], "texture": "#0"},
				"south": {"uv": [0, 0, 6, 3], "texture": "#0"},
				"west": {"uv": [0, 0, 7, 3], "texture": "#0"},
				"up": {"uv": [0, 0, 6, 7], "texture": "#0"},
				"down": {"uv": [0, 0, 6, 7], "texture": "#0"}
			}
		},
		{
			"from": [4.5, 17.5, 12],
			"to": [10.5, 20.5, 19],
			"rotation": {"angle": 0, "axis": "y", "origin": [0, 0, 16]},
			"faces": {
				"north": {"uv": [6, 0, 0, 3], "texture": "#0"},
				"east": {"uv": [7, 0, 0, 3], "texture": "#0"},
				"south": {"uv": [6, 0, 0, 3], "texture": "#0"},
				"west": {"uv": [7, 0, 0, 3], "texture": "#0"},
				"up": {"uv": [0, 7, 6, 0], "texture": "#0"},
				"down": {"uv": [0, 7, 6, 0], "texture": "#0"}
			}
		},
		{
			"from": [5, 19, 12],
			"to": [10, 21, 19],
			"rotation": {"angle": 22.5, "axis": "x", "origin": [7.5, 21, 15.5]},
			"faces": {
				"north": {"uv": [5, 0, 0, 2], "texture": "#0"},
				"east": {"uv": [7, 0, 0, 2], "texture": "#0"},
				"south": {"uv": [5, 0, 0, 2], "texture": "#0"},
				"west": {"uv": [7, 0, 0, 2], "texture": "#0"},
				"up": {"uv": [0, 7, 5, 0], "texture": "#0"},
				"down": {"uv": [0, 7, 5, 0], "texture": "#0"}
			}
		},
		{
			"from": [5, 13, 3],
			"to": [10, 18, 8],
			"faces": {
				"north": {"uv": [0, 0, 5, 5], "texture": "#0"},
				"east": {"uv": [0, 0, 5, 5], "texture": "#0"},
				"south": {"uv": [0, 0, 5, 5], "texture": "#0"},
				"west": {"uv": [0, 0, 5, 5], "texture": "#0"},
				"up": {"uv": [0, 0, 5, 5], "texture": "#0"},
				"down": {"uv": [0, 0, 5, 5], "texture": "#0"}
			}
		},
		{
			"from": [5.75, 13, 8],
			"to": [10.75, 18, 13],
			"faces": {
				"north": {"uv": [0, 0, 5, 5], "texture": "#0"},
				"east": {"uv": [0, 0, 5, 5], "texture": "#0"},
				"south": {"uv": [0, 0, 5, 5], "texture": "#0"},
				"west": {"uv": [0, 0, 5, 5], "texture": "#0"},
				"up": {"uv": [0, 0, 5, 5], "texture": "#0"},
				"down": {"uv": [0, 0, 5, 5], "texture": "#0"}
			}
		},
		{
			"from": [2, 15, 4.5],
			"to": [7, 22, 12.5],
			"faces": {
				"north": {"uv": [0, 0, 5, 7], "texture": "#0"},
				"east": {"uv": [0, 0, 8, 7], "texture": "#0"},
				"south": {"uv": [0, 0, 5, 7], "texture": "#0"},
				"west": {"uv": [0, 0, 8, 7], "texture": "#0"},
				"up": {"uv": [0, 0, 5, 8], "texture": "#0"},
				"down": {"uv": [0, 0, 5, 8], "texture": "#0"}
			}
		},
		{
			"from": [1, 11, 6],
			"to": [5, 15, 10],
			"rotation": {"angle": -22.5, "axis": "z", "origin": [5, 12, 8]},
			"faces": {
				"north": {"uv": [0, 0, 4, 4], "texture": "#0"},
				"east": {"uv": [0, 0, 4, 4], "texture": "#0"},
				"south": {"uv": [0, 0, 4, 4], "texture": "#0"},
				"west": {"uv": [0, 0, 4, 4], "texture": "#0"},
				"up": {"uv": [0, 0, 4, 4], "texture": "#0"},
				"down": {"uv": [0, 0, 4, 4], "texture": "#0"}
			}
		},
		{
			"from": [2, 4, 6],
			"to": [6, 8, 10],
			"rotation": {"angle": -22.5, "axis": "z", "origin": [5, 12, 8]},
			"faces": {
				"north": {"uv": [0, 0, 4, 4], "texture": "#0"},
				"east": {"uv": [0, 0, 4, 4], "texture": "#0"},
				"south": {"uv": [0, 0, 4, 4], "texture": "#0"},
				"west": {"uv": [0, 0, 4, 4], "texture": "#0"},
				"up": {"uv": [0, 0, 4, 4], "texture": "#0"},
				"down": {"uv": [0, 0, 4, 4], "texture": "#0"}
			}
		},
		{
			"from": [-1.51608, -2.70387, 6],
			"to": [2.48392, 1.29613, 10],
			"rotation": {"angle": 22.5, "axis": "z", "origin": [-0.51608, 1.29613, 8]},
			"faces": {
				"north": {"uv": [0, 0, 4, 4], "texture": "#0"},
				"east": {"uv": [0, 0, 4, 4], "texture": "#0"},
				"south": {"uv": [0, 0, 4, 4], "texture": "#0"},
				"west": {"uv": [0, 0, 4, 4], "texture": "#0"},
				"up": {"uv": [0, 0, 4, 4], "texture": "#0"},
				"down": {"uv": [0, 0, 4, 4], "texture": "#0"}
			}
		},
		{
			"from": [0.38687, 7.91761, 5.5],
			"to": [5.38687, 12.91761, 10.5],
			"rotation": {"angle": 0, "axis": "z", "origin": [2.38687, 10.91761, 8]},
			"faces": {
				"north": {"uv": [0, 0, 5, 5], "texture": "#0"},
				"east": {"uv": [0, 0, 5, 5], "texture": "#0"},
				"south": {"uv": [0, 0, 5, 5], "texture": "#0"},
				"west": {"uv": [0, 0, 5, 5], "texture": "#0"},
				"up": {"uv": [0, 0, 5, 5], "texture": "#0"},
				"down": {"uv": [0, 0, 5, 5], "texture": "#0"}
			}
		},
		{
			"from": [-0.86313, -5.58239, 5.5],
			"to": [4.13687, -0.58239, 10.5],
			"rotation": {"angle": 0, "axis": "z", "origin": [2.38687, 10.91761, 8]},
			"faces": {
				"north": {"uv": [0, 0, 5, 5], "texture": "#0"},
				"east": {"uv": [0, 0, 5, 5], "texture": "#0"},
				"south": {"uv": [0, 0, 5, 5], "texture": "#0"},
				"west": {"uv": [0, 0, 5, 5], "texture": "#0"},
				"up": {"uv": [0, 0, 5, 5], "texture": "#0"},
				"down": {"uv": [0, 0, 5, 5], "texture": "#0"}
			}
		},
		{
			"from": [-1.61313, 0.91761, 5.5],
			"to": [3.38687, 5.91761, 10.5],
			"rotation": {"angle": 0, "axis": "z", "origin": [2.38687, 10.91761, 8]},
			"faces": {
				"north": {"uv": [0, 0, 5, 5], "texture": "#0"},
				"east": {"uv": [0, 0, 5, 5], "texture": "#0"},
				"south": {"uv": [0, 0, 5, 5], "texture": "#0"},
				"west": {"uv": [0, 0, 5, 5], "texture": "#0"},
				"up": {"uv": [0, 0, 5, 5], "texture": "#0"},
				"down": {"uv": [0, 0, 5, 5], "texture": "#0"}
			}
		},
		{
			"from": [7, 9, 6.75],
			"to": [9, 14, 9.75],
			"rotation": {"angle": -22.5, "axis": "z", "origin": [10, 11.5, 8.5]},
			"faces": {
				"north": {"uv": [0, 0, 2, 5], "texture": "#0"},
				"east": {"uv": [0, 0, 3, 5], "texture": "#0"},
				"south": {"uv": [0, 0, 2, 5], "texture": "#0"},
				"west": {"uv": [0, 0, 3, 5], "texture": "#0"},
				"up": {"uv": [0, 0, 2, 3], "texture": "#0"},
				"down": {"uv": [0, 0, 2, 3], "texture": "#0"}
			}
		},
		{
			"from": [6, 21.75, 7],
			"to": [13, 25.75, 10],
			"faces": {
				"north": {"uv": [0, 0, 7, 4], "texture": "#0"},
				"east": {"uv": [0, 0, 3, 4], "texture": "#0"},
				"south": {"uv": [0, 0, 7, 4], "texture": "#0"},
				"west": {"uv": [0, 0, 3, 4], "texture": "#0"},
				"up": {"uv": [0, 0, 7, 3], "texture": "#0"},
				"down": {"uv": [0, 0, 7, 3], "texture": "#0"}
			}
		},
		{
			"from": [4.5, 23, 5.5],
			"to": [10.5, 27, 11.5],
			"faces": {
				"north": {"uv": [0, 0, 6, 4], "texture": "#0"},
				"east": {"uv": [0, 0, 6, 4], "texture": "#0"},
				"south": {"uv": [0, 0, 6, 4], "texture": "#0"},
				"west": {"uv": [0, 0, 6, 4], "texture": "#0"},
				"up": {"uv": [0, 0, 6, 6], "texture": "#0"},
				"down": {"uv": [0, 0, 6, 6], "texture": "#0"}
			}
		},
		{
			"from": [9.75, 23.25, 6.25],
			"to": [10.75, 24.25, 7.25],
			"rotation": {"angle": 45, "axis": "y", "origin": [10.5, 23.75, 6.5]},
			"faces": {
				"north": {"uv": [0, 0, 1, 1], "texture": "#2"},
				"east": {"uv": [0, 0, 1, 1], "texture": "#2"},
				"south": {"uv": [0, 0, 1, 1], "texture": "#2"},
				"west": {"uv": [0, 0, 1, 1], "texture": "#2"},
				"up": {"uv": [0, 0, 1, 1], "texture": "#2"},
				"down": {"uv": [0, 0, 1, 1], "texture": "#2"}
			}
		},
		{
			"from": [10.5, 23.25, 9.25],
			"to": [11.5, 24.25, 10.25],
			"rotation": {"angle": -45, "axis": "y", "origin": [10.5, 23.75, 9.5]},
			"faces": {
				"north": {"uv": [1, 0, 2, 1], "texture": "#2"},
				"east": {"uv": [1, 0, 2, 1], "texture": "#2"},
				"south": {"uv": [1, 0, 2, 1], "texture": "#2"},
				"west": {"uv": [1, 0, 2, 1], "texture": "#2"},
				"up": {"uv": [0, 1, 1, 2], "texture": "#2"},
				"down": {"uv": [0, 1, 1, 2], "texture": "#2"}
			}
		}
	],
	"display": {
		"head": {
			"rotation": [0, 90, 0],
			"translation": [0, -26.25, -1],
			"scale": [2.2, 2.2, 2.2]
		}
	}
}