{
	"credit": "Made with Blockbench",
	"textures": {
		"8": "block/ice",
		"particle": "block/black_concrete"
	},
	"elements": [
		{
			"from": [7.5, 8.5, 6.5],
			"to": [8.5, 9.5, 12.5],
			"rotation": {"angle": -22.5, "axis": "x", "origin": [0.5, 3, 0.5]},
			"faces": {
				"north": {"uv": [0, 0, 1, 1], "rotation": 180, "texture": "#8"},
				"east": {"uv": [0, 0, 1, 6], "rotation": 270, "texture": "#8"},
				"south": {"uv": [0, 0, 1, 1], "texture": "#8"},
				"west": {"uv": [0, 0, 1, 6], "rotation": 90, "texture": "#8"},
				"up": {"uv": [0, 0, 1, 6], "rotation": 180, "texture": "#8"},
				"down": {"uv": [0, 0, 1, 6], "texture": "#8"}
			}
		}
	],
	"display": {
		"thirdperson_righthand": {
			"translation": [0, -7.5, 7.75],
			"scale": [2.5, 2.5, 2.5]
		},
		"thirdperson_lefthand": {
			"translation": [0, -7.5, 7.75],
			"scale": [2.5, 2.5, 2.5]
		},
		"head": {
			"translation": [0, -19.5, 0],
			"scale": [4, 4, 4]
		}
	}
}