{
	"credit": "Made with Blockbench",
	"textures": {
		"1": "block/black_wool",
		"2": "block/white_wool",
		"3": "block/white_terracotta",
		"5": "block/andesite",
		"6": "block/iron_block",
		"particle": "block/stone"
	},
	"elements": [
		{
			"from": [10.99162, 4.23746, 0.25],
			"to": [12.99162, 9.23746, 3.25],
			"rotation": {"angle": 22.5, "axis": "z", "origin": [14.99162, 2.23746, 1.5]},
			"faces": {
				"north": {"uv": [2, 0, 0, 5], "tintindex": 0,"tintindex": 0,"texture": "#2"},
				"east": {"uv": [3, 0, 0, 5], "tintindex": 0,"tintindex": 0,"texture": "#2"},
				"south": {"uv": [2, 0, 0, 5], "tintindex": 0,"tintindex": 0,"texture": "#2"},
				"west": {"uv": [3, 0, 0, 5], "tintindex": 0,"tintindex": 0,"texture": "#2"},
				"up": {"uv": [2, 0, 0, 3], "tintindex": 0,"tintindex": 0,"texture": "#2"},
				"down": {"uv": [2, 0, 0, 3], "tintindex": 0,"tintindex": 0,"texture": "#2"}
			}
		},
		{
			"from": [11, 2, 1.25],
			"to": [12, 3, 2.25],
			"rotation": {"angle": 0, "axis": "y", "origin": [16, 0, 0]},
			"faces": {
				"north": {"uv": [1, 0, 0, 1], "tintindex": 0,"tintindex": 0,"texture": "#3"},
				"east": {"uv": [1, 0, 0, 1], "tintindex": 0,"tintindex": 0,"texture": "#3"},
				"south": {"uv": [1, 0, 0, 1], "tintindex": 0,"tintindex": 0,"texture": "#3"},
				"west": {"uv": [1, 0, 0, 1], "tintindex": 0,"tintindex": 0,"texture": "#3"},
				"up": {"uv": [1, 0, 0, 1], "tintindex": 0,"tintindex": 0,"texture": "#3"},
				"down": {"uv": [1, 0, 0, 1], "tintindex": 0,"tintindex": 0,"texture": "#3"}
			}
		},
		{
			"from": [10.40049, 4.70651, 0.15],
			"to": [12.60049, 4.90651, 3.35],
			"rotation": {"angle": 22.5, "axis": "z", "origin": [11.40049, 2.80651, 1.85]},
			"faces": {
				"north": {"uv": [2.2, 0, 0, 0.2], "tintindex": 0,"tintindex": 0,"texture": "#1"},
				"east": {"uv": [3.2, 0, 0, 0.2], "tintindex": 0,"tintindex": 0,"texture": "#1"},
				"south": {"uv": [2.2, 0, 0, 0.2], "tintindex": 0,"tintindex": 0,"texture": "#1"},
				"west": {"uv": [3.2, 0, 0, 0.2], "tintindex": 0,"tintindex": 0,"texture": "#1"},
				"up": {"uv": [2.2, 0, 0, 3.2], "tintindex": 0,"tintindex": 0,"texture": "#1"},
				"down": {"uv": [2.2, 0, 0, 3.2], "tintindex": 0,"tintindex": 0,"texture": "#1"}
			}
		},
		{
			"from": [10.40049, 2.70651, 0.15],
			"to": [12.60049, 2.90651, 3.35],
			"rotation": {"angle": 22.5, "axis": "z", "origin": [11.40049, 2.80651, 1.85]},
			"faces": {
				"north": {"uv": [2.2, 0, 0, 0.2], "tintindex": 0,"tintindex": 0,"texture": "#1"},
				"east": {"uv": [3.2, 0, 0, 0.2], "tintindex": 0,"tintindex": 0,"texture": "#1"},
				"south": {"uv": [2.2, 0, 0, 0.2], "tintindex": 0,"tintindex": 0,"texture": "#1"},
				"west": {"uv": [3.2, 0, 0, 0.2], "tintindex": 0,"tintindex": 0,"texture": "#1"},
				"up": {"uv": [2.2, 0, 0, 3.2], "tintindex": 0,"tintindex": 0,"texture": "#1"},
				"down": {"uv": [2.2, 0, 0, 3.2], "tintindex": 0,"tintindex": 0,"texture": "#1"}
			}
		},
		{
			"from": [12.5, -4, 1],
			"to": [13, 5, 2],
			"rotation": {"angle": 22.5, "axis": "z", "origin": [15.75, -0.5, 0.5]},
			"faces": {
				"north": {"uv": [0.5, 0, 0, 9], "tintindex": 0,"tintindex": 0,"texture": "#5"},
				"east": {"uv": [1, 0, 0, 9], "tintindex": 0,"tintindex": 0,"texture": "#5"},
				"south": {"uv": [0.5, 0, 0, 9], "tintindex": 0,"tintindex": 0,"texture": "#5"},
				"west": {"uv": [1, 0, 0, 9], "tintindex": 0,"tintindex": 0,"texture": "#5"},
				"up": {"uv": [0.5, 0, 0, 1], "tintindex": 0,"tintindex": 0,"texture": "#5"},
				"down": {"uv": [0.5, 0, 0, 1], "tintindex": 0,"tintindex": 0,"texture": "#5"}
			}
		},
		{
			"from": [12.5, -11, 1],
			"to": [13, -7, 2],
			"rotation": {"angle": 22.5, "axis": "z", "origin": [15.75, -0.5, 0.5]},
			"faces": {
				"north": {"uv": [0.5, 0, 0, 4], "tintindex": 0,"tintindex": 0,"texture": "#5"},
				"east": {"uv": [1, 0, 0, 4], "tintindex": 0,"tintindex": 0,"texture": "#5"},
				"south": {"uv": [0.5, 0, 0, 4], "tintindex": 0,"tintindex": 0,"texture": "#5"},
				"west": {"uv": [1, 0, 0, 4], "tintindex": 0,"tintindex": 0,"texture": "#5"},
				"up": {"uv": [0.5, 0, 0, 1], "tintindex": 0,"tintindex": 0,"texture": "#5"},
				"down": {"uv": [0.5, 0, 0, 1], "tintindex": 0,"tintindex": 0,"texture": "#5"}
			}
		},
		{
			"from": [12.5, -5, 0],
			"to": [13, -3, 1],
			"rotation": {"angle": 22.5, "axis": "z", "origin": [15.75, -0.5, 0.5]},
			"faces": {
				"north": {"uv": [0.5, 0, 0, 2], "tintindex": 0,"tintindex": 0,"texture": "#5"},
				"east": {"uv": [1, 0, 0, 2], "tintindex": 0,"tintindex": 0,"texture": "#5"},
				"south": {"uv": [0.5, 0, 0, 2], "tintindex": 0,"tintindex": 0,"texture": "#5"},
				"west": {"uv": [1, 0, 0, 2], "tintindex": 0,"tintindex": 0,"texture": "#5"},
				"up": {"uv": [0.5, 0, 0, 1], "tintindex": 0,"tintindex": 0,"texture": "#5"},
				"down": {"uv": [0.5, 0, 0, 1], "tintindex": 0,"tintindex": 0,"texture": "#5"}
			}
		},
		{
			"from": [12.5, -8, 0],
			"to": [13, -6, 1],
			"rotation": {"angle": 22.5, "axis": "z", "origin": [15.75, -0.5, 0.5]},
			"faces": {
				"north": {"uv": [0.5, 0, 0, 2], "tintindex": 0,"tintindex": 0,"texture": "#5"},
				"east": {"uv": [1, 0, 0, 2], "tintindex": 0,"tintindex": 0,"texture": "#5"},
				"south": {"uv": [0.5, 0, 0, 2], "tintindex": 0,"tintindex": 0,"texture": "#5"},
				"west": {"uv": [1, 0, 0, 2], "tintindex": 0,"tintindex": 0,"texture": "#5"},
				"up": {"uv": [0.5, 0, 0, 1], "tintindex": 0,"tintindex": 0,"texture": "#5"},
				"down": {"uv": [0.5, 0, 0, 1], "tintindex": 0,"tintindex": 0,"texture": "#5"}
			}
		},
		{
			"from": [12.5, -6.5, -1],
			"to": [13, -4.5, 0],
			"rotation": {"angle": 22.5, "axis": "z", "origin": [15.75, -0.5, 0.5]},
			"faces": {
				"north": {"uv": [0.5, 0, 0, 2], "tintindex": 0,"tintindex": 0,"texture": "#5"},
				"east": {"uv": [1, 0, 0, 2], "tintindex": 0,"tintindex": 0,"texture": "#5"},
				"south": {"uv": [0.5, 0, 0, 2], "tintindex": 0,"tintindex": 0,"texture": "#5"},
				"west": {"uv": [1, 0, 0, 2], "tintindex": 0,"tintindex": 0,"texture": "#5"},
				"up": {"uv": [0.5, 0, 0, 1], "tintindex": 0,"tintindex": 0,"texture": "#5"},
				"down": {"uv": [0.5, 0, 0, 1], "tintindex": 0,"tintindex": 0,"texture": "#5"}
			}
		},
		{
			"from": [15, -10.65, 0.5],
			"to": [18, -7.65, 2.5],
			"rotation": {"angle": -22.5, "axis": "z", "origin": [15, -9, 1]},
			"faces": {
				"north": {"uv": [3, 0, 0, 3], "tintindex": 0,"tintindex": 0,"texture": "#5"},
				"east": {"uv": [2, 0, 0, 3], "tintindex": 0,"tintindex": 0,"texture": "#5"},
				"south": {"uv": [3, 0, 0, 3], "tintindex": 0,"tintindex": 0,"texture": "#5"},
				"west": {"uv": [2, 0, 0, 3], "tintindex": 0,"tintindex": 0,"texture": "#5"},
				"up": {"uv": [3, 0, 0, 2], "tintindex": 0,"tintindex": 0,"texture": "#5"},
				"down": {"uv": [3, 0, 0, 2], "tintindex": 0,"tintindex": 0,"texture": "#5"}
			}
		},
		{
			"from": [12, -10.5, 0],
			"to": [12.5, -8.5, 16],
			"rotation": {"angle": 22.5, "axis": "z", "origin": [15.75, 1, 8]},
			"faces": {
				"north": {"uv": [0.5, 0, 0, 2], "tintindex": 0,"tintindex": 0,"texture": "#5"},
				"east": {"uv": [16, 0, 0, 2], "tintindex": 0,"tintindex": 0,"texture": "#5"},
				"south": {"uv": [0.5, 0, 0, 2], "tintindex": 0,"tintindex": 0,"texture": "#5"},
				"west": {"uv": [16, 0, 0, 2], "tintindex": 0,"tintindex": 0,"texture": "#5"},
				"up": {"uv": [0.5, 0, 0, 16], "tintindex": 0,"tintindex": 0,"texture": "#5"},
				"down": {"uv": [0.5, 0, 0, 16], "tintindex": 0,"tintindex": 0,"texture": "#5"}
			}
		},
		{
			"from": [12, -8.5, 2],
			"to": [12.5, -7.5, 13],
			"rotation": {"angle": 22.5, "axis": "z", "origin": [15.75, 1, 8]},
			"faces": {
				"north": {"uv": [0.5, 0, 0, 1], "tintindex": 0,"tintindex": 0,"texture": "#6"},
				"east": {"uv": [11, 0, 0, 1], "tintindex": 0,"tintindex": 0,"texture": "#6"},
				"south": {"uv": [0.5, 0, 0, 1], "tintindex": 0,"tintindex": 0,"texture": "#6"},
				"west": {"uv": [11, 0, 0, 1], "tintindex": 0,"tintindex": 0,"texture": "#6"},
				"up": {"uv": [0.5, 0, 0, 11], "tintindex": 0,"tintindex": 0,"texture": "#6"},
				"down": {"uv": [0.5, 0, 0, 11], "tintindex": 0,"tintindex": 0,"texture": "#6"}
			}
		},
		{
			"from": [12, -7.5, 11],
			"to": [12.5, -6.5, 20],
			"rotation": {"angle": 22.5, "axis": "z", "origin": [15.75, 1, 8]},
			"faces": {
				"north": {"uv": [0.5, 0, 0, 1], "tintindex": 0,"tintindex": 0,"texture": "#6"},
				"east": {"uv": [9, 0, 0, 1], "tintindex": 0,"tintindex": 0,"texture": "#6"},
				"south": {"uv": [0.5, 0, 0, 1], "tintindex": 0,"tintindex": 0,"texture": "#6"},
				"west": {"uv": [9, 0, 0, 1], "tintindex": 0,"tintindex": 0,"texture": "#6"},
				"up": {"uv": [0.5, 0, 0, 9], "tintindex": 0,"tintindex": 0,"texture": "#6"},
				"down": {"uv": [0.5, 0, 0, 9], "tintindex": 0,"tintindex": 0,"texture": "#6"}
			}
		},
		{
			"from": [12, -6.5, 17],
			"to": [12.5, -5.5, 24],
			"rotation": {"angle": 22.5, "axis": "z", "origin": [15.75, 1, 8]},
			"faces": {
				"north": {"uv": [0.5, 0, 0, 1], "tintindex": 0,"tintindex": 0,"texture": "#6"},
				"east": {"uv": [7, 0, 0, 1], "tintindex": 0,"tintindex": 0,"texture": "#6"},
				"south": {"uv": [0.5, 0, 0, 1], "tintindex": 0,"tintindex": 0,"texture": "#6"},
				"west": {"uv": [7, 0, 0, 1], "tintindex": 0,"tintindex": 0,"texture": "#6"},
				"up": {"uv": [0.5, 0, 0, 7], "tintindex": 0,"tintindex": 0,"texture": "#6"},
				"down": {"uv": [0.5, 0, 0, 7], "tintindex": 0,"tintindex": 0,"texture": "#6"}
			}
		},
		{
			"from": [12, -8.5, 13],
			"to": [12.5, -7.5, 22],
			"rotation": {"angle": 22.5, "axis": "z", "origin": [15.75, 1, 8]},
			"faces": {
				"north": {"uv": [0.5, 0, 0, 1], "tintindex": 0,"tintindex": 0,"texture": "#5"},
				"east": {"uv": [9, 0, 0, 1], "tintindex": 0,"tintindex": 0,"texture": "#5"},
				"south": {"uv": [0.5, 0, 0, 1], "tintindex": 0,"tintindex": 0,"texture": "#5"},
				"west": {"uv": [9, 0, 0, 1], "tintindex": 0,"tintindex": 0,"texture": "#5"},
				"up": {"uv": [0.5, 0, 0, 9], "tintindex": 0,"tintindex": 0,"texture": "#5"},
				"down": {"uv": [0.5, 0, 0, 9], "tintindex": 0,"tintindex": 0,"texture": "#5"}
			}
		},
		{
			"from": [12, -9.5, 16],
			"to": [12.5, -8.5, 19],
			"rotation": {"angle": 22.5, "axis": "z", "origin": [15.75, 1, 8]},
			"faces": {
				"north": {"uv": [0.5, 0, 0, 1], "tintindex": 0,"tintindex": 0,"texture": "#5"},
				"east": {"uv": [3, 0, 0, 1], "tintindex": 0,"tintindex": 0,"texture": "#5"},
				"south": {"uv": [0.5, 0, 0, 1], "tintindex": 0,"tintindex": 0,"texture": "#5"},
				"west": {"uv": [3, 0, 0, 1], "tintindex": 0,"tintindex": 0,"texture": "#5"},
				"up": {"uv": [0.5, 0, 0, 3], "tintindex": 0,"tintindex": 0,"texture": "#5"},
				"down": {"uv": [0.5, 0, 0, 3], "tintindex": 0,"tintindex": 0,"texture": "#5"}
			}
		},
		{
			"from": [12, -7.5, 20],
			"to": [12.5, -6.5, 23],
			"rotation": {"angle": 22.5, "axis": "z", "origin": [15.75, 1, 8]},
			"faces": {
				"north": {"uv": [0.5, 0, 0, 1], "tintindex": 0,"tintindex": 0,"texture": "#5"},
				"east": {"uv": [3, 0, 0, 1], "tintindex": 0,"tintindex": 0,"texture": "#5"},
				"south": {"uv": [0.5, 0, 0, 1], "tintindex": 0,"tintindex": 0,"texture": "#5"},
				"west": {"uv": [3, 0, 0, 1], "tintindex": 0,"tintindex": 0,"texture": "#5"},
				"up": {"uv": [0.5, 0, 0, 3], "tintindex": 0,"tintindex": 0,"texture": "#5"},
				"down": {"uv": [0.5, 0, 0, 3], "tintindex": 0,"tintindex": 0,"texture": "#5"}
			}
		},
		{
			"from": [20.35139, -9.20819, 0.5],
			"to": [23.35139, -6.20819, 2.5],
			"rotation": {"angle": 0, "axis": "z", "origin": [18.56514, -4.38215, 10.5]},
			"faces": {
				"north": {"uv": [3, 0, 0, 3], "tintindex": 0,"tintindex": 0,"texture": "#5"},
				"east": {"uv": [2, 0, 0, 3], "tintindex": 0,"tintindex": 0,"texture": "#5"},
				"south": {"uv": [3, 0, 0, 3], "tintindex": 0,"tintindex": 0,"texture": "#5"},
				"west": {"uv": [2, 0, 0, 3], "tintindex": 0,"tintindex": 0,"texture": "#5"},
				"up": {"uv": [3, 0, 0, 2], "tintindex": 0,"tintindex": 0,"texture": "#5"},
				"down": {"uv": [3, 0, 0, 2], "tintindex": 0,"tintindex": 0,"texture": "#5"}
			}
		},
		{
			"from": [18.35215, -10.43924, 0],
			"to": [18.85215, -8.43924, 16],
			"rotation": {"angle": 45, "axis": "z", "origin": [18.56514, -4.38215, 10.5]},
			"faces": {
				"north": {"uv": [0.5, 0, 0, 2], "tintindex": 0,"tintindex": 0,"texture": "#5"},
				"east": {"uv": [16, 0, 0, 2], "tintindex": 0,"tintindex": 0,"texture": "#5"},
				"south": {"uv": [0.5, 0, 0, 2], "tintindex": 0,"tintindex": 0,"texture": "#5"},
				"west": {"uv": [16, 0, 0, 2], "tintindex": 0,"tintindex": 0,"texture": "#5"},
				"up": {"uv": [0.5, 0, 0, 16], "tintindex": 0,"tintindex": 0,"texture": "#5"},
				"down": {"uv": [0.5, 0, 0, 16], "tintindex": 0,"tintindex": 0,"texture": "#5"}
			}
		},
		{
			"from": [18.35215, -8.43924, 13],
			"to": [18.85215, -7.43924, 22],
			"rotation": {"angle": 45, "axis": "z", "origin": [18.56514, -4.38215, 10.5]},
			"faces": {
				"north": {"uv": [0.5, 0, 0, 1], "tintindex": 0,"tintindex": 0,"texture": "#5"},
				"east": {"uv": [9, 0, 0, 1], "tintindex": 0,"tintindex": 0,"texture": "#5"},
				"south": {"uv": [0.5, 0, 0, 1], "tintindex": 0,"tintindex": 0,"texture": "#5"},
				"west": {"uv": [9, 0, 0, 1], "tintindex": 0,"tintindex": 0,"texture": "#5"},
				"up": {"uv": [0.5, 0, 0, 9], "tintindex": 0,"tintindex": 0,"texture": "#5"},
				"down": {"uv": [0.5, 0, 0, 9], "tintindex": 0,"tintindex": 0,"texture": "#5"}
			}
		},
		{
			"from": [18.35215, -9.43924, 16],
			"to": [18.85215, -8.43924, 19],
			"rotation": {"angle": 45, "axis": "z", "origin": [18.56514, -4.38215, 10.5]},
			"faces": {
				"north": {"uv": [0.5, 0, 0, 1], "tintindex": 0,"tintindex": 0,"texture": "#5"},
				"east": {"uv": [3, 0, 0, 1], "tintindex": 0,"tintindex": 0,"texture": "#5"},
				"south": {"uv": [0.5, 0, 0, 1], "tintindex": 0,"tintindex": 0,"texture": "#5"},
				"west": {"uv": [3, 0, 0, 1], "tintindex": 0,"tintindex": 0,"texture": "#5"},
				"up": {"uv": [0.5, 0, 0, 3], "tintindex": 0,"tintindex": 0,"texture": "#5"},
				"down": {"uv": [0.5, 0, 0, 3], "tintindex": 0,"tintindex": 0,"texture": "#5"}
			}
		},
		{
			"from": [18.35215, -7.43924, 20],
			"to": [18.85215, -6.43924, 23],
			"rotation": {"angle": 45, "axis": "z", "origin": [18.56514, -4.38215, 10.5]},
			"faces": {
				"north": {"uv": [0.5, 0, 0, 1], "tintindex": 0,"tintindex": 0,"texture": "#5"},
				"east": {"uv": [3, 0, 0, 1], "tintindex": 0,"tintindex": 0,"texture": "#5"},
				"south": {"uv": [0.5, 0, 0, 1], "tintindex": 0,"tintindex": 0,"texture": "#5"},
				"west": {"uv": [3, 0, 0, 1], "tintindex": 0,"tintindex": 0,"texture": "#5"},
				"up": {"uv": [0.5, 0, 0, 3], "tintindex": 0,"tintindex": 0,"texture": "#5"},
				"down": {"uv": [0.5, 0, 0, 3], "tintindex": 0,"tintindex": 0,"texture": "#5"}
			}
		},
		{
			"from": [18.35215, -8.43924, 2],
			"to": [18.85215, -7.43924, 13],
			"rotation": {"angle": 45, "axis": "z", "origin": [18.56514, -4.38215, 10.5]},
			"faces": {
				"north": {"uv": [0.5, 0, 0, 1], "tintindex": 0,"tintindex": 0,"texture": "#6"},
				"east": {"uv": [11, 0, 0, 1], "tintindex": 0,"tintindex": 0,"texture": "#6"},
				"south": {"uv": [0.5, 0, 0, 1], "tintindex": 0,"tintindex": 0,"texture": "#6"},
				"west": {"uv": [11, 0, 0, 1], "tintindex": 0,"tintindex": 0,"texture": "#6"},
				"up": {"uv": [0.5, 0, 0, 11], "tintindex": 0,"tintindex": 0,"texture": "#6"},
				"down": {"uv": [0.5, 0, 0, 11], "tintindex": 0,"tintindex": 0,"texture": "#6"}
			}
		},
		{
			"from": [18.35215, -7.43924, 11],
			"to": [18.85215, -6.43924, 20],
			"rotation": {"angle": 45, "axis": "z", "origin": [18.56514, -4.38215, 10.5]},
			"faces": {
				"north": {"uv": [0.5, 0, 0, 1], "tintindex": 0,"tintindex": 0,"texture": "#6"},
				"east": {"uv": [9, 0, 0, 1], "tintindex": 0,"tintindex": 0,"texture": "#6"},
				"south": {"uv": [0.5, 0, 0, 1], "tintindex": 0,"tintindex": 0,"texture": "#6"},
				"west": {"uv": [9, 0, 0, 1], "tintindex": 0,"tintindex": 0,"texture": "#6"},
				"up": {"uv": [0.5, 0, 0, 9], "tintindex": 0,"tintindex": 0,"texture": "#6"},
				"down": {"uv": [0.5, 0, 0, 9], "tintindex": 0,"tintindex": 0,"texture": "#6"}
			}
		},
		{
			"from": [18.35215, -6.43924, 17],
			"to": [18.85215, -5.43924, 24],
			"rotation": {"angle": 45, "axis": "z", "origin": [18.56514, -4.38215, 10.5]},
			"faces": {
				"north": {"uv": [0.5, 0, 0, 1], "tintindex": 0,"tintindex": 0,"texture": "#6"},
				"east": {"uv": [7, 0, 0, 1], "tintindex": 0,"tintindex": 0,"texture": "#6"},
				"south": {"uv": [0.5, 0, 0, 1], "tintindex": 0,"tintindex": 0,"texture": "#6"},
				"west": {"uv": [7, 0, 0, 1], "tintindex": 0,"tintindex": 0,"texture": "#6"},
				"up": {"uv": [0.5, 0, 0, 7], "tintindex": 0,"tintindex": 0,"texture": "#6"},
				"down": {"uv": [0.5, 0, 0, 7], "tintindex": 0,"tintindex": 0,"texture": "#6"}
			}
		},
		{
			"from": [18.27813, -4.82506, 0],
			"to": [18.77813, -2.82506, 1],
			"rotation": {"angle": 45, "axis": "z", "origin": [18.56514, -4.38215, 10.5]},
			"faces": {
				"north": {"uv": [0.5, 0, 0, 2], "tintindex": 0,"tintindex": 0,"texture": "#5"},
				"east": {"uv": [1, 0, 0, 2], "tintindex": 0,"tintindex": 0,"texture": "#5"},
				"south": {"uv": [0.5, 0, 0, 2], "tintindex": 0,"tintindex": 0,"texture": "#5"},
				"west": {"uv": [1, 0, 0, 2], "tintindex": 0,"tintindex": 0,"texture": "#5"},
				"up": {"uv": [0.5, 0, 0, 1], "tintindex": 0,"tintindex": 0,"texture": "#5"},
				"down": {"uv": [0.5, 0, 0, 1], "tintindex": 0,"tintindex": 0,"texture": "#5"}
			}
		},
		{
			"from": [18.27813, -6.32506, -1],
			"to": [18.77813, -4.32506, 0],
			"rotation": {"angle": 45, "axis": "z", "origin": [18.56514, -4.38215, 10.5]},
			"faces": {
				"north": {"uv": [0.5, 0, 0, 2], "tintindex": 0,"tintindex": 0,"texture": "#5"},
				"east": {"uv": [1, 0, 0, 2], "tintindex": 0,"tintindex": 0,"texture": "#5"},
				"south": {"uv": [0.5, 0, 0, 2], "tintindex": 0,"tintindex": 0,"texture": "#5"},
				"west": {"uv": [1, 0, 0, 2], "tintindex": 0,"tintindex": 0,"texture": "#5"},
				"up": {"uv": [0.5, 0, 0, 1], "tintindex": 0,"tintindex": 0,"texture": "#5"},
				"down": {"uv": [0.5, 0, 0, 1], "tintindex": 0,"tintindex": 0,"texture": "#5"}
			}
		},
		{
			"from": [18.27813, -7.82506, 0],
			"to": [18.77813, -5.82506, 1],
			"rotation": {"angle": 45, "axis": "z", "origin": [18.56514, -4.38215, 10.5]},
			"faces": {
				"north": {"uv": [0.5, 0, 0, 2], "tintindex": 0,"tintindex": 0,"texture": "#5"},
				"east": {"uv": [1, 0, 0, 2], "tintindex": 0,"tintindex": 0,"texture": "#5"},
				"south": {"uv": [0.5, 0, 0, 2], "tintindex": 0,"tintindex": 0,"texture": "#5"},
				"west": {"uv": [1, 0, 0, 2], "tintindex": 0,"tintindex": 0,"texture": "#5"},
				"up": {"uv": [0.5, 0, 0, 1], "tintindex": 0,"tintindex": 0,"texture": "#5"},
				"down": {"uv": [0.5, 0, 0, 1], "tintindex": 0,"tintindex": 0,"texture": "#5"}
			}
		},
		{
			"from": [18.27813, -10.82506, 1],
			"to": [18.77813, -6.82506, 2],
			"rotation": {"angle": 45, "axis": "z", "origin": [18.56514, -4.38215, 10.5]},
			"faces": {
				"north": {"uv": [0.5, 0, 0, 4], "tintindex": 0,"tintindex": 0,"texture": "#5"},
				"east": {"uv": [1, 0, 0, 4], "tintindex": 0,"tintindex": 0,"texture": "#5"},
				"south": {"uv": [0.5, 0, 0, 4], "tintindex": 0,"tintindex": 0,"texture": "#5"},
				"west": {"uv": [1, 0, 0, 4], "tintindex": 0,"tintindex": 0,"texture": "#5"},
				"up": {"uv": [0.5, 0, 0, 1], "tintindex": 0,"tintindex": 0,"texture": "#5"},
				"down": {"uv": [0.5, 0, 0, 1], "tintindex": 0,"tintindex": 0,"texture": "#5"}
			}
		},
		{
			"from": [18.27813, -3.82506, 1],
			"to": [18.77813, 5.17494, 2],
			"rotation": {"angle": 45, "axis": "z", "origin": [18.56514, -4.38215, 10.5]},
			"faces": {
				"north": {"uv": [0.5, 0, 0, 9], "tintindex": 0,"tintindex": 0,"texture": "#5"},
				"east": {"uv": [1, 0, 0, 9], "tintindex": 0,"tintindex": 0,"texture": "#5"},
				"south": {"uv": [0.5, 0, 0, 9], "tintindex": 0,"tintindex": 0,"texture": "#5"},
				"west": {"uv": [1, 0, 0, 9], "tintindex": 0,"tintindex": 0,"texture": "#5"},
				"up": {"uv": [0.5, 0, 0, 1], "tintindex": 0,"tintindex": 0,"texture": "#5"},
				"down": {"uv": [0.5, 0, 0, 1], "tintindex": 0,"tintindex": 0,"texture": "#5"}
			}
		},
		{
			"from": [22.35139, -5.20819, 0.5],
			"to": [25.35139, -2.20819, 2.5],
			"rotation": {"angle": 22.5, "axis": "z", "origin": [20.56514, -0.38215, 10.5]},
			"faces": {
				"north": {"uv": [3, 0, 0, 3], "tintindex": 0,"tintindex": 0,"texture": "#5"},
				"east": {"uv": [2, 0, 0, 3], "tintindex": 0,"tintindex": 0,"texture": "#5"},
				"south": {"uv": [3, 0, 0, 3], "tintindex": 0,"tintindex": 0,"texture": "#5"},
				"west": {"uv": [2, 0, 0, 3], "tintindex": 0,"tintindex": 0,"texture": "#5"},
				"up": {"uv": [3, 0, 0, 2], "tintindex": 0,"tintindex": 0,"texture": "#5"},
				"down": {"uv": [3, 0, 0, 2], "tintindex": 0,"tintindex": 0,"texture": "#5"}
			}
		},
		{
			"from": [24.62223, -0.59514, 0],
			"to": [26.62223, -0.09514, 16],
			"rotation": {"angle": -22.5, "axis": "z", "origin": [20.56514, -0.38215, 10.5]},
			"faces": {
				"north": {"uv": [0, 2, 0.5, 0], "rotation": 270, "tintindex": 0,"tintindex": 0,"texture": "#5"},
				"east": {"uv": [0, 16, 0.5, 0], "rotation": 90, "tintindex": 0,"tintindex": 0,"texture": "#5"},
				"south": {"uv": [0, 2, 0.5, 0], "rotation": 90, "tintindex": 0,"tintindex": 0,"texture": "#5"},
				"west": {"uv": [0, 16, 0.5, 0], "rotation": 90, "tintindex": 0,"tintindex": 0,"texture": "#5"},
				"up": {"uv": [0, 2, 16, 0], "rotation": 90, "tintindex": 0,"tintindex": 0,"texture": "#5"},
				"down": {"uv": [0, 2, 16, 0], "rotation": 90, "tintindex": 0,"tintindex": 0,"texture": "#5"}
			}
		},
		{
			"from": [23.62223, -0.59514, 13],
			"to": [24.62223, -0.09514, 22],
			"rotation": {"angle": -22.5, "axis": "z", "origin": [20.56514, -0.38215, 10.5]},
			"faces": {
				"north": {"uv": [0, 1, 0.5, 0], "rotation": 270, "tintindex": 0,"tintindex": 0,"texture": "#5"},
				"east": {"uv": [0, 9, 0.5, 0], "rotation": 90, "tintindex": 0,"tintindex": 0,"texture": "#5"},
				"south": {"uv": [0, 1, 0.5, 0], "rotation": 90, "tintindex": 0,"tintindex": 0,"texture": "#5"},
				"west": {"uv": [0, 9, 0.5, 0], "rotation": 90, "tintindex": 0,"tintindex": 0,"texture": "#5"},
				"up": {"uv": [0, 1, 9, 0], "rotation": 90, "tintindex": 0,"tintindex": 0,"texture": "#5"},
				"down": {"uv": [0, 1, 9, 0], "rotation": 90, "tintindex": 0,"tintindex": 0,"texture": "#5"}
			}
		},
		{
			"from": [24.62223, -0.59514, 16],
			"to": [25.62223, -0.09514, 19],
			"rotation": {"angle": -22.5, "axis": "z", "origin": [20.56514, -0.38215, 10.5]},
			"faces": {
				"north": {"uv": [0, 1, 0.5, 0], "rotation": 270, "tintindex": 0,"tintindex": 0,"texture": "#5"},
				"east": {"uv": [0, 3, 0.5, 0], "rotation": 90, "tintindex": 0,"tintindex": 0,"texture": "#5"},
				"south": {"uv": [0, 1, 0.5, 0], "rotation": 90, "tintindex": 0,"tintindex": 0,"texture": "#5"},
				"west": {"uv": [0, 3, 0.5, 0], "rotation": 90, "tintindex": 0,"tintindex": 0,"texture": "#5"},
				"up": {"uv": [0, 1, 3, 0], "rotation": 90, "tintindex": 0,"tintindex": 0,"texture": "#5"},
				"down": {"uv": [0, 1, 3, 0], "rotation": 90, "tintindex": 0,"tintindex": 0,"texture": "#5"}
			}
		},
		{
			"from": [22.62223, -0.59514, 20],
			"to": [23.62223, -0.09514, 23],
			"rotation": {"angle": -22.5, "axis": "z", "origin": [20.56514, -0.38215, 10.5]},
			"faces": {
				"north": {"uv": [0, 1, 0.5, 0], "rotation": 270, "tintindex": 0,"tintindex": 0,"texture": "#5"},
				"east": {"uv": [0, 3, 0.5, 0], "rotation": 90, "tintindex": 0,"tintindex": 0,"texture": "#5"},
				"south": {"uv": [0, 1, 0.5, 0], "rotation": 90, "tintindex": 0,"tintindex": 0,"texture": "#5"},
				"west": {"uv": [0, 3, 0.5, 0], "rotation": 90, "tintindex": 0,"tintindex": 0,"texture": "#5"},
				"up": {"uv": [0, 1, 3, 0], "rotation": 90, "tintindex": 0,"tintindex": 0,"texture": "#5"},
				"down": {"uv": [0, 1, 3, 0], "rotation": 90, "tintindex": 0,"tintindex": 0,"texture": "#5"}
			}
		},
		{
			"from": [23.62223, -0.59514, 2],
			"to": [24.62223, -0.09514, 13],
			"rotation": {"angle": -22.5, "axis": "z", "origin": [20.56514, -0.38215, 10.5]},
			"faces": {
				"north": {"uv": [0, 1, 0.5, 0], "rotation": 270, "tintindex": 0,"tintindex": 0,"texture": "#6"},
				"east": {"uv": [0, 11, 0.5, 0], "rotation": 90, "tintindex": 0,"tintindex": 0,"texture": "#6"},
				"south": {"uv": [0, 1, 0.5, 0], "rotation": 90, "tintindex": 0,"tintindex": 0,"texture": "#6"},
				"west": {"uv": [0, 11, 0.5, 0], "rotation": 90, "tintindex": 0,"tintindex": 0,"texture": "#6"},
				"up": {"uv": [0, 1, 11, 0], "rotation": 90, "tintindex": 0,"tintindex": 0,"texture": "#6"},
				"down": {"uv": [0, 1, 11, 0], "rotation": 90, "tintindex": 0,"tintindex": 0,"texture": "#6"}
			}
		},
		{
			"from": [22.62223, -0.59514, 11],
			"to": [23.62223, -0.09514, 20],
			"rotation": {"angle": -22.5, "axis": "z", "origin": [20.56514, -0.38215, 10.5]},
			"faces": {
				"north": {"uv": [0, 1, 0.5, 0], "rotation": 270, "tintindex": 0,"tintindex": 0,"texture": "#6"},
				"east": {"uv": [0, 9, 0.5, 0], "rotation": 90, "tintindex": 0,"tintindex": 0,"texture": "#6"},
				"south": {"uv": [0, 1, 0.5, 0], "rotation": 90, "tintindex": 0,"tintindex": 0,"texture": "#6"},
				"west": {"uv": [0, 9, 0.5, 0], "rotation": 90, "tintindex": 0,"tintindex": 0,"texture": "#6"},
				"up": {"uv": [0, 1, 9, 0], "rotation": 90, "tintindex": 0,"tintindex": 0,"texture": "#6"},
				"down": {"uv": [0, 1, 9, 0], "rotation": 90, "tintindex": 0,"tintindex": 0,"texture": "#6"}
			}
		},
		{
			"from": [21.62223, -0.59514, 17],
			"to": [22.62223, -0.09514, 24],
			"rotation": {"angle": -22.5, "axis": "z", "origin": [20.56514, -0.38215, 10.5]},
			"faces": {
				"north": {"uv": [0, 1, 0.5, 0], "rotation": 270, "tintindex": 0,"tintindex": 0,"texture": "#6"},
				"east": {"uv": [0, 7, 0.5, 0], "rotation": 90, "tintindex": 0,"tintindex": 0,"texture": "#6"},
				"south": {"uv": [0, 1, 0.5, 0], "rotation": 90, "tintindex": 0,"tintindex": 0,"texture": "#6"},
				"west": {"uv": [0, 7, 0.5, 0], "rotation": 90, "tintindex": 0,"tintindex": 0,"texture": "#6"},
				"up": {"uv": [0, 1, 7, 0], "rotation": 90, "tintindex": 0,"tintindex": 0,"texture": "#6"},
				"down": {"uv": [0, 1, 7, 0], "rotation": 90, "tintindex": 0,"tintindex": 0,"texture": "#6"}
			}
		},
		{
			"from": [19.00805, -0.66916, 0],
			"to": [21.00805, -0.16916, 1],
			"rotation": {"angle": -22.5, "axis": "z", "origin": [20.56514, -0.38215, 10.5]},
			"faces": {
				"north": {"uv": [0, 2, 0.5, 0], "rotation": 270, "tintindex": 0,"tintindex": 0,"texture": "#5"},
				"east": {"uv": [0, 1, 0.5, 0], "rotation": 90, "tintindex": 0,"tintindex": 0,"texture": "#5"},
				"south": {"uv": [0, 2, 0.5, 0], "rotation": 90, "tintindex": 0,"tintindex": 0,"texture": "#5"},
				"west": {"uv": [0, 1, 0.5, 0], "rotation": 90, "tintindex": 0,"tintindex": 0,"texture": "#5"},
				"up": {"uv": [0, 2, 1, 0], "rotation": 90, "tintindex": 0,"tintindex": 0,"texture": "#5"},
				"down": {"uv": [0, 2, 1, 0], "rotation": 90, "tintindex": 0,"tintindex": 0,"texture": "#5"}
			}
		},
		{
			"from": [20.50805, -0.66916, -1],
			"to": [22.50805, -0.16916, 0],
			"rotation": {"angle": -22.5, "axis": "z", "origin": [20.56514, -0.38215, 10.5]},
			"faces": {
				"north": {"uv": [0, 2, 0.5, 0], "rotation": 270, "tintindex": 0,"tintindex": 0,"texture": "#5"},
				"east": {"uv": [0, 1, 0.5, 0], "rotation": 90, "tintindex": 0,"tintindex": 0,"texture": "#5"},
				"south": {"uv": [0, 2, 0.5, 0], "rotation": 90, "tintindex": 0,"tintindex": 0,"texture": "#5"},
				"west": {"uv": [0, 1, 0.5, 0], "rotation": 90, "tintindex": 0,"tintindex": 0,"texture": "#5"},
				"up": {"uv": [0, 2, 1, 0], "rotation": 90, "tintindex": 0,"tintindex": 0,"texture": "#5"},
				"down": {"uv": [0, 2, 1, 0], "rotation": 90, "tintindex": 0,"tintindex": 0,"texture": "#5"}
			}
		},
		{
			"from": [22.00805, -0.66916, 0],
			"to": [24.00805, -0.16916, 1],
			"rotation": {"angle": -22.5, "axis": "z", "origin": [20.56514, -0.38215, 10.5]},
			"faces": {
				"north": {"uv": [0, 2, 0.5, 0], "rotation": 270, "tintindex": 0,"tintindex": 0,"texture": "#5"},
				"east": {"uv": [0, 1, 0.5, 0], "rotation": 90, "tintindex": 0,"tintindex": 0,"texture": "#5"},
				"south": {"uv": [0, 2, 0.5, 0], "rotation": 90, "tintindex": 0,"tintindex": 0,"texture": "#5"},
				"west": {"uv": [0, 1, 0.5, 0], "rotation": 90, "tintindex": 0,"tintindex": 0,"texture": "#5"},
				"up": {"uv": [0, 2, 1, 0], "rotation": 90, "tintindex": 0,"tintindex": 0,"texture": "#5"},
				"down": {"uv": [0, 2, 1, 0], "rotation": 90, "tintindex": 0,"tintindex": 0,"texture": "#5"}
			}
		},
		{
			"from": [23.00805, -0.66916, 1],
			"to": [27.00805, -0.16916, 2],
			"rotation": {"angle": -22.5, "axis": "z", "origin": [20.56514, -0.38215, 10.5]},
			"faces": {
				"north": {"uv": [0, 4, 0.5, 0], "rotation": 270, "tintindex": 0,"tintindex": 0,"texture": "#5"},
				"east": {"uv": [0, 1, 0.5, 0], "rotation": 90, "tintindex": 0,"tintindex": 0,"texture": "#5"},
				"south": {"uv": [0, 4, 0.5, 0], "rotation": 90, "tintindex": 0,"tintindex": 0,"texture": "#5"},
				"west": {"uv": [0, 1, 0.5, 0], "rotation": 90, "tintindex": 0,"tintindex": 0,"texture": "#5"},
				"up": {"uv": [0, 4, 1, 0], "rotation": 90, "tintindex": 0,"tintindex": 0,"texture": "#5"},
				"down": {"uv": [0, 4, 1, 0], "rotation": 90, "tintindex": 0,"tintindex": 0,"texture": "#5"}
			}
		},
		{
			"from": [11.00805, -0.66916, 1],
			"to": [20.00805, -0.16916, 2],
			"rotation": {"angle": -22.5, "axis": "z", "origin": [20.56514, -0.38215, 10.5]},
			"faces": {
				"north": {"uv": [0, 9, 0.5, 0], "rotation": 270, "tintindex": 0,"tintindex": 0,"texture": "#5"},
				"east": {"uv": [0, 1, 0.5, 0], "rotation": 90, "tintindex": 0,"tintindex": 0,"texture": "#5"},
				"south": {"uv": [0, 9, 0.5, 0], "rotation": 90, "tintindex": 0,"tintindex": 0,"texture": "#5"},
				"west": {"uv": [0, 1, 0.5, 0], "rotation": 90, "tintindex": 0,"tintindex": 0,"texture": "#5"},
				"up": {"uv": [0, 9, 1, 0], "rotation": 90, "tintindex": 0,"tintindex": 0,"texture": "#5"},
				"down": {"uv": [0, 9, 1, 0], "rotation": 90, "tintindex": 0,"tintindex": 0,"texture": "#5"}
			}
		}
	],
	"display": {
		"head": {
			"rotation": [90, 0, 0],
			"translation": [-8, -30.5, 4],
			"scale": [4, 4, 4]
		}
	},
	"groups": [
		0,
		1,
		2,
		3,
		{
			"name": "group",
			"origin": [8, 8, 8],
			"color": 0,
			"children": []
		},
		4,
		5,
		6,
		7,
		8,
		9,
		10,
		11,
		12,
		13,
		14,
		15,
		16,
		17,
		18,
		19,
		20,
		21,
		22,
		23,
		24,
		25,
		26,
		27,
		28,
		29,
		30,
		31,
		32,
		33,
		34,
		35,
		36,
		37,
		38,
		39,
		40,
		41,
		42
	]
}