{
	"credit": "Made with Blockbench",
	"textures": {
		"1": "block/black_wool",
		"2": "block/white_wool",
		"3": "block/white_terracotta",
		"4": "block/iron_block",
		"particle": "block/sand"
	},
	"elements": [
		{
			"from": [3.00838, 4.23746, 0.25],
			"to": [5.00838, 9.23746, 3.25],
			"rotation": {"angle": -22.5, "axis": "z", "origin": [1.00838, 2.23746, 1.5]},
			"faces": {
				"north": {"uv": [0, 0, 2, 5], "tintindex": 0,"tintindex": 0,"texture": "#2"},
				"east": {"uv": [0, 0, 3, 5], "tintindex": 0,"tintindex": 0,"texture": "#2"},
				"south": {"uv": [0, 0, 2, 5], "tintindex": 0,"tintindex": 0,"texture": "#2"},
				"west": {"uv": [0, 0, 3, 5], "tintindex": 0,"tintindex": 0,"texture": "#2"},
				"up": {"uv": [0, 0, 2, 3], "tintindex": 0,"tintindex": 0,"texture": "#2"},
				"down": {"uv": [0, 0, 2, 3], "tintindex": 0,"tintindex": 0,"texture": "#2"}
			}
		},
		{
			"from": [4, 2, 1.25],
			"to": [5, 3, 2.25],
			"faces": {
				"north": {"uv": [0, 0, 1, 1], "tintindex": 0,"tintindex": 0,"texture": "#3"},
				"east": {"uv": [0, 0, 1, 1], "tintindex": 0,"tintindex": 0,"texture": "#3"},
				"south": {"uv": [0, 0, 1, 1], "tintindex": 0,"tintindex": 0,"texture": "#3"},
				"west": {"uv": [0, 0, 1, 1], "tintindex": 0,"tintindex": 0,"texture": "#3"},
				"up": {"uv": [0, 0, 1, 1], "tintindex": 0,"tintindex": 0,"texture": "#3"},
				"down": {"uv": [0, 0, 1, 1], "tintindex": 0,"tintindex": 0,"texture": "#3"}
			}
		},
		{
			"from": [3.39951, 4.70651, 0.15],
			"to": [5.59951, 4.90651, 3.35],
			"rotation": {"angle": -22.5, "axis": "z", "origin": [4.59951, 2.80651, 1.85]},
			"faces": {
				"north": {"uv": [0, 0, 2.2, 0.2], "tintindex": 0,"tintindex": 0,"texture": "#1"},
				"east": {"uv": [0, 0, 3.2, 0.2], "tintindex": 0,"tintindex": 0,"texture": "#1"},
				"south": {"uv": [0, 0, 2.2, 0.2], "tintindex": 0,"tintindex": 0,"texture": "#1"},
				"west": {"uv": [0, 0, 3.2, 0.2], "tintindex": 0,"tintindex": 0,"texture": "#1"},
				"up": {"uv": [0, 0, 2.2, 3.2], "tintindex": 0,"tintindex": 0,"texture": "#1"},
				"down": {"uv": [0, 0, 2.2, 3.2], "tintindex": 0,"tintindex": 0,"texture": "#1"}
			}
		},
		{
			"from": [3.39951, 2.70651, 0.15],
			"to": [5.59951, 2.90651, 3.35],
			"rotation": {"angle": -22.5, "axis": "z", "origin": [4.59951, 2.80651, 1.85]},
			"faces": {
				"north": {"uv": [0, 0, 2.2, 0.2], "tintindex": 0,"tintindex": 0,"texture": "#1"},
				"east": {"uv": [0, 0, 3.2, 0.2], "tintindex": 0,"tintindex": 0,"texture": "#1"},
				"south": {"uv": [0, 0, 2.2, 0.2], "tintindex": 0,"tintindex": 0,"texture": "#1"},
				"west": {"uv": [0, 0, 3.2, 0.2], "tintindex": 0,"tintindex": 0,"texture": "#1"},
				"up": {"uv": [0, 0, 2.2, 3.2], "tintindex": 0,"tintindex": 0,"texture": "#1"},
				"down": {"uv": [0, 0, 2.2, 3.2], "tintindex": 0,"tintindex": 0,"texture": "#1"}
			}
		},
		{
			"from": [3, 3.75, 0],
			"to": [3.5, 4.75, 1],
			"rotation": {"angle": -22.5, "axis": "z", "origin": [0.5, 1, 0.5]},
			"faces": {
				"north": {"uv": [0, 0, 0.5, 1], "tintindex": 0,"tintindex": 0,"texture": "#1"},
				"east": {"uv": [0, 0, 1, 1], "tintindex": 0,"tintindex": 0,"texture": "#1"},
				"south": {"uv": [0, 0, 0.5, 1], "tintindex": 0,"tintindex": 0,"texture": "#1"},
				"west": {"uv": [0, 0, 1, 1], "tintindex": 0,"tintindex": 0,"texture": "#1"},
				"up": {"uv": [0, 0, 0.5, 1], "tintindex": 0,"tintindex": 0,"texture": "#1"},
				"down": {"uv": [0, 0, 0.5, 1], "tintindex": 0,"tintindex": 0,"texture": "#1"}
			}
		},
		{
			"from": [3, 3.75, -0.25],
			"to": [3.5, 4.05, 1.25],
			"rotation": {"angle": -22.5, "axis": "z", "origin": [0.5, 1, 0.5]},
			"faces": {
				"north": {"uv": [0, 0, 0.5, 0.3], "tintindex": 0,"tintindex": 0,"texture": "#1"},
				"east": {"uv": [0, 0, 1.5, 0.3], "tintindex": 0,"tintindex": 0,"texture": "#1"},
				"south": {"uv": [0, 0, 0.5, 0.3], "tintindex": 0,"tintindex": 0,"texture": "#1"},
				"west": {"uv": [0, 0, 1.5, 0.3], "tintindex": 0,"tintindex": 0,"texture": "#1"},
				"up": {"uv": [0, 0, 0.5, 1.5], "tintindex": 0,"tintindex": 0,"texture": "#1"},
				"down": {"uv": [0, 0, 0.5, 1.5], "tintindex": 0,"tintindex": 0,"texture": "#1"}
			}
		},
		{
			"from": [3, 1.75, 0],
			"to": [3.5, 3.75, 1],
			"rotation": {"angle": -22.5, "axis": "z", "origin": [0.5, 1, 0.5]},
			"faces": {
				"north": {"uv": [0, 0, 0.5, 1], "tintindex": 0,"tintindex": 0,"texture": "#4"},
				"east": {"uv": [0, 0, 0.5, 1], "tintindex": 0,"tintindex": 0,"texture": "#4"},
				"south": {"uv": [0, 0, 0.5, 1], "tintindex": 0,"tintindex": 0,"texture": "#4"},
				"west": {"uv": [0, 0, 0.5, 1], "tintindex": 0,"tintindex": 0,"texture": "#4"},
				"up": {"uv": [0, 0, 0.5, 1], "tintindex": 0,"tintindex": 0,"texture": "#4"},
				"down": {"uv": [0, 0, 0.5, 1], "tintindex": 0,"tintindex": 0,"texture": "#4"}
			}
		},
		{
			"from": [3, 1.25, 0.25],
			"to": [3.5, 1.75, 0.75],
			"rotation": {"angle": -22.5, "axis": "z", "origin": [0.5, 1, 0.5]},
			"faces": {
				"north": {"uv": [0, 0, 0.5, 1], "tintindex": 0,"tintindex": 0,"texture": "#4"},
				"east": {"uv": [0, 0, 0.5, 1], "tintindex": 0,"tintindex": 0,"texture": "#4"},
				"south": {"uv": [0, 0, 0.5, 1], "tintindex": 0,"tintindex": 0,"texture": "#4"},
				"west": {"uv": [0, 0, 0.5, 1], "tintindex": 0,"tintindex": 0,"texture": "#4"},
				"up": {"uv": [0, 0, 0.5, 1], "tintindex": 0,"tintindex": 0,"texture": "#4"},
				"down": {"uv": [0, 0, 0.5, 1], "tintindex": 0,"tintindex": 0,"texture": "#4"}
			}
		},
		{
			"from": [3.75, 3.25, 0.25],
			"to": [4.25, 3.55, 1.75],
			"rotation": {"angle": -22.5, "axis": "z", "origin": [0.5, 1, 0.5]},
			"faces": {
				"north": {"uv": [0, 0, 0.5, 0.3], "tintindex": 0,"tintindex": 0,"texture": "#1"},
				"east": {"uv": [0, 0, 1.5, 0.3], "tintindex": 0,"tintindex": 0,"texture": "#1"},
				"south": {"uv": [0, 0, 0.5, 0.3], "tintindex": 0,"tintindex": 0,"texture": "#1"},
				"west": {"uv": [0, 0, 1.5, 0.3], "tintindex": 0,"tintindex": 0,"texture": "#1"},
				"up": {"uv": [0, 0, 0.5, 1.5], "tintindex": 0,"tintindex": 0,"texture": "#1"},
				"down": {"uv": [0, 0, 0.5, 1.5], "tintindex": 0,"tintindex": 0,"texture": "#1"}
			}
		},
		{
			"from": [3.75, 3.25, 0.5],
			"to": [4.25, 4.25, 1.5],
			"rotation": {"angle": -22.5, "axis": "z", "origin": [0.5, 1, 0.5]},
			"faces": {
				"north": {"uv": [0, 0, 0.5, 1], "tintindex": 0,"tintindex": 0,"texture": "#1"},
				"east": {"uv": [0, 0, 1, 1], "tintindex": 0,"tintindex": 0,"texture": "#1"},
				"south": {"uv": [0, 0, 0.5, 1], "tintindex": 0,"tintindex": 0,"texture": "#1"},
				"west": {"uv": [0, 0, 1, 1], "tintindex": 0,"tintindex": 0,"texture": "#1"},
				"up": {"uv": [0, 0, 0.5, 1], "tintindex": 0,"tintindex": 0,"texture": "#1"},
				"down": {"uv": [0, 0, 0.5, 1], "tintindex": 0,"tintindex": 0,"texture": "#1"}
			}
		},
		{
			"from": [3.75, 1.25, 0.5],
			"to": [4.25, 3.25, 1.5],
			"rotation": {"angle": -22.5, "axis": "z", "origin": [0.5, 1, 0.5]},
			"faces": {
				"north": {"uv": [0, 0, 0.5, 1], "tintindex": 0,"tintindex": 0,"texture": "#4"},
				"east": {"uv": [0, 0, 0.5, 1], "tintindex": 0,"tintindex": 0,"texture": "#4"},
				"south": {"uv": [0, 0, 0.5, 1], "tintindex": 0,"tintindex": 0,"texture": "#4"},
				"west": {"uv": [0, 0, 0.5, 1], "tintindex": 0,"tintindex": 0,"texture": "#4"},
				"up": {"uv": [0, 0, 0.5, 1], "tintindex": 0,"tintindex": 0,"texture": "#4"},
				"down": {"uv": [0, 0, 0.5, 1], "tintindex": 0,"tintindex": 0,"texture": "#4"}
			}
		},
		{
			"from": [3.75, 0.75, 0.75],
			"to": [4.25, 1.25, 1.25],
			"rotation": {"angle": -22.5, "axis": "z", "origin": [0.5, 1, 0.5]},
			"faces": {
				"north": {"uv": [0, 0, 0.5, 1], "tintindex": 0,"tintindex": 0,"texture": "#4"},
				"east": {"uv": [0, 0, 0.5, 1], "tintindex": 0,"tintindex": 0,"texture": "#4"},
				"south": {"uv": [0, 0, 0.5, 1], "tintindex": 0,"tintindex": 0,"texture": "#4"},
				"west": {"uv": [0, 0, 0.5, 1], "tintindex": 0,"tintindex": 0,"texture": "#4"},
				"up": {"uv": [0, 0, 0.5, 1], "tintindex": 0,"tintindex": 0,"texture": "#4"},
				"down": {"uv": [0, 0, 0.5, 1], "tintindex": 0,"tintindex": 0,"texture": "#4"}
			}
		},
		{
			"from": [4, 0.75, 1.75],
			"to": [4.5, 1.25, 2.25],
			"rotation": {"angle": -22.5, "axis": "z", "origin": [0.5, 1, 0.5]},
			"faces": {
				"north": {"uv": [0, 0, 0.5, 1], "tintindex": 0,"tintindex": 0,"texture": "#4"},
				"east": {"uv": [0, 0, 0.5, 1], "tintindex": 0,"tintindex": 0,"texture": "#4"},
				"south": {"uv": [0, 0, 0.5, 1], "tintindex": 0,"tintindex": 0,"texture": "#4"},
				"west": {"uv": [0, 0, 0.5, 1], "tintindex": 0,"tintindex": 0,"texture": "#4"},
				"up": {"uv": [0, 0, 0.5, 1], "tintindex": 0,"tintindex": 0,"texture": "#4"},
				"down": {"uv": [0, 0, 0.5, 1], "tintindex": 0,"tintindex": 0,"texture": "#4"}
			}
		},
		{
			"from": [4, 1.25, 1.5],
			"to": [4.5, 3.25, 2.5],
			"rotation": {"angle": -22.5, "axis": "z", "origin": [0.5, 1, 0.5]},
			"faces": {
				"north": {"uv": [0, 0, 0.5, 1], "tintindex": 0,"tintindex": 0,"texture": "#4"},
				"east": {"uv": [0, 0, 0.5, 1], "tintindex": 0,"tintindex": 0,"texture": "#4"},
				"south": {"uv": [0, 0, 0.5, 1], "tintindex": 0,"tintindex": 0,"texture": "#4"},
				"west": {"uv": [0, 0, 0.5, 1], "tintindex": 0,"tintindex": 0,"texture": "#4"},
				"up": {"uv": [0, 0, 0.5, 1], "tintindex": 0,"tintindex": 0,"texture": "#4"},
				"down": {"uv": [0, 0, 0.5, 1], "tintindex": 0,"tintindex": 0,"texture": "#4"}
			}
		},
		{
			"from": [4, 3.25, 1.5],
			"to": [4.5, 4.25, 2.5],
			"rotation": {"angle": -22.5, "axis": "z", "origin": [0.5, 1, 0.5]},
			"faces": {
				"north": {"uv": [0, 0, 0.5, 1], "tintindex": 0,"tintindex": 0,"texture": "#1"},
				"east": {"uv": [0, 0, 1, 1], "tintindex": 0,"tintindex": 0,"texture": "#1"},
				"south": {"uv": [0, 0, 0.5, 1], "tintindex": 0,"tintindex": 0,"texture": "#1"},
				"west": {"uv": [0, 0, 1, 1], "tintindex": 0,"tintindex": 0,"texture": "#1"},
				"up": {"uv": [0, 0, 0.5, 1], "tintindex": 0,"tintindex": 0,"texture": "#1"},
				"down": {"uv": [0, 0, 0.5, 1], "tintindex": 0,"tintindex": 0,"texture": "#1"}
			}
		},
		{
			"from": [4, 3.25, 1.25],
			"to": [4.5, 3.55, 2.75],
			"rotation": {"angle": -22.5, "axis": "z", "origin": [0.5, 1, 0.5]},
			"faces": {
				"north": {"uv": [0, 0, 0.5, 0.3], "tintindex": 0,"tintindex": 0,"texture": "#1"},
				"east": {"uv": [0, 0, 1.5, 0.3], "tintindex": 0,"tintindex": 0,"texture": "#1"},
				"south": {"uv": [0, 0, 0.5, 0.3], "tintindex": 0,"tintindex": 0,"texture": "#1"},
				"west": {"uv": [0, 0, 1.5, 0.3], "tintindex": 0,"tintindex": 0,"texture": "#1"},
				"up": {"uv": [0, 0, 0.5, 1.5], "tintindex": 0,"tintindex": 0,"texture": "#1"},
				"down": {"uv": [0, 0, 0.5, 1.5], "tintindex": 0,"tintindex": 0,"texture": "#1"}
			}
		},
		{
			"from": [3.25, 0.75, 2.75],
			"to": [3.75, 1.25, 3.25],
			"rotation": {"angle": -22.5, "axis": "z", "origin": [0.5, 1, 0.5]},
			"faces": {
				"north": {"uv": [0, 0, 0.5, 1], "tintindex": 0,"tintindex": 0,"texture": "#4"},
				"east": {"uv": [0, 0, 0.5, 1], "tintindex": 0,"tintindex": 0,"texture": "#4"},
				"south": {"uv": [0, 0, 0.5, 1], "tintindex": 0,"tintindex": 0,"texture": "#4"},
				"west": {"uv": [0, 0, 0.5, 1], "tintindex": 0,"tintindex": 0,"texture": "#4"},
				"up": {"uv": [0, 0, 0.5, 1], "tintindex": 0,"tintindex": 0,"texture": "#4"},
				"down": {"uv": [0, 0, 0.5, 1], "tintindex": 0,"tintindex": 0,"texture": "#4"}
			}
		},
		{
			"from": [3.25, 1.25, 2.5],
			"to": [3.75, 3.25, 3.5],
			"rotation": {"angle": -22.5, "axis": "z", "origin": [0.5, 1, 0.5]},
			"faces": {
				"north": {"uv": [0, 0, 0.5, 1], "tintindex": 0,"tintindex": 0,"texture": "#4"},
				"east": {"uv": [0, 0, 0.5, 1], "tintindex": 0,"tintindex": 0,"texture": "#4"},
				"south": {"uv": [0, 0, 0.5, 1], "tintindex": 0,"tintindex": 0,"texture": "#4"},
				"west": {"uv": [0, 0, 0.5, 1], "tintindex": 0,"tintindex": 0,"texture": "#4"},
				"up": {"uv": [0, 0, 0.5, 1], "tintindex": 0,"tintindex": 0,"texture": "#4"},
				"down": {"uv": [0, 0, 0.5, 1], "tintindex": 0,"tintindex": 0,"texture": "#4"}
			}
		},
		{
			"from": [3.25, 3.25, 2.5],
			"to": [3.75, 4.25, 3.5],
			"rotation": {"angle": -22.5, "axis": "z", "origin": [0.5, 1, 0.5]},
			"faces": {
				"north": {"uv": [0, 0, 0.5, 1], "tintindex": 0,"tintindex": 0,"texture": "#1"},
				"east": {"uv": [0, 0, 1, 1], "tintindex": 0,"tintindex": 0,"texture": "#1"},
				"south": {"uv": [0, 0, 0.5, 1], "tintindex": 0,"tintindex": 0,"texture": "#1"},
				"west": {"uv": [0, 0, 1, 1], "tintindex": 0,"tintindex": 0,"texture": "#1"},
				"up": {"uv": [0, 0, 0.5, 1], "tintindex": 0,"tintindex": 0,"texture": "#1"},
				"down": {"uv": [0, 0, 0.5, 1], "tintindex": 0,"tintindex": 0,"texture": "#1"}
			}
		},
		{
			"from": [3.25, 3.25, 2.25],
			"to": [3.75, 3.55, 3.75],
			"rotation": {"angle": -22.5, "axis": "z", "origin": [0.5, 1, 0.5]},
			"faces": {
				"north": {"uv": [0, 0, 0.5, 0.3], "tintindex": 0,"tintindex": 0,"texture": "#1"},
				"east": {"uv": [0, 0, 1.5, 0.3], "tintindex": 0,"tintindex": 0,"texture": "#1"},
				"south": {"uv": [0, 0, 0.5, 0.3], "tintindex": 0,"tintindex": 0,"texture": "#1"},
				"west": {"uv": [0, 0, 1.5, 0.3], "tintindex": 0,"tintindex": 0,"texture": "#1"},
				"up": {"uv": [0, 0, 0.5, 1.5], "tintindex": 0,"tintindex": 0,"texture": "#1"},
				"down": {"uv": [0, 0, 0.5, 1.5], "tintindex": 0,"tintindex": 0,"texture": "#1"}
			}
		},
		{
			"from": [2.5, 0.75, 2.25],
			"to": [3, 1.25, 2.75],
			"rotation": {"angle": -22.5, "axis": "z", "origin": [0.5, 1, 0.5]},
			"faces": {
				"north": {"uv": [0, 0, 0.5, 1], "tintindex": 0,"tintindex": 0,"texture": "#4"},
				"east": {"uv": [0, 0, 0.5, 1], "tintindex": 0,"tintindex": 0,"texture": "#4"},
				"south": {"uv": [0, 0, 0.5, 1], "tintindex": 0,"tintindex": 0,"texture": "#4"},
				"west": {"uv": [0, 0, 0.5, 1], "tintindex": 0,"tintindex": 0,"texture": "#4"},
				"up": {"uv": [0, 0, 0.5, 1], "tintindex": 0,"tintindex": 0,"texture": "#4"},
				"down": {"uv": [0, 0, 0.5, 1], "tintindex": 0,"tintindex": 0,"texture": "#4"}
			}
		},
		{
			"from": [2.5, 1.25, 2],
			"to": [3, 3.25, 3],
			"rotation": {"angle": -22.5, "axis": "z", "origin": [0.5, 1, 0.5]},
			"faces": {
				"north": {"uv": [0, 0, 0.5, 1], "tintindex": 0,"tintindex": 0,"texture": "#4"},
				"east": {"uv": [0, 0, 0.5, 1], "tintindex": 0,"tintindex": 0,"texture": "#4"},
				"south": {"uv": [0, 0, 0.5, 1], "tintindex": 0,"tintindex": 0,"texture": "#4"},
				"west": {"uv": [0, 0, 0.5, 1], "tintindex": 0,"tintindex": 0,"texture": "#4"},
				"up": {"uv": [0, 0, 0.5, 1], "tintindex": 0,"tintindex": 0,"texture": "#4"},
				"down": {"uv": [0, 0, 0.5, 1], "tintindex": 0,"tintindex": 0,"texture": "#4"}
			}
		},
		{
			"from": [2.5, 3.25, 2],
			"to": [3, 4.25, 3],
			"rotation": {"angle": -22.5, "axis": "z", "origin": [0.5, 1, 0.5]},
			"faces": {
				"north": {"uv": [0, 0, 0.5, 1], "tintindex": 0,"tintindex": 0,"texture": "#1"},
				"east": {"uv": [0, 0, 1, 1], "tintindex": 0,"tintindex": 0,"texture": "#1"},
				"south": {"uv": [0, 0, 0.5, 1], "tintindex": 0,"tintindex": 0,"texture": "#1"},
				"west": {"uv": [0, 0, 1, 1], "tintindex": 0,"tintindex": 0,"texture": "#1"},
				"up": {"uv": [0, 0, 0.5, 1], "tintindex": 0,"tintindex": 0,"texture": "#1"},
				"down": {"uv": [0, 0, 0.5, 1], "tintindex": 0,"tintindex": 0,"texture": "#1"}
			}
		},
		{
			"from": [2.5, 3.25, 1.75],
			"to": [3, 3.55, 3.25],
			"rotation": {"angle": -22.5, "axis": "z", "origin": [0.5, 1, 0.5]},
			"faces": {
				"north": {"uv": [0, 0, 0.5, 0.3], "tintindex": 0,"tintindex": 0,"texture": "#1"},
				"east": {"uv": [0, 0, 1.5, 0.3], "tintindex": 0,"tintindex": 0,"texture": "#1"},
				"south": {"uv": [0, 0, 0.5, 0.3], "tintindex": 0,"tintindex": 0,"texture": "#1"},
				"west": {"uv": [0, 0, 1.5, 0.3], "tintindex": 0,"tintindex": 0,"texture": "#1"},
				"up": {"uv": [0, 0, 0.5, 1.5], "tintindex": 0,"tintindex": 0,"texture": "#1"},
				"down": {"uv": [0, 0, 0.5, 1.5], "tintindex": 0,"tintindex": 0,"texture": "#1"}
			}
		},
		{
			"from": [2.5, 0.75, 0.75],
			"to": [3, 1.25, 1.25],
			"rotation": {"angle": -22.5, "axis": "z", "origin": [0.5, 1, 0.5]},
			"faces": {
				"north": {"uv": [0, 0, 0.5, 1], "tintindex": 0,"tintindex": 0,"texture": "#4"},
				"east": {"uv": [0, 0, 0.5, 1], "tintindex": 0,"tintindex": 0,"texture": "#4"},
				"south": {"uv": [0, 0, 0.5, 1], "tintindex": 0,"tintindex": 0,"texture": "#4"},
				"west": {"uv": [0, 0, 0.5, 1], "tintindex": 0,"tintindex": 0,"texture": "#4"},
				"up": {"uv": [0, 0, 0.5, 1], "tintindex": 0,"tintindex": 0,"texture": "#4"},
				"down": {"uv": [0, 0, 0.5, 1], "tintindex": 0,"tintindex": 0,"texture": "#4"}
			}
		},
		{
			"from": [2.5, 1.25, 0.5],
			"to": [3, 3.25, 1.5],
			"rotation": {"angle": -22.5, "axis": "z", "origin": [0.5, 1, 0.5]},
			"faces": {
				"north": {"uv": [0, 0, 0.5, 1], "tintindex": 0,"tintindex": 0,"texture": "#4"},
				"east": {"uv": [0, 0, 0.5, 1], "tintindex": 0,"tintindex": 0,"texture": "#4"},
				"south": {"uv": [0, 0, 0.5, 1], "tintindex": 0,"tintindex": 0,"texture": "#4"},
				"west": {"uv": [0, 0, 0.5, 1], "tintindex": 0,"tintindex": 0,"texture": "#4"},
				"up": {"uv": [0, 0, 0.5, 1], "tintindex": 0,"tintindex": 0,"texture": "#4"},
				"down": {"uv": [0, 0, 0.5, 1], "tintindex": 0,"tintindex": 0,"texture": "#4"}
			}
		},
		{
			"from": [2.5, 3.25, 0.5],
			"to": [3, 4.25, 1.5],
			"rotation": {"angle": -22.5, "axis": "z", "origin": [0.5, 1, 0.5]},
			"faces": {
				"north": {"uv": [0, 0, 0.5, 1], "tintindex": 0,"tintindex": 0,"texture": "#1"},
				"east": {"uv": [0, 0, 1, 1], "tintindex": 0,"tintindex": 0,"texture": "#1"},
				"south": {"uv": [0, 0, 0.5, 1], "tintindex": 0,"tintindex": 0,"texture": "#1"},
				"west": {"uv": [0, 0, 1, 1], "tintindex": 0,"tintindex": 0,"texture": "#1"},
				"up": {"uv": [0, 0, 0.5, 1], "tintindex": 0,"tintindex": 0,"texture": "#1"},
				"down": {"uv": [0, 0, 0.5, 1], "tintindex": 0,"tintindex": 0,"texture": "#1"}
			}
		},
		{
			"from": [2.5, 3.25, 0.25],
			"to": [3, 3.55, 1.75],
			"rotation": {"angle": -22.5, "axis": "z", "origin": [0.5, 1, 0.5]},
			"faces": {
				"north": {"uv": [0, 0, 0.5, 0.3], "tintindex": 0,"tintindex": 0,"texture": "#1"},
				"east": {"uv": [0, 0, 1.5, 0.3], "tintindex": 0,"tintindex": 0,"texture": "#1"},
				"south": {"uv": [0, 0, 0.5, 0.3], "tintindex": 0,"tintindex": 0,"texture": "#1"},
				"west": {"uv": [0, 0, 1.5, 0.3], "tintindex": 0,"tintindex": 0,"texture": "#1"},
				"up": {"uv": [0, 0, 0.5, 1.5], "tintindex": 0,"tintindex": 0,"texture": "#1"},
				"down": {"uv": [0, 0, 0.5, 1.5], "tintindex": 0,"tintindex": 0,"texture": "#1"}
			}
		},
		{
			"from": [3.25, -0.5, 1.5],
			"to": [3.75, 0, 2],
			"rotation": {"angle": -22.5, "axis": "z", "origin": [0.5, 1, 0.5]},
			"faces": {
				"north": {"uv": [0, 0, 0.5, 1], "tintindex": 0,"tintindex": 0,"texture": "#4"},
				"east": {"uv": [0, 0, 0.5, 1], "tintindex": 0,"tintindex": 0,"texture": "#4"},
				"south": {"uv": [0, 0, 0.5, 1], "tintindex": 0,"tintindex": 0,"texture": "#4"},
				"west": {"uv": [0, 0, 0.5, 1], "tintindex": 0,"tintindex": 0,"texture": "#4"},
				"up": {"uv": [0, 0, 0.5, 1], "tintindex": 0,"tintindex": 0,"texture": "#4"},
				"down": {"uv": [0, 0, 0.5, 1], "tintindex": 0,"tintindex": 0,"texture": "#4"}
			}
		},
		{
			"from": [3.25, 0, 1.25],
			"to": [3.75, 2, 2.25],
			"rotation": {"angle": -22.5, "axis": "z", "origin": [0.5, 1, 0.5]},
			"faces": {
				"north": {"uv": [0, 0, 0.5, 1], "tintindex": 0,"tintindex": 0,"texture": "#4"},
				"east": {"uv": [0, 0, 0.5, 1], "tintindex": 0,"tintindex": 0,"texture": "#4"},
				"south": {"uv": [0, 0, 0.5, 1], "tintindex": 0,"tintindex": 0,"texture": "#4"},
				"west": {"uv": [0, 0, 0.5, 1], "tintindex": 0,"tintindex": 0,"texture": "#4"},
				"up": {"uv": [0, 0, 0.5, 1], "tintindex": 0,"tintindex": 0,"texture": "#4"},
				"down": {"uv": [0, 0, 0.5, 1], "tintindex": 0,"tintindex": 0,"texture": "#4"}
			}
		},
		{
			"from": [3.25, 2, 1.25],
			"to": [3.75, 3, 2.25],
			"rotation": {"angle": -22.5, "axis": "z", "origin": [0.5, 1, 0.5]},
			"faces": {
				"north": {"uv": [0, 0, 0.5, 1], "tintindex": 0,"tintindex": 0,"texture": "#1"},
				"east": {"uv": [0, 0, 1, 1], "tintindex": 0,"tintindex": 0,"texture": "#1"},
				"south": {"uv": [0, 0, 0.5, 1], "tintindex": 0,"tintindex": 0,"texture": "#1"},
				"west": {"uv": [0, 0, 1, 1], "tintindex": 0,"tintindex": 0,"texture": "#1"},
				"up": {"uv": [0, 0, 0.5, 1], "tintindex": 0,"tintindex": 0,"texture": "#1"},
				"down": {"uv": [0, 0, 0.5, 1], "tintindex": 0,"tintindex": 0,"texture": "#1"}
			}
		},
		{
			"from": [3.25, 2, 1],
			"to": [3.75, 2.3, 2.5],
			"rotation": {"angle": -22.5, "axis": "z", "origin": [0.5, 1, 0.5]},
			"faces": {
				"north": {"uv": [0, 0, 0.5, 0.3], "tintindex": 0,"tintindex": 0,"texture": "#1"},
				"east": {"uv": [0, 0, 1.5, 0.3], "tintindex": 0,"tintindex": 0,"texture": "#1"},
				"south": {"uv": [0, 0, 0.5, 0.3], "tintindex": 0,"tintindex": 0,"texture": "#1"},
				"west": {"uv": [0, 0, 1.5, 0.3], "tintindex": 0,"tintindex": 0,"texture": "#1"},
				"up": {"uv": [0, 0, 0.5, 1.5], "tintindex": 0,"tintindex": 0,"texture": "#1"},
				"down": {"uv": [0, 0, 0.5, 1.5], "tintindex": 0,"tintindex": 0,"texture": "#1"}
			}
		}
	],
	"display": {
		"head": {
			"rotation": [90, 0, 0],
			"translation": [7.75, -30.5, 4],
			"scale": [4, 4, 4]
		}
	},
	"groups": [
		0,
		1,
		2,
		3,
		{
			"name": "group",
			"origin": [8, 8, 8],
			"color": 0,
			"children": []
		},
		4,
		5,
		6,
		7,
		8,
		9,
		10,
		11,
		12,
		13,
		14,
		15,
		16,
		17,
		18,
		19,
		20,
		21,
		22,
		23,
		24,
		25,
		26,
		27,
		28,
		29,
		30,
		31
	]
}