{
	"credit": "Made with Blockbench",
	"textures": {
		"0": "block/iron_block",
		"particle": "block/iron_block"
	},
	"elements": [
		{
			"from": [6, -12, 6],
			"to": [10, 2, 10],
			"rotation": {"angle": 0, "axis": "y", "origin": [0, 4, 0]},
			"faces": {
				"north": {"uv": [5, 1, 9, 16], "tintindex": 0,"texture": "#0"},
				"east": {"uv": [5, 1, 9, 16], "tintindex": 0,"texture": "#0"},
				"south": {"uv": [5, 1, 9, 16], "tintindex": 0,"texture": "#0"},
				"west": {"uv": [5, 1, 9, 16], "tintindex": 0,"texture": "#0"},
				"up": {"uv": [5, 1, 9, 5], "tintindex": 0,"texture": "#0"},
				"down": {"uv": [5, 1, 9, 5], "tintindex": 0,"texture": "#0"}
			}
		},
		{
			"from": [6, -12, 6],
			"to": [10, 2, 10],
			"rotation": {"angle": 45, "axis": "y", "origin": [8, -4.5, 8]},
			"faces": {
				"north": {"uv": [5, 1, 9, 16], "tintindex": 0,"texture": "#0"},
				"east": {"uv": [5, 1, 9, 16], "tintindex": 0,"texture": "#0"},
				"south": {"uv": [5, 1, 9, 16], "tintindex": 0,"texture": "#0"},
				"west": {"uv": [5, 1, 9, 16], "tintindex": 0,"texture": "#0"},
				"up": {"uv": [5, 1, 9, 5], "tintindex": 0,"texture": "#0"},
				"down": {"uv": [5, 1, 9, 5], "tintindex": 0,"texture": "#0"}
			}
		},
		{
			"from": [6.6, -1.7, 6.6],
			"to": [9.4, 9.8, 9.4],
			"rotation": {"angle": 45, "axis": "y", "origin": [8, 3.55, 8]},
			"faces": {
				"north": {"uv": [5, 1, 9, 16], "tintindex": 0,"texture": "#0"},
				"east": {"uv": [5, 1, 9, 16], "tintindex": 0,"texture": "#0"},
				"south": {"uv": [5, 1, 9, 16], "tintindex": 0,"texture": "#0"},
				"west": {"uv": [5, 1, 9, 16], "tintindex": 0,"texture": "#0"},
				"up": {"uv": [5, 1, 9, 5], "tintindex": 0,"texture": "#0"},
				"down": {"uv": [5, 1, 9, 5], "tintindex": 0,"texture": "#0"}
			}
		},
		{
			"from": [6.6, -1.7, 6.6],
			"to": [9.4, 9.8, 9.4],
			"rotation": {"angle": 0, "axis": "y", "origin": [2.4, 9.5, 2.4]},
			"faces": {
				"north": {"uv": [5, 1, 9, 16], "tintindex": 0,"texture": "#0"},
				"east": {"uv": [5, 1, 9, 16], "tintindex": 0,"texture": "#0"},
				"south": {"uv": [5, 1, 9, 16], "tintindex": 0,"texture": "#0"},
				"west": {"uv": [5, 1, 9, 16], "tintindex": 0,"texture": "#0"},
				"up": {"uv": [5, 1, 9, 5], "tintindex": 0,"texture": "#0"},
				"down": {"uv": [5, 1, 9, 5], "tintindex": 0,"texture": "#0"}
			}
		},
		{
			"from": [7.02, 9.26, 7.02],
			"to": [8.98, 17.61, 8.98],
			"rotation": {"angle": 45, "axis": "y", "origin": [8, 12.935, 8]},
			"faces": {
				"north": {"uv": [5, 1, 9, 16], "tintindex": 0,"texture": "#0"},
				"east": {"uv": [5, 1, 9, 16], "tintindex": 0,"texture": "#0"},
				"south": {"uv": [5, 1, 9, 16], "tintindex": 0,"texture": "#0"},
				"west": {"uv": [5, 1, 9, 16], "tintindex": 0,"texture": "#0"},
				"up": {"uv": [5, 1, 9, 5], "tintindex": 0,"texture": "#0"},
				"down": {"uv": [5, 1, 9, 5], "tintindex": 0,"texture": "#0"}
			}
		},
		{
			"from": [7.02, 9.26, 7.02],
			"to": [8.98, 17.61, 8.98],
			"rotation": {"angle": 0, "axis": "y", "origin": [4.08, 17.1, 4.08]},
			"faces": {
				"north": {"uv": [5, 1, 9, 16], "tintindex": 0,"texture": "#0"},
				"east": {"uv": [5, 1, 9, 16], "tintindex": 0,"texture": "#0"},
				"south": {"uv": [5, 1, 9, 16], "tintindex": 0,"texture": "#0"},
				"west": {"uv": [5, 1, 9, 16], "tintindex": 0,"texture": "#0"},
				"up": {"uv": [5, 1, 9, 5], "tintindex": 0,"texture": "#0"},
				"down": {"uv": [5, 1, 9, 5], "tintindex": 0,"texture": "#0"}
			}
		},
		{
			"from": [7.314, 16.607, 7.314],
			"to": [8.686, 22.752, 8.686],
			"rotation": {"angle": 45, "axis": "y", "origin": [8, 19.1795, 8]},
			"faces": {
				"north": {"uv": [5, 1, 9, 16], "tintindex": 0,"texture": "#0"},
				"east": {"uv": [5, 1, 9, 16], "tintindex": 0,"texture": "#0"},
				"south": {"uv": [5, 1, 9, 16], "tintindex": 0,"texture": "#0"},
				"west": {"uv": [5, 1, 9, 16], "tintindex": 0,"texture": "#0"},
				"up": {"uv": [5, 1, 9, 5], "tintindex": 0,"texture": "#0"},
				"down": {"uv": [5, 1, 9, 5], "tintindex": 0,"texture": "#0"}
			}
		},
		{
			"from": [7.314, 16.607, 7.314],
			"to": [8.686, 22.752, 8.686],
			"rotation": {"angle": 0, "axis": "y", "origin": [5.256, 22.095, 5.256]},
			"faces": {
				"north": {"uv": [5, 1, 9, 16], "tintindex": 0,"texture": "#0"},
				"east": {"uv": [5, 1, 9, 16], "tintindex": 0,"texture": "#0"},
				"south": {"uv": [5, 1, 9, 16], "tintindex": 0,"texture": "#0"},
				"west": {"uv": [5, 1, 9, 16], "tintindex": 0,"texture": "#0"},
				"up": {"uv": [5, 1, 9, 5], "tintindex": 0,"texture": "#0"},
				"down": {"uv": [5, 1, 9, 5], "tintindex": 0,"texture": "#0"}
			}
		},
		{
			"from": [7.5198, 22.3499, 7.5198],
			"to": [8.4802, 26.9514, 8.4802],
			"rotation": {"angle": 45, "axis": "y", "origin": [8, 24.15065, 8]},
			"faces": {
				"north": {"uv": [5, 1, 9, 16], "tintindex": 0,"texture": "#0"},
				"east": {"uv": [5, 1, 9, 16], "tintindex": 0,"texture": "#0"},
				"south": {"uv": [5, 1, 9, 16], "tintindex": 0,"texture": "#0"},
				"west": {"uv": [5, 1, 9, 16], "tintindex": 0,"texture": "#0"},
				"up": {"uv": [5, 1, 9, 5], "tintindex": 0,"texture": "#0"},
				"down": {"uv": [5, 1, 9, 5], "tintindex": 0,"texture": "#0"}
			}
		},
		{
			"from": [7.5198, 22.3499, 7.5198],
			"to": [8.4802, 26.9514, 8.4802],
			"rotation": {"angle": 0, "axis": "y", "origin": [8, 24.15065, 8]},
			"faces": {
				"north": {"uv": [5, 1, 9, 16], "tintindex": 0,"texture": "#0"},
				"east": {"uv": [5, 1, 9, 16], "tintindex": 0,"texture": "#0"},
				"south": {"uv": [5, 1, 9, 16], "tintindex": 0,"texture": "#0"},
				"west": {"uv": [5, 1, 9, 16], "tintindex": 0,"texture": "#0"},
				"up": {"uv": [5, 1, 9, 5], "tintindex": 0,"texture": "#0"},
				"down": {"uv": [5, 1, 9, 5], "tintindex": 0,"texture": "#0"}
			}
		},
		{
			"from": [7.66386, 26.56993, 7.66386],
			"to": [8.33614, 31.09098, 8.33614],
			"rotation": {"angle": 45, "axis": "y", "origin": [8, 27.83046, 8]},
			"faces": {
				"north": {"uv": [5, 1, 9, 16], "tintindex": 0,"texture": "#0"},
				"east": {"uv": [5, 1, 9, 16], "tintindex": 0,"texture": "#0"},
				"south": {"uv": [5, 1, 9, 16], "tintindex": 0,"texture": "#0"},
				"west": {"uv": [5, 1, 9, 16], "tintindex": 0,"texture": "#0"},
				"up": {"uv": [5, 1, 9, 5], "tintindex": 0,"texture": "#0"},
				"down": {"uv": [5, 1, 9, 5], "tintindex": 0,"texture": "#0"}
			}
		},
		{
			"from": [7.66386, 26.56993, 7.66386],
			"to": [8.33614, 31.09098, 8.33614],
			"rotation": {"angle": 0, "axis": "y", "origin": [8, 27.83046, 8]},
			"faces": {
				"north": {"uv": [5, 1, 9, 16], "tintindex": 0,"texture": "#0"},
				"east": {"uv": [5, 1, 9, 16], "tintindex": 0,"texture": "#0"},
				"south": {"uv": [5, 1, 9, 16], "tintindex": 0,"texture": "#0"},
				"west": {"uv": [5, 1, 9, 16], "tintindex": 0,"texture": "#0"},
				"up": {"uv": [5, 1, 9, 5], "tintindex": 0,"texture": "#0"},
				"down": {"uv": [5, 1, 9, 5], "tintindex": 0,"texture": "#0"}
			}
		},
		{
			"from": [4, -10, 7.5],
			"to": [6, -8, 8.5],
			"rotation": {"angle": -45, "axis": "z", "origin": [5, -10, 8]},
			"faces": {
				"north": {"uv": [0, 0, 2, 2], "rotation": 270, "tintindex": 0,"texture": "#0"},
				"east": {"uv": [0, 0, 2, 1], "rotation": 90, "tintindex": 0,"texture": "#0"},
				"south": {"uv": [0, 0, 2, 2], "rotation": 90, "tintindex": 0,"texture": "#0"},
				"west": {"uv": [0, 0, 2, 1], "rotation": 90, "tintindex": 0,"texture": "#0"},
				"up": {"uv": [0, 0, 1, 2], "rotation": 90, "tintindex": 0,"texture": "#0"},
				"down": {"uv": [0, 0, 1, 2], "rotation": 90, "tintindex": 0,"texture": "#0"}
			}
		},
		{
			"from": [7.25, -6.75, 7.5],
			"to": [9.25, -4.75, 8.5],
			"rotation": {"angle": -45, "axis": "z", "origin": [5, -10, 8]},
			"faces": {
				"north": {"uv": [0, 0, 2, 2], "rotation": 270, "tintindex": 0,"texture": "#0"},
				"east": {"uv": [0, 0, 2, 1], "rotation": 90, "tintindex": 0,"texture": "#0"},
				"south": {"uv": [0, 0, 2, 2], "rotation": 90, "tintindex": 0,"texture": "#0"},
				"west": {"uv": [0, 0, 2, 1], "rotation": 90, "tintindex": 0,"texture": "#0"},
				"up": {"uv": [0, 0, 1, 2], "rotation": 90, "tintindex": 0,"texture": "#0"},
				"down": {"uv": [0, 0, 1, 2], "rotation": 90, "tintindex": 0,"texture": "#0"}
			}
		},
		{
			"from": [5.25, -4.75, 7.5],
			"to": [7.25, -2.75, 8.5],
			"rotation": {"angle": -45, "axis": "z", "origin": [5, -10, 8]},
			"faces": {
				"north": {"uv": [0, 0, 2, 2], "rotation": 270, "tintindex": 0,"texture": "#0"},
				"east": {"uv": [0, 0, 2, 1], "rotation": 90, "tintindex": 0,"texture": "#0"},
				"south": {"uv": [0, 0, 2, 2], "rotation": 90, "tintindex": 0,"texture": "#0"},
				"west": {"uv": [0, 0, 2, 1], "rotation": 90, "tintindex": 0,"texture": "#0"},
				"up": {"uv": [0, 0, 1, 2], "rotation": 90, "tintindex": 0,"texture": "#0"},
				"down": {"uv": [0, 0, 1, 2], "rotation": 90, "tintindex": 0,"texture": "#0"}
			}
		},
		{
			"from": [2, -8, 7.5],
			"to": [4, -6, 8.5],
			"rotation": {"angle": -45, "axis": "z", "origin": [5, -10, 8]},
			"faces": {
				"north": {"uv": [0, 0, 2, 2], "rotation": 270, "tintindex": 0,"texture": "#0"},
				"east": {"uv": [0, 0, 2, 1], "rotation": 90, "tintindex": 0,"texture": "#0"},
				"south": {"uv": [0, 0, 2, 2], "rotation": 90, "tintindex": 0,"texture": "#0"},
				"west": {"uv": [0, 0, 2, 1], "rotation": 90, "tintindex": 0,"texture": "#0"},
				"up": {"uv": [0, 0, 1, 2], "rotation": 90, "tintindex": 0,"texture": "#0"},
				"down": {"uv": [0, 0, 1, 2], "rotation": 90, "tintindex": 0,"texture": "#0"}
			}
		},
		{
			"from": [3.25, -2.75, 7.5],
			"to": [5.25, -0.75, 8.5],
			"rotation": {"angle": -45, "axis": "z", "origin": [5, -10, 8]},
			"faces": {
				"north": {"uv": [0, 0, 2, 2], "rotation": 270, "tintindex": 0,"texture": "#0"},
				"east": {"uv": [0, 0, 2, 1], "rotation": 90, "tintindex": 0,"texture": "#0"},
				"south": {"uv": [0, 0, 2, 2], "rotation": 90, "tintindex": 0,"texture": "#0"},
				"west": {"uv": [0, 0, 2, 1], "rotation": 90, "tintindex": 0,"texture": "#0"},
				"up": {"uv": [0, 0, 1, 2], "rotation": 90, "tintindex": 0,"texture": "#0"},
				"down": {"uv": [0, 0, 1, 2], "rotation": 90, "tintindex": 0,"texture": "#0"}
			}
		},
		{
			"from": [0, -6, 7.5],
			"to": [2, -4, 8.5],
			"rotation": {"angle": -45, "axis": "z", "origin": [5, -10, 8]},
			"faces": {
				"north": {"uv": [0, 0, 2, 2], "rotation": 270, "tintindex": 0,"texture": "#0"},
				"east": {"uv": [0, 0, 2, 1], "rotation": 90, "tintindex": 0,"texture": "#0"},
				"south": {"uv": [0, 0, 2, 2], "rotation": 90, "tintindex": 0,"texture": "#0"},
				"west": {"uv": [0, 0, 2, 1], "rotation": 90, "tintindex": 0,"texture": "#0"},
				"up": {"uv": [0, 0, 1, 2], "rotation": 90, "tintindex": 0,"texture": "#0"},
				"down": {"uv": [0, 0, 1, 2], "rotation": 90, "tintindex": 0,"texture": "#0"}
			}
		},
		{
			"from": [1.25, -0.75, 7.5],
			"to": [3.25, 1.25, 8.5],
			"rotation": {"angle": -45, "axis": "z", "origin": [5, -10, 8]},
			"faces": {
				"north": {"uv": [0, 0, 2, 2], "rotation": 270, "tintindex": 0,"texture": "#0"},
				"east": {"uv": [0, 0, 2, 1], "rotation": 90, "tintindex": 0,"texture": "#0"},
				"south": {"uv": [0, 0, 2, 2], "rotation": 90, "tintindex": 0,"texture": "#0"},
				"west": {"uv": [0, 0, 2, 1], "rotation": 90, "tintindex": 0,"texture": "#0"},
				"up": {"uv": [0, 0, 1, 2], "rotation": 90, "tintindex": 0,"texture": "#0"},
				"down": {"uv": [0, 0, 1, 2], "rotation": 90, "tintindex": 0,"texture": "#0"}
			}
		},
		{
			"from": [-2, -4, 7.5],
			"to": [0, -2, 8.5],
			"rotation": {"angle": -45, "axis": "z", "origin": [5, -10, 8]},
			"faces": {
				"north": {"uv": [0, 0, 2, 2], "rotation": 270, "tintindex": 0,"texture": "#0"},
				"east": {"uv": [0, 0, 2, 1], "rotation": 90, "tintindex": 0,"texture": "#0"},
				"south": {"uv": [0, 0, 2, 2], "rotation": 90, "tintindex": 0,"texture": "#0"},
				"west": {"uv": [0, 0, 2, 1], "rotation": 90, "tintindex": 0,"texture": "#0"},
				"up": {"uv": [0, 0, 1, 2], "rotation": 90, "tintindex": 0,"texture": "#0"},
				"down": {"uv": [0, 0, 1, 2], "rotation": 90, "tintindex": 0,"texture": "#0"}
			}
		},
		{
			"from": [-2, 1.25, 7.5],
			"to": [0, 3.25, 8.5],
			"rotation": {"angle": -45, "axis": "z", "origin": [5, -10, 8]},
			"faces": {
				"north": {"uv": [0, 0, 2, 2], "rotation": 270, "tintindex": 0,"texture": "#0"},
				"east": {"uv": [0, 0, 2, 1], "rotation": 90, "tintindex": 0,"texture": "#0"},
				"south": {"uv": [0, 0, 2, 2], "rotation": 90, "tintindex": 0,"texture": "#0"},
				"west": {"uv": [0, 0, 2, 1], "rotation": 90, "tintindex": 0,"texture": "#0"},
				"up": {"uv": [0, 0, 1, 2], "rotation": 90, "tintindex": 0,"texture": "#0"},
				"down": {"uv": [0, 0, 1, 2], "rotation": 90, "tintindex": 0,"texture": "#0"}
			}
		},
		{
			"from": [-4, -0.75, 7.5],
			"to": [-2, 1.25, 8.5],
			"rotation": {"angle": -45, "axis": "z", "origin": [5, -10, 8]},
			"faces": {
				"north": {"uv": [0, 0, 2, 2], "rotation": 270, "tintindex": 0,"texture": "#0"},
				"east": {"uv": [0, 0, 2, 1], "rotation": 90, "tintindex": 0,"texture": "#0"},
				"south": {"uv": [0, 0, 2, 2], "rotation": 90, "tintindex": 0,"texture": "#0"},
				"west": {"uv": [0, 0, 2, 1], "rotation": 90, "tintindex": 0,"texture": "#0"},
				"up": {"uv": [0, 0, 1, 2], "rotation": 90, "tintindex": 0,"texture": "#0"},
				"down": {"uv": [0, 0, 1, 2], "rotation": 90, "tintindex": 0,"texture": "#0"}
			}
		},
		{
			"from": [-4, 3.25, 7.5],
			"to": [-2, 5.25, 8.5],
			"rotation": {"angle": -45, "axis": "z", "origin": [5, -10, 8]},
			"faces": {
				"north": {"uv": [0, 0, 2, 2], "rotation": 270, "tintindex": 0,"texture": "#0"},
				"east": {"uv": [0, 0, 2, 1], "rotation": 90, "tintindex": 0,"texture": "#0"},
				"south": {"uv": [0, 0, 2, 2], "rotation": 90, "tintindex": 0,"texture": "#0"},
				"west": {"uv": [0, 0, 2, 1], "rotation": 90, "tintindex": 0,"texture": "#0"},
				"up": {"uv": [0, 0, 1, 2], "rotation": 90, "tintindex": 0,"texture": "#0"},
				"down": {"uv": [0, 0, 1, 2], "rotation": 90, "tintindex": 0,"texture": "#0"}
			}
		},
		{
			"from": [-6, 1.25, 7.5],
			"to": [-4, 3.25, 8.5],
			"rotation": {"angle": -45, "axis": "z", "origin": [5, -10, 8]},
			"faces": {
				"north": {"uv": [0, 0, 2, 2], "rotation": 270, "tintindex": 0,"texture": "#0"},
				"east": {"uv": [0, 0, 2, 1], "rotation": 90, "tintindex": 0,"texture": "#0"},
				"south": {"uv": [0, 0, 2, 2], "rotation": 90, "tintindex": 0,"texture": "#0"},
				"west": {"uv": [0, 0, 2, 1], "rotation": 90, "tintindex": 0,"texture": "#0"},
				"up": {"uv": [0, 0, 1, 2], "rotation": 90, "tintindex": 0,"texture": "#0"},
				"down": {"uv": [0, 0, 1, 2], "rotation": 90, "tintindex": 0,"texture": "#0"}
			}
		},
		{
			"from": [-6, 5.25, 7.5],
			"to": [-4, 7.25, 8.5],
			"rotation": {"angle": -45, "axis": "z", "origin": [5, -10, 8]},
			"faces": {
				"north": {"uv": [0, 0, 2, 2], "rotation": 270, "tintindex": 0,"texture": "#0"},
				"east": {"uv": [0, 0, 2, 1], "rotation": 90, "tintindex": 0,"texture": "#0"},
				"south": {"uv": [0, 0, 2, 2], "rotation": 90, "tintindex": 0,"texture": "#0"},
				"west": {"uv": [0, 0, 2, 1], "rotation": 90, "tintindex": 0,"texture": "#0"},
				"up": {"uv": [0, 0, 1, 2], "rotation": 90, "tintindex": 0,"texture": "#0"},
				"down": {"uv": [0, 0, 1, 2], "rotation": 90, "tintindex": 0,"texture": "#0"}
			}
		},
		{
			"from": [-8, 3.25, 7.5],
			"to": [-6, 5.25, 8.5],
			"rotation": {"angle": -45, "axis": "z", "origin": [5, -10, 8]},
			"faces": {
				"north": {"uv": [0, 0, 2, 2], "rotation": 270, "tintindex": 0,"texture": "#0"},
				"east": {"uv": [0, 0, 2, 1], "rotation": 90, "tintindex": 0,"texture": "#0"},
				"south": {"uv": [0, 0, 2, 2], "rotation": 90, "tintindex": 0,"texture": "#0"},
				"west": {"uv": [0, 0, 2, 1], "rotation": 90, "tintindex": 0,"texture": "#0"},
				"up": {"uv": [0, 0, 1, 2], "rotation": 90, "tintindex": 0,"texture": "#0"},
				"down": {"uv": [0, 0, 1, 2], "rotation": 90, "tintindex": 0,"texture": "#0"}
			}
		},
		{
			"from": [-8.75, 7.25, 7.5],
			"to": [-6.75, 9.25, 8.5],
			"rotation": {"angle": -45, "axis": "z", "origin": [5, -10, 8]},
			"faces": {
				"north": {"uv": [0, 0, 2, 2], "rotation": 270, "tintindex": 0,"texture": "#0"},
				"east": {"uv": [0, 0, 2, 1], "rotation": 90, "tintindex": 0,"texture": "#0"},
				"south": {"uv": [0, 0, 2, 2], "rotation": 90, "tintindex": 0,"texture": "#0"},
				"west": {"uv": [0, 0, 2, 1], "rotation": 90, "tintindex": 0,"texture": "#0"},
				"up": {"uv": [0, 0, 1, 2], "rotation": 90, "tintindex": 0,"texture": "#0"},
				"down": {"uv": [0, 0, 1, 2], "rotation": 90, "tintindex": 0,"texture": "#0"}
			}
		},
		{
			"from": [-10, 6, 7.5],
			"to": [-8, 8, 8.5],
			"rotation": {"angle": -45, "axis": "z", "origin": [5, -10, 8]},
			"faces": {
				"north": {"uv": [0, 0, 2, 2], "rotation": 270, "tintindex": 0,"texture": "#0"},
				"east": {"uv": [0, 0, 2, 1], "rotation": 90, "tintindex": 0,"texture": "#0"},
				"south": {"uv": [0, 0, 2, 2], "rotation": 90, "tintindex": 0,"texture": "#0"},
				"west": {"uv": [0, 0, 2, 1], "rotation": 90, "tintindex": 0,"texture": "#0"},
				"up": {"uv": [0, 0, 1, 2], "rotation": 90, "tintindex": 0,"texture": "#0"},
				"down": {"uv": [0, 0, 1, 2], "rotation": 90, "tintindex": 0,"texture": "#0"}
			}
		},
		{
			"from": [-10.75, 9.25, 7.5],
			"to": [-8.75, 11.25, 8.5],
			"rotation": {"angle": -45, "axis": "z", "origin": [5, -10, 8]},
			"faces": {
				"north": {"uv": [0, 0, 2, 2], "rotation": 270, "tintindex": 0,"texture": "#0"},
				"east": {"uv": [0, 0, 2, 1], "rotation": 90, "tintindex": 0,"texture": "#0"},
				"south": {"uv": [0, 0, 2, 2], "rotation": 90, "tintindex": 0,"texture": "#0"},
				"west": {"uv": [0, 0, 2, 1], "rotation": 90, "tintindex": 0,"texture": "#0"},
				"up": {"uv": [0, 0, 1, 2], "rotation": 90, "tintindex": 0,"texture": "#0"},
				"down": {"uv": [0, 0, 1, 2], "rotation": 90, "tintindex": 0,"texture": "#0"}
			}
		},
		{
			"from": [-12, 8, 7.5],
			"to": [-10, 10, 8.5],
			"rotation": {"angle": -45, "axis": "z", "origin": [5, -10, 8]},
			"faces": {
				"north": {"uv": [0, 0, 2, 2], "rotation": 270, "tintindex": 0,"texture": "#0"},
				"east": {"uv": [0, 0, 2, 1], "rotation": 90, "tintindex": 0,"texture": "#0"},
				"south": {"uv": [0, 0, 2, 2], "rotation": 90, "tintindex": 0,"texture": "#0"},
				"west": {"uv": [0, 0, 2, 1], "rotation": 90, "tintindex": 0,"texture": "#0"},
				"up": {"uv": [0, 0, 1, 2], "rotation": 90, "tintindex": 0,"texture": "#0"},
				"down": {"uv": [0, 0, 1, 2], "rotation": 90, "tintindex": 0,"texture": "#0"}
			}
		},
		{
			"from": [-13, 11.25, 7.5],
			"to": [-11, 13.25, 8.5],
			"rotation": {"angle": -45, "axis": "z", "origin": [5, -10, 8]},
			"faces": {
				"north": {"uv": [0, 0, 2, 2], "rotation": 270, "tintindex": 0,"texture": "#0"},
				"east": {"uv": [0, 0, 2, 1], "rotation": 90, "tintindex": 0,"texture": "#0"},
				"south": {"uv": [0, 0, 2, 2], "rotation": 90, "tintindex": 0,"texture": "#0"},
				"west": {"uv": [0, 0, 2, 1], "rotation": 90, "tintindex": 0,"texture": "#0"},
				"up": {"uv": [0, 0, 1, 2], "rotation": 90, "tintindex": 0,"texture": "#0"},
				"down": {"uv": [0, 0, 1, 2], "rotation": 90, "tintindex": 0,"texture": "#0"}
			}
		},
		{
			"from": [-14, 10.25, 7.5],
			"to": [-12, 12.25, 8.5],
			"rotation": {"angle": -45, "axis": "z", "origin": [5, -10, 8]},
			"faces": {
				"north": {"uv": [0, 0, 2, 2], "rotation": 270, "tintindex": 0,"texture": "#0"},
				"east": {"uv": [0, 0, 2, 1], "rotation": 90, "tintindex": 0,"texture": "#0"},
				"south": {"uv": [0, 0, 2, 2], "rotation": 90, "tintindex": 0,"texture": "#0"},
				"west": {"uv": [0, 0, 2, 1], "rotation": 90, "tintindex": 0,"texture": "#0"},
				"up": {"uv": [0, 0, 1, 2], "rotation": 90, "tintindex": 0,"texture": "#0"},
				"down": {"uv": [0, 0, 1, 2], "rotation": 90, "tintindex": 0,"texture": "#0"}
			}
		},
		{
			"from": [-16, 12.25, 7.5],
			"to": [-14, 14.25, 8.5],
			"rotation": {"angle": -45, "axis": "z", "origin": [5, -10, 8]},
			"faces": {
				"north": {"uv": [0, 0, 2, 2], "rotation": 270, "tintindex": 0,"texture": "#0"},
				"east": {"uv": [0, 0, 2, 1], "rotation": 90, "tintindex": 0,"texture": "#0"},
				"south": {"uv": [0, 0, 2, 2], "rotation": 90, "tintindex": 0,"texture": "#0"},
				"west": {"uv": [0, 0, 2, 1], "rotation": 90, "tintindex": 0,"texture": "#0"},
				"up": {"uv": [0, 0, 1, 2], "rotation": 90, "tintindex": 0,"texture": "#0"},
				"down": {"uv": [0, 0, 1, 2], "rotation": 90, "tintindex": 0,"texture": "#0"}
			}
		},
		{
			"from": [-15, 13.25, 7.5],
			"to": [-13, 15.25, 8.5],
			"rotation": {"angle": -45, "axis": "z", "origin": [5, -10, 8]},
			"faces": {
				"north": {"uv": [0, 0, 2, 2], "rotation": 270, "tintindex": 0,"texture": "#0"},
				"east": {"uv": [0, 0, 2, 1], "rotation": 90, "tintindex": 0,"texture": "#0"},
				"south": {"uv": [0, 0, 2, 2], "rotation": 90, "tintindex": 0,"texture": "#0"},
				"west": {"uv": [0, 0, 2, 1], "rotation": 90, "tintindex": 0,"texture": "#0"},
				"up": {"uv": [0, 0, 1, 2], "rotation": 90, "tintindex": 0,"texture": "#0"},
				"down": {"uv": [0, 0, 1, 2], "rotation": 90, "tintindex": 0,"texture": "#0"}
			}
		}
	],
	"display": {
		"head": {
			"rotation": [-90, 0, 0],
			"translation": [0, -0.75, -79.75],
			"scale": [4, 4, 4]
		}
	}
}