{
	"credit": "Made with Blockbench",
	"textures": {
		"0": "block/black_wool",
		"1": "block/iron_block",
		"particle": "block/black_wool"
	},
	"elements": [
		{
			"from": [7.25, 0, 8],
			"to": [8.75, 3, 11],
			"rotation": {"angle": 0, "axis": "y", "origin": [-16, 0, -16]},
			"faces": {
				"north": {"uv": [0, 0, 0.5, 1], "tintindex": 0,"texture": "#0"},
				"east": {"uv": [0, 0, 1, 1], "tintindex": 0,"texture": "#0"},
				"south": {"uv": [0, 0, 0.5, 1], "tintindex": 0,"texture": "#0"},
				"west": {"uv": [0, 0, 1, 1], "tintindex": 0,"texture": "#0"},
				"up": {"uv": [0, 0, 0.5, 1], "tintindex": 0,"texture": "#0"},
				"down": {"uv": [0, 0, 0.5, 1], "tintindex": 0,"texture": "#0"}
			}
		},
		{
			"from": [7.25, 3.9, 8],
			"to": [8.75, 9.9, 11],
			"rotation": {"angle": 0, "axis": "y", "origin": [-16, 0, -16]},
			"faces": {
				"north": {"uv": [0, 0, 0.5, 2], "tintindex": 0,"texture": "#1"},
				"east": {"uv": [0, 0, 1, 2], "tintindex": 0,"texture": "#1"},
				"south": {"uv": [0, 0, 0.5, 2], "tintindex": 0,"texture": "#1"},
				"west": {"uv": [0, 0, 1, 2], "tintindex": 0,"texture": "#1"},
				"up": {"uv": [0, 0, 0.5, 1], "tintindex": 0,"texture": "#1"},
				"down": {"uv": [0, 0, 0.5, 1], "tintindex": 0,"texture": "#1"}
			}
		},
		{
			"from": [7.25, 9.9, 8.75],
			"to": [8.75, 11.4, 10.25],
			"rotation": {"angle": 0, "axis": "y", "origin": [-16, 0, -16]},
			"faces": {
				"north": {"uv": [0, 0, 0.5, 0.5], "tintindex": 0,"texture": "#1"},
				"east": {"uv": [0, 0, 0.5, 0.5], "tintindex": 0,"texture": "#1"},
				"south": {"uv": [0, 0, 0.5, 0.5], "tintindex": 0,"texture": "#1"},
				"west": {"uv": [0, 0, 0.5, 0.5], "tintindex": 0,"texture": "#1"},
				"up": {"uv": [0, 0, 0.5, 0.5], "tintindex": 0,"texture": "#1"},
				"down": {"uv": [0, 0, 0.5, 0.5], "tintindex": 0,"texture": "#1"}
			}
		},
		{
			"from": [7.25, 3, 7.25],
			"to": [8.75, 3.9, 11.75],
			"rotation": {"angle": 0, "axis": "y", "origin": [-16, 0, -16]},
			"faces": {
				"north": {"uv": [0, 0, 0.5, 0.3], "tintindex": 0,"texture": "#0"},
				"east": {"uv": [0, 0, 1.5, 0.3], "tintindex": 0,"texture": "#0"},
				"south": {"uv": [0, 0, 0.5, 0.3], "tintindex": 0,"texture": "#0"},
				"west": {"uv": [0, 0, 1.5, 0.3], "tintindex": 0,"texture": "#0"},
				"up": {"uv": [0, 0, 0.5, 1.5], "tintindex": 0,"texture": "#0"},
				"down": {"uv": [0, 0, 0.5, 1.5], "tintindex": 0,"texture": "#0"}
			}
		}
	],
	"display": {
		"head": {
			"rotation": [-90, 0, 0],
			"translation": [0, -8.75, -15],
			"scale": [4, 4, 4]
		}
	}
}