{
	"credit": "Made with Blockbench",
	"textures": {
		"0": "block/sand",
		"1": "block/black_wool",
		"2": "block/white_wool",
		"3": "block/white_terracotta",
		"5": "block/pink_concrete",
		"6": "block/brown_concrete",
		"7": "block/acacia_leaves",
		"8": "block/bamboo_stage0",
		"particle": "block/sand"
	},
	"elements": [
		{
			"from": [7.75, 8.75, -0.01],
			"to": [8.25, 9, 2],
			"faces": {
				"north": {"uv": [0, 0, 0.5, 0.25], "texture": "#5"},
				"east": {"uv": [0, 0, 2.01, 0.25], "texture": "#5"},
				"south": {"uv": [0, 0, 0.5, 0.25], "texture": "#5"},
				"west": {"uv": [0, 0, 2.01, 0.25], "texture": "#5"},
				"up": {"uv": [0, 0, 0.5, 2.01], "texture": "#5"},
				"down": {"uv": [0, 0, 0.5, 2.01], "texture": "#5"}
			}
		},
		{
			"from": [7.54784, 8.74048, -0.01],
			"to": [7.79784, 8.99048, 2],
			"rotation": {"angle": -22.5, "axis": "z", "origin": [7.79784, 8.86548, 0.995]},
			"faces": {
				"north": {"uv": [0, 0, 0.25, 0.25], "texture": "#5"},
				"east": {"uv": [0, 0, 2.01, 0.25], "texture": "#5"},
				"south": {"uv": [0, 0, 0.25, 0.25], "texture": "#5"},
				"west": {"uv": [0, 0, 2.01, 0.25], "texture": "#5"},
				"up": {"uv": [0, 0, 0.25, 2.01], "texture": "#5"},
				"down": {"uv": [0, 0, 0.25, 2.01], "texture": "#5"}
			}
		},
		{
			"from": [8.18313, 8.83616, -0.01],
			"to": [8.43313, 9.08616, 2],
			"rotation": {"angle": 22.5, "axis": "z", "origin": [8.43313, 8.96116, 0.995]},
			"faces": {
				"north": {"uv": [0, 0, 0.25, 0.25], "texture": "#5"},
				"east": {"uv": [0, 0, 2.01, 0.25], "texture": "#5"},
				"south": {"uv": [0, 0, 0.25, 0.25], "texture": "#5"},
				"west": {"uv": [0, 0, 2.01, 0.25], "texture": "#5"},
				"up": {"uv": [0, 0, 0.25, 2.01], "texture": "#5"},
				"down": {"uv": [0, 0, 0.25, 2.01], "texture": "#5"}
			}
		},
		{
			"from": [6.5, 8.5, 0],
			"to": [9.5, 9.5, 3],
			"faces": {
				"north": {"uv": [0, 0, 3, 1], "texture": "#3"},
				"east": {"uv": [0, 0, 3, 1], "texture": "#3"},
				"south": {"uv": [0, 0, 3, 1], "texture": "#3"},
				"west": {"uv": [0, 0, 3, 1], "texture": "#3"},
				"up": {"uv": [0, 0, 3, 3], "texture": "#3"},
				"down": {"uv": [0, 0, 3, 3], "texture": "#3"}
			}
		},
		{
			"from": [6.5, 9.5, 0],
			"to": [9.5, 10.5, 3],
			"faces": {
				"north": {"uv": [0, 0, 3, 1], "texture": "#6"},
				"east": {"uv": [0, 0, 3, 1], "texture": "#6"},
				"south": {"uv": [0, 0, 3, 1], "texture": "#6"},
				"west": {"uv": [0, 0, 3, 1], "texture": "#6"},
				"up": {"uv": [0, 0, 3, 3], "texture": "#6"},
				"down": {"uv": [0, 0, 3, 3], "texture": "#6"}
			}
		},
		{
			"from": [6.25, 10, -0.25],
			"to": [9.75, 11.5, 3.25],
			"faces": {
				"north": {"uv": [0, 0, 3.5, 1.5], "texture": "#0"},
				"east": {"uv": [0, 0, 3.5, 1.5], "texture": "#0"},
				"south": {"uv": [0, 0, 3.5, 1.5], "texture": "#0"},
				"west": {"uv": [0, 0, 3.5, 1.5], "texture": "#0"},
				"up": {"uv": [0, 0, 3.5, 3.5], "texture": "#0"},
				"down": {"uv": [0, 0, 3.5, 3.5], "texture": "#0"}
			}
		},
		{
			"from": [6.5, 11, 0],
			"to": [9.5, 12, 3],
			"faces": {
				"north": {"uv": [0, 0, 3, 1], "texture": "#0"},
				"east": {"uv": [0, 0, 3, 1], "texture": "#0"},
				"south": {"uv": [0, 0, 3, 1], "texture": "#0"},
				"west": {"uv": [0, 0, 3, 1], "texture": "#0"},
				"up": {"uv": [0, 0, 3, 3], "texture": "#0"},
				"down": {"uv": [0, 0, 3, 3], "texture": "#0"}
			}
		},
		{
			"from": [6.25, 7, -0.25],
			"to": [6.85, 10, 0.75],
			"faces": {
				"north": {"uv": [0, 0, 0.6, 3], "texture": "#0"},
				"east": {"uv": [0, 0, 1, 3], "texture": "#0"},
				"south": {"uv": [0, 0, 0.6, 3], "texture": "#0"},
				"west": {"uv": [0, 0, 1, 3], "texture": "#0"},
				"up": {"uv": [0, 0, 0.6, 1], "texture": "#0"},
				"down": {"uv": [0, 0, 0.6, 1], "texture": "#0"}
			}
		},
		{
			"from": [5.75, 8.25, 0.75],
			"to": [6.25, 11.25, 2.75],
			"faces": {
				"north": {"uv": [0, 0, 0.5, 3], "texture": "#0"},
				"east": {"uv": [0, 0, 2, 3], "texture": "#0"},
				"south": {"uv": [0, 0, 0.5, 3], "texture": "#0"},
				"west": {"uv": [0, 0, 2, 3], "texture": "#0"},
				"up": {"uv": [0, 0, 0.5, 2], "texture": "#0"},
				"down": {"uv": [0, 0, 0.5, 2], "texture": "#0"}
			}
		},
		{
			"from": [9.75, 8.25, 0.75],
			"to": [10.25, 11.25, 2.75],
			"faces": {
				"north": {"uv": [0, 0, 0.5, 3], "texture": "#0"},
				"east": {"uv": [0, 0, 2, 3], "texture": "#0"},
				"south": {"uv": [0, 0, 0.5, 3], "texture": "#0"},
				"west": {"uv": [0, 0, 2, 3], "texture": "#0"},
				"up": {"uv": [0, 0, 0.5, 2], "texture": "#0"},
				"down": {"uv": [0, 0, 0.5, 2], "texture": "#0"}
			}
		},
		{
			"from": [9.15, 7, -0.25],
			"to": [9.75, 10, 0.75],
			"faces": {
				"north": {"uv": [0, 0, 0.6, 3], "texture": "#0"},
				"east": {"uv": [0, 0, 1, 3], "texture": "#0"},
				"south": {"uv": [0, 0, 0.6, 3], "texture": "#0"},
				"west": {"uv": [0, 0, 1, 3], "texture": "#0"},
				"up": {"uv": [0, 0, 0.6, 1], "texture": "#0"},
				"down": {"uv": [0, 0, 0.6, 1], "texture": "#0"}
			}
		},
		{
			"from": [6, 6, 2.75],
			"to": [10, 11, 3.75],
			"faces": {
				"north": {"uv": [0, 0, 4, 5], "texture": "#0"},
				"east": {"uv": [0, 0, 1, 5], "texture": "#0"},
				"south": {"uv": [0, 0, 4, 5], "texture": "#0"},
				"west": {"uv": [0, 0, 1, 5], "texture": "#0"},
				"up": {"uv": [0, 0, 4, 1], "texture": "#0"},
				"down": {"uv": [0, 0, 4, 1], "texture": "#0"}
			}
		},
		{
			"from": [5.59567, 11.48097, 1.3],
			"to": [7.59567, 11.98097, 3.3],
			"rotation": {"angle": -22.5, "axis": "z", "origin": [7.59567, 11.73097, 2.3]},
			"faces": {
				"north": {"uv": [0, 0, 2, 0.5], "texture": "#1"},
				"east": {"uv": [0, 0, 2, 0.5], "texture": "#1"},
				"south": {"uv": [0, 0, 2, 0.5], "texture": "#1"},
				"west": {"uv": [0, 0, 2, 0.5], "texture": "#1"},
				"up": {"uv": [0, 0, 2, 2], "texture": "#1"},
				"down": {"uv": [0, 0, 2, 2], "texture": "#1"}
			}
		},
		{
			"from": [8.32821, 11.86365, 1.3],
			"to": [10.32821, 12.36365, 3.3],
			"rotation": {"angle": 22.5, "axis": "z", "origin": [9.32821, 12.11365, 2.3]},
			"faces": {
				"north": {"uv": [0, 0, 2, 0.5], "texture": "#1"},
				"east": {"uv": [0, 0, 2, 0.5], "texture": "#1"},
				"south": {"uv": [0, 0, 2, 0.5], "texture": "#1"},
				"west": {"uv": [0, 0, 2, 0.5], "texture": "#1"},
				"up": {"uv": [0, 0, 2, 2], "texture": "#1"},
				"down": {"uv": [0, 0, 2, 2], "texture": "#1"}
			}
		},
		{
			"from": [7.5, 11.25, 2.05],
			"to": [8.5, 12.25, 3.05],
			"rotation": {"angle": 0, "axis": "y", "origin": [0, 0, 0.05]},
			"faces": {
				"north": {"uv": [0, 0, 1, 1], "texture": "#1"},
				"east": {"uv": [0, 0, 1, 1], "texture": "#1"},
				"south": {"uv": [0, 0, 1, 1], "texture": "#1"},
				"west": {"uv": [0, 0, 1, 1], "texture": "#1"},
				"up": {"uv": [0, 0, 1, 1], "texture": "#1"},
				"down": {"uv": [0, 0, 1, 1], "texture": "#1"}
			}
		},
		{
			"from": [8.19755, 11.71777, 1.2],
			"to": [10.39755, 12.41777, 3.4],
			"rotation": {"angle": 22.5, "axis": "z", "origin": [9.19755, 12.16777, 2.4]},
			"faces": {
				"north": {"uv": [0, 0, 11, 3.5], "texture": "#7"},
				"east": {"uv": [0, 0, 11, 3.5], "texture": "#7"},
				"south": {"uv": [0, 0, 11, 3.5], "texture": "#7"},
				"west": {"uv": [0, 0, 11, 3.5], "texture": "#7"},
				"up": {"uv": [0, 0, 0, 0], "texture": "#8"},
				"down": {"uv": [0, 0, 0, 0], "texture": "#8"}
			}
		},
		{
			"from": [5.60245, 11.71777, 1.2],
			"to": [7.80245, 12.41777, 3.4],
			"rotation": {"angle": -22.5, "axis": "z", "origin": [6.80245, 12.16777, 2.4]},
			"faces": {
				"north": {"uv": [0, 0, 11, 3.5], "texture": "#7"},
				"east": {"uv": [0, 0, 11, 3.5], "texture": "#7"},
				"south": {"uv": [0, 0, 11, 3.5], "texture": "#7"},
				"west": {"uv": [0, 0, 11, 3.5], "texture": "#7"},
				"up": {"uv": [0, 0, 0, 0], "texture": "#8"},
				"down": {"uv": [0, 0, 0, 0], "texture": "#8"}
			}
		},
		{
			"from": [7, 8, 1],
			"to": [9, 10, 3],
			"faces": {
				"north": {"uv": [0, 0, 2, 2], "texture": "#3"},
				"east": {"uv": [0, 0, 2, 2], "texture": "#3"},
				"south": {"uv": [0, 0, 2, 2], "texture": "#3"},
				"west": {"uv": [0, 0, 2, 2], "texture": "#3"},
				"up": {"uv": [0, 0, 2, 2], "texture": "#3"},
				"down": {"uv": [0, 0, 2, 2], "texture": "#3"}
			}
		},
		{
			"from": [6.5, 6, 0.5],
			"to": [9.5, 8, 3],
			"faces": {
				"north": {"uv": [0, 0, 3, 2], "texture": "#3"},
				"east": {"uv": [0, 0, 2.5, 2], "texture": "#3"},
				"south": {"uv": [0, 0, 3, 2], "texture": "#3"},
				"west": {"uv": [0, 0, 2.5, 2], "texture": "#3"},
				"up": {"uv": [0, 0, 3, 2.5], "texture": "#3"},
				"down": {"uv": [0, 0, 3, 2.5], "texture": "#3"}
			}
		},
		{
			"from": [6.5, 2.75, 0.25],
			"to": [9.5, 7.25, 3.25],
			"faces": {
				"north": {"uv": [0, 0, 3, 4.5], "texture": "#2"},
				"east": {"uv": [0, 0, 3, 4.5], "texture": "#2"},
				"south": {"uv": [0, 0, 3, 4.5], "texture": "#2"},
				"west": {"uv": [0, 0, 3, 4.5], "texture": "#2"},
				"up": {"uv": [0, 0, 3, 3], "texture": "#2"},
				"down": {"uv": [0, 0, 3, 3], "texture": "#2"}
			}
		},
		{
			"from": [6.1, 3, 0.1],
			"to": [7.3, 7, 3.3],
			"faces": {
				"north": {"uv": [0, 0, 1.2, 4], "texture": "#1"},
				"east": {"uv": [0, 0, 3.2, 4], "texture": "#1"},
				"south": {"uv": [0, 0, 1.2, 4], "texture": "#1"},
				"west": {"uv": [0, 0, 3.2, 4], "texture": "#1"},
				"up": {"uv": [0, 0, 1.2, 3.2], "texture": "#1"},
				"down": {"uv": [0, 0, 1.2, 3.2], "texture": "#1"}
			}
		},
		{
			"from": [8.7, 3, 0.1],
			"to": [9.9, 7, 3.3],
			"faces": {
				"north": {"uv": [0, 0, 1.2, 4], "texture": "#1"},
				"east": {"uv": [0, 0, 3.2, 4], "texture": "#1"},
				"south": {"uv": [0, 0, 1.2, 4], "texture": "#1"},
				"west": {"uv": [0, 0, 3.2, 4], "texture": "#1"},
				"up": {"uv": [0, 0, 1.2, 3.2], "texture": "#1"},
				"down": {"uv": [0, 0, 1.2, 3.2], "texture": "#1"}
			}
		},
		{
			"from": [7.75, 7, 0.05],
			"to": [8.25, 7.5, 1.05],
			"rotation": {"angle": 0, "axis": "y", "origin": [0, 0, 0.05]},
			"faces": {
				"north": {"uv": [0, 0, 0.5, 0.5], "texture": "#1"},
				"east": {"uv": [0, 0, 1, 0.5], "texture": "#1"},
				"south": {"uv": [0, 0, 0.5, 0.5], "texture": "#1"},
				"west": {"uv": [0, 0, 1, 0.5], "texture": "#1"},
				"up": {"uv": [0, 0, 0.5, 1], "texture": "#1"},
				"down": {"uv": [0, 0, 0.5, 1], "texture": "#1"}
			}
		},
		{
			"from": [3.32957, 9.4525, 0.15],
			"to": [4.07957, 9.9525, 1.15],
			"rotation": {"angle": -22.5, "axis": "z", "origin": [-0.25, -1, -7.85]},
			"faces": {
				"north": {"uv": [0, 0, 0.75, 0.5], "texture": "#1"},
				"east": {"uv": [0, 0, 1, 0.5], "texture": "#1"},
				"south": {"uv": [0, 0, 0.75, 0.5], "texture": "#1"},
				"west": {"uv": [0, 0, 1, 0.5], "texture": "#1"},
				"up": {"uv": [0, 0, 0.75, 1], "texture": "#1"},
				"down": {"uv": [0, 0, 0.75, 1], "texture": "#1"}
			}
		},
		{
			"from": [8.16517, 6.68661, 0.05],
			"to": [8.66517, 6.93661, 1.05],
			"rotation": {"angle": -45, "axis": "z", "origin": [8.51517, 6.91161, 0.55]},
			"faces": {
				"north": {"uv": [0, 0, 0.5, 0.25], "texture": "#1"},
				"east": {"uv": [0, 0, 1, 0.25], "texture": "#1"},
				"south": {"uv": [0, 0, 0.5, 0.25], "texture": "#1"},
				"west": {"uv": [0, 0, 1, 0.25], "texture": "#1"},
				"up": {"uv": [0, 0, 0.5, 1], "texture": "#1"},
				"down": {"uv": [0, 0, 0.5, 1], "texture": "#1"}
			}
		},
		{
			"from": [7.45983, 6.76161, 0.05],
			"to": [7.70983, 7.26161, 1.05],
			"rotation": {"angle": -45, "axis": "z", "origin": [7.48483, 6.91161, 0.55]},
			"faces": {
				"north": {"uv": [0, 0, 0.5, 0.25], "rotation": 270, "texture": "#1"},
				"east": {"uv": [0, 0, 0.5, 1], "rotation": 90, "texture": "#1"},
				"south": {"uv": [0, 0, 0.5, 0.25], "rotation": 90, "texture": "#1"},
				"west": {"uv": [0, 0, 0.5, 1], "rotation": 90, "texture": "#1"},
				"up": {"uv": [0, 0, 1, 0.25], "rotation": 90, "texture": "#1"},
				"down": {"uv": [0, 0, 1, 0.25], "rotation": 90, "texture": "#1"}
			}
		},
		{
			"from": [8.12578, 7.12448, 0.15],
			"to": [8.87578, 7.62448, 1.15],
			"rotation": {"angle": 22.5, "axis": "z", "origin": [8.50078, 7.37448, 0.65]},
			"faces": {
				"north": {"uv": [0, 0, 0.75, 0.5], "texture": "#1"},
				"east": {"uv": [0, 0, 1, 0.5], "texture": "#1"},
				"south": {"uv": [0, 0, 0.75, 0.5], "texture": "#1"},
				"west": {"uv": [0, 0, 1, 0.5], "texture": "#1"},
				"up": {"uv": [0, 0, 0.75, 1], "texture": "#1"},
				"down": {"uv": [0, 0, 0.75, 1], "texture": "#1"}
			}
		},
		{
			"from": [7, 6, 0.2],
			"to": [9, 6.2, 2.2],
			"rotation": {"angle": 22.5, "axis": "z", "origin": [8, 6.1, 1.2]},
			"faces": {
				"north": {"uv": [0, 0, 2, 0.2], "texture": "#1"},
				"east": {"uv": [0, 0, 2, 0.2], "texture": "#1"},
				"south": {"uv": [0, 0, 2, 0.2], "texture": "#1"},
				"west": {"uv": [0, 0, 2, 0.2], "texture": "#1"},
				"up": {"uv": [0, 0, 2, 2], "texture": "#1"},
				"down": {"uv": [0, 0, 2, 2], "texture": "#1"}
			}
		},
		{
			"from": [7, 6, 0.2],
			"to": [9, 6.2, 2.2],
			"rotation": {"angle": -22.5, "axis": "z", "origin": [8, 6.1, 1.2]},
			"faces": {
				"north": {"uv": [0, 0, 2, 0.2], "texture": "#1"},
				"east": {"uv": [0, 0, 2, 0.2], "texture": "#1"},
				"south": {"uv": [0, 0, 2, 0.2], "texture": "#1"},
				"west": {"uv": [0, 0, 2, 0.2], "texture": "#1"},
				"up": {"uv": [0, 0, 2, 2], "texture": "#1"},
				"down": {"uv": [0, 0, 2, 2], "texture": "#1"}
			}
		},
		{
			"from": [7, 5.25, 0.2],
			"to": [9, 5.45, 2.2],
			"rotation": {"angle": 22.5, "axis": "z", "origin": [8, 5.35, 1.2]},
			"faces": {
				"north": {"uv": [0, 0, 2, 0.2], "texture": "#1"},
				"east": {"uv": [0, 0, 2, 0.2], "texture": "#1"},
				"south": {"uv": [0, 0, 2, 0.2], "texture": "#1"},
				"west": {"uv": [0, 0, 2, 0.2], "texture": "#1"},
				"up": {"uv": [0, 0, 2, 2], "texture": "#1"},
				"down": {"uv": [0, 0, 2, 2], "texture": "#1"}
			}
		},
		{
			"from": [7, 5.25, 0.2],
			"to": [9, 5.45, 2.2],
			"rotation": {"angle": -22.5, "axis": "z", "origin": [8, 5.35, 1.2]},
			"faces": {
				"north": {"uv": [0, 0, 2, 0.2], "texture": "#1"},
				"east": {"uv": [0, 0, 2, 0.2], "texture": "#1"},
				"south": {"uv": [0, 0, 2, 0.2], "texture": "#1"},
				"west": {"uv": [0, 0, 2, 0.2], "texture": "#1"},
				"up": {"uv": [0, 0, 2, 2], "texture": "#1"},
				"down": {"uv": [0, 0, 2, 2], "texture": "#1"}
			}
		},
		{
			"from": [7, 4.5, 0.2],
			"to": [9, 4.7, 2.2],
			"rotation": {"angle": 22.5, "axis": "z", "origin": [8, 4.6, 1.2]},
			"faces": {
				"north": {"uv": [0, 0, 2, 0.2], "texture": "#1"},
				"east": {"uv": [0, 0, 2, 0.2], "texture": "#1"},
				"south": {"uv": [0, 0, 2, 0.2], "texture": "#1"},
				"west": {"uv": [0, 0, 2, 0.2], "texture": "#1"},
				"up": {"uv": [0, 0, 2, 2], "texture": "#1"},
				"down": {"uv": [0, 0, 2, 2], "texture": "#1"}
			}
		},
		{
			"from": [7, 4.5, 0.2],
			"to": [9, 4.7, 2.2],
			"rotation": {"angle": -22.5, "axis": "z", "origin": [8, 4.6, 1.2]},
			"faces": {
				"north": {"uv": [0, 0, 2, 0.2], "texture": "#1"},
				"east": {"uv": [0, 0, 2, 0.2], "texture": "#1"},
				"south": {"uv": [0, 0, 2, 0.2], "texture": "#1"},
				"west": {"uv": [0, 0, 2, 0.2], "texture": "#1"},
				"up": {"uv": [0, 0, 2, 2], "texture": "#1"},
				"down": {"uv": [0, 0, 2, 2], "texture": "#1"}
			}
		},
		{
			"from": [7, 3.75, 0.2],
			"to": [9, 3.95, 2.2],
			"rotation": {"angle": 22.5, "axis": "z", "origin": [8, 3.85, 1.2]},
			"faces": {
				"north": {"uv": [0, 0, 2, 0.2], "texture": "#1"},
				"east": {"uv": [0, 0, 2, 0.2], "texture": "#1"},
				"south": {"uv": [0, 0, 2, 0.2], "texture": "#1"},
				"west": {"uv": [0, 0, 2, 0.2], "texture": "#1"},
				"up": {"uv": [0, 0, 2, 2], "texture": "#1"},
				"down": {"uv": [0, 0, 2, 2], "texture": "#1"}
			}
		},
		{
			"from": [7, 3.75, 0.2],
			"to": [9, 3.95, 2.2],
			"rotation": {"angle": -22.5, "axis": "z", "origin": [8, 3.85, 1.2]},
			"faces": {
				"north": {"uv": [0, 0, 2, 0.2], "texture": "#1"},
				"east": {"uv": [0, 0, 2, 0.2], "texture": "#1"},
				"south": {"uv": [0, 0, 2, 0.2], "texture": "#1"},
				"west": {"uv": [0, 0, 2, 0.2], "texture": "#1"},
				"up": {"uv": [0, 0, 2, 2], "texture": "#1"},
				"down": {"uv": [0, 0, 2, 2], "texture": "#1"}
			}
		},
		{
			"from": [4.53934, -0.76777, 0.1],
			"to": [5.53934, 3.23223, 3.1],
			"rotation": {"angle": -45, "axis": "z", "origin": [5.03934, 1.23223, 1.1]},
			"faces": {
				"north": {"uv": [0, 0, 1, 4], "texture": "#1"},
				"east": {"uv": [0, 0, 3, 4], "texture": "#1"},
				"south": {"uv": [0, 0, 1, 4], "texture": "#1"},
				"west": {"uv": [0, 0, 3, 4], "texture": "#1"},
				"up": {"uv": [0, 0, 1, 3], "texture": "#1"},
				"down": {"uv": [0, 0, 1, 3], "texture": "#1"}
			}
		},
		{
			"from": [5.67926, -2.86522, 0.1],
			"to": [6.67926, 3.13478, 3.1],
			"rotation": {"angle": -22.5, "axis": "z", "origin": [6.17926, 2.13478, 1.6]},
			"faces": {
				"north": {"uv": [0, 0, 1, 6], "texture": "#1"},
				"east": {"uv": [0, 0, 3, 6], "texture": "#1"},
				"south": {"uv": [0, 0, 1, 6], "texture": "#1"},
				"west": {"uv": [0, 0, 3, 6], "texture": "#1"},
				"up": {"uv": [0, 0, 1, 3], "texture": "#1"},
				"down": {"uv": [0, 0, 1, 3], "texture": "#1"}
			}
		},
		{
			"from": [10.08611, -2.71298, 0.1],
			"to": [11.08611, 3.28702, 3.1],
			"rotation": {"angle": 22.5, "axis": "z", "origin": [10.58611, 0.28702, 1.6]},
			"faces": {
				"north": {"uv": [0, 0, 1, 6], "texture": "#1"},
				"east": {"uv": [0, 0, 3, 6], "texture": "#1"},
				"south": {"uv": [0, 0, 1, 6], "texture": "#1"},
				"west": {"uv": [0, 0, 3, 6], "texture": "#1"},
				"up": {"uv": [0, 0, 1, 3], "texture": "#1"},
				"down": {"uv": [0, 0, 1, 3], "texture": "#1"}
			}
		},
		{
			"from": [10.46066, -0.76777, 0.1],
			"to": [11.46066, 3.23223, 3.1],
			"rotation": {"angle": 45, "axis": "z", "origin": [10.96066, 1.23223, 1.6]},
			"faces": {
				"north": {"uv": [0, 0, 1, 4], "texture": "#1"},
				"east": {"uv": [0, 0, 3, 4], "texture": "#1"},
				"south": {"uv": [0, 0, 1, 4], "texture": "#1"},
				"west": {"uv": [0, 0, 3, 4], "texture": "#1"},
				"up": {"uv": [0, 0, 1, 3], "texture": "#1"},
				"down": {"uv": [0, 0, 1, 3], "texture": "#1"}
			}
		},
		{
			"from": [6.5, -0.76777, 4.21066],
			"to": [9.5, 3.23223, 5.21066],
			"rotation": {"angle": -45, "axis": "x", "origin": [7.5, 1.23223, 4.71066]},
			"faces": {
				"north": {"uv": [0, 0, 3, 4], "texture": "#1"},
				"east": {"uv": [0, 0, 1, 4], "texture": "#1"},
				"south": {"uv": [0, 0, 3, 4], "texture": "#1"},
				"west": {"uv": [0, 0, 1, 4], "texture": "#1"},
				"up": {"uv": [0, 0, 1, 3], "rotation": 270, "texture": "#1"},
				"down": {"uv": [0, 0, 1, 3], "rotation": 90, "texture": "#1"}
			}
		},
		{
			"from": [4.53934, -2.51777, 0.1],
			"to": [5.53934, 1.48223, 3.1],
			"rotation": {"angle": -45, "axis": "z", "origin": [5.03934, -0.51777, 1.1]},
			"faces": {
				"north": {"uv": [0, 0, 1, 4], "texture": "#1"},
				"east": {"uv": [0, 0, 3, 4], "texture": "#1"},
				"south": {"uv": [0, 0, 1, 4], "texture": "#1"},
				"west": {"uv": [0, 0, 3, 4], "texture": "#1"},
				"up": {"uv": [0, 0, 1, 3], "texture": "#1"},
				"down": {"uv": [0, 0, 1, 3], "texture": "#1"}
			}
		},
		{
			"from": [10.46066, -2.51777, 0.1],
			"to": [11.46066, 1.48223, 3.1],
			"rotation": {"angle": 45, "axis": "z", "origin": [10.96066, -0.51777, 1.6]},
			"faces": {
				"north": {"uv": [0, 0, 1, 4], "texture": "#1"},
				"east": {"uv": [0, 0, 3, 4], "texture": "#1"},
				"south": {"uv": [0, 0, 1, 4], "texture": "#1"},
				"west": {"uv": [0, 0, 3, 4], "texture": "#1"},
				"up": {"uv": [0, 0, 1, 3], "texture": "#1"},
				"down": {"uv": [0, 0, 1, 3], "texture": "#1"}
			}
		},
		{
			"from": [6.5, -2.51777, 4.21066],
			"to": [9.5, 1.48223, 5.21066],
			"rotation": {"angle": -45, "axis": "x", "origin": [7.5, -0.51777, 4.71066]},
			"faces": {
				"north": {"uv": [0, 0, 3, 4], "texture": "#1"},
				"east": {"uv": [0, 0, 1, 4], "texture": "#1"},
				"south": {"uv": [0, 0, 3, 4], "texture": "#1"},
				"west": {"uv": [0, 0, 1, 4], "texture": "#1"},
				"up": {"uv": [0, 0, 1, 3], "rotation": 270, "texture": "#1"},
				"down": {"uv": [0, 0, 1, 3], "rotation": 90, "texture": "#1"}
			}
		},
		{
			"from": [6.5, -2.71298, 3.83611],
			"to": [9.5, 3.28702, 4.83611],
			"rotation": {"angle": -22.5, "axis": "x", "origin": [8, 0.28702, 4.33611]},
			"faces": {
				"north": {"uv": [0, 0, 3, 6], "texture": "#1"},
				"east": {"uv": [0, 0, 1, 6], "texture": "#1"},
				"south": {"uv": [0, 0, 3, 6], "texture": "#1"},
				"west": {"uv": [0, 0, 1, 6], "texture": "#1"},
				"up": {"uv": [0, 0, 1, 3], "rotation": 270, "texture": "#1"},
				"down": {"uv": [0, 0, 1, 3], "rotation": 90, "texture": "#1"}
			}
		},
		{
			"from": [6.1, 0.73223, -2.96066],
			"to": [7.3, 1.73223, 1.03934],
			"rotation": {"angle": -45, "axis": "x", "origin": [7.6, 1.23223, -0.96066]},
			"faces": {
				"north": {"uv": [0, 0, 1, 1.2], "rotation": 90, "texture": "#1"},
				"east": {"uv": [0, 0, 1, 4], "rotation": 90, "texture": "#1"},
				"south": {"uv": [0, 0, 1, 1.2], "rotation": 90, "texture": "#1"},
				"west": {"uv": [0, 0, 1, 4], "rotation": 270, "texture": "#1"},
				"up": {"uv": [0, 0, 1.2, 4], "texture": "#1"},
				"down": {"uv": [0, 0, 1.2, 4], "rotation": 180, "texture": "#1"}
			}
		},
		{
			"from": [8.7, 0.73223, -2.96066],
			"to": [9.9, 1.73223, 1.03934],
			"rotation": {"angle": -45, "axis": "x", "origin": [8.2, 1.23223, -0.96066]},
			"faces": {
				"north": {"uv": [0, 0, 1, 1.2], "rotation": 90, "texture": "#1"},
				"east": {"uv": [0, 0, 1, 4], "rotation": 90, "texture": "#1"},
				"south": {"uv": [0, 0, 1, 1.2], "rotation": 90, "texture": "#1"},
				"west": {"uv": [0, 0, 1, 4], "rotation": 270, "texture": "#1"},
				"up": {"uv": [0, 0, 1.2, 4], "texture": "#1"},
				"down": {"uv": [0, 0, 1.2, 4], "rotation": 180, "texture": "#1"}
			}
		},
		{
			"from": [6.1, -2.71298, -1.08611],
			"to": [7.3, 3.28702, -0.08611],
			"rotation": {"angle": 22.5, "axis": "x", "origin": [8, 0.28702, -0.58611]},
			"faces": {
				"north": {"uv": [0, 0, 1.2, 6], "rotation": 180, "texture": "#1"},
				"east": {"uv": [0, 0, 1, 6], "rotation": 180, "texture": "#1"},
				"south": {"uv": [0, 0, 1.2, 6], "rotation": 180, "texture": "#1"},
				"west": {"uv": [0, 0, 1, 6], "rotation": 180, "texture": "#1"},
				"up": {"uv": [0, 0, 1, 1.2], "rotation": 90, "texture": "#1"},
				"down": {"uv": [0, 0, 1, 1.2], "rotation": 270, "texture": "#1"}
			}
		},
		{
			"from": [8.7, -2.71298, -1.08611],
			"to": [9.9, 3.28702, -0.08611],
			"rotation": {"angle": 22.5, "axis": "x", "origin": [8, 0.28702, -0.58611]},
			"faces": {
				"north": {"uv": [0, 0, 1.2, 6], "rotation": 180, "texture": "#1"},
				"east": {"uv": [0, 0, 1, 6], "rotation": 180, "texture": "#1"},
				"south": {"uv": [0, 0, 1.2, 6], "rotation": 180, "texture": "#1"},
				"west": {"uv": [0, 0, 1, 6], "rotation": 180, "texture": "#1"},
				"up": {"uv": [0, 0, 1, 1.2], "rotation": 90, "texture": "#1"},
				"down": {"uv": [0, 0, 1, 1.2], "rotation": 270, "texture": "#1"}
			}
		},
		{
			"from": [7, 3, 1.65],
			"to": [9, 8, 3.65],
			"faces": {
				"north": {"uv": [0, 0, 2, 5], "texture": "#1"},
				"east": {"uv": [0, 0, 2, 5], "texture": "#1"},
				"south": {"uv": [0, 0, 2, 5], "texture": "#1"},
				"west": {"uv": [0, 0, 2, 5], "texture": "#1"},
				"up": {"uv": [0, 0, 2, 2], "texture": "#1"},
				"down": {"uv": [0, 0, 2, 2], "texture": "#1"}
			}
		},
		{
			"from": [6.5, 0.75, 0],
			"to": [9.5, 2.75, 3],
			"faces": {
				"north": {"uv": [0, 0, 3, 2], "texture": "#2"},
				"east": {"uv": [0, 0, 3, 2], "texture": "#2"},
				"south": {"uv": [0, 0, 3, 2], "texture": "#2"},
				"west": {"uv": [0, 0, 3, 2], "texture": "#2"},
				"up": {"uv": [0, 0, 3, 3], "texture": "#2"},
				"down": {"uv": [0, 0, 3, 3], "texture": "#2"}
			}
		},
		{
			"from": [6.5, 0.75, 0],
			"to": [9.5, 2.75, 3],
			"rotation": {"angle": 45, "axis": "y", "origin": [8, 1.75, 1.5]},
			"faces": {
				"north": {"uv": [0, 0, 3, 2], "texture": "#2"},
				"east": {"uv": [0, 0, 3, 2], "texture": "#2"},
				"south": {"uv": [0, 0, 3, 2], "texture": "#2"},
				"west": {"uv": [0, 0, 3, 2], "texture": "#2"},
				"up": {"uv": [0, 0, 3, 3], "texture": "#2"},
				"down": {"uv": [0, 0, 3, 3], "texture": "#2"}
			}
		},
		{
			"from": [6, -1.25, -0.5],
			"to": [10, 0.75, 3.5],
			"faces": {
				"north": {"uv": [0, 0, 4, 2], "texture": "#2"},
				"east": {"uv": [0, 0, 4, 2], "texture": "#2"},
				"south": {"uv": [0, 0, 4, 2], "texture": "#2"},
				"west": {"uv": [0, 0, 4, 2], "texture": "#2"},
				"up": {"uv": [0, 0, 4, 4], "texture": "#2"},
				"down": {"uv": [0, 0, 4, 4], "texture": "#2"}
			}
		},
		{
			"from": [5.5, -2.75, -1],
			"to": [10.5, -1.25, 4],
			"faces": {
				"north": {"uv": [0, 0, 5, 1.5], "texture": "#2"},
				"east": {"uv": [0, 0, 5, 1.5], "texture": "#2"},
				"south": {"uv": [0, 0, 5, 1.5], "texture": "#2"},
				"west": {"uv": [0, 0, 5, 1.5], "texture": "#2"},
				"up": {"uv": [0, 0, 5, 5], "texture": "#2"},
				"down": {"uv": [0, 0, 5, 5], "texture": "#2"}
			}
		},
		{
			"from": [5.5, -2.65, -1],
			"to": [10.5, -1.15, 4],
			"rotation": {"angle": 45, "axis": "y", "origin": [8, -2, 1.5]},
			"faces": {
				"north": {"uv": [0, 0, 5, 1.5], "texture": "#2"},
				"east": {"uv": [0, 0, 5, 1.5], "texture": "#2"},
				"south": {"uv": [0, 0, 5, 1.5], "texture": "#2"},
				"west": {"uv": [0, 0, 5, 1.5], "texture": "#2"},
				"up": {"uv": [0, 0, 5, 5], "texture": "#2"},
				"down": {"uv": [0, 0, 5, 5], "texture": "#2"}
			}
		},
		{
			"from": [6, -1.15, -0.5],
			"to": [10, 0.85, 3.5],
			"rotation": {"angle": 45, "axis": "y", "origin": [8, -0.25, 1.5]},
			"faces": {
				"north": {"uv": [0, 0, 4, 2], "texture": "#2"},
				"east": {"uv": [0, 0, 4, 2], "texture": "#2"},
				"south": {"uv": [0, 0, 4, 2], "texture": "#2"},
				"west": {"uv": [0, 0, 4, 2], "texture": "#2"},
				"up": {"uv": [0, 0, 4, 4], "texture": "#2"},
				"down": {"uv": [0, 0, 4, 4], "texture": "#2"}
			}
		},
		{
			"from": [9, -3, -1.25],
			"to": [11, 1, 0.75],
			"faces": {
				"north": {"uv": [0, 0, 2, 4], "texture": "#1"},
				"east": {"uv": [0, 0, 2, 4], "texture": "#1"},
				"south": {"uv": [0, 0, 2, 4], "texture": "#1"},
				"west": {"uv": [0, 0, 2, 4], "texture": "#1"},
				"up": {"uv": [0, 0, 2, 2], "texture": "#1"},
				"down": {"uv": [0, 0, 2, 2], "texture": "#1"}
			}
		},
		{
			"from": [5, -3, -1.25],
			"to": [7, 1, 0.75],
			"faces": {
				"north": {"uv": [0, 0, 2, 4], "texture": "#1"},
				"east": {"uv": [0, 0, 2, 4], "texture": "#1"},
				"south": {"uv": [0, 0, 2, 4], "texture": "#1"},
				"west": {"uv": [0, 0, 2, 4], "texture": "#1"},
				"up": {"uv": [0, 0, 2, 2], "texture": "#1"},
				"down": {"uv": [0, 0, 2, 2], "texture": "#1"}
			}
		},
		{
			"from": [5, -3, 2.75],
			"to": [7, 1, 4.75],
			"faces": {
				"north": {"uv": [0, 0, 2, 4], "texture": "#1"},
				"east": {"uv": [0, 0, 2, 4], "texture": "#1"},
				"south": {"uv": [0, 0, 2, 4], "texture": "#1"},
				"west": {"uv": [0, 0, 2, 4], "texture": "#1"},
				"up": {"uv": [0, 0, 2, 2], "texture": "#1"},
				"down": {"uv": [0, 0, 2, 2], "texture": "#1"}
			}
		},
		{
			"from": [9, -3, 2.75],
			"to": [11, 1, 4.75],
			"faces": {
				"north": {"uv": [0, 0, 2, 4], "texture": "#1"},
				"east": {"uv": [0, 0, 2, 4], "texture": "#1"},
				"south": {"uv": [0, 0, 2, 4], "texture": "#1"},
				"west": {"uv": [0, 0, 2, 4], "texture": "#1"},
				"up": {"uv": [0, 0, 2, 2], "texture": "#1"},
				"down": {"uv": [0, 0, 2, 2], "texture": "#1"}
			}
		},
		{
			"from": [9, 1, 2.75],
			"to": [10, 2, 3.75],
			"faces": {
				"north": {"uv": [0, 0, 1, 1], "texture": "#1"},
				"east": {"uv": [0, 0, 1, 1], "texture": "#1"},
				"south": {"uv": [0, 0, 1, 1], "texture": "#1"},
				"west": {"uv": [0, 0, 1, 1], "texture": "#1"},
				"up": {"uv": [0, 0, 1, 1], "texture": "#1"},
				"down": {"uv": [0, 0, 1, 1], "texture": "#1"}
			}
		},
		{
			"from": [6, 1, 2.75],
			"to": [7, 2, 3.75],
			"faces": {
				"north": {"uv": [0, 0, 1, 1], "texture": "#1"},
				"east": {"uv": [0, 0, 1, 1], "texture": "#1"},
				"south": {"uv": [0, 0, 1, 1], "texture": "#1"},
				"west": {"uv": [0, 0, 1, 1], "texture": "#1"},
				"up": {"uv": [0, 0, 1, 1], "texture": "#1"},
				"down": {"uv": [0, 0, 1, 1], "texture": "#1"}
			}
		},
		{
			"from": [8.4, -4.25, 0.7],
			"to": [9.6, -3.25, 2.7],
			"rotation": {"angle": -22.5, "axis": "x", "origin": [8, -3.75, 1.5]},
			"faces": {
				"north": {"uv": [0, 0, 1.2, 1], "texture": "#1"},
				"east": {"uv": [0, 0, 2, 1], "texture": "#1"},
				"south": {"uv": [0, 0, 1.2, 1], "texture": "#1"},
				"west": {"uv": [0, 0, 2, 1], "texture": "#1"},
				"up": {"uv": [0, 0, 1.2, 2], "texture": "#1"},
				"down": {"uv": [0, 0, 1.2, 2], "texture": "#1"}
			}
		},
		{
			"from": [6.4, -4.25, 0.7],
			"to": [7.6, -3.25, 2.7],
			"rotation": {"angle": -22.5, "axis": "x", "origin": [8, -3.75, 1.5]},
			"faces": {
				"north": {"uv": [0, 0, 1.2, 1], "texture": "#1"},
				"east": {"uv": [0, 0, 2, 1], "texture": "#1"},
				"south": {"uv": [0, 0, 1.2, 1], "texture": "#1"},
				"west": {"uv": [0, 0, 2, 1], "texture": "#1"},
				"up": {"uv": [0, 0, 1.2, 2], "texture": "#1"},
				"down": {"uv": [0, 0, 1.2, 2], "texture": "#1"}
			}
		},
		{
			"from": [6.5, -3.25, 1.5],
			"to": [7.5, -1.25, 2.5],
			"faces": {
				"north": {"uv": [0, 0, 1, 2], "texture": "#2"},
				"east": {"uv": [0, 0, 1, 2], "texture": "#2"},
				"south": {"uv": [0, 0, 1, 2], "texture": "#2"},
				"west": {"uv": [0, 0, 1, 2], "texture": "#2"},
				"up": {"uv": [0, 0, 1, 1], "texture": "#2"},
				"down": {"uv": [0, 0, 1, 1], "texture": "#2"}
			}
		},
		{
			"from": [8.5, -3.25, 1.5],
			"to": [9.5, -1.25, 2.5],
			"faces": {
				"north": {"uv": [0, 0, 1, 2], "texture": "#2"},
				"east": {"uv": [0, 0, 1, 2], "texture": "#2"},
				"south": {"uv": [0, 0, 1, 2], "texture": "#2"},
				"west": {"uv": [0, 0, 1, 2], "texture": "#2"},
				"up": {"uv": [0, 0, 1, 1], "texture": "#2"},
				"down": {"uv": [0, 0, 1, 1], "texture": "#2"}
			}
		},
		{
			"from": [3.00838, 4.23746, 0.25],
			"to": [5.00838, 9.23746, 3.25],
			"rotation": {"angle": -22.5, "axis": "z", "origin": [1.00838, 2.23746, 1.5]},
			"faces": {
				"north": {"uv": [0, 0, 2, 5], "texture": "#2"},
				"east": {"uv": [0, 0, 3, 5], "texture": "#2"},
				"south": {"uv": [0, 0, 2, 5], "texture": "#2"},
				"west": {"uv": [0, 0, 3, 5], "texture": "#2"},
				"up": {"uv": [0, 0, 2, 3], "texture": "#2"},
				"down": {"uv": [0, 0, 2, 3], "texture": "#2"}
			}
		},
		{
			"from": [9.68925, 2.78492, 0.25],
			"to": [11.68925, 7.78492, 3.25],
			"rotation": {"angle": 22.5, "axis": "z", "origin": [10.68925, 4.78492, 1.5]},
			"faces": {
				"north": {"uv": [0, 0, 2, 5], "texture": "#2"},
				"east": {"uv": [0, 0, 3, 5], "texture": "#2"},
				"south": {"uv": [0, 0, 2, 5], "texture": "#2"},
				"west": {"uv": [0, 0, 3, 5], "texture": "#2"},
				"up": {"uv": [0, 0, 2, 3], "texture": "#2"},
				"down": {"uv": [0, 0, 2, 3], "texture": "#2"}
			}
		},
		{
			"from": [4, 2, 1.25],
			"to": [5, 3, 2.25],
			"faces": {
				"north": {"uv": [0, 0, 1, 1], "texture": "#3"},
				"east": {"uv": [0, 0, 1, 1], "texture": "#3"},
				"south": {"uv": [0, 0, 1, 1], "texture": "#3"},
				"west": {"uv": [0, 0, 1, 1], "texture": "#3"},
				"up": {"uv": [0, 0, 1, 1], "texture": "#3"},
				"down": {"uv": [0, 0, 1, 1], "texture": "#3"}
			}
		},
		{
			"from": [11, 2, 1.25],
			"to": [12, 3, 2.25],
			"faces": {
				"north": {"uv": [0, 0, 1, 1], "texture": "#3"},
				"east": {"uv": [0, 0, 1, 1], "texture": "#3"},
				"south": {"uv": [0, 0, 1, 1], "texture": "#3"},
				"west": {"uv": [0, 0, 1, 1], "texture": "#3"},
				"up": {"uv": [0, 0, 1, 1], "texture": "#3"},
				"down": {"uv": [0, 0, 1, 1], "texture": "#3"}
			}
		},
		{
			"from": [3.39951, 4.70651, 0.15],
			"to": [5.59951, 4.90651, 3.35],
			"rotation": {"angle": -22.5, "axis": "z", "origin": [4.59951, 2.80651, 1.85]},
			"faces": {
				"north": {"uv": [0, 0, 2.2, 0.2], "texture": "#1"},
				"east": {"uv": [0, 0, 3.2, 0.2], "texture": "#1"},
				"south": {"uv": [0, 0, 2.2, 0.2], "texture": "#1"},
				"west": {"uv": [0, 0, 3.2, 0.2], "texture": "#1"},
				"up": {"uv": [0, 0, 2.2, 3.2], "texture": "#1"},
				"down": {"uv": [0, 0, 2.2, 3.2], "texture": "#1"}
			}
		},
		{
			"from": [3.39951, 2.70651, 0.15],
			"to": [5.59951, 2.90651, 3.35],
			"rotation": {"angle": -22.5, "axis": "z", "origin": [4.59951, 2.80651, 1.85]},
			"faces": {
				"north": {"uv": [0, 0, 2.2, 0.2], "texture": "#1"},
				"east": {"uv": [0, 0, 3.2, 0.2], "texture": "#1"},
				"south": {"uv": [0, 0, 2.2, 0.2], "texture": "#1"},
				"west": {"uv": [0, 0, 3.2, 0.2], "texture": "#1"},
				"up": {"uv": [0, 0, 2.2, 3.2], "texture": "#1"},
				"down": {"uv": [0, 0, 2.2, 3.2], "texture": "#1"}
			}
		},
		{
			"from": [10.40049, 4.70651, 0.15],
			"to": [12.60049, 4.90651, 3.35],
			"rotation": {"angle": 22.5, "axis": "z", "origin": [11.40049, 2.80651, 1.85]},
			"faces": {
				"north": {"uv": [0, 0, 2.2, 0.2], "texture": "#1"},
				"east": {"uv": [0, 0, 3.2, 0.2], "texture": "#1"},
				"south": {"uv": [0, 0, 2.2, 0.2], "texture": "#1"},
				"west": {"uv": [0, 0, 3.2, 0.2], "texture": "#1"},
				"up": {"uv": [0, 0, 2.2, 3.2], "texture": "#1"},
				"down": {"uv": [0, 0, 2.2, 3.2], "texture": "#1"}
			}
		},
		{
			"from": [10.40049, 2.70651, 0.15],
			"to": [12.60049, 2.90651, 3.35],
			"rotation": {"angle": 22.5, "axis": "z", "origin": [11.40049, 2.80651, 1.85]},
			"faces": {
				"north": {"uv": [0, 0, 2.2, 0.2], "texture": "#1"},
				"east": {"uv": [0, 0, 3.2, 0.2], "texture": "#1"},
				"south": {"uv": [0, 0, 2.2, 0.2], "texture": "#1"},
				"west": {"uv": [0, 0, 3.2, 0.2], "texture": "#1"},
				"up": {"uv": [0, 0, 2.2, 3.2], "texture": "#1"},
				"down": {"uv": [0, 0, 2.2, 3.2], "texture": "#1"}
			}
		},
		{
			"from": [5.5, 6.75, 0.1],
			"to": [7, 8.25, 3.3],
			"faces": {
				"north": {"uv": [0, 0, 1.5, 1.5], "texture": "#1"},
				"east": {"uv": [0, 0, 3.2, 1.5], "texture": "#1"},
				"south": {"uv": [0, 0, 1.5, 1.5], "texture": "#1"},
				"west": {"uv": [0, 0, 3.2, 1.5], "texture": "#1"},
				"up": {"uv": [0, 0, 1.5, 3.2], "texture": "#1"},
				"down": {"uv": [0, 0, 1.5, 3.2], "texture": "#1"}
			}
		},
		{
			"from": [9, 6.75, 0.1],
			"to": [10.5, 8.25, 3.3],
			"faces": {
				"north": {"uv": [0, 0, 1.5, 1.5], "texture": "#1"},
				"east": {"uv": [0, 0, 3.2, 1.5], "texture": "#1"},
				"south": {"uv": [0, 0, 1.5, 1.5], "texture": "#1"},
				"west": {"uv": [0, 0, 3.2, 1.5], "texture": "#1"},
				"up": {"uv": [0, 0, 1.5, 3.2], "texture": "#1"},
				"down": {"uv": [0, 0, 1.5, 3.2], "texture": "#1"}
			}
		}
	],
	"display": {
		"head": {
			"translation": [0, -7.5, 25.25],
			"scale": [4, 4, 4]
		}
	},
	"groups": [
		0,
		1,
		2,
		3,
		4,
		5,
		6,
		7,
		8,
		9,
		10,
		11,
		12,
		13,
		14,
		15,
		16,
		17,
		18,
		19,
		20,
		21,
		22,
		23,
		24,
		25,
		26,
		27,
		28,
		29,
		30,
		31,
		32,
		33,
		34,
		35,
		36,
		37,
		38,
		39,
		40,
		41,
		42,
		43,
		44,
		45,
		46,
		47,
		48,
		49,
		50,
		51,
		52,
		53,
		54,
		55,
		56,
		57,
		58,
		59,
		60,
		61,
		62,
		63,
		64,
		65,
		66,
		67,
		68,
		69,
		70,
		71,
		72,
		{
			"name": "group",
			"origin": [8, 8, 8],
			"color": 0,
			"children": [73, 74]
		}
	]
}