{
	"credit": "Made with Blockbench",
	"textures": {
		"1": "block/black_wool",
		"2": "block/white_wool",
		"3": "block/white_terracotta",
		"5": "block/andesite",
		"6": "block/iron_block",
		"particle": "block/stone"
	},
	"elements": [
		{
			"from": [3.00838, 4.23746, 0.25],
			"to": [5.00838, 9.23746, 3.25],
			"rotation": {"angle": -22.5, "axis": "z", "origin": [1.00838, 2.23746, 1.5]},
			"faces": {
				"north": {"uv": [0, 0, 2, 5], "tintindex": 0,"tintindex": 0,"texture": "#2"},
				"east": {"uv": [0, 0, 3, 5], "tintindex": 0,"tintindex": 0,"texture": "#2"},
				"south": {"uv": [0, 0, 2, 5], "tintindex": 0,"tintindex": 0,"texture": "#2"},
				"west": {"uv": [0, 0, 3, 5], "tintindex": 0,"tintindex": 0,"texture": "#2"},
				"up": {"uv": [0, 0, 2, 3], "tintindex": 0,"tintindex": 0,"texture": "#2"},
				"down": {"uv": [0, 0, 2, 3], "tintindex": 0,"tintindex": 0,"texture": "#2"}
			}
		},
		{
			"from": [4, 2, 1.25],
			"to": [5, 3, 2.25],
			"faces": {
				"north": {"uv": [0, 0, 1, 1], "tintindex": 0,"tintindex": 0,"texture": "#3"},
				"east": {"uv": [0, 0, 1, 1], "tintindex": 0,"tintindex": 0,"texture": "#3"},
				"south": {"uv": [0, 0, 1, 1], "tintindex": 0,"tintindex": 0,"texture": "#3"},
				"west": {"uv": [0, 0, 1, 1], "tintindex": 0,"tintindex": 0,"texture": "#3"},
				"up": {"uv": [0, 0, 1, 1], "tintindex": 0,"tintindex": 0,"texture": "#3"},
				"down": {"uv": [0, 0, 1, 1], "tintindex": 0,"tintindex": 0,"texture": "#3"}
			}
		},
		{
			"from": [3.39951, 4.70651, 0.15],
			"to": [5.59951, 4.90651, 3.35],
			"rotation": {"angle": -22.5, "axis": "z", "origin": [4.59951, 2.80651, 1.85]},
			"faces": {
				"north": {"uv": [0, 0, 2.2, 0.2], "tintindex": 0,"tintindex": 0,"texture": "#1"},
				"east": {"uv": [0, 0, 3.2, 0.2], "tintindex": 0,"tintindex": 0,"texture": "#1"},
				"south": {"uv": [0, 0, 2.2, 0.2], "tintindex": 0,"tintindex": 0,"texture": "#1"},
				"west": {"uv": [0, 0, 3.2, 0.2], "tintindex": 0,"tintindex": 0,"texture": "#1"},
				"up": {"uv": [0, 0, 2.2, 3.2], "tintindex": 0,"tintindex": 0,"texture": "#1"},
				"down": {"uv": [0, 0, 2.2, 3.2], "tintindex": 0,"tintindex": 0,"texture": "#1"}
			}
		},
		{
			"from": [3.39951, 2.70651, 0.15],
			"to": [5.59951, 2.90651, 3.35],
			"rotation": {"angle": -22.5, "axis": "z", "origin": [4.59951, 2.80651, 1.85]},
			"faces": {
				"north": {"uv": [0, 0, 2.2, 0.2], "tintindex": 0,"tintindex": 0,"texture": "#1"},
				"east": {"uv": [0, 0, 3.2, 0.2], "tintindex": 0,"tintindex": 0,"texture": "#1"},
				"south": {"uv": [0, 0, 2.2, 0.2], "tintindex": 0,"tintindex": 0,"texture": "#1"},
				"west": {"uv": [0, 0, 3.2, 0.2], "tintindex": 0,"tintindex": 0,"texture": "#1"},
				"up": {"uv": [0, 0, 2.2, 3.2], "tintindex": 0,"tintindex": 0,"texture": "#1"},
				"down": {"uv": [0, 0, 2.2, 3.2], "tintindex": 0,"tintindex": 0,"texture": "#1"}
			}
		},
		{
			"from": [3, -4, 1],
			"to": [3.5, 5, 2],
			"rotation": {"angle": -22.5, "axis": "z", "origin": [0.25, -0.5, 0.5]},
			"faces": {
				"north": {"uv": [0, 0, 0.5, 9], "tintindex": 0,"tintindex": 0,"texture": "#5"},
				"east": {"uv": [0, 0, 1, 9], "tintindex": 0,"tintindex": 0,"texture": "#5"},
				"south": {"uv": [0, 0, 0.5, 9], "tintindex": 0,"tintindex": 0,"texture": "#5"},
				"west": {"uv": [0, 0, 1, 9], "tintindex": 0,"tintindex": 0,"texture": "#5"},
				"up": {"uv": [0, 0, 0.5, 1], "tintindex": 0,"tintindex": 0,"texture": "#5"},
				"down": {"uv": [0, 0, 0.5, 1], "tintindex": 0,"tintindex": 0,"texture": "#5"}
			}
		},
		{
			"from": [3, -11, 1],
			"to": [3.5, -7, 2],
			"rotation": {"angle": -22.5, "axis": "z", "origin": [0.25, -0.5, 0.5]},
			"faces": {
				"north": {"uv": [0, 0, 0.5, 4], "tintindex": 0,"tintindex": 0,"texture": "#5"},
				"east": {"uv": [0, 0, 1, 4], "tintindex": 0,"tintindex": 0,"texture": "#5"},
				"south": {"uv": [0, 0, 0.5, 4], "tintindex": 0,"tintindex": 0,"texture": "#5"},
				"west": {"uv": [0, 0, 1, 4], "tintindex": 0,"tintindex": 0,"texture": "#5"},
				"up": {"uv": [0, 0, 0.5, 1], "tintindex": 0,"tintindex": 0,"texture": "#5"},
				"down": {"uv": [0, 0, 0.5, 1], "tintindex": 0,"tintindex": 0,"texture": "#5"}
			}
		},
		{
			"from": [3, -5, 0],
			"to": [3.5, -3, 1],
			"rotation": {"angle": -22.5, "axis": "z", "origin": [0.25, -0.5, 0.5]},
			"faces": {
				"north": {"uv": [0, 0, 0.5, 2], "tintindex": 0,"tintindex": 0,"texture": "#5"},
				"east": {"uv": [0, 0, 1, 2], "tintindex": 0,"tintindex": 0,"texture": "#5"},
				"south": {"uv": [0, 0, 0.5, 2], "tintindex": 0,"tintindex": 0,"texture": "#5"},
				"west": {"uv": [0, 0, 1, 2], "tintindex": 0,"tintindex": 0,"texture": "#5"},
				"up": {"uv": [0, 0, 0.5, 1], "tintindex": 0,"tintindex": 0,"texture": "#5"},
				"down": {"uv": [0, 0, 0.5, 1], "tintindex": 0,"tintindex": 0,"texture": "#5"}
			}
		},
		{
			"from": [3, -8, 0],
			"to": [3.5, -6, 1],
			"rotation": {"angle": -22.5, "axis": "z", "origin": [0.25, -0.5, 0.5]},
			"faces": {
				"north": {"uv": [0, 0, 0.5, 2], "tintindex": 0,"tintindex": 0,"texture": "#5"},
				"east": {"uv": [0, 0, 1, 2], "tintindex": 0,"tintindex": 0,"texture": "#5"},
				"south": {"uv": [0, 0, 0.5, 2], "tintindex": 0,"tintindex": 0,"texture": "#5"},
				"west": {"uv": [0, 0, 1, 2], "tintindex": 0,"tintindex": 0,"texture": "#5"},
				"up": {"uv": [0, 0, 0.5, 1], "tintindex": 0,"tintindex": 0,"texture": "#5"},
				"down": {"uv": [0, 0, 0.5, 1], "tintindex": 0,"tintindex": 0,"texture": "#5"}
			}
		},
		{
			"from": [3, -6.5, -1],
			"to": [3.5, -4.5, 0],
			"rotation": {"angle": -22.5, "axis": "z", "origin": [0.25, -0.5, 0.5]},
			"faces": {
				"north": {"uv": [0, 0, 0.5, 2], "tintindex": 0,"tintindex": 0,"texture": "#5"},
				"east": {"uv": [0, 0, 1, 2], "tintindex": 0,"tintindex": 0,"texture": "#5"},
				"south": {"uv": [0, 0, 0.5, 2], "tintindex": 0,"tintindex": 0,"texture": "#5"},
				"west": {"uv": [0, 0, 1, 2], "tintindex": 0,"tintindex": 0,"texture": "#5"},
				"up": {"uv": [0, 0, 0.5, 1], "tintindex": 0,"tintindex": 0,"texture": "#5"},
				"down": {"uv": [0, 0, 0.5, 1], "tintindex": 0,"tintindex": 0,"texture": "#5"}
			}
		},
		{
			"from": [-2, -10.65, 0.5],
			"to": [1, -7.65, 2.5],
			"rotation": {"angle": 22.5, "axis": "z", "origin": [1, -9, 1]},
			"faces": {
				"north": {"uv": [0, 0, 3, 3], "tintindex": 0,"tintindex": 0,"texture": "#5"},
				"east": {"uv": [0, 0, 2, 3], "tintindex": 0,"tintindex": 0,"texture": "#5"},
				"south": {"uv": [0, 0, 3, 3], "tintindex": 0,"tintindex": 0,"texture": "#5"},
				"west": {"uv": [0, 0, 2, 3], "tintindex": 0,"tintindex": 0,"texture": "#5"},
				"up": {"uv": [0, 0, 3, 2], "tintindex": 0,"tintindex": 0,"texture": "#5"},
				"down": {"uv": [0, 0, 3, 2], "tintindex": 0,"tintindex": 0,"texture": "#5"}
			}
		},
		{
			"from": [3.5, -10.5, 0],
			"to": [4, -8.5, 16],
			"rotation": {"angle": -22.5, "axis": "z", "origin": [0.25, 1, 8]},
			"faces": {
				"north": {"uv": [0, 0, 0.5, 2], "tintindex": 0,"tintindex": 0,"texture": "#5"},
				"east": {"uv": [0, 0, 16, 2], "tintindex": 0,"tintindex": 0,"texture": "#5"},
				"south": {"uv": [0, 0, 0.5, 2], "tintindex": 0,"tintindex": 0,"texture": "#5"},
				"west": {"uv": [0, 0, 16, 2], "tintindex": 0,"tintindex": 0,"texture": "#5"},
				"up": {"uv": [0, 0, 0.5, 16], "tintindex": 0,"tintindex": 0,"texture": "#5"},
				"down": {"uv": [0, 0, 0.5, 16], "tintindex": 0,"tintindex": 0,"texture": "#5"}
			}
		},
		{
			"from": [3.5, -8.5, 2],
			"to": [4, -7.5, 13],
			"rotation": {"angle": -22.5, "axis": "z", "origin": [0.25, 1, 8]},
			"faces": {
				"north": {"uv": [0, 0, 0.5, 1], "tintindex": 0,"tintindex": 0,"texture": "#6"},
				"east": {"uv": [0, 0, 11, 1], "tintindex": 0,"tintindex": 0,"texture": "#6"},
				"south": {"uv": [0, 0, 0.5, 1], "tintindex": 0,"tintindex": 0,"texture": "#6"},
				"west": {"uv": [0, 0, 11, 1], "tintindex": 0,"tintindex": 0,"texture": "#6"},
				"up": {"uv": [0, 0, 0.5, 11], "tintindex": 0,"tintindex": 0,"texture": "#6"},
				"down": {"uv": [0, 0, 0.5, 11], "tintindex": 0,"tintindex": 0,"texture": "#6"}
			}
		},
		{
			"from": [3.5, -7.5, 11],
			"to": [4, -6.5, 20],
			"rotation": {"angle": -22.5, "axis": "z", "origin": [0.25, 1, 8]},
			"faces": {
				"north": {"uv": [0, 0, 0.5, 1], "tintindex": 0,"tintindex": 0,"texture": "#6"},
				"east": {"uv": [0, 0, 9, 1], "tintindex": 0,"tintindex": 0,"texture": "#6"},
				"south": {"uv": [0, 0, 0.5, 1], "tintindex": 0,"tintindex": 0,"texture": "#6"},
				"west": {"uv": [0, 0, 9, 1], "tintindex": 0,"tintindex": 0,"texture": "#6"},
				"up": {"uv": [0, 0, 0.5, 9], "tintindex": 0,"tintindex": 0,"texture": "#6"},
				"down": {"uv": [0, 0, 0.5, 9], "tintindex": 0,"tintindex": 0,"texture": "#6"}
			}
		},
		{
			"from": [3.5, -6.5, 17],
			"to": [4, -5.5, 24],
			"rotation": {"angle": -22.5, "axis": "z", "origin": [0.25, 1, 8]},
			"faces": {
				"north": {"uv": [0, 0, 0.5, 1], "tintindex": 0,"tintindex": 0,"texture": "#6"},
				"east": {"uv": [0, 0, 7, 1], "tintindex": 0,"tintindex": 0,"texture": "#6"},
				"south": {"uv": [0, 0, 0.5, 1], "tintindex": 0,"tintindex": 0,"texture": "#6"},
				"west": {"uv": [0, 0, 7, 1], "tintindex": 0,"tintindex": 0,"texture": "#6"},
				"up": {"uv": [0, 0, 0.5, 7], "tintindex": 0,"tintindex": 0,"texture": "#6"},
				"down": {"uv": [0, 0, 0.5, 7], "tintindex": 0,"tintindex": 0,"texture": "#6"}
			}
		},
		{
			"from": [3.5, -8.5, 13],
			"to": [4, -7.5, 22],
			"rotation": {"angle": -22.5, "axis": "z", "origin": [0.25, 1, 8]},
			"faces": {
				"north": {"uv": [0, 0, 0.5, 1], "tintindex": 0,"tintindex": 0,"texture": "#5"},
				"east": {"uv": [0, 0, 9, 1], "tintindex": 0,"tintindex": 0,"texture": "#5"},
				"south": {"uv": [0, 0, 0.5, 1], "tintindex": 0,"tintindex": 0,"texture": "#5"},
				"west": {"uv": [0, 0, 9, 1], "tintindex": 0,"tintindex": 0,"texture": "#5"},
				"up": {"uv": [0, 0, 0.5, 9], "tintindex": 0,"tintindex": 0,"texture": "#5"},
				"down": {"uv": [0, 0, 0.5, 9], "tintindex": 0,"tintindex": 0,"texture": "#5"}
			}
		},
		{
			"from": [3.5, -9.5, 16],
			"to": [4, -8.5, 19],
			"rotation": {"angle": -22.5, "axis": "z", "origin": [0.25, 1, 8]},
			"faces": {
				"north": {"uv": [0, 0, 0.5, 1], "tintindex": 0,"tintindex": 0,"texture": "#5"},
				"east": {"uv": [0, 0, 3, 1], "tintindex": 0,"tintindex": 0,"texture": "#5"},
				"south": {"uv": [0, 0, 0.5, 1], "tintindex": 0,"tintindex": 0,"texture": "#5"},
				"west": {"uv": [0, 0, 3, 1], "tintindex": 0,"tintindex": 0,"texture": "#5"},
				"up": {"uv": [0, 0, 0.5, 3], "tintindex": 0,"tintindex": 0,"texture": "#5"},
				"down": {"uv": [0, 0, 0.5, 3], "tintindex": 0,"tintindex": 0,"texture": "#5"}
			}
		},
		{
			"from": [3.5, -7.5, 20],
			"to": [4, -6.5, 23],
			"rotation": {"angle": -22.5, "axis": "z", "origin": [0.25, 1, 8]},
			"faces": {
				"north": {"uv": [0, 0, 0.5, 1], "tintindex": 0,"tintindex": 0,"texture": "#5"},
				"east": {"uv": [0, 0, 3, 1], "tintindex": 0,"tintindex": 0,"texture": "#5"},
				"south": {"uv": [0, 0, 0.5, 1], "tintindex": 0,"tintindex": 0,"texture": "#5"},
				"west": {"uv": [0, 0, 3, 1], "tintindex": 0,"tintindex": 0,"texture": "#5"},
				"up": {"uv": [0, 0, 0.5, 3], "tintindex": 0,"tintindex": 0,"texture": "#5"},
				"down": {"uv": [0, 0, 0.5, 3], "tintindex": 0,"tintindex": 0,"texture": "#5"}
			}
		},
		{
			"from": [-7.35139, -9.20819, 0.5],
			"to": [-4.35139, -6.20819, 2.5],
			"rotation": {"angle": 0, "axis": "z", "origin": [-2.56514, -4.38215, 10.5]},
			"faces": {
				"north": {"uv": [0, 0, 3, 3], "tintindex": 0,"tintindex": 0,"texture": "#5"},
				"east": {"uv": [0, 0, 2, 3], "tintindex": 0,"tintindex": 0,"texture": "#5"},
				"south": {"uv": [0, 0, 3, 3], "tintindex": 0,"tintindex": 0,"texture": "#5"},
				"west": {"uv": [0, 0, 2, 3], "tintindex": 0,"tintindex": 0,"texture": "#5"},
				"up": {"uv": [0, 0, 3, 2], "tintindex": 0,"tintindex": 0,"texture": "#5"},
				"down": {"uv": [0, 0, 3, 2], "tintindex": 0,"tintindex": 0,"texture": "#5"}
			}
		},
		{
			"from": [-2.85215, -10.43924, 0],
			"to": [-2.35215, -8.43924, 16],
			"rotation": {"angle": -45, "axis": "z", "origin": [-2.56514, -4.38215, 10.5]},
			"faces": {
				"north": {"uv": [0, 0, 0.5, 2], "tintindex": 0,"tintindex": 0,"texture": "#5"},
				"east": {"uv": [0, 0, 16, 2], "tintindex": 0,"tintindex": 0,"texture": "#5"},
				"south": {"uv": [0, 0, 0.5, 2], "tintindex": 0,"tintindex": 0,"texture": "#5"},
				"west": {"uv": [0, 0, 16, 2], "tintindex": 0,"tintindex": 0,"texture": "#5"},
				"up": {"uv": [0, 0, 0.5, 16], "tintindex": 0,"tintindex": 0,"texture": "#5"},
				"down": {"uv": [0, 0, 0.5, 16], "tintindex": 0,"tintindex": 0,"texture": "#5"}
			}
		},
		{
			"from": [-2.85215, -8.43924, 13],
			"to": [-2.35215, -7.43924, 22],
			"rotation": {"angle": -45, "axis": "z", "origin": [-2.56514, -4.38215, 10.5]},
			"faces": {
				"north": {"uv": [0, 0, 0.5, 1], "tintindex": 0,"tintindex": 0,"texture": "#5"},
				"east": {"uv": [0, 0, 9, 1], "tintindex": 0,"tintindex": 0,"texture": "#5"},
				"south": {"uv": [0, 0, 0.5, 1], "tintindex": 0,"tintindex": 0,"texture": "#5"},
				"west": {"uv": [0, 0, 9, 1], "tintindex": 0,"tintindex": 0,"texture": "#5"},
				"up": {"uv": [0, 0, 0.5, 9], "tintindex": 0,"tintindex": 0,"texture": "#5"},
				"down": {"uv": [0, 0, 0.5, 9], "tintindex": 0,"tintindex": 0,"texture": "#5"}
			}
		},
		{
			"from": [-2.85215, -9.43924, 16],
			"to": [-2.35215, -8.43924, 19],
			"rotation": {"angle": -45, "axis": "z", "origin": [-2.56514, -4.38215, 10.5]},
			"faces": {
				"north": {"uv": [0, 0, 0.5, 1], "tintindex": 0,"tintindex": 0,"texture": "#5"},
				"east": {"uv": [0, 0, 3, 1], "tintindex": 0,"tintindex": 0,"texture": "#5"},
				"south": {"uv": [0, 0, 0.5, 1], "tintindex": 0,"tintindex": 0,"texture": "#5"},
				"west": {"uv": [0, 0, 3, 1], "tintindex": 0,"tintindex": 0,"texture": "#5"},
				"up": {"uv": [0, 0, 0.5, 3], "tintindex": 0,"tintindex": 0,"texture": "#5"},
				"down": {"uv": [0, 0, 0.5, 3], "tintindex": 0,"tintindex": 0,"texture": "#5"}
			}
		},
		{
			"from": [-2.85215, -7.43924, 20],
			"to": [-2.35215, -6.43924, 23],
			"rotation": {"angle": -45, "axis": "z", "origin": [-2.56514, -4.38215, 10.5]},
			"faces": {
				"north": {"uv": [0, 0, 0.5, 1], "tintindex": 0,"tintindex": 0,"texture": "#5"},
				"east": {"uv": [0, 0, 3, 1], "tintindex": 0,"tintindex": 0,"texture": "#5"},
				"south": {"uv": [0, 0, 0.5, 1], "tintindex": 0,"tintindex": 0,"texture": "#5"},
				"west": {"uv": [0, 0, 3, 1], "tintindex": 0,"tintindex": 0,"texture": "#5"},
				"up": {"uv": [0, 0, 0.5, 3], "tintindex": 0,"tintindex": 0,"texture": "#5"},
				"down": {"uv": [0, 0, 0.5, 3], "tintindex": 0,"tintindex": 0,"texture": "#5"}
			}
		},
		{
			"from": [-2.85215, -8.43924, 2],
			"to": [-2.35215, -7.43924, 13],
			"rotation": {"angle": -45, "axis": "z", "origin": [-2.56514, -4.38215, 10.5]},
			"faces": {
				"north": {"uv": [0, 0, 0.5, 1], "tintindex": 0,"tintindex": 0,"texture": "#6"},
				"east": {"uv": [0, 0, 11, 1], "tintindex": 0,"tintindex": 0,"texture": "#6"},
				"south": {"uv": [0, 0, 0.5, 1], "tintindex": 0,"tintindex": 0,"texture": "#6"},
				"west": {"uv": [0, 0, 11, 1], "tintindex": 0,"tintindex": 0,"texture": "#6"},
				"up": {"uv": [0, 0, 0.5, 11], "tintindex": 0,"tintindex": 0,"texture": "#6"},
				"down": {"uv": [0, 0, 0.5, 11], "tintindex": 0,"tintindex": 0,"texture": "#6"}
			}
		},
		{
			"from": [-2.85215, -7.43924, 11],
			"to": [-2.35215, -6.43924, 20],
			"rotation": {"angle": -45, "axis": "z", "origin": [-2.56514, -4.38215, 10.5]},
			"faces": {
				"north": {"uv": [0, 0, 0.5, 1], "tintindex": 0,"tintindex": 0,"texture": "#6"},
				"east": {"uv": [0, 0, 9, 1], "tintindex": 0,"tintindex": 0,"texture": "#6"},
				"south": {"uv": [0, 0, 0.5, 1], "tintindex": 0,"tintindex": 0,"texture": "#6"},
				"west": {"uv": [0, 0, 9, 1], "tintindex": 0,"tintindex": 0,"texture": "#6"},
				"up": {"uv": [0, 0, 0.5, 9], "tintindex": 0,"tintindex": 0,"texture": "#6"},
				"down": {"uv": [0, 0, 0.5, 9], "tintindex": 0,"tintindex": 0,"texture": "#6"}
			}
		},
		{
			"from": [-2.85215, -6.43924, 17],
			"to": [-2.35215, -5.43924, 24],
			"rotation": {"angle": -45, "axis": "z", "origin": [-2.56514, -4.38215, 10.5]},
			"faces": {
				"north": {"uv": [0, 0, 0.5, 1], "tintindex": 0,"tintindex": 0,"texture": "#6"},
				"east": {"uv": [0, 0, 7, 1], "tintindex": 0,"tintindex": 0,"texture": "#6"},
				"south": {"uv": [0, 0, 0.5, 1], "tintindex": 0,"tintindex": 0,"texture": "#6"},
				"west": {"uv": [0, 0, 7, 1], "tintindex": 0,"tintindex": 0,"texture": "#6"},
				"up": {"uv": [0, 0, 0.5, 7], "tintindex": 0,"tintindex": 0,"texture": "#6"},
				"down": {"uv": [0, 0, 0.5, 7], "tintindex": 0,"tintindex": 0,"texture": "#6"}
			}
		},
		{
			"from": [-2.77813, -4.82506, 0],
			"to": [-2.27813, -2.82506, 1],
			"rotation": {"angle": -45, "axis": "z", "origin": [-2.56514, -4.38215, 10.5]},
			"faces": {
				"north": {"uv": [0, 0, 0.5, 2], "tintindex": 0,"tintindex": 0,"texture": "#5"},
				"east": {"uv": [0, 0, 1, 2], "tintindex": 0,"tintindex": 0,"texture": "#5"},
				"south": {"uv": [0, 0, 0.5, 2], "tintindex": 0,"tintindex": 0,"texture": "#5"},
				"west": {"uv": [0, 0, 1, 2], "tintindex": 0,"tintindex": 0,"texture": "#5"},
				"up": {"uv": [0, 0, 0.5, 1], "tintindex": 0,"tintindex": 0,"texture": "#5"},
				"down": {"uv": [0, 0, 0.5, 1], "tintindex": 0,"tintindex": 0,"texture": "#5"}
			}
		},
		{
			"from": [-2.77813, -6.32506, -1],
			"to": [-2.27813, -4.32506, 0],
			"rotation": {"angle": -45, "axis": "z", "origin": [-2.56514, -4.38215, 10.5]},
			"faces": {
				"north": {"uv": [0, 0, 0.5, 2], "tintindex": 0,"tintindex": 0,"texture": "#5"},
				"east": {"uv": [0, 0, 1, 2], "tintindex": 0,"tintindex": 0,"texture": "#5"},
				"south": {"uv": [0, 0, 0.5, 2], "tintindex": 0,"tintindex": 0,"texture": "#5"},
				"west": {"uv": [0, 0, 1, 2], "tintindex": 0,"tintindex": 0,"texture": "#5"},
				"up": {"uv": [0, 0, 0.5, 1], "tintindex": 0,"tintindex": 0,"texture": "#5"},
				"down": {"uv": [0, 0, 0.5, 1], "tintindex": 0,"tintindex": 0,"texture": "#5"}
			}
		},
		{
			"from": [-2.77813, -7.82506, 0],
			"to": [-2.27813, -5.82506, 1],
			"rotation": {"angle": -45, "axis": "z", "origin": [-2.56514, -4.38215, 10.5]},
			"faces": {
				"north": {"uv": [0, 0, 0.5, 2], "tintindex": 0,"tintindex": 0,"texture": "#5"},
				"east": {"uv": [0, 0, 1, 2], "tintindex": 0,"tintindex": 0,"texture": "#5"},
				"south": {"uv": [0, 0, 0.5, 2], "tintindex": 0,"tintindex": 0,"texture": "#5"},
				"west": {"uv": [0, 0, 1, 2], "tintindex": 0,"tintindex": 0,"texture": "#5"},
				"up": {"uv": [0, 0, 0.5, 1], "tintindex": 0,"tintindex": 0,"texture": "#5"},
				"down": {"uv": [0, 0, 0.5, 1], "tintindex": 0,"tintindex": 0,"texture": "#5"}
			}
		},
		{
			"from": [-2.77813, -10.82506, 1],
			"to": [-2.27813, -6.82506, 2],
			"rotation": {"angle": -45, "axis": "z", "origin": [-2.56514, -4.38215, 10.5]},
			"faces": {
				"north": {"uv": [0, 0, 0.5, 4], "tintindex": 0,"tintindex": 0,"texture": "#5"},
				"east": {"uv": [0, 0, 1, 4], "tintindex": 0,"tintindex": 0,"texture": "#5"},
				"south": {"uv": [0, 0, 0.5, 4], "tintindex": 0,"tintindex": 0,"texture": "#5"},
				"west": {"uv": [0, 0, 1, 4], "tintindex": 0,"tintindex": 0,"texture": "#5"},
				"up": {"uv": [0, 0, 0.5, 1], "tintindex": 0,"tintindex": 0,"texture": "#5"},
				"down": {"uv": [0, 0, 0.5, 1], "tintindex": 0,"tintindex": 0,"texture": "#5"}
			}
		},
		{
			"from": [-2.77813, -3.82506, 1],
			"to": [-2.27813, 5.17494, 2],
			"rotation": {"angle": -45, "axis": "z", "origin": [-2.56514, -4.38215, 10.5]},
			"faces": {
				"north": {"uv": [0, 0, 0.5, 9], "tintindex": 0,"tintindex": 0,"texture": "#5"},
				"east": {"uv": [0, 0, 1, 9], "tintindex": 0,"tintindex": 0,"texture": "#5"},
				"south": {"uv": [0, 0, 0.5, 9], "tintindex": 0,"tintindex": 0,"texture": "#5"},
				"west": {"uv": [0, 0, 1, 9], "tintindex": 0,"tintindex": 0,"texture": "#5"},
				"up": {"uv": [0, 0, 0.5, 1], "tintindex": 0,"tintindex": 0,"texture": "#5"},
				"down": {"uv": [0, 0, 0.5, 1], "tintindex": 0,"tintindex": 0,"texture": "#5"}
			}
		},
		{
			"from": [-9.35139, -5.20819, 0.5],
			"to": [-6.35139, -2.20819, 2.5],
			"rotation": {"angle": -22.5, "axis": "z", "origin": [-4.56514, -0.38215, 10.5]},
			"faces": {
				"north": {"uv": [0, 0, 3, 3], "tintindex": 0,"tintindex": 0,"texture": "#5"},
				"east": {"uv": [0, 0, 2, 3], "tintindex": 0,"tintindex": 0,"texture": "#5"},
				"south": {"uv": [0, 0, 3, 3], "tintindex": 0,"tintindex": 0,"texture": "#5"},
				"west": {"uv": [0, 0, 2, 3], "tintindex": 0,"tintindex": 0,"texture": "#5"},
				"up": {"uv": [0, 0, 3, 2], "tintindex": 0,"tintindex": 0,"texture": "#5"},
				"down": {"uv": [0, 0, 3, 2], "tintindex": 0,"tintindex": 0,"texture": "#5"}
			}
		},
		{
			"from": [-10.62223, -0.59514, 0],
			"to": [-8.62223, -0.09514, 16],
			"rotation": {"angle": 22.5, "axis": "z", "origin": [-4.56514, -0.38215, 10.5]},
			"faces": {
				"north": {"uv": [0, 0, 0.5, 2], "rotation": 270, "tintindex": 0,"tintindex": 0,"texture": "#5"},
				"east": {"uv": [0, 0, 0.5, 16], "rotation": 90, "tintindex": 0,"tintindex": 0,"texture": "#5"},
				"south": {"uv": [0, 0, 0.5, 2], "rotation": 90, "tintindex": 0,"tintindex": 0,"texture": "#5"},
				"west": {"uv": [0, 0, 0.5, 16], "rotation": 90, "tintindex": 0,"tintindex": 0,"texture": "#5"},
				"up": {"uv": [0, 0, 16, 2], "rotation": 90, "tintindex": 0,"tintindex": 0,"texture": "#5"},
				"down": {"uv": [0, 0, 16, 2], "rotation": 90, "tintindex": 0,"tintindex": 0,"texture": "#5"}
			}
		},
		{
			"from": [-8.62223, -0.59514, 13],
			"to": [-7.62223, -0.09514, 22],
			"rotation": {"angle": 22.5, "axis": "z", "origin": [-4.56514, -0.38215, 10.5]},
			"faces": {
				"north": {"uv": [0, 0, 0.5, 1], "rotation": 270, "tintindex": 0,"tintindex": 0,"texture": "#5"},
				"east": {"uv": [0, 0, 0.5, 9], "rotation": 90, "tintindex": 0,"tintindex": 0,"texture": "#5"},
				"south": {"uv": [0, 0, 0.5, 1], "rotation": 90, "tintindex": 0,"tintindex": 0,"texture": "#5"},
				"west": {"uv": [0, 0, 0.5, 9], "rotation": 90, "tintindex": 0,"tintindex": 0,"texture": "#5"},
				"up": {"uv": [0, 0, 9, 1], "rotation": 90, "tintindex": 0,"tintindex": 0,"texture": "#5"},
				"down": {"uv": [0, 0, 9, 1], "rotation": 90, "tintindex": 0,"tintindex": 0,"texture": "#5"}
			}
		},
		{
			"from": [-9.62223, -0.59514, 16],
			"to": [-8.62223, -0.09514, 19],
			"rotation": {"angle": 22.5, "axis": "z", "origin": [-4.56514, -0.38215, 10.5]},
			"faces": {
				"north": {"uv": [0, 0, 0.5, 1], "rotation": 270, "tintindex": 0,"tintindex": 0,"texture": "#5"},
				"east": {"uv": [0, 0, 0.5, 3], "rotation": 90, "tintindex": 0,"tintindex": 0,"texture": "#5"},
				"south": {"uv": [0, 0, 0.5, 1], "rotation": 90, "tintindex": 0,"tintindex": 0,"texture": "#5"},
				"west": {"uv": [0, 0, 0.5, 3], "rotation": 90, "tintindex": 0,"tintindex": 0,"texture": "#5"},
				"up": {"uv": [0, 0, 3, 1], "rotation": 90, "tintindex": 0,"tintindex": 0,"texture": "#5"},
				"down": {"uv": [0, 0, 3, 1], "rotation": 90, "tintindex": 0,"tintindex": 0,"texture": "#5"}
			}
		},
		{
			"from": [-7.62223, -0.59514, 20],
			"to": [-6.62223, -0.09514, 23],
			"rotation": {"angle": 22.5, "axis": "z", "origin": [-4.56514, -0.38215, 10.5]},
			"faces": {
				"north": {"uv": [0, 0, 0.5, 1], "rotation": 270, "tintindex": 0,"tintindex": 0,"texture": "#5"},
				"east": {"uv": [0, 0, 0.5, 3], "rotation": 90, "tintindex": 0,"tintindex": 0,"texture": "#5"},
				"south": {"uv": [0, 0, 0.5, 1], "rotation": 90, "tintindex": 0,"tintindex": 0,"texture": "#5"},
				"west": {"uv": [0, 0, 0.5, 3], "rotation": 90, "tintindex": 0,"tintindex": 0,"texture": "#5"},
				"up": {"uv": [0, 0, 3, 1], "rotation": 90, "tintindex": 0,"tintindex": 0,"texture": "#5"},
				"down": {"uv": [0, 0, 3, 1], "rotation": 90, "tintindex": 0,"tintindex": 0,"texture": "#5"}
			}
		},
		{
			"from": [-8.62223, -0.59514, 2],
			"to": [-7.62223, -0.09514, 13],
			"rotation": {"angle": 22.5, "axis": "z", "origin": [-4.56514, -0.38215, 10.5]},
			"faces": {
				"north": {"uv": [0, 0, 0.5, 1], "rotation": 270, "tintindex": 0,"tintindex": 0,"texture": "#6"},
				"east": {"uv": [0, 0, 0.5, 11], "rotation": 90, "tintindex": 0,"tintindex": 0,"texture": "#6"},
				"south": {"uv": [0, 0, 0.5, 1], "rotation": 90, "tintindex": 0,"tintindex": 0,"texture": "#6"},
				"west": {"uv": [0, 0, 0.5, 11], "rotation": 90, "tintindex": 0,"tintindex": 0,"texture": "#6"},
				"up": {"uv": [0, 0, 11, 1], "rotation": 90, "tintindex": 0,"tintindex": 0,"texture": "#6"},
				"down": {"uv": [0, 0, 11, 1], "rotation": 90, "tintindex": 0,"tintindex": 0,"texture": "#6"}
			}
		},
		{
			"from": [-7.62223, -0.59514, 11],
			"to": [-6.62223, -0.09514, 20],
			"rotation": {"angle": 22.5, "axis": "z", "origin": [-4.56514, -0.38215, 10.5]},
			"faces": {
				"north": {"uv": [0, 0, 0.5, 1], "rotation": 270, "tintindex": 0,"tintindex": 0,"texture": "#6"},
				"east": {"uv": [0, 0, 0.5, 9], "rotation": 90, "tintindex": 0,"tintindex": 0,"texture": "#6"},
				"south": {"uv": [0, 0, 0.5, 1], "rotation": 90, "tintindex": 0,"tintindex": 0,"texture": "#6"},
				"west": {"uv": [0, 0, 0.5, 9], "rotation": 90, "tintindex": 0,"tintindex": 0,"texture": "#6"},
				"up": {"uv": [0, 0, 9, 1], "rotation": 90, "tintindex": 0,"tintindex": 0,"texture": "#6"},
				"down": {"uv": [0, 0, 9, 1], "rotation": 90, "tintindex": 0,"tintindex": 0,"texture": "#6"}
			}
		},
		{
			"from": [-6.62223, -0.59514, 17],
			"to": [-5.62223, -0.09514, 24],
			"rotation": {"angle": 22.5, "axis": "z", "origin": [-4.56514, -0.38215, 10.5]},
			"faces": {
				"north": {"uv": [0, 0, 0.5, 1], "rotation": 270, "tintindex": 0,"tintindex": 0,"texture": "#6"},
				"east": {"uv": [0, 0, 0.5, 7], "rotation": 90, "tintindex": 0,"tintindex": 0,"texture": "#6"},
				"south": {"uv": [0, 0, 0.5, 1], "rotation": 90, "tintindex": 0,"tintindex": 0,"texture": "#6"},
				"west": {"uv": [0, 0, 0.5, 7], "rotation": 90, "tintindex": 0,"tintindex": 0,"texture": "#6"},
				"up": {"uv": [0, 0, 7, 1], "rotation": 90, "tintindex": 0,"tintindex": 0,"texture": "#6"},
				"down": {"uv": [0, 0, 7, 1], "rotation": 90, "tintindex": 0,"tintindex": 0,"texture": "#6"}
			}
		},
		{
			"from": [-5.00805, -0.66916, 0],
			"to": [-3.00805, -0.16916, 1],
			"rotation": {"angle": 22.5, "axis": "z", "origin": [-4.56514, -0.38215, 10.5]},
			"faces": {
				"north": {"uv": [0, 0, 0.5, 2], "rotation": 270, "tintindex": 0,"tintindex": 0,"texture": "#5"},
				"east": {"uv": [0, 0, 0.5, 1], "rotation": 90, "tintindex": 0,"tintindex": 0,"texture": "#5"},
				"south": {"uv": [0, 0, 0.5, 2], "rotation": 90, "tintindex": 0,"tintindex": 0,"texture": "#5"},
				"west": {"uv": [0, 0, 0.5, 1], "rotation": 90, "tintindex": 0,"tintindex": 0,"texture": "#5"},
				"up": {"uv": [0, 0, 1, 2], "rotation": 90, "tintindex": 0,"tintindex": 0,"texture": "#5"},
				"down": {"uv": [0, 0, 1, 2], "rotation": 90, "tintindex": 0,"tintindex": 0,"texture": "#5"}
			}
		},
		{
			"from": [-6.50805, -0.66916, -1],
			"to": [-4.50805, -0.16916, 0],
			"rotation": {"angle": 22.5, "axis": "z", "origin": [-4.56514, -0.38215, 10.5]},
			"faces": {
				"north": {"uv": [0, 0, 0.5, 2], "rotation": 270, "tintindex": 0,"tintindex": 0,"texture": "#5"},
				"east": {"uv": [0, 0, 0.5, 1], "rotation": 90, "tintindex": 0,"tintindex": 0,"texture": "#5"},
				"south": {"uv": [0, 0, 0.5, 2], "rotation": 90, "tintindex": 0,"tintindex": 0,"texture": "#5"},
				"west": {"uv": [0, 0, 0.5, 1], "rotation": 90, "tintindex": 0,"tintindex": 0,"texture": "#5"},
				"up": {"uv": [0, 0, 1, 2], "rotation": 90, "tintindex": 0,"tintindex": 0,"texture": "#5"},
				"down": {"uv": [0, 0, 1, 2], "rotation": 90, "tintindex": 0,"tintindex": 0,"texture": "#5"}
			}
		},
		{
			"from": [-8.00805, -0.66916, 0],
			"to": [-6.00805, -0.16916, 1],
			"rotation": {"angle": 22.5, "axis": "z", "origin": [-4.56514, -0.38215, 10.5]},
			"faces": {
				"north": {"uv": [0, 0, 0.5, 2], "rotation": 270, "tintindex": 0,"tintindex": 0,"texture": "#5"},
				"east": {"uv": [0, 0, 0.5, 1], "rotation": 90, "tintindex": 0,"tintindex": 0,"texture": "#5"},
				"south": {"uv": [0, 0, 0.5, 2], "rotation": 90, "tintindex": 0,"tintindex": 0,"texture": "#5"},
				"west": {"uv": [0, 0, 0.5, 1], "rotation": 90, "tintindex": 0,"tintindex": 0,"texture": "#5"},
				"up": {"uv": [0, 0, 1, 2], "rotation": 90, "tintindex": 0,"tintindex": 0,"texture": "#5"},
				"down": {"uv": [0, 0, 1, 2], "rotation": 90, "tintindex": 0,"tintindex": 0,"texture": "#5"}
			}
		},
		{
			"from": [-11.00805, -0.66916, 1],
			"to": [-7.00805, -0.16916, 2],
			"rotation": {"angle": 22.5, "axis": "z", "origin": [-4.56514, -0.38215, 10.5]},
			"faces": {
				"north": {"uv": [0, 0, 0.5, 4], "rotation": 270, "tintindex": 0,"tintindex": 0,"texture": "#5"},
				"east": {"uv": [0, 0, 0.5, 1], "rotation": 90, "tintindex": 0,"tintindex": 0,"texture": "#5"},
				"south": {"uv": [0, 0, 0.5, 4], "rotation": 90, "tintindex": 0,"tintindex": 0,"texture": "#5"},
				"west": {"uv": [0, 0, 0.5, 1], "rotation": 90, "tintindex": 0,"tintindex": 0,"texture": "#5"},
				"up": {"uv": [0, 0, 1, 4], "rotation": 90, "tintindex": 0,"tintindex": 0,"texture": "#5"},
				"down": {"uv": [0, 0, 1, 4], "rotation": 90, "tintindex": 0,"tintindex": 0,"texture": "#5"}
			}
		},
		{
			"from": [-4.00805, -0.66916, 1],
			"to": [4.99195, -0.16916, 2],
			"rotation": {"angle": 22.5, "axis": "z", "origin": [-4.56514, -0.38215, 10.5]},
			"faces": {
				"north": {"uv": [0, 0, 0.5, 9], "rotation": 270, "tintindex": 0,"tintindex": 0,"texture": "#5"},
				"east": {"uv": [0, 0, 0.5, 1], "rotation": 90, "tintindex": 0,"tintindex": 0,"texture": "#5"},
				"south": {"uv": [0, 0, 0.5, 9], "rotation": 90, "tintindex": 0,"tintindex": 0,"texture": "#5"},
				"west": {"uv": [0, 0, 0.5, 1], "rotation": 90, "tintindex": 0,"tintindex": 0,"texture": "#5"},
				"up": {"uv": [0, 0, 1, 9], "rotation": 90, "tintindex": 0,"tintindex": 0,"texture": "#5"},
				"down": {"uv": [0, 0, 1, 9], "rotation": 90, "tintindex": 0,"tintindex": 0,"texture": "#5"}
			}
		}
	],
	"display": {
		"head": {
			"rotation": [90, 0, 0],
			"translation": [7.75, -30.5, 4],
			"scale": [4, 4, 4]
		}
	},
	"groups": [
		0,
		1,
		2,
		3,
		{
			"name": "group",
			"origin": [8, 8, 8],
			"color": 0,
			"children": []
		},
		4,
		5,
		6,
		7,
		8,
		9,
		10,
		11,
		12,
		13,
		14,
		15,
		16,
		17,
		18,
		19,
		20,
		21,
		22,
		23,
		24,
		25,
		26,
		27,
		28,
		29,
		30,
		31,
		32,
		33,
		34,
		35,
		36,
		37,
		38,
		39,
		40,
		41,
		42
	]
}